,Model Type,MSE Score,MSE Raw Score,RMSE Score,Data Correlation,CV round,File
0,XGBoost,3622.3629741437157,3622.3629741437157,60.18606960205755,1.0,1,transformed_data__impute.csv
1,LightGBM,3688.8898816567007,3688.8898816567007,60.736232033743256,1.0,1,transformed_data__impute.csv
2,XGBoost,46272.094424414376,46272.094424414376,215.1094940359778,1.0,2,transformed_data__impute.csv
3,LightGBM,63900.7128391682,63900.7128391682,252.78590316544197,1.0,2,transformed_data__impute.csv
4,XGBoost,45671.70191185335,45671.70191185335,213.7093865787213,0.9999999999999998,3,transformed_data__impute.csv
5,LightGBM,56139.701612637764,56139.701612637764,236.93818099377265,0.9999999999999998,3,transformed_data__impute.csv
6,XGBoost,4591885.498924881,4591885.498924881,2142.8685211475017,1.0,4,transformed_data__impute.csv
7,LightGBM,4598132.979653535,4598132.979653535,2144.325763416915,1.0,4,transformed_data__impute.csv
8,XGBoost,527863.8425533934,527863.8425533934,726.5423886831335,1.0,5,transformed_data__impute.csv
9,LightGBM,13450832.76374908,13450832.76374908,3667.537697658891,1.0,5,transformed_data__impute.csv
10,XGBoost,1230.2704446604532,1230.2704446604532,35.07521125610583,1.0,1,transformed_data__impute.csv
11,LightGBM,1259.9967689399118,1259.9967689399118,35.496433186165504,1.0,1,transformed_data__impute.csv
12,XGBoost,477.84300523535865,477.84300523535865,21.859620427522493,1.0,2,transformed_data__impute.csv
13,LightGBM,70.30326609236124,70.30326609236124,8.384704293674359,1.0,2,transformed_data__impute.csv
14,XGBoost,1532.8078525782298,1532.8078525782298,39.15109005606651,1.0,3,transformed_data__impute.csv
15,LightGBM,1354.1468287622247,1354.1468287622247,36.79873406466892,1.0,3,transformed_data__impute.csv
16,XGBoost,308.04723190771404,308.04723190771404,17.551274367057054,1.0,4,transformed_data__impute.csv
17,LightGBM,276.6707870691932,276.6707870691932,16.63342379274914,1.0,4,transformed_data__impute.csv
18,XGBoost,372.99965368483913,372.99965368483913,19.313198950066226,1.0,5,transformed_data__impute.csv
19,LightGBM,271.5985766227724,271.5985766227724,16.480248075280066,1.0,5,transformed_data__impute.csv
20,XGBoost,427.9141430119932,427.9141430119932,20.686085734425284,1.0,1,transformed_data__impute.csv
21,LightGBM,329.4511619071453,329.4511619071453,18.150789567044882,1.0,1,transformed_data__impute.csv
22,XGBoost,132.47226020117662,132.47226020117662,11.509659430286225,1.0,2,transformed_data__impute.csv
23,LightGBM,120.20899480359805,120.20899480359805,10.963986264292657,1.0,2,transformed_data__impute.csv
24,XGBoost,47.04976799916994,47.04976799916994,6.859283344429645,1.0,3,transformed_data__impute.csv
25,LightGBM,60.92250603180187,60.92250603180187,7.805287056335716,1.0,3,transformed_data__impute.csv
26,XGBoost,157.4985722141168,157.4985722141168,12.549843513531027,0.9999999999999998,4,transformed_data__impute.csv
27,LightGBM,173.72541315294595,173.72541315294595,13.180493661200476,0.9999999999999998,4,transformed_data__impute.csv
28,XGBoost,1363.754577346895,1363.754577346895,36.929047880319025,1.0,5,transformed_data__impute.csv
29,LightGBM,1456.894359263315,1456.894359263315,38.16928554824304,1.0,5,transformed_data__impute.csv
30,XGBoost,1043506.7245823322,1043506.7245823322,1021.5217690202849,1.0,1,transformed_data__impute.csv
31,LightGBM,1015835.0030776236,1015835.0030776236,1007.8864038559224,1.0,1,transformed_data__impute.csv
32,XGBoost,30363.246954369402,30363.246954369402,174.2505292800266,1.0,2,transformed_data__impute.csv
33,LightGBM,29389.23426960922,29389.23426960922,171.43288561302705,1.0,2,transformed_data__impute.csv
34,XGBoost,23526.48557801784,23526.48557801784,153.38345927125857,1.0,3,transformed_data__impute.csv
35,LightGBM,18321.504708700424,18321.504708700424,135.35695293814953,1.0,3,transformed_data__impute.csv
36,XGBoost,44976.790719629484,44976.790719629484,212.0773225020287,1.0,4,transformed_data__impute.csv
37,LightGBM,45815.34005447445,45815.34005447445,214.04518227345005,1.0,4,transformed_data__impute.csv
38,XGBoost,16380.544567138311,16380.544567138311,127.98650150362855,1.0,5,transformed_data__impute.csv
39,LightGBM,18701.290641421227,18701.290641421227,136.75266228275495,1.0,5,transformed_data__impute.csv
40,XGBoost,75.75657319362095,502363.3575309982,8.703825204679891,0.21640907675188753,1,transformed_data__impute__adf.csv
41,LightGBM,97.01531521695605,502229.2730075866,9.849635283448624,0.21640907675188753,1,transformed_data__impute__adf.csv
42,XGBoost,48.08970795551558,928863.363959584,6.934674322238614,0.02236472544091186,2,transformed_data__impute__adf.csv
43,LightGBM,65.70722951876138,929604.8208060855,8.105999600219667,0.02236472544091186,2,transformed_data__impute__adf.csv
44,XGBoost,55.46398878848894,1641165.9928862276,7.447414906428199,0.0846430571169035,3,transformed_data__impute__adf.csv
45,LightGBM,66.58106447979799,1639922.4825063567,8.159722083490221,0.0846430571169035,3,transformed_data__impute__adf.csv
46,XGBoost,474796.0078313662,8956393.273404332,689.0544302385453,0.36005274160995093,4,transformed_data__impute__adf.csv
47,LightGBM,475473.42750397185,8966972.464073574,689.5458124765692,0.36005274160995093,4,transformed_data__impute__adf.csv
48,XGBoost,55760.60764601461,41700692.84699529,236.13684093341854,0.3357751424897953,5,transformed_data__impute__adf.csv
49,LightGBM,40861.05566602937,42166724.019309945,202.14117756169665,0.3357751424897953,5,transformed_data__impute__adf.csv
50,XGBoost,57.019162665122884,6580.681012035141,7.551103407126861,0.16745988172100007,1,transformed_data__impute__adf.csv
51,LightGBM,72.92543202355593,6550.356839969977,8.539638869621825,0.16745988172100007,1,transformed_data__impute__adf.csv
52,XGBoost,14.863372831769832,8649.0006999733,3.8553045057128537,0.21423462468097512,2,transformed_data__impute__adf.csv
53,LightGBM,19.27080487624427,8627.74771448621,4.389852489121277,0.21423462468097512,2,transformed_data__impute__adf.csv
54,XGBoost,18.462898150691835,4310.246369607378,4.296847466537745,0.03332300390468225,3,transformed_data__impute__adf.csv
55,LightGBM,20.21453702085679,4403.11606754207,4.496057942337575,0.03332300390468225,3,transformed_data__impute__adf.csv
56,XGBoost,17.273899905913964,3011.724259980633,4.156188146115857,0.265469573546665,4,transformed_data__impute__adf.csv
57,LightGBM,17.37262062606518,2960.754132181837,4.168047579630682,0.265469573546665,4,transformed_data__impute__adf.csv
58,XGBoost,19.506047430077842,6460.37479639361,4.416565116703007,0.04693205576390047,5,transformed_data__impute__adf.csv
59,LightGBM,22.065123870852005,6490.344190241171,4.697352857818114,0.04693205576390047,5,transformed_data__impute__adf.csv
60,XGBoost,78716.61369385222,2068893.645410614,280.56481193095516,0.26244551395592897,1,transformed_data__impute__adf.csv
61,LightGBM,19381022.32743342,20879013.265925128,4402.388252691193,0.26244551395592897,1,transformed_data__impute__adf.csv
62,XGBoost,35354832.01554866,205658256.30876902,5945.9929377311455,-0.17828226074896475,2,transformed_data__impute__adf.csv
63,LightGBM,3796025.6076466143,174707459.5995005,1948.339192144585,-0.17828226074896475,2,transformed_data__impute__adf.csv
64,XGBoost,4866297801.198495,6017235074.3181505,69758.85464368301,0.8937577802034549,3,transformed_data__impute__adf.csv
65,LightGBM,3812182618.016544,4961837787.096115,61742.875038473416,0.8937577802034549,3,transformed_data__impute__adf.csv
66,XGBoost,53619003937.01371,53576267656.45773,231557.77667142538,0.7675006000509241,4,transformed_data__impute__adf.csv
67,LightGBM,47376904003.575195,47336901489.600494,217662.36239546604,0.7675006000509241,4,transformed_data__impute__adf.csv
68,XGBoost,929222284968.9976,929010823613.0118,963961.7653045154,1.0,5,transformed_data__impute__adf.csv
69,LightGBM,183587540274.26846,183493573365.48822,428471.1662110631,1.0,5,transformed_data__impute__adf.csv
70,XGBoost,5839.91679956368,979970.038869516,76.4193483324981,0.05660494967952241,1,transformed_data__impute__adf.csv
71,LightGBM,7129.494944985403,991039.8769252396,84.4363366388275,0.05660494967952241,1,transformed_data__impute__adf.csv
72,XGBoost,5648.9579141282375,592187.2482726943,75.15954972010036,0.2647201732511083,2,transformed_data__impute__adf.csv
73,LightGBM,7690.618565667809,608025.696727268,87.69617189859434,0.2647201732511083,2,transformed_data__impute__adf.csv
74,XGBoost,8810.847736614907,1209011.6072119204,93.86611601965274,0.4747751088438969,3,transformed_data__impute__adf.csv
75,LightGBM,8476.14229583524,1235190.194295903,92.06596708792691,0.4747751088438969,3,transformed_data__impute__adf.csv
76,XGBoost,10261.244009149214,1651876.851033347,101.29779863920643,0.2963698035916389,4,transformed_data__impute__adf.csv
77,LightGBM,10500.336002699647,1661251.4865106994,102.47114717177537,0.2963698035916389,4,transformed_data__impute__adf.csv
78,XGBoost,13164.76388864936,2326311.5708835744,114.73780496701757,0.36406411874011274,5,transformed_data__impute__adf.csv
79,LightGBM,12820.03675446781,2319283.989953114,113.22560114421036,0.36406411874011274,5,transformed_data__impute__adf.csv
80,XGBoost,7.728400067389957,469753.5199410756,2.780000012120496,0.24938493530241415,1,transformed_data__impute__adf__log_all__local_smooth.csv
81,LightGBM,9.392324376124574,470022.48654212645,3.0646899314815803,0.24938493530241415,1,transformed_data__impute__adf__log_all__local_smooth.csv
82,XGBoost,9.328694757702026,1010137.5582550804,3.0542912038150565,0.12271694297870306,2,transformed_data__impute__adf__log_all__local_smooth.csv
83,LightGBM,14.286499377045159,1011797.0520661948,3.779748586486297,0.12271694297870306,2,transformed_data__impute__adf__log_all__local_smooth.csv
84,XGBoost,4.967123362807631,1820971.0702658792,2.228704413511947,-0.134880049200665,3,transformed_data__impute__adf__log_all__local_smooth.csv
85,LightGBM,4.949237425014377,1820144.5273710652,2.22468816354436,-0.134880049200665,3,transformed_data__impute__adf__log_all__local_smooth.csv
86,XGBoost,2385.3065146941376,1044225882.4536974,48.83959986214197,0.28709506365903525,4,transformed_data__impute__adf__log_all__local_smooth.csv
87,LightGBM,2381.1590811585597,1044224466.9920901,48.79712164829561,0.28709506365903525,4,transformed_data__impute__adf__log_all__local_smooth.csv
88,XGBoost,5924.299920290369,43092161.821652554,76.96947395097857,0.43411188782559573,5,transformed_data__impute__adf__log_all__local_smooth.csv
89,LightGBM,4155.417317700047,43359785.08352949,64.46252646072791,0.43411188782559573,5,transformed_data__impute__adf__log_all__local_smooth.csv
90,XGBoost,19.971635002771304,13975.90159909507,4.4689635266772205,0.1932899471901389,1,transformed_data__impute__adf__log_all__local_smooth.csv
91,LightGBM,20.516546912199253,13944.720873335233,4.529519501249471,0.1932899471901389,1,transformed_data__impute__adf__log_all__local_smooth.csv
92,XGBoost,0.3644230488939956,17080.44747105548,0.6036746217077504,0.007647217401898554,2,transformed_data__impute__adf__log_all__local_smooth.csv
93,LightGBM,0.3845278164633762,17091.74324976863,0.6201030692258959,0.007647217401898554,2,transformed_data__impute__adf__log_all__local_smooth.csv
94,XGBoost,6.186941245300137,12232.474670202922,2.487356276310279,-0.03998719079208205,3,transformed_data__impute__adf__log_all__local_smooth.csv
95,LightGBM,6.334422206836438,12216.52188265219,2.5168278063539504,-0.03998719079208205,3,transformed_data__impute__adf__log_all__local_smooth.csv
96,XGBoost,0.26979037657106064,2836.7772897657974,0.5194134928658098,0.19671995250173668,4,transformed_data__impute__adf__log_all__local_smooth.csv
97,LightGBM,0.27363863483971307,2841.605954161246,0.5231048029216642,0.19671995250173668,4,transformed_data__impute__adf__log_all__local_smooth.csv
98,XGBoost,1.5293238947100412,8620.368500057692,1.2366583581208033,0.17742343828172308,5,transformed_data__impute__adf__log_all__local_smooth.csv
99,LightGBM,2.033255281605573,8655.697256018086,1.4259226071584576,0.17742343828172308,5,transformed_data__impute__adf__log_all__local_smooth.csv
100,XGBoost,3613.8487870488207,74935976672.69402,60.11529578276082,-0.18777657083860302,1,transformed_data__impute__adf__log_all__local_smooth.csv
101,LightGBM,74519.6518895572,74934694583.45764,272.9828783816985,-0.18777657083860302,1,transformed_data__impute__adf__log_all__local_smooth.csv
102,XGBoost,503836.571905145,5621025113.479684,709.81446301491,-0.286806640051111,2,transformed_data__impute__adf__log_all__local_smooth.csv
103,LightGBM,806114915.7961924,6736726434.346807,28392.162929163962,-0.286806640051111,2,transformed_data__impute__adf__log_all__local_smooth.csv
104,XGBoost,2017022325.6484923,8906489383.929941,44911.27169930164,-0.9947807700106975,3,transformed_data__impute__adf__log_all__local_smooth.csv
105,LightGBM,1610893278.41895,8028617246.454437,40135.935001180056,-0.9947807700106975,3,transformed_data__impute__adf__log_all__local_smooth.csv
106,XGBoost,4658926838.715902,193022093865.26874,68256.33185804744,0.9990976462989108,4,transformed_data__impute__adf__log_all__local_smooth.csv
107,LightGBM,2712203192.1379905,179070002858.19763,52078.81711538762,0.9990976462989108,4,transformed_data__impute__adf__log_all__local_smooth.csv
108,XGBoost,15018158395.666214,307260074356.14606,122548.59605750779,-0.999958356956273,5,transformed_data__impute__adf__log_all__local_smooth.csv
109,LightGBM,2186945710.342672,148227695536.275,46764.79135356718,-0.999958356956273,5,transformed_data__impute__adf__log_all__local_smooth.csv
110,XGBoost,54.46270317303333,1744580.248430017,7.379885037927985,0.09513328765945969,1,transformed_data__impute__adf__log_all__local_smooth.csv
111,LightGBM,55.499262102356546,1743574.4160987022,7.449782688263903,0.09513328765945969,1,transformed_data__impute__adf__log_all__local_smooth.csv
112,XGBoost,30.652397820643262,7516699.267666161,5.5364607666489665,0.7154995315835204,2,transformed_data__impute__adf__log_all__local_smooth.csv
113,LightGBM,34.05248345535069,7516208.84835196,5.835450578605793,0.7154995315835204,2,transformed_data__impute__adf__log_all__local_smooth.csv
114,XGBoost,6.905917352642257,10310610.496283172,2.6279112147563617,0.1965487829272302,3,transformed_data__impute__adf__log_all__local_smooth.csv
115,LightGBM,9.594250033161384,10309790.166926606,3.097458641073579,0.1965487829272302,3,transformed_data__impute__adf__log_all__local_smooth.csv
116,XGBoost,117.40260126548704,2942733.1872492842,10.835248094321008,0.48699443061406483,4,transformed_data__impute__adf__log_all__local_smooth.csv
117,LightGBM,113.7934297033209,2942559.6771812886,10.667400325445788,0.48699443061406483,4,transformed_data__impute__adf__log_all__local_smooth.csv
118,XGBoost,17.51942814097521,2452403.2643529866,4.185621595530969,0.11817060525058466,5,transformed_data__impute__adf__log_all__local_smooth.csv
119,LightGBM,25.251768928166204,2455680.6776849064,5.025113822409021,0.11817060525058466,5,transformed_data__impute__adf__log_all__local_smooth.csv
120,XGBoost,3.0382020343606495e+115,3.0382020343606495e+115,5.511988782971759e+57,-0.46381419883972347,1,transformed_data__impute__adf__log_all__soft_clipping.csv
121,LightGBM,3.301164994916364e+77,3.987434234541252e+56,5.745576554982419e+38,-0.46381419883972347,1,transformed_data__impute__adf__log_all__soft_clipping.csv
122,XGBoost,1.3475152324531504e+75,1.3475152324531504e+75,3.670851716500069e+37,-0.1859167704945203,2,transformed_data__impute__adf__log_all__soft_clipping.csv
123,LightGBM,1.2113230769021109e+83,1.2113230769021109e+83,3.480406695922347e+41,-0.1859167704945203,2,transformed_data__impute__adf__log_all__soft_clipping.csv
124,XGBoost,1.7950615583291714e+58,1.795062633844208e+58,1.339799073864873e+29,-0.03347111007088428,3,transformed_data__impute__adf__log_all__soft_clipping.csv
125,LightGBM,1.5152638606876117e+76,1.5152638606876117e+76,1.2309605439199145e+38,-0.03347111007088428,3,transformed_data__impute__adf__log_all__soft_clipping.csv
126,XGBoost,1.2609693044441387e+23,1169319974195990.0,355101296033.1374,-0.9996233033506146,1,transformed_data__impute__adf__log_all__soft_clipping.csv
127,LightGBM,1.261249726771553e+23,27966002360268.996,355140778673.97217,-0.9996233033506146,1,transformed_data__impute__adf__log_all__soft_clipping.csv
128,XGBoost,1209316148841176.5,17223652341159.879,34775223.20332648,-0.9995777082354842,2,transformed_data__impute__adf__log_all__soft_clipping.csv
129,LightGBM,835827107022771.2,2972817788798.4663,28910674.620678972,-0.9995777082354842,2,transformed_data__impute__adf__log_all__soft_clipping.csv
130,XGBoost,592591604214917.8,8898782927740.598,24343204.477120873,-0.9970721397846556,3,transformed_data__impute__adf__log_all__soft_clipping.csv
131,LightGBM,556526456445830.6,15566477706265.627,23590812.96703932,-0.9970721397846556,3,transformed_data__impute__adf__log_all__soft_clipping.csv
132,XGBoost,100322190938279.4,1351756703844.081,10016096.59190043,-0.9999785822659685,4,transformed_data__impute__adf__log_all__soft_clipping.csv
133,LightGBM,69173447586965.23,8189935054406.882,8317057.6279694745,-0.9999785822659685,4,transformed_data__impute__adf__log_all__soft_clipping.csv
134,XGBoost,901068913425.6782,6511418080976.101,949246.497715782,0.9999977838132218,5,transformed_data__impute__adf__log_all__soft_clipping.csv
135,LightGBM,8517922114341.847,20439853590201.473,2918547.9462126107,0.9999977838132218,5,transformed_data__impute__adf__log_all__soft_clipping.csv
136,XGBoost,657193275.2979233,30435098969.88982,25635.781152481453,-0.15767067562239928,1,transformed_data__impute__adf__log_all__soft_clipping.csv
137,LightGBM,1470603489.6954594,30670978058.18146,38348.44833491258,-0.15767067562239928,1,transformed_data__impute__adf__log_all__soft_clipping.csv
138,XGBoost,508006206.8683108,6516856091.942872,22538.99303137367,0.03545627331194283,2,transformed_data__impute__adf__log_all__soft_clipping.csv
139,LightGBM,118447962531.2335,131342384617.69951,344162.697762604,0.03545627331194283,2,transformed_data__impute__adf__log_all__soft_clipping.csv
140,XGBoost,3325717736383.0923,92595690321.79022,1823655.048627095,-0.826876681784853,3,transformed_data__impute__adf__log_all__soft_clipping.csv
141,LightGBM,3509861665533.795,64892538582.62651,1873462.4804179545,-0.826876681784853,3,transformed_data__impute__adf__log_all__soft_clipping.csv
142,XGBoost,4309203273768.3647,50601741081.97816,2075862.0555731454,-0.9999512011336855,4,transformed_data__impute__adf__log_all__soft_clipping.csv
143,LightGBM,56761162141919.39,88076803301047.73,7534000.407613434,-0.9999512011336855,4,transformed_data__impute__adf__log_all__soft_clipping.csv
144,XGBoost,98062408844596.97,7018092584036.135,9902646.557592418,-0.9999929603581021,5,transformed_data__impute__adf__log_all__soft_clipping.csv
145,LightGBM,181017415808615.0,814434864955.8108,13454271.284934573,-0.9999929603581021,5,transformed_data__impute__adf__log_all__soft_clipping.csv
146,XGBoost,8.476937229462487e+163,5.659903533748322e+23,9.207028418258786e+81,0.022277272676200083,1,transformed_data__impute__adf__log_all__soft_clipping.csv
147,LightGBM,8.476937229462487e+163,3.4616258328209874e+24,9.207028418258786e+81,0.022277272676200083,1,transformed_data__impute__adf__log_all__soft_clipping.csv
148,XGBoost,1.3221579075193792e+28,1.3216784307250672e+28,114985125451920.05,0.9998640244508168,2,transformed_data__impute__adf__log_all__soft_clipping.csv
149,LightGBM,5.515614638584091e+23,5.4661892975551084e+23,742671841298.9745,0.9998640244508168,2,transformed_data__impute__adf__log_all__soft_clipping.csv
150,XGBoost,2.0811800953188302e+42,3.507136635607571e+31,1.4426295766130785e+21,0.9537028785328083,3,transformed_data__impute__adf__log_all__soft_clipping.csv
151,LightGBM,2.0959979171983142e+42,1.481783860261194e+40,1.4477561663478812e+21,0.9537028785328083,3,transformed_data__impute__adf__log_all__soft_clipping.csv
152,XGBoost,2.1232395543004223e+86,2.1232395543004223e+86,1.457134020706545e+43,0.12380147455006114,4,transformed_data__impute__adf__log_all__soft_clipping.csv
153,LightGBM,1.4713977246259834e+42,1.4714041523794878e+42,1.213011840266196e+21,0.12380147455006114,4,transformed_data__impute__adf__log_all__soft_clipping.csv
154,XGBoost,8.461651650497075e+122,1.5196753387282489e+31,2.908891825162475e+61,-0.04862661088991762,5,transformed_data__impute__adf__log_all__soft_clipping.csv
155,LightGBM,8.461651650497075e+122,7.952824418890035e+41,2.908891825162475e+61,-0.04862661088991762,5,transformed_data__impute__adf__log_all__soft_clipping.csv
156,XGBoost,2460.3951658794726,180613.0867739256,49.60237056713593,0.003413174360707448,1,transformed_data__impute__adf__power__sliding_window_log.csv
157,LightGBM,2685.688997067439,185335.5429431102,51.82363357646238,0.003413174360707448,1,transformed_data__impute__adf__power__sliding_window_log.csv
158,XGBoost,1690.9150812518974,36233.37058096548,41.120737849069506,-0.020001166498701903,2,transformed_data__impute__adf__power__sliding_window_log.csv
159,LightGBM,1343.714234899105,41345.803423266996,36.65670791136466,-0.020001166498701903,2,transformed_data__impute__adf__power__sliding_window_log.csv
160,XGBoost,1142.6224204522134,29435.739316400985,33.80269841968557,-0.05251641155758067,3,transformed_data__impute__adf__power__sliding_window_log.csv
161,LightGBM,793.063159582146,27188.895530456604,28.16137708959109,-0.05251641155758067,3,transformed_data__impute__adf__power__sliding_window_log.csv
162,XGBoost,7124.239033596987,5107307.278389605,84.40520738436099,0.3031297754681143,4,transformed_data__impute__adf__power__sliding_window_log.csv
163,LightGBM,5281.934950472297,4998260.596674298,72.6769217184678,0.3031297754681143,4,transformed_data__impute__adf__power__sliding_window_log.csv
164,XGBoost,5508.778407156343,30608988.452388138,74.22114528324353,0.45151512198348603,5,transformed_data__impute__adf__power__sliding_window_log.csv
165,LightGBM,7650.99197528006,30679257.783129346,87.4699489840943,0.45151512198348603,5,transformed_data__impute__adf__power__sliding_window_log.csv
166,XGBoost,6.912508018456764,617.6359245488562,2.6291648899330684,0.4175619758512159,1,transformed_data__impute__adf__power__sliding_window_log.csv
167,LightGBM,4.693957104003407,586.7598248560255,2.1665542005690526,0.4175619758512159,1,transformed_data__impute__adf__power__sliding_window_log.csv
168,XGBoost,15.397155659470906,649.7003142502263,3.92392095479393,0.4359179150388473,2,transformed_data__impute__adf__power__sliding_window_log.csv
169,LightGBM,17.205766060081768,616.641862415848,4.14798337268627,0.4359179150388473,2,transformed_data__impute__adf__power__sliding_window_log.csv
170,XGBoost,10.196168277143617,597.9382372062327,3.1931439487037876,0.36415569574331946,3,transformed_data__impute__adf__power__sliding_window_log.csv
171,LightGBM,11.25435572626382,608.1888367498965,3.354751216746753,0.36415569574331946,3,transformed_data__impute__adf__power__sliding_window_log.csv
172,XGBoost,7.937878201094685,350.1743476924662,2.8174240364373064,-0.09167051464548799,4,transformed_data__impute__adf__power__sliding_window_log.csv
173,LightGBM,8.577179765662025,404.2795920325501,2.9286822575455376,-0.09167051464548799,4,transformed_data__impute__adf__power__sliding_window_log.csv
174,XGBoost,25.03008839190335,338.1781191409712,5.003007934423386,0.07901015803309809,5,transformed_data__impute__adf__power__sliding_window_log.csv
175,LightGBM,20.379126225903875,308.06156102052233,4.514324559211918,0.07901015803309809,5,transformed_data__impute__adf__power__sliding_window_log.csv
176,XGBoost,1824131592.7742069,51148118003.80311,42709.85357940492,0.26858454723278974,1,transformed_data__impute__adf__power__sliding_window_log.csv
177,LightGBM,2156927769.5923834,49474776246.9589,46442.736456763436,0.26858454723278974,1,transformed_data__impute__adf__power__sliding_window_log.csv
178,XGBoost,4627840694.812907,138156662386.50385,68028.23454134987,0.20710179451557925,2,transformed_data__impute__adf__power__sliding_window_log.csv
179,LightGBM,9357317115.795094,117649691850.7808,96733.2265346044,0.20710179451557925,2,transformed_data__impute__adf__power__sliding_window_log.csv
180,XGBoost,302763826205.25385,62784786166208.56,550239.7897328526,-0.8940180662365654,3,transformed_data__impute__adf__power__sliding_window_log.csv
181,LightGBM,730324601926.2404,58054315209431.53,854590.3123288025,-0.8940180662365654,3,transformed_data__impute__adf__power__sliding_window_log.csv
182,XGBoost,1584734953405.0725,32950557857636.883,1258862.5633503732,0.7816663686758806,4,transformed_data__impute__adf__power__sliding_window_log.csv
183,LightGBM,1167731278959.166,30935951741669.902,1080616.157087782,0.7816663686758806,4,transformed_data__impute__adf__power__sliding_window_log.csv
184,XGBoost,1393569402160.6973,2137209912057444.0,1180495.4053958436,0.9999993403476544,5,transformed_data__impute__adf__power__sliding_window_log.csv
185,LightGBM,26695528714825.86,1784529407694540.2,5166771.5949929375,0.9999993403476544,5,transformed_data__impute__adf__power__sliding_window_log.csv
186,XGBoost,19921.553033861164,203481.84616943973,141.14373182632363,0.17317477727521602,1,transformed_data__impute__adf__power__sliding_window_log.csv
187,LightGBM,33284.33283633216,137874.9085346714,182.43994309452128,0.17317477727521602,1,transformed_data__impute__adf__power__sliding_window_log.csv
188,XGBoost,11289.975665836007,283349.4422058373,106.25429716409595,0.4044050593282608,2,transformed_data__impute__adf__power__sliding_window_log.csv
189,LightGBM,14659.519845173974,286593.6057117917,121.07650410039916,0.4044050593282608,2,transformed_data__impute__adf__power__sliding_window_log.csv
190,XGBoost,4424.69780317149,40257.22802010888,66.5184019890097,0.2785926090746601,3,transformed_data__impute__adf__power__sliding_window_log.csv
191,LightGBM,10185.905056244539,57659.60886469562,100.92524489068401,0.2785926090746601,3,transformed_data__impute__adf__power__sliding_window_log.csv
192,XGBoost,2746.9187228201877,23568.253087992107,52.411055349231304,0.06190699894293754,4,transformed_data__impute__adf__power__sliding_window_log.csv
193,LightGBM,15236.075300565102,35006.473725232136,123.43449801641802,0.06190699894293754,4,transformed_data__impute__adf__power__sliding_window_log.csv
194,XGBoost,21878.367251328407,97960.66117650678,147.91337752660647,-0.02884087065529117,5,transformed_data__impute__adf__power__sliding_window_log.csv
195,LightGBM,30106.38839322008,105978.20083454814,173.51192579537604,-0.02884087065529117,5,transformed_data__impute__adf__power__sliding_window_log.csv
196,XGBoost,23881.15647576738,89420.15854481266,154.53529200725438,0.27760258106490654,1,transformed_data__impute__adf__quantile__local_smooth.csv
197,LightGBM,30870.315047975917,92562.17099677683,175.6995021278544,0.27760258106490654,1,transformed_data__impute__adf__quantile__local_smooth.csv
198,XGBoost,15794.170460513313,100141.6216244729,125.67486009744874,0.1965168248501479,2,transformed_data__impute__adf__quantile__local_smooth.csv
199,LightGBM,27989.069079656685,74795.67337122554,167.29933974662507,0.1965168248501479,2,transformed_data__impute__adf__quantile__local_smooth.csv
200,XGBoost,5367.754278672782,63133.56904726329,73.26495941903457,-0.022941437794704717,3,transformed_data__impute__adf__quantile__local_smooth.csv
201,LightGBM,6811.172170503223,65179.71287139913,82.52982594494685,-0.022941437794704717,3,transformed_data__impute__adf__quantile__local_smooth.csv
202,XGBoost,4513794.383959859,1019730739.0339029,2124.5692231508624,0.6459969513886594,4,transformed_data__impute__adf__quantile__local_smooth.csv
203,LightGBM,4470537.862537709,1019406834.0243711,2114.36464748579,0.6459969513886594,4,transformed_data__impute__adf__quantile__local_smooth.csv
204,XGBoost,28350764.066972807,1124445.200608904,5324.543554800995,0.33139042666229485,5,transformed_data__impute__adf__quantile__local_smooth.csv
205,LightGBM,5033824.628186442,26342086.271119982,2243.6186458902594,0.33139042666229485,5,transformed_data__impute__adf__quantile__local_smooth.csv
206,XGBoost,280.4893061155157,6088.153773968012,16.74781496540715,0.2199783839992195,1,transformed_data__impute__adf__quantile__local_smooth.csv
207,LightGBM,282.93380468247267,5906.037549354854,16.820636274602474,0.2199783839992195,1,transformed_data__impute__adf__quantile__local_smooth.csv
208,XGBoost,51.871251354144945,6893.104332236525,7.202169905948134,0.0285186903117859,2,transformed_data__impute__adf__quantile__local_smooth.csv
209,LightGBM,64.87057272385142,7412.168678495409,8.054227009704372,0.0285186903117859,2,transformed_data__impute__adf__quantile__local_smooth.csv
210,XGBoost,37.29227106799479,11851.017137190538,6.1067398068032,-0.006428068259525635,3,transformed_data__impute__adf__quantile__local_smooth.csv
211,LightGBM,55.49918563909404,11905.769930257273,7.449777556349856,-0.006428068259525635,3,transformed_data__impute__adf__quantile__local_smooth.csv
212,XGBoost,22.641689405338767,311.4101595369787,4.758328425543866,0.45611775427107015,4,transformed_data__impute__adf__quantile__local_smooth.csv
213,LightGBM,27.257979172783237,339.3524287485361,5.22091746465918,0.45611775427107015,4,transformed_data__impute__adf__quantile__local_smooth.csv
214,XGBoost,86.46319130020139,1506.581263713858,9.298558560346942,0.11653014819130812,5,transformed_data__impute__adf__quantile__local_smooth.csv
215,LightGBM,103.15504713352361,1489.3304173740253,10.156527316633555,0.11653014819130812,5,transformed_data__impute__adf__quantile__local_smooth.csv
216,XGBoost,2251098864.262917,158904119435.85962,47445.74653499423,-0.1971931211502916,1,transformed_data__impute__adf__quantile__local_smooth.csv
217,LightGBM,303850837.48157555,142129408960.73953,17431.317720745483,-0.1971931211502916,1,transformed_data__impute__adf__quantile__local_smooth.csv
218,XGBoost,3305830312.258515,220536130121.50415,57496.350425557575,-0.29127075846931394,2,transformed_data__impute__adf__quantile__local_smooth.csv
219,LightGBM,11996851746.400625,271416310988.0059,109530.1408124751,-0.29127075846931394,2,transformed_data__impute__adf__quantile__local_smooth.csv
220,XGBoost,1154661938352.4043,83850016566463.72,1074551.9709871665,-0.9947453362548189,3,transformed_data__impute__adf__quantile__local_smooth.csv
221,LightGBM,2234363684654.4873,91722617119056.23,1494778.8079359727,-0.9947453362548189,3,transformed_data__impute__adf__quantile__local_smooth.csv
222,XGBoost,648608882731.6224,10624334341810.674,805362.5784276436,-0.9999133330382354,4,transformed_data__impute__adf__quantile__local_smooth.csv
223,LightGBM,2620404883692.5815,5983387179618.746,1618766.4697826495,-0.9999133330382354,4,transformed_data__impute__adf__quantile__local_smooth.csv
224,XGBoost,4643177478485.867,2209366872764704.8,2154803.3503050497,-0.9999499246990944,5,transformed_data__impute__adf__quantile__local_smooth.csv
225,LightGBM,19823694725972.945,2430635798230815.0,4452380.793010964,-0.9999499246990944,5,transformed_data__impute__adf__quantile__local_smooth.csv
226,XGBoost,11157.406329954694,577356.2478229343,105.62862457664917,0.03247916277580581,1,transformed_data__impute__adf__quantile__local_smooth.csv
227,LightGBM,12917.40910452726,573637.0790131248,113.65478038572446,0.03247916277580581,1,transformed_data__impute__adf__quantile__local_smooth.csv
228,XGBoost,6202.40349971115,5785668.001947095,78.7553394996882,0.6012786018203811,2,transformed_data__impute__adf__quantile__local_smooth.csv
229,LightGBM,9385.065377741284,5806913.095666326,96.87654709856913,0.6012786018203811,2,transformed_data__impute__adf__quantile__local_smooth.csv
230,XGBoost,2186.7934307594096,11076642.14881315,46.76316318171184,0.21678513881303585,3,transformed_data__impute__adf__quantile__local_smooth.csv
231,LightGBM,2206.5925726290843,11077739.808022209,46.974382088848,0.21678513881303585,3,transformed_data__impute__adf__quantile__local_smooth.csv
232,XGBoost,9106.405922747905,775231.186264723,95.427490393219,0.4801196173803591,4,transformed_data__impute__adf__quantile__local_smooth.csv
233,LightGBM,7765.069150008706,749806.8609112555,88.1196297654995,0.4801196173803591,4,transformed_data__impute__adf__quantile__local_smooth.csv
234,XGBoost,4593.9438370172065,839769.9213425184,67.77863850076369,0.10775351889619654,5,transformed_data__impute__adf__quantile__local_smooth.csv
235,LightGBM,6717.999596576104,855385.9841182639,81.96340400798458,0.10775351889619654,5,transformed_data__impute__adf__quantile__local_smooth.csv
236,XGBoost,0.0,43864901436270.445,0.0,,1,transformed_data__impute__adf__quantile__soft_clipping.csv
237,LightGBM,0.0,43864901436270.445,0.0,,1,transformed_data__impute__adf__quantile__soft_clipping.csv
238,XGBoost,0.0,4459082982852.199,0.0,,2,transformed_data__impute__adf__quantile__soft_clipping.csv
239,LightGBM,0.0,4459082982852.199,0.0,,2,transformed_data__impute__adf__quantile__soft_clipping.csv
240,XGBoost,0.0,4315704462164.076,0.0,,3,transformed_data__impute__adf__quantile__soft_clipping.csv
241,LightGBM,0.0,4315704462164.076,0.0,,3,transformed_data__impute__adf__quantile__soft_clipping.csv
242,XGBoost,0.0,208196837186672.47,0.0,,4,transformed_data__impute__adf__quantile__soft_clipping.csv
243,LightGBM,0.0,208196837186672.47,0.0,,4,transformed_data__impute__adf__quantile__soft_clipping.csv
244,XGBoost,171244.96498058515,43674241765135.45,413.8175503535165,0.04759472330156992,5,transformed_data__impute__adf__quantile__soft_clipping.csv
245,LightGBM,171244.96498058515,43674241765135.45,413.8175503535165,0.04759472330156992,5,transformed_data__impute__adf__quantile__soft_clipping.csv
246,XGBoost,522692867681429.8,7999167218623.828,22862477.28662469,0.9999531896280133,1,transformed_data__impute__adf__quantile__soft_clipping.csv
247,LightGBM,522692867681429.8,7999167218623.828,22862477.28662469,0.9999531896280133,1,transformed_data__impute__adf__quantile__soft_clipping.csv
248,XGBoost,6306.8962232756285,463988960204.3269,79.41596957335237,0.061415318072718335,2,transformed_data__impute__adf__quantile__soft_clipping.csv
249,LightGBM,6306.8962232756285,463988960204.3269,79.41596957335237,0.061415318072718335,2,transformed_data__impute__adf__quantile__soft_clipping.csv
250,XGBoost,1756654.2773606188,7632408545378.178,1325.388349639689,-0.9896661943170172,3,transformed_data__impute__adf__quantile__soft_clipping.csv
251,LightGBM,1792826.957695322,7632334345703.788,1338.9648829208786,-0.9896661943170172,3,transformed_data__impute__adf__quantile__soft_clipping.csv
252,XGBoost,180727.76654446498,128333750011.82669,425.12088462514396,0.15950669474405485,4,transformed_data__impute__adf__quantile__soft_clipping.csv
253,LightGBM,2918.158648791483,128342632061.48479,54.01998379110719,0.15950669474405485,4,transformed_data__impute__adf__quantile__soft_clipping.csv
254,XGBoost,199169.75879993668,29488328637051.58,446.2843922880753,-0.9997093391362691,5,transformed_data__impute__adf__quantile__soft_clipping.csv
255,LightGBM,199169.75879993668,29488328637051.58,446.2843922880753,-0.9997093391362691,5,transformed_data__impute__adf__quantile__soft_clipping.csv
256,XGBoost,93914.33988781957,116594718157.39009,306.454466255298,0.26878084095539767,1,transformed_data__impute__adf__quantile__soft_clipping.csv
257,LightGBM,93914.33988781957,116594718157.39009,306.454466255298,0.26878084095539767,1,transformed_data__impute__adf__quantile__soft_clipping.csv
258,XGBoost,0.0,375480469884.6155,0.0,0.20686554768315735,2,transformed_data__impute__adf__quantile__soft_clipping.csv
259,LightGBM,0.0,375480469884.6155,0.0,0.20686554768315735,2,transformed_data__impute__adf__quantile__soft_clipping.csv
260,XGBoost,0.0,133274715941914.34,0.0,-0.8940184085272338,3,transformed_data__impute__adf__quantile__soft_clipping.csv
261,LightGBM,1699.319136169538,133274507495691.39,41.22279874255917,-0.8940184085272338,3,transformed_data__impute__adf__quantile__soft_clipping.csv
262,XGBoost,4835.77947758091,36888991013011.516,69.53976903600493,0.7816550451160993,4,transformed_data__impute__adf__quantile__soft_clipping.csv
263,LightGBM,4835.77947758091,36888991013011.516,69.53976903600493,0.7816550451160993,4,transformed_data__impute__adf__quantile__soft_clipping.csv
264,XGBoost,2717.631865889208,4002199038564962.5,52.13091084845159,0.9999993137723546,5,transformed_data__impute__adf__quantile__soft_clipping.csv
265,LightGBM,2717.631865889208,4002199038564962.5,52.13091084845159,0.9999993137723546,5,transformed_data__impute__adf__quantile__soft_clipping.csv
266,XGBoost,0.0,2592352901559870.5,0.0,,1,transformed_data__impute__adf__quantile__soft_clipping.csv
267,LightGBM,0.0,2592352901559870.5,0.0,,1,transformed_data__impute__adf__quantile__soft_clipping.csv
268,XGBoost,0.0,150258535817432.66,0.0,,2,transformed_data__impute__adf__quantile__soft_clipping.csv
269,LightGBM,0.0,150258535817432.66,0.0,,2,transformed_data__impute__adf__quantile__soft_clipping.csv
270,XGBoost,0.0,1211397656287884.8,0.0,,3,transformed_data__impute__adf__quantile__soft_clipping.csv
271,LightGBM,0.0,1211397656287884.8,0.0,,3,transformed_data__impute__adf__quantile__soft_clipping.csv
272,XGBoost,940329.7729290547,610501479362844.5,969.7060239727577,-0.18466285374898955,4,transformed_data__impute__adf__quantile__soft_clipping.csv
273,LightGBM,940329.7729290547,610501479362844.5,969.7060239727577,-0.18466285374898955,4,transformed_data__impute__adf__quantile__soft_clipping.csv
274,XGBoost,3500.94204981307,7.487512057567615e+17,59.16875906940309,-0.2437789090530458,5,transformed_data__impute__adf__quantile__soft_clipping.csv
275,LightGBM,3500.94204981307,7.487512057567615e+17,59.16875906940309,-0.2437789090530458,5,transformed_data__impute__adf__quantile__soft_clipping.csv
276,XGBoost,9.477314501135622e+24,9.891397072349924e+24,3078524728037.0547,0.9893482756242927,1,transformed_data__impute__adf__relative_transform__soft_clipping.csv
277,LightGBM,1.4314232076558619e+24,1.595046368446665e+24,1196420999337.55,0.9893482756242927,1,transformed_data__impute__adf__relative_transform__soft_clipping.csv
278,XGBoost,2.123996098326315e+22,5.444920353803564e+21,145739359760.02896,-0.6878761598675334,2,transformed_data__impute__adf__relative_transform__soft_clipping.csv
279,LightGBM,3.8512064542447354e+23,2.779434956298409e+23,620580893538.0411,-0.6878761598675334,2,transformed_data__impute__adf__relative_transform__soft_clipping.csv
280,XGBoost,2.3217025334611907e+23,7.40396959640988e+22,481840485374.6923,-0.8530922169349502,3,transformed_data__impute__adf__relative_transform__soft_clipping.csv
281,LightGBM,2.8749939829741246e+23,9.589356714199028e+22,536189703647.3308,-0.8530922169349502,3,transformed_data__impute__adf__relative_transform__soft_clipping.csv
282,XGBoost,1.2072841845456856e+23,4.208063806588725e+22,347459952303.2382,-0.9989328035089557,4,transformed_data__impute__adf__relative_transform__soft_clipping.csv
283,LightGBM,1.5891232377073964e+24,1.1310843362598148e+24,1260604314488.649,-0.9989328035089557,4,transformed_data__impute__adf__relative_transform__soft_clipping.csv
284,XGBoost,2.9598606267763323e+28,3.112534430349446e+28,172042454841133.1,-0.9999965543621953,5,transformed_data__impute__adf__relative_transform__soft_clipping.csv
285,LightGBM,5.296517573178334e+25,8.389560990429173e+24,7277717755710.463,-0.9999965543621953,5,transformed_data__impute__adf__relative_transform__soft_clipping.csv
286,XGBoost,3.310766365246922e+17,1.26014078737128e+18,575392593.3870649,-0.9995984947986698,1,transformed_data__impute__adf__relative_transform__soft_clipping.csv
287,LightGBM,6.43263847678559e+18,3.956190108180675e+18,2536264670.0976596,-0.9995984947986698,1,transformed_data__impute__adf__relative_transform__soft_clipping.csv
288,XGBoost,3.6121223760431157e+19,4.524586181386074e+16,6010093490.1573,0.9955809583053041,2,transformed_data__impute__adf__relative_transform__soft_clipping.csv
289,LightGBM,5.020463194179375e+19,1.6316265428877473e+18,7085522700.675918,0.9955809583053041,2,transformed_data__impute__adf__relative_transform__soft_clipping.csv
290,XGBoost,1.3101997300830116e+18,1.0827027364519523e+18,1144639563.392342,-0.12741800079430712,3,transformed_data__impute__adf__relative_transform__soft_clipping.csv
291,LightGBM,5.873679049272013e+18,5.404701499354607e+18,2423567422.060301,-0.12741800079430712,3,transformed_data__impute__adf__relative_transform__soft_clipping.csv
292,XGBoost,7.297602357206733e+18,6.655746136615388e+18,2701407477.0768538,0.9776765577197445,4,transformed_data__impute__adf__relative_transform__soft_clipping.csv
293,LightGBM,6.360355948526049e+16,1.3881649180402125e+17,252197461.29820675,0.9776765577197445,4,transformed_data__impute__adf__relative_transform__soft_clipping.csv
294,XGBoost,1.3121961558315337e+20,1.5783000067469627e+20,11455113075.965395,-0.9999971131387636,5,transformed_data__impute__adf__relative_transform__soft_clipping.csv
295,LightGBM,3.13728618651834e+19,4.50116928509755e+19,5601148263.096005,-0.9999971131387636,5,transformed_data__impute__adf__relative_transform__soft_clipping.csv
296,XGBoost,2.3192947137980608e+17,5.482067389369386e+16,481590564.0477252,0.13662732692937116,1,transformed_data__impute__adf__relative_transform__soft_clipping.csv
297,LightGBM,7.437668146799123e+17,2.2424714377981816e+16,862419164.1423051,0.13662732692937116,1,transformed_data__impute__adf__relative_transform__soft_clipping.csv
298,XGBoost,9.345440457255269e+19,9.13187613810888e+19,9667181831.979404,0.02304121372583143,2,transformed_data__impute__adf__relative_transform__soft_clipping.csv
299,LightGBM,1.0259376932820918e+19,9.55987572024012e+18,3203026214.8194976,0.02304121372583143,2,transformed_data__impute__adf__relative_transform__soft_clipping.csv
300,XGBoost,1.261736771599743e+21,1.120007705376984e+21,35520934272.61934,0.8275689883152098,3,transformed_data__impute__adf__relative_transform__soft_clipping.csv
301,LightGBM,9.075769858709134e+19,5.583502425281538e+19,9526683504.089518,0.8275689883152098,3,transformed_data__impute__adf__relative_transform__soft_clipping.csv
302,XGBoost,2.080053233610816e+21,5.650543987328091e+21,45607600612.29724,0.9999831103994291,4,transformed_data__impute__adf__relative_transform__soft_clipping.csv
303,LightGBM,1.6812610219083588e+19,1.1328206078614074e+21,4100318307.0444164,0.9999831103994291,4,transformed_data__impute__adf__relative_transform__soft_clipping.csv
304,XGBoost,1.0335679573169187e+22,2.6422858595853666e+22,101664544326.76707,0.999996403921629,5,transformed_data__impute__adf__relative_transform__soft_clipping.csv
305,LightGBM,4.833818764238449e+20,6.867702548238883e+21,21985947248.727875,0.999996403921629,5,transformed_data__impute__adf__relative_transform__soft_clipping.csv
306,XGBoost,1.7778495885127715e+23,3.3256769924476046e+23,421645536975.4044,0.9887276059566462,1,transformed_data__impute__adf__relative_transform__soft_clipping.csv
307,LightGBM,1.0388233087775766e+24,7.437279544921727e+23,1019226819102.3903,0.9887276059566462,1,transformed_data__impute__adf__relative_transform__soft_clipping.csv
308,XGBoost,4.679950150242388e+22,2.0906540968785312e+21,216331924371.84088,0.9973713563462602,2,transformed_data__impute__adf__relative_transform__soft_clipping.csv
309,LightGBM,3.8453972705722614e+21,1.895587284901034e+22,62011267287.26209,0.9973713563462602,2,transformed_data__impute__adf__relative_transform__soft_clipping.csv
310,XGBoost,1.3739843667914763e+22,5.686860783542132e+22,117217079250.05965,0.3363644554419828,3,transformed_data__impute__adf__relative_transform__soft_clipping.csv
311,LightGBM,2.365625771909223e+22,2.6829512235902973e+22,153805909246.33627,0.3363644554419828,3,transformed_data__impute__adf__relative_transform__soft_clipping.csv
312,XGBoost,7.034095219284086e+23,1.1714976121969346e+24,838695130502.3826,-0.9997712441641773,4,transformed_data__impute__adf__relative_transform__soft_clipping.csv
313,LightGBM,8.119958031464982e+22,1.7414436827843645e+21,284955400571.12415,-0.9997712441641773,4,transformed_data__impute__adf__relative_transform__soft_clipping.csv
314,XGBoost,4.5949862527372355e+24,8.344688190019765e+23,2143591904429.8604,0.9999997137427358,5,transformed_data__impute__adf__relative_transform__soft_clipping.csv
315,LightGBM,1.844575258398107e+25,9.392724162996824e+24,4294851869853.1465,0.9999997137427358,5,transformed_data__impute__adf__relative_transform__soft_clipping.csv
316,XGBoost,89947.79190137247,124930.7227212333,299.91297387971144,0.2948328830636508,1,transformed_data__impute__adf__robust__local_smooth.csv
317,LightGBM,107406.9435487076,112678.54714003594,327.7299857332368,0.2948328830636508,1,transformed_data__impute__adf__robust__local_smooth.csv
318,XGBoost,64363.33625411046,86805.68828299377,253.6993028254324,0.06244925965785122,2,transformed_data__impute__adf__robust__local_smooth.csv
319,LightGBM,44841.69547058256,144838.63392405218,211.7585782691756,0.06244925965785122,2,transformed_data__impute__adf__robust__local_smooth.csv
320,XGBoost,12034.296164242105,71176.21405896948,109.70093966891125,0.09563852447815145,3,transformed_data__impute__adf__robust__local_smooth.csv
321,LightGBM,17309.08225239568,90888.82277192317,131.5639853926434,0.09563852447815145,3,transformed_data__impute__adf__robust__local_smooth.csv
322,XGBoost,324601206.45241845,1017436499.3008385,18016.69243930246,0.1004499179772671,4,transformed_data__impute__adf__robust__local_smooth.csv
323,LightGBM,324552927.88191974,1016809028.8885759,18015.352560577874,0.1004499179772671,4,transformed_data__impute__adf__robust__local_smooth.csv
324,XGBoost,1275175964.888916,826921547.5930452,35709.60605899925,0.4657264919102666,5,transformed_data__impute__adf__robust__local_smooth.csv
325,LightGBM,205245534.7777221,69503768.35409106,14326.39294371483,0.4657264919102666,5,transformed_data__impute__adf__robust__local_smooth.csv
326,XGBoost,987.552909229537,6148.581560613215,31.42535456012449,0.21512061847437083,1,transformed_data__impute__adf__robust__local_smooth.csv
327,LightGBM,1131.111609979383,6081.69840729698,33.632002764916976,0.21512061847437083,1,transformed_data__impute__adf__robust__local_smooth.csv
328,XGBoost,140.42002248188444,7085.155854371515,11.849895462909554,0.07899356651748504,2,transformed_data__impute__adf__robust__local_smooth.csv
329,LightGBM,390.0337356897481,9000.674301868314,19.74927177618831,0.07899356651748504,2,transformed_data__impute__adf__robust__local_smooth.csv
330,XGBoost,120.16850760725475,11676.398322561145,10.962139736714487,-0.056980158386726557,3,transformed_data__impute__adf__robust__local_smooth.csv
331,LightGBM,110.1993109215864,11719.757277207182,10.497585956856291,-0.056980158386726557,3,transformed_data__impute__adf__robust__local_smooth.csv
332,XGBoost,115.43731708474805,197.59923199082337,10.744175961177667,0.5363033100573416,4,transformed_data__impute__adf__robust__local_smooth.csv
333,LightGBM,138.65428402150286,189.1188948524553,11.7751553714379,0.5363033100573416,4,transformed_data__impute__adf__robust__local_smooth.csv
334,XGBoost,167.92464829984084,1571.5439835193552,12.958574315866729,0.095630900323702,5,transformed_data__impute__adf__robust__local_smooth.csv
335,LightGBM,225.6406428666785,1679.5700295575753,15.021339582962582,0.095630900323702,5,transformed_data__impute__adf__robust__local_smooth.csv
336,XGBoost,3046230844.673227,161448108650.50748,55192.670207856645,-0.19759192492808728,1,transformed_data__impute__adf__robust__local_smooth.csv
337,LightGBM,173746438.90621996,138107596744.85013,13181.291245785444,-0.19759192492808728,1,transformed_data__impute__adf__robust__local_smooth.csv
338,XGBoost,43011599790.294525,357831009609.4566,207392.3812252864,-0.29158924644862344,2,transformed_data__impute__adf__robust__local_smooth.csv
339,LightGBM,737721908236.3474,1554852905033.1792,858907.3921188171,-0.29158924644862344,2,transformed_data__impute__adf__robust__local_smooth.csv
340,XGBoost,368242520549.8798,73746061116010.9,606829.8942453971,-0.9947453731477867,3,transformed_data__impute__adf__robust__local_smooth.csv
341,LightGBM,3311201891045.2114,37958611684492.15,1819670.819419054,-0.9947453731477867,3,transformed_data__impute__adf__robust__local_smooth.csv
342,XGBoost,344308098035.19226,17401047701771.031,586777.7245560641,-0.999914762295724,4,transformed_data__impute__adf__robust__local_smooth.csv
343,LightGBM,35636781870613.45,1467869334987.799,5969655.088077824,-0.999914762295724,4,transformed_data__impute__adf__robust__local_smooth.csv
344,XGBoost,47296483604898.65,1320693470422802.0,6877243.895987596,-0.9999499004335479,5,transformed_data__impute__adf__robust__local_smooth.csv
345,LightGBM,100692026963578.6,1101181752248225.5,10034541.691755462,-0.9999499004335479,5,transformed_data__impute__adf__robust__local_smooth.csv
346,XGBoost,22914.535318779606,556705.3569339982,151.37547793080492,-0.006370155429423366,1,transformed_data__impute__adf__robust__local_smooth.csv
347,LightGBM,24045.317732957265,561031.6176509697,155.06552722303326,-0.006370155429423366,1,transformed_data__impute__adf__robust__local_smooth.csv
348,XGBoost,14493.526106101534,5767780.284768483,120.3890614055178,0.5061689966536219,2,transformed_data__impute__adf__robust__local_smooth.csv
349,LightGBM,15062.445097688076,5645917.861458416,122.72915341388156,0.5061689966536219,2,transformed_data__impute__adf__robust__local_smooth.csv
350,XGBoost,10770.786725537506,11069148.383792225,103.78240084685605,0.19068001415502825,3,transformed_data__impute__adf__robust__local_smooth.csv
351,LightGBM,11296.559372242104,11064715.988254586,106.28527354361988,0.19068001415502825,3,transformed_data__impute__adf__robust__local_smooth.csv
352,XGBoost,29624.763078469434,740307.0403903374,172.1184565305808,0.5436841223611906,4,transformed_data__impute__adf__robust__local_smooth.csv
353,LightGBM,35421.88251144182,747476.6453208957,188.2070203564198,0.5436841223611906,4,transformed_data__impute__adf__robust__local_smooth.csv
354,XGBoost,18036.156841681426,799018.1010409268,134.2987596431234,0.28794592467014285,5,transformed_data__impute__adf__robust__local_smooth.csv
355,LightGBM,21842.676158563456,824354.3800463253,147.7926796514748,0.28794592467014285,5,transformed_data__impute__adf__robust__local_smooth.csv
356,XGBoost,37263.60631403199,93390.3120049923,193.03783648298585,0.38751879184490107,1,transformed_data__impute__adf__robust__sliding_window_log.csv
357,LightGBM,21957.283386308067,157046.4849006268,148.17990209980593,0.38751879184490107,1,transformed_data__impute__adf__robust__sliding_window_log.csv
358,XGBoost,42136.30816689351,23177.5343442867,205.27130380765234,0.023666862116437856,2,transformed_data__impute__adf__robust__sliding_window_log.csv
359,LightGBM,41616.820936427066,40568.376812004935,204.00201208916314,0.023666862116437856,2,transformed_data__impute__adf__robust__sliding_window_log.csv
360,XGBoost,23217.26555267651,35005.78632291856,152.37212852971672,-0.1424147294271249,3,transformed_data__impute__adf__robust__sliding_window_log.csv
361,LightGBM,25503.700983013325,43316.05166248415,159.69878203359386,-0.1424147294271249,3,transformed_data__impute__adf__robust__sliding_window_log.csv
362,XGBoost,25170.462851335822,5207126.721458326,158.65201811302566,0.4715581346132878,4,transformed_data__impute__adf__robust__sliding_window_log.csv
363,LightGBM,18201.42803361299,5114399.992520952,134.91266817320377,0.4715581346132878,4,transformed_data__impute__adf__robust__sliding_window_log.csv
364,XGBoost,59439.714315000536,31418494.840181883,243.8026134293899,0.15376010901216225,5,transformed_data__impute__adf__robust__sliding_window_log.csv
365,LightGBM,29180.871077606276,30458148.00367197,170.82409396102844,0.15376010901216225,5,transformed_data__impute__adf__robust__sliding_window_log.csv
366,XGBoost,23.23477613459508,577.6324875554708,4.820246480689041,0.42028867216423615,1,transformed_data__impute__adf__robust__sliding_window_log.csv
367,LightGBM,8.076452499451719,531.8327127282258,2.8419100090347196,0.42028867216423615,1,transformed_data__impute__adf__robust__sliding_window_log.csv
368,XGBoost,38.02007947837508,582.6392504927676,6.166042448635517,0.38436424754257226,2,transformed_data__impute__adf__robust__sliding_window_log.csv
369,LightGBM,38.714046412047914,555.5084593659184,6.222061267140329,0.38436424754257226,2,transformed_data__impute__adf__robust__sliding_window_log.csv
370,XGBoost,41.39343961949722,592.6179193569367,6.433773357796902,0.022152724422783307,3,transformed_data__impute__adf__robust__sliding_window_log.csv
371,LightGBM,41.29719911992445,599.2042820792552,6.426289685341336,0.022152724422783307,3,transformed_data__impute__adf__robust__sliding_window_log.csv
372,XGBoost,45.780628570850844,266.86250988687607,6.766138379522757,-0.07517133552580925,4,transformed_data__impute__adf__robust__sliding_window_log.csv
373,LightGBM,14.062916067561186,442.03078349587497,3.750055475264491,-0.07517133552580925,4,transformed_data__impute__adf__robust__sliding_window_log.csv
374,XGBoost,64.67038683250935,333.2201978938411,8.041790026636443,0.0723706714072579,5,transformed_data__impute__adf__robust__sliding_window_log.csv
375,LightGBM,56.722296076924536,301.78925653131836,7.531420588237291,0.0723706714072579,5,transformed_data__impute__adf__robust__sliding_window_log.csv
376,XGBoost,1845038768.459215,52188459909.751,42953.91447189901,0.26861172161146074,1,transformed_data__impute__adf__robust__sliding_window_log.csv
377,LightGBM,2167187224.80259,50559602947.76117,46553.05816810094,0.26861172161146074,1,transformed_data__impute__adf__robust__sliding_window_log.csv
378,XGBoost,771211566.8271599,225304988916.345,27770.696189097598,0.20712413327736992,2,transformed_data__impute__adf__robust__sliding_window_log.csv
379,LightGBM,6415394100.832499,277704975227.7584,80096.15534363993,0.20712413327736992,2,transformed_data__impute__adf__robust__sliding_window_log.csv
380,XGBoost,185774395899.46478,85000853826651.67,431015.54020645795,-0.8940172053791459,3,transformed_data__impute__adf__robust__sliding_window_log.csv
381,LightGBM,86686183050.71512,82500916427741.42,294425.17394189496,-0.8940172053791459,3,transformed_data__impute__adf__robust__sliding_window_log.csv
382,XGBoost,5637424346515.058,49743967228393.22,2374326.082600083,0.7816621162381697,4,transformed_data__impute__adf__robust__sliding_window_log.csv
383,LightGBM,18558150680600.754,80757741581494.86,4307917.209116344,0.7816621162381697,4,transformed_data__impute__adf__robust__sliding_window_log.csv
384,XGBoost,3989931201430.07,2509612159651046.5,1997481.2142871507,0.9999993405479914,5,transformed_data__impute__adf__robust__sliding_window_log.csv
385,LightGBM,5097595429189.337,2101375538753170.0,2257785.5144342957,0.9999993405479914,5,transformed_data__impute__adf__robust__sliding_window_log.csv
386,XGBoost,24630.23279064402,194399.66287308407,156.94022043645796,0.21081474697245906,1,transformed_data__impute__adf__robust__sliding_window_log.csv
387,LightGBM,30170.591456325546,164684.41886069055,173.69683778447305,0.21081474697245906,1,transformed_data__impute__adf__robust__sliding_window_log.csv
388,XGBoost,5467.280443028188,323600.38961302134,73.94106060253793,0.40446029586791366,2,transformed_data__impute__adf__robust__sliding_window_log.csv
389,LightGBM,12934.826938234375,320119.92705849773,113.73138062221163,0.40446029586791366,2,transformed_data__impute__adf__robust__sliding_window_log.csv
390,XGBoost,6401.21296562483,52062.58675714369,80.00758067598863,0.2881785374915626,3,transformed_data__impute__adf__robust__sliding_window_log.csv
391,LightGBM,9623.339416395927,73388.21622171537,98.09862086898025,0.2881785374915626,3,transformed_data__impute__adf__robust__sliding_window_log.csv
392,XGBoost,14516.3441592353,23685.820022846263,120.48379210182297,0.2572802227382466,4,transformed_data__impute__adf__robust__sliding_window_log.csv
393,LightGBM,30919.98844541219,31929.721115594177,175.84080426741738,0.2572802227382466,4,transformed_data__impute__adf__robust__sliding_window_log.csv
394,XGBoost,34632.15130913301,103402.72652706131,186.09715556432616,-0.02137559160540447,5,transformed_data__impute__adf__robust__sliding_window_log.csv
395,LightGBM,42347.93428275046,106000.18379161342,205.78613724629378,-0.02137559160540447,5,transformed_data__impute__adf__robust__sliding_window_log.csv
396,XGBoost,626462174973.6975,42893919032534.68,791493.6354600064,0.4114488170419433,1,transformed_data__impute__adf__sliding_window_log__soft_clipping.csv
397,LightGBM,3.9171199909196764e+18,3.917432651417622e+18,1979171541.559669,0.4114488170419433,1,transformed_data__impute__adf__sliding_window_log__soft_clipping.csv
398,XGBoost,1.3861133235738396e+16,1.3910455955028314e+16,117733314.04381002,-0.030969276638593692,2,transformed_data__impute__adf__sliding_window_log__soft_clipping.csv
399,LightGBM,1.3725148556078438e+16,1.1248049649357546e+16,117154379.1587768,-0.030969276638593692,2,transformed_data__impute__adf__sliding_window_log__soft_clipping.csv
400,XGBoost,2.1241645097804657e+22,4.284091439420163e+21,145745137475.6793,0.6421487430975242,3,transformed_data__impute__adf__sliding_window_log__soft_clipping.csv
401,LightGBM,6.663290671501103e+25,6.6704750404667515e+25,8162898181100.327,0.6421487430975242,3,transformed_data__impute__adf__sliding_window_log__soft_clipping.csv
402,XGBoost,9.819509557713293e+108,3.089562079337233e+95,3.133609669010053e+54,-0.2807159422096736,4,transformed_data__impute__adf__sliding_window_log__soft_clipping.csv
403,LightGBM,2.5701798568138915e+201,2.5701798568138915e+201,5.069694129643219e+100,-0.2807159422096736,4,transformed_data__impute__adf__sliding_window_log__soft_clipping.csv
404,XGBoost,4.433382518747131,7998774146056.674,2.1055599062356625,-0.005845359114301576,1,transformed_data__impute__adf__sliding_window_log__soft_clipping.csv
405,LightGBM,98.34443405523834,7998787312246.288,9.916876224660584,-0.005845359114301576,1,transformed_data__impute__adf__sliding_window_log__soft_clipping.csv
406,XGBoost,0.8213425215635918,464085939682.96387,0.9062794941758264,0.19712562514627727,2,transformed_data__impute__adf__sliding_window_log__soft_clipping.csv
407,LightGBM,2.9329273869048746,464085128388.745,1.712579162230136,0.19712562514627727,2,transformed_data__impute__adf__sliding_window_log__soft_clipping.csv
408,XGBoost,0.2290854928334002,7632396304301.848,0.4786287630652803,0.534923758086849,3,transformed_data__impute__adf__sliding_window_log__soft_clipping.csv
409,LightGBM,2.8103155791345875,7632389890171.5,1.6763995881455553,0.534923758086849,3,transformed_data__impute__adf__sliding_window_log__soft_clipping.csv
410,XGBoost,0.06687459832983572,128256360864.09837,0.25860123420014014,0.0997310598914533,4,transformed_data__impute__adf__sliding_window_log__soft_clipping.csv
411,LightGBM,0.12028646677637125,128256395943.59041,0.34682339421724606,0.0997310598914533,4,transformed_data__impute__adf__sliding_window_log__soft_clipping.csv
412,XGBoost,60409.8883159293,29489204476937.223,245.78423121902938,-0.070388823746748,5,transformed_data__impute__adf__sliding_window_log__soft_clipping.csv
413,LightGBM,104378.68681716254,29489202775712.71,323.076905422165,-0.070388823746748,5,transformed_data__impute__adf__sliding_window_log__soft_clipping.csv
414,XGBoost,10134624.183372658,17064690.50034751,3183.492450654259,0.20894958038023664,1,transformed_data__impute__adf__sliding_window_log__soft_clipping.csv
415,LightGBM,485761426.40474373,514592480.31508136,22039.996061813254,0.20894958038023664,1,transformed_data__impute__adf__sliding_window_log__soft_clipping.csv
416,XGBoost,500938.1560559224,149998900.17557102,707.769846811746,0.7819384042201755,2,transformed_data__impute__adf__sliding_window_log__soft_clipping.csv
417,LightGBM,3330987.8512523244,135956663.85901237,1825.0994085945906,0.7819384042201755,2,transformed_data__impute__adf__sliding_window_log__soft_clipping.csv
418,XGBoost,139787.87454014836,7071393869.091841,373.88216665167164,0.6412743695231188,3,transformed_data__impute__adf__sliding_window_log__soft_clipping.csv
419,LightGBM,852360.8845159936,7032934689.65071,923.2339272990316,0.6412743695231188,3,transformed_data__impute__adf__sliding_window_log__soft_clipping.csv
420,XGBoost,4494308.622168351,6818317.99006633,2119.978448515067,0.4616136578483138,4,transformed_data__impute__adf__sliding_window_log__soft_clipping.csv
421,LightGBM,2511.157031318929,7284067.449690019,50.11144611083309,0.4616136578483138,4,transformed_data__impute__adf__sliding_window_log__soft_clipping.csv
422,XGBoost,363438946.681935,312604739518.1548,19064.074765955338,-0.7559023257405565,5,transformed_data__impute__adf__sliding_window_log__soft_clipping.csv
423,LightGBM,133730866.97009002,316292732643.6697,11564.206283618863,-0.7559023257405565,5,transformed_data__impute__adf__sliding_window_log__soft_clipping.csv
424,XGBoost,6.3727302937374545e+25,5.276116658339877e+25,7982938239606.677,0.3290397523082038,1,transformed_data__impute__adf__sliding_window_log__soft_clipping.csv
425,LightGBM,1.3281467621301133e+26,1.3844677237225023e+25,11524524988606.312,0.3290397523082038,1,transformed_data__impute__adf__sliding_window_log__soft_clipping.csv
426,XGBoost,7.363477351915934e+16,3.3525581939047296e+17,271357280.20298135,-0.5924003631123138,2,transformed_data__impute__adf__sliding_window_log__soft_clipping.csv
427,LightGBM,2528190274125079.5,8.108583524336708e+17,50281112.49888053,-0.5924003631123138,2,transformed_data__impute__adf__sliding_window_log__soft_clipping.csv
428,XGBoost,3.9622105991338353e+18,1.242510850241509e+19,1990530230.6505759,-0.1511361833754013,3,transformed_data__impute__adf__sliding_window_log__soft_clipping.csv
429,LightGBM,5.493649424386696e+18,1.5330437685465958e+19,2343853541.582045,-0.1511361833754013,3,transformed_data__impute__adf__sliding_window_log__soft_clipping.csv
430,XGBoost,2.3518039565986005e+24,9.061980394984751e+24,1533559244567.552,0.3002573500243321,4,transformed_data__impute__adf__sliding_window_log__soft_clipping.csv
431,LightGBM,9.696430677184293e+27,9.98972287659569e+27,98470455859533.28,0.3002573500243321,4,transformed_data__impute__adf__sliding_window_log__soft_clipping.csv
432,XGBoost,3.271382493336742e+170,6.095902801967339e+29,1.8086963518890457e+85,0.04778860632725087,5,transformed_data__impute__adf__sliding_window_log__soft_clipping.csv
433,LightGBM,3.271382493336742e+170,6.204760678487048e+28,1.8086963518890457e+85,0.04778860632725087,5,transformed_data__impute__adf__sliding_window_log__soft_clipping.csv
434,XGBoost,1.352493996414279e+19,1.1119537595854176e+19,3677626947.3864245,0.9990865653710681,1,transformed_data__impute__adf__soft_clipping.csv
435,LightGBM,8.303008117601408e+17,3.2327123648845203e+17,911208434.8600713,0.9990865653710681,1,transformed_data__impute__adf__soft_clipping.csv
436,XGBoost,1.6851841731326305e+18,1.4201418745182912e+18,1298146437.476385,-0.6271469448914454,2,transformed_data__impute__adf__soft_clipping.csv
437,LightGBM,4.508943882607194e+18,4.558183095441705e+18,2123427390.4721098,-0.6271469448914454,2,transformed_data__impute__adf__soft_clipping.csv
438,XGBoost,1.0442982009245766e+18,7.711840193055645e+17,1021909096.2138348,-0.9641655548432614,3,transformed_data__impute__adf__soft_clipping.csv
439,LightGBM,5.771424900516305e+17,5.924977985943263e+17,759698946.9859955,-0.9641655548432614,3,transformed_data__impute__adf__soft_clipping.csv
440,XGBoost,1.5147568529812273e+19,4.117880136328581e+17,3891987735.054194,0.9447632580612968,4,transformed_data__impute__adf__soft_clipping.csv
441,LightGBM,4.322456180628703e+19,8.827825653936868e+18,6574538904.4622,0.9447632580612968,4,transformed_data__impute__adf__soft_clipping.csv
442,XGBoost,1.1382575775065414e+21,1.1032422082890626e+21,33738073114.90301,-0.999995079680227,5,transformed_data__impute__adf__soft_clipping.csv
443,LightGBM,1.1119994090153283e+22,1.10099689714911e+22,105451382590.05087,-0.999995079680227,5,transformed_data__impute__adf__soft_clipping.csv
444,XGBoost,1.7940865360964266e+17,2539381576563423.5,423566586.98443466,-0.9993930950487996,1,transformed_data__impute__adf__soft_clipping.csv
445,LightGBM,1.9975306323648026e+17,730140722262685.5,446937426.53360355,-0.9993930950487996,1,transformed_data__impute__adf__soft_clipping.csv
446,XGBoost,490710909994305.9,63133266800266.78,22151995.621033918,-0.9999472058970321,2,transformed_data__impute__adf__soft_clipping.csv
447,LightGBM,407864682616156.25,2490377659437684.0,20195659.994567055,-0.9999472058970321,2,transformed_data__impute__adf__soft_clipping.csv
448,XGBoost,2528399781192526.0,30569056493808.152,50283195.8132389,-0.9998233855878152,3,transformed_data__impute__adf__soft_clipping.csv
449,LightGBM,1793277886251092.0,188325483668511.84,42347111.89976351,-0.9998233855878152,3,transformed_data__impute__adf__soft_clipping.csv
450,XGBoost,2195752039713626.2,1006706009465036.2,46858852.30896747,-0.9999946901177619,4,transformed_data__impute__adf__soft_clipping.csv
451,LightGBM,4117910005785678.5,6288613403094093.0,64170943.62548893,-0.9999946901177619,4,transformed_data__impute__adf__soft_clipping.csv
452,XGBoost,2.040604060641603e+16,1.4106377972409944e+16,142849713.35783643,-0.9999957738250514,5,transformed_data__impute__adf__soft_clipping.csv
453,LightGBM,1655278748215548.2,275748292207708.88,40685117.03578531,-0.9999957738250514,5,transformed_data__impute__adf__soft_clipping.csv
454,XGBoost,3696641102.647646,31400136044.193672,60800.00906782536,-0.15906508795594684,1,transformed_data__impute__adf__soft_clipping.csv
455,LightGBM,9414543247.206413,30427250707.290253,97028.56923198658,-0.15906508795594684,1,transformed_data__impute__adf__soft_clipping.csv
456,XGBoost,1070038084.2269983,6403371072.708834,32711.436596808133,0.03497951368842685,2,transformed_data__impute__adf__soft_clipping.csv
457,LightGBM,72581742288.92557,65779000022.08394,269409.989215184,0.03497951368842685,2,transformed_data__impute__adf__soft_clipping.csv
458,XGBoost,1466876144473.397,1077637942409.1671,1211146.6238541876,-0.8268658677622814,3,transformed_data__impute__adf__soft_clipping.csv
459,LightGBM,135427862046.2991,3538413556452.692,368005.2473081044,-0.8268658677622814,3,transformed_data__impute__adf__soft_clipping.csv
460,XGBoost,1044777822173.8337,516983688206.5338,1022143.7385093321,-0.9998679255965623,4,transformed_data__impute__adf__soft_clipping.csv
461,LightGBM,13836304901965.615,3915050111557.2017,3719718.390142675,-0.9998679255965623,4,transformed_data__impute__adf__soft_clipping.csv
462,XGBoost,60076230803285.73,34589149168946.5,7750885.807653583,-0.9999925448779127,5,transformed_data__impute__adf__soft_clipping.csv
463,LightGBM,3734086911.3808227,184195466184207.66,61107.17561285927,-0.9999925448779127,5,transformed_data__impute__adf__soft_clipping.csv
464,XGBoost,6.891657212799807e+18,1.7430009422021046e+17,2625196604.599322,0.984003608137821,1,transformed_data__impute__adf__soft_clipping.csv
465,LightGBM,7.703886637888582e+18,7.13023269889419e+16,2775587620.286663,0.984003608137821,1,transformed_data__impute__adf__soft_clipping.csv
466,XGBoost,7627368563163403.0,1.3726125915744258e+16,87334807.28302664,0.8047917070097778,2,transformed_data__impute__adf__soft_clipping.csv
467,LightGBM,2.13262778002603e+16,4.795780666507762e+16,146035193.70432696,0.8047917070097778,2,transformed_data__impute__adf__soft_clipping.csv
468,XGBoost,2.7137967993757384e+16,2.6869707084242536e+16,164736055.53659886,0.8312677684184603,3,transformed_data__impute__adf__soft_clipping.csv
469,LightGBM,3.10067771753487e+17,3.2190735991632154e+17,556837293.7883085,0.8312677684184603,3,transformed_data__impute__adf__soft_clipping.csv
470,XGBoost,553064474103106.25,2.2873895521108236e+16,23517322.851530235,-0.9997380649322929,4,transformed_data__impute__adf__soft_clipping.csv
471,LightGBM,9272976881919038.0,7.172984401542564e+16,96296297.34272777,-0.9997380649322929,4,transformed_data__impute__adf__soft_clipping.csv
472,XGBoost,4.98140915445925e+17,1.6912495864374804e+19,705790985.6649666,-0.9999902281587941,5,transformed_data__impute__adf__soft_clipping.csv
473,LightGBM,1.2850794172763423e+19,3.1736438377891784e+16,3584800436.950908,-0.9999902281587941,5,transformed_data__impute__adf__soft_clipping.csv
474,XGBoost,3892.0431046132153,4436.439956849708,62.38624130858675,0.9993319990643488,1,transformed_data__impute__deflate__pct_change.csv
475,LightGBM,2989.5934030453877,3421.8963492068433,54.677174424483454,0.9993319990643488,1,transformed_data__impute__deflate__pct_change.csv
476,XGBoost,6448.091168795303,47002.021025695176,80.30000727767901,0.9999987690840756,2,transformed_data__impute__deflate__pct_change.csv
477,LightGBM,2051.7956286090407,31403.854534419304,45.296750751119454,0.9999987690840756,2,transformed_data__impute__deflate__pct_change.csv
478,XGBoost,15.014335211445271,268872.2966545328,3.87483357209639,0.9755722503819562,3,transformed_data__impute__deflate__pct_change.csv
479,LightGBM,931.6306134838685,239432.44296619942,30.52262461656711,0.9755722503819562,3,transformed_data__impute__deflate__pct_change.csv
480,XGBoost,815215.1724396842,5871970.93448762,902.892669390822,0.9996610590151471,4,transformed_data__impute__deflate__pct_change.csv
481,LightGBM,831673.7712376144,5916843.026820595,911.9614965762614,0.9996610590151471,4,transformed_data__impute__deflate__pct_change.csv
482,XGBoost,2918919991.4613867,2596621872.6056023,54027.03019287092,0.9992384378641042,5,transformed_data__impute__deflate__pct_change.csv
483,LightGBM,34572518.12556492,16426460.463967882,5879.839974486118,0.9992384378641042,5,transformed_data__impute__deflate__pct_change.csv
484,XGBoost,217.3324353148454,2409.048687232218,14.742199134282695,0.9996306898122987,1,transformed_data__impute__deflate__pct_change.csv
485,LightGBM,133.90138125018774,1499.1042537435771,11.571576437555418,0.9996306898122987,1,transformed_data__impute__deflate__pct_change.csv
486,XGBoost,73.43494869516887,1995.3436056456221,8.569419390785404,0.9819908946238468,2,transformed_data__impute__deflate__pct_change.csv
487,LightGBM,36.84842340732449,2496.1425513856784,6.070290224307606,0.9819908946238468,2,transformed_data__impute__deflate__pct_change.csv
488,XGBoost,77.68119407750275,1382.9058361358282,8.813693554776156,0.9836456374791407,3,transformed_data__impute__deflate__pct_change.csv
489,LightGBM,5.951600310955213,1981.1493549380855,2.4395901932404986,0.9836456374791407,3,transformed_data__impute__deflate__pct_change.csv
490,XGBoost,85.33802693210588,171.66317200919244,9.237858352026507,0.9902828909024153,4,transformed_data__impute__deflate__pct_change.csv
491,LightGBM,10.898298627562875,329.1221908979477,3.3012571283622965,0.9902828909024153,4,transformed_data__impute__deflate__pct_change.csv
492,XGBoost,312.94234685274887,42.72729694669085,17.690176563639746,0.9959276659533571,5,transformed_data__impute__deflate__pct_change.csv
493,LightGBM,184.70986570505843,147.49608817358006,13.590800774974904,0.9959276659533571,5,transformed_data__impute__deflate__pct_change.csv
494,XGBoost,10.291721752999639,383.6582159433666,3.2080713447489972,0.999825517249108,1,transformed_data__impute__deflate__pct_change.csv
495,LightGBM,4.783700638268993,390.7520863534297,2.1871672634412285,0.999825517249108,1,transformed_data__impute__deflate__pct_change.csv
496,XGBoost,0.7960097407349715,1276.298763431046,0.8921937798118588,0.9998682047869611,2,transformed_data__impute__deflate__pct_change.csv
497,LightGBM,3.6756857106943124,1209.3230109081735,1.9172077901715068,0.9998682047869611,2,transformed_data__impute__deflate__pct_change.csv
498,XGBoost,0.18041254261243259,2727.1695000791065,0.4247499765890901,0.9941795540065741,3,transformed_data__impute__deflate__pct_change.csv
499,LightGBM,0.16336573895772424,2789.8675767187306,0.4041852780071588,0.9941795540065741,3,transformed_data__impute__deflate__pct_change.csv
500,XGBoost,1.1980456290747117,4194.251349484846,1.094552707307744,0.9997754093356027,4,transformed_data__impute__deflate__pct_change.csv
501,LightGBM,0.5873743765281977,4142.961602150804,0.7664035337393726,0.9997754093356027,4,transformed_data__impute__deflate__pct_change.csv
502,XGBoost,49.13832227364465,8822.565112779008,7.009873199541105,0.9999306463504855,5,transformed_data__impute__deflate__pct_change.csv
503,LightGBM,17.424404893269415,8344.08035286563,4.1742550105700795,0.9999306463504855,5,transformed_data__impute__deflate__pct_change.csv
504,XGBoost,112984.96694600108,232107.17935316986,336.13236521644427,0.9989635939091238,1,transformed_data__impute__deflate__pct_change.csv
505,LightGBM,47835.735270233556,136547.06723861472,218.7138204829168,0.9989635939091238,1,transformed_data__impute__deflate__pct_change.csv
506,XGBoost,447286.91321605584,1380153.9593926768,668.7951205085574,0.9614135191702841,2,transformed_data__impute__deflate__pct_change.csv
507,LightGBM,1349982.848166466,719857.918671354,1161.8876228648217,0.9614135191702841,2,transformed_data__impute__deflate__pct_change.csv
508,XGBoost,432369.58217815246,1950791.319129513,657.548159588446,0.8731868399812678,3,transformed_data__impute__deflate__pct_change.csv
509,LightGBM,197648.744955235,1309608.7936790069,444.5770405174282,0.8731868399812678,3,transformed_data__impute__deflate__pct_change.csv
510,XGBoost,224236.1476306526,335783.3455044363,473.5357933996675,0.9213085708684021,4,transformed_data__impute__deflate__pct_change.csv
511,LightGBM,269632.28169699974,314372.9980115727,519.2612846120917,0.9213085708684021,4,transformed_data__impute__deflate__pct_change.csv
512,XGBoost,129778.06522618739,211339.53797651693,360.2472279229743,0.28587552003769656,5,transformed_data__impute__deflate__pct_change.csv
513,LightGBM,43957.68799631604,143907.99984357783,209.66088809388373,0.28587552003769656,5,transformed_data__impute__deflate__pct_change.csv
514,XGBoost,2340.767183215098,2865.802486341722,48.381475620479975,0.9993319990643488,1,transformed_data__impute__deflate__pct_change__log_all.csv
515,LightGBM,74249.78136883743,77743.60203855223,272.48813069349904,0.9993319990643488,1,transformed_data__impute__deflate__pct_change__log_all.csv
516,XGBoost,3734.4200380431803,37721.25470036075,61.10990130938832,0.9999987690840756,2,transformed_data__impute__deflate__pct_change__log_all.csv
517,LightGBM,14971.149678852848,56296.6566915742,122.35664950811969,0.9999987690840756,2,transformed_data__impute__deflate__pct_change__log_all.csv
518,XGBoost,64.06670153448904,267491.5125436255,8.004167760266462,0.9755722503819562,3,transformed_data__impute__deflate__pct_change__log_all.csv
519,LightGBM,245.81023925495234,264020.44419289567,15.678336622708173,0.9755722503819562,3,transformed_data__impute__deflate__pct_change__log_all.csv
520,XGBoost,755635.6994812721,5675684.292073532,869.2730868267303,0.999661059015147,4,transformed_data__impute__deflate__pct_change__log_all.csv
521,LightGBM,828192.782611954,5911957.240856105,910.0509780292277,0.999661059015147,4,transformed_data__impute__deflate__pct_change__log_all.csv
522,XGBoost,133020354.8568971,82196717.06962141,11533.445055875418,0.9992384378641042,5,transformed_data__impute__deflate__pct_change__log_all.csv
523,LightGBM,4992239.818187576,19812624.058975846,2234.3320742869837,0.9992384378641042,5,transformed_data__impute__deflate__pct_change__log_all.csv
524,XGBoost,3416.778446663438,2549.2690256742862,58.45321587956849,0.9996306898122987,1,transformed_data__impute__deflate__pct_change__log_all.csv
525,LightGBM,1632.5046506138765,1412.8922774315217,40.40426525274128,0.9996306898122987,1,transformed_data__impute__deflate__pct_change__log_all.csv
526,XGBoost,1867.3418208567305,745.5812752788084,43.212750674502665,0.9819908946238468,2,transformed_data__impute__deflate__pct_change__log_all.csv
527,LightGBM,4454.174627071556,2278.727486404521,66.73960313840318,0.9819908946238468,2,transformed_data__impute__deflate__pct_change__log_all.csv
528,XGBoost,1154.9123108059864,1076.9019742819673,33.98400080634984,0.9836456374791407,3,transformed_data__impute__deflate__pct_change__log_all.csv
529,LightGBM,292.58871798178865,3204.2898197904447,17.10522487375681,0.9836456374791407,3,transformed_data__impute__deflate__pct_change__log_all.csv
530,XGBoost,2824.8355927314133,2062.0447252991826,53.14918242768569,0.9902828909024153,4,transformed_data__impute__deflate__pct_change__log_all.csv
531,LightGBM,210.4420791937307,733.6663499112676,14.50662190841585,0.9902828909024153,4,transformed_data__impute__deflate__pct_change__log_all.csv
532,XGBoost,42103.15695209653,37311.27525833657,205.19053816415737,0.9959276659533571,5,transformed_data__impute__deflate__pct_change__log_all.csv
533,LightGBM,2635.374445127122,3569.0576244524864,51.33589821097048,0.9959276659533571,5,transformed_data__impute__deflate__pct_change__log_all.csv
534,XGBoost,45.64307051046545,292.26184241202765,6.7559655498282,0.999825517249108,1,transformed_data__impute__deflate__pct_change__log_all.csv
535,LightGBM,28.08806968624453,301.4876208854956,5.299817891800107,0.999825517249108,1,transformed_data__impute__deflate__pct_change__log_all.csv
536,XGBoost,26.617428555371536,1029.985100951204,5.159208132588909,0.9998682047869611,2,transformed_data__impute__deflate__pct_change__log_all.csv
537,LightGBM,10.940131513197345,1117.689635383597,3.3075869623030845,0.9998682047869611,2,transformed_data__impute__deflate__pct_change__log_all.csv
538,XGBoost,5.968520983420997,2554.6743242026732,2.44305566523176,0.9941795540065741,3,transformed_data__impute__deflate__pct_change__log_all.csv
539,LightGBM,104.88279018772926,3727.780225180316,10.241229915773264,0.9941795540065741,3,transformed_data__impute__deflate__pct_change__log_all.csv
540,XGBoost,1.0293934291029976,4063.0335580001565,1.0145902764677954,0.9997754093356027,4,transformed_data__impute__deflate__pct_change__log_all.csv
541,LightGBM,1.154257882459776,4096.865892814003,1.0743639432053629,0.9997754093356027,4,transformed_data__impute__deflate__pct_change__log_all.csv
542,XGBoost,0.9896375446281761,7799.145279118608,0.9948052797548755,0.9999306463504855,5,transformed_data__impute__deflate__pct_change__log_all.csv
543,LightGBM,4.491204360454562,7986.814506759386,2.11924617740709,0.9999306463504855,5,transformed_data__impute__deflate__pct_change__log_all.csv
544,XGBoost,4976946.096795865,5373443.717287041,2230.9070121356167,0.9989635939091238,1,transformed_data__impute__deflate__pct_change__log_all.csv
545,LightGBM,717731.4376445177,748584.9242173207,847.1903196121388,0.9989635939091238,1,transformed_data__impute__deflate__pct_change__log_all.csv
546,XGBoost,251269.61129886363,4207932.582211601,501.26800346607365,0.9614135191702841,2,transformed_data__impute__deflate__pct_change__log_all.csv
547,LightGBM,3691895.861812371,2609357.8635410736,1921.4306809802874,0.9614135191702841,2,transformed_data__impute__deflate__pct_change__log_all.csv
548,XGBoost,18938382.90992798,24968865.464750268,4351.825238900107,0.8731868399812678,3,transformed_data__impute__deflate__pct_change__log_all.csv
549,LightGBM,1185111.596369912,1091138.791170222,1088.6283095574504,0.8731868399812678,3,transformed_data__impute__deflate__pct_change__log_all.csv
550,XGBoost,8590412.005803758,12869138.50297605,2930.9404643908683,0.9213085708684021,4,transformed_data__impute__deflate__pct_change__log_all.csv
551,LightGBM,4979906.983507795,8541131.10918584,2231.5705195014107,0.9213085708684021,4,transformed_data__impute__deflate__pct_change__log_all.csv
552,XGBoost,44360459.4583206,46388980.269316904,6660.364814206547,0.28587552003769656,5,transformed_data__impute__deflate__pct_change__log_all.csv
553,LightGBM,14696553.530928953,16177416.513635512,3833.6084216999725,0.28587552003769656,5,transformed_data__impute__deflate__pct_change__log_all.csv
554,XGBoost,15494353681.687794,2423308092319.404,124476.31775437364,-0.9993319990643483,1,transformed_data__impute__deflate__scale__pct_change__adf__cap__log_all.csv
555,LightGBM,1596494156.7724092,2255572706346.918,39956.15292758312,-0.9993319990643483,1,transformed_data__impute__deflate__scale__pct_change__adf__cap__log_all.csv
556,XGBoost,52840250666.95319,2195014152736.4277,229870.0734479223,-0.9999987690840757,2,transformed_data__impute__deflate__scale__pct_change__adf__cap__log_all.csv
557,LightGBM,71254305022.47481,2307365844069.112,266935.0202249132,-0.9999987690840757,2,transformed_data__impute__deflate__scale__pct_change__adf__cap__log_all.csv
558,XGBoost,125237456157.96346,2436898421783.012,353889.04498156405,-0.9755722503819554,3,transformed_data__impute__deflate__scale__pct_change__adf__cap__log_all.csv
559,LightGBM,107415661241.49411,2371663934401.861,327743.28557804826,-0.9755722503819554,3,transformed_data__impute__deflate__scale__pct_change__adf__cap__log_all.csv
560,XGBoost,66571023996.78005,2464791388370.507,258013.61203777613,-0.7652951643138104,4,transformed_data__impute__deflate__scale__pct_change__adf__cap__log_all.csv
561,LightGBM,13987867672.6694,2052252475038.984,118270.31610961983,-0.7652951643138104,4,transformed_data__impute__deflate__scale__pct_change__adf__cap__log_all.csv
562,XGBoost,491674921480.22534,3865647416474.2866,701195.351867242,0.9992384378641039,5,transformed_data__impute__deflate__scale__pct_change__adf__cap__log_all.csv
563,LightGBM,279717214971.8166,3246865722153.4956,528882.9879773187,0.9992384378641039,5,transformed_data__impute__deflate__scale__pct_change__adf__cap__log_all.csv
564,XGBoost,204314937215.07153,204313845337.50113,452012.0985273199,-0.2950792988486975,1,transformed_data__impute__deflate__scale__pct_change__adf__cap__log_all.csv
565,LightGBM,7034016.567207237,7279407.638759377,2652.1720470601517,-0.2950792988486975,1,transformed_data__impute__deflate__scale__pct_change__adf__cap__log_all.csv
566,XGBoost,1.4923500822715261e+18,1.4923534344622812e+18,1221617813.5045044,0.9819908946238478,2,transformed_data__impute__deflate__scale__pct_change__adf__cap__log_all.csv
567,LightGBM,13646214.388793876,34272.17135916159,3694.078286771123,0.9819908946238478,2,transformed_data__impute__deflate__scale__pct_change__adf__cap__log_all.csv
568,XGBoost,125577033042915.77,125577147786673.81,11206115.87673962,0.9402297366672556,3,transformed_data__impute__deflate__scale__pct_change__adf__cap__log_all.csv
569,LightGBM,57962.332441040126,352058.81612961437,240.7536758619484,0.9402297366672556,3,transformed_data__impute__deflate__scale__pct_change__adf__cap__log_all.csv
570,XGBoost,8018472647.922694,8021062029.984667,89545.9247979644,-0.09125174820601768,4,transformed_data__impute__deflate__scale__pct_change__adf__cap__log_all.csv
571,LightGBM,83830.21522894611,362.0619933927717,289.53448020735993,-0.09125174820601768,4,transformed_data__impute__deflate__scale__pct_change__adf__cap__log_all.csv
572,XGBoost,295994916.51902056,295819283.77278924,17204.502797785834,-0.6139376261455263,5,transformed_data__impute__deflate__scale__pct_change__adf__cap__log_all.csv
573,LightGBM,16010.525028639817,53555.51375428718,126.53270339576174,-0.6139376261455263,5,transformed_data__impute__deflate__scale__pct_change__adf__cap__log_all.csv
574,XGBoost,inf,inf,inf,0.0,4,transformed_data__impute__deflate__scale__pct_change__adf__cap__log_all.csv
575,LightGBM,inf,inf,inf,0.0,4,transformed_data__impute__deflate__scale__pct_change__adf__cap__log_all.csv
576,XGBoost,6.826004686668139e+226,5.117694196631643e+229,2.6126623751775008e+113,0.04773749856933931,5,transformed_data__impute__deflate__scale__pct_change__adf__cap__log_all.csv
577,LightGBM,4.206316375529808e+225,4.8405359111429385e+229,6.485612057107493e+112,0.04773749856933931,5,transformed_data__impute__deflate__scale__pct_change__adf__cap__log_all.csv
578,XGBoost,2.9466045482397636e+16,2.9466226212684812e+16,171656766.49173385,0.6131668482489884,1,transformed_data__impute__deflate__scale__pct_change__adf__cap__log_all.csv
579,LightGBM,35422703586906.79,35522036696517.09,5951697.5382580375,0.6131668482489884,1,transformed_data__impute__deflate__scale__pct_change__adf__cap__log_all.csv
580,XGBoost,2.2699044475860849e+18,2.2700397372476124e+18,1506620206.815933,-0.7834200656848412,2,transformed_data__impute__deflate__scale__pct_change__adf__cap__log_all.csv
581,LightGBM,1.2154623319933576e+17,1.2159198364848525e+17,348634813.5217362,-0.7834200656848412,2,transformed_data__impute__deflate__scale__pct_change__adf__cap__log_all.csv
582,XGBoost,4.330056007067688e+17,4.3300634675713856e+17,658031610.7200085,-0.5607570293026533,3,transformed_data__impute__deflate__scale__pct_change__adf__cap__log_all.csv
583,LightGBM,15730260323497.28,16249763100103.654,3966139.221396203,-0.5607570293026533,3,transformed_data__impute__deflate__scale__pct_change__adf__cap__log_all.csv
584,XGBoost,10118535395788.85,10118526249163.156,3180964.53859342,-0.09102688600799043,4,transformed_data__impute__deflate__scale__pct_change__adf__cap__log_all.csv
585,LightGBM,234662126257250.0,234662130227778.72,15318685.526416749,-0.09102688600799043,4,transformed_data__impute__deflate__scale__pct_change__adf__cap__log_all.csv
586,XGBoost,1.4635020931345594e+22,1.4635020880012764e+22,120975290581.77788,0.06509615096093908,5,transformed_data__impute__deflate__scale__pct_change__adf__cap__log_all.csv
587,LightGBM,1.1233245014780843e+22,1.1233244966959247e+22,105987003990.02155,0.06509615096093908,5,transformed_data__impute__deflate__scale__pct_change__adf__cap__log_all.csv
588,XGBoost,16036199566.940918,2431914928170.322,126634.116915391,-0.9993319990643483,1,transformed_data__impute__deflate__scale__pct_change__adf__log_all.csv
589,LightGBM,1596494156.7724092,2255572706346.918,39956.15292758312,-0.9993319990643483,1,transformed_data__impute__deflate__scale__pct_change__adf__log_all.csv
590,XGBoost,53330775462.25612,2196403756274.1655,230934.56965611735,-0.9999987690840757,2,transformed_data__impute__deflate__scale__pct_change__adf__log_all.csv
591,LightGBM,73165064817.36618,2320883261245.081,270490.4153890969,-0.9999987690840757,2,transformed_data__impute__deflate__scale__pct_change__adf__log_all.csv
592,XGBoost,124439060576.89742,2433630809407.9395,352759.2104777669,-0.9755722503819554,3,transformed_data__impute__deflate__scale__pct_change__adf__log_all.csv
593,LightGBM,111442389837.55527,2387141090877.2583,333829.88158275356,-0.9755722503819554,3,transformed_data__impute__deflate__scale__pct_change__adf__log_all.csv
594,XGBoost,489259940404.0637,2463911509547.184,699471.1862572065,-0.9630174687670525,4,transformed_data__impute__deflate__scale__pct_change__adf__log_all.csv
595,LightGBM,312682128300.64215,2076859402308.5676,559179.8711511728,-0.9630174687670525,4,transformed_data__impute__deflate__scale__pct_change__adf__log_all.csv
596,XGBoost,2049160143671.5037,111097347778.92055,1431488.7857302632,0.9992384378641039,5,transformed_data__impute__deflate__scale__pct_change__adf__log_all.csv
597,LightGBM,2049177229704.9636,107886913524.7836,1431494.7536421374,0.9992384378641039,5,transformed_data__impute__deflate__scale__pct_change__adf__log_all.csv
598,XGBoost,88393305516.26268,88393929998.82748,297310.11674052174,-0.29507929759605656,1,transformed_data__impute__deflate__scale__pct_change__adf__log_all.csv
599,LightGBM,7008155.045712468,7253384.927422051,2647.292021238395,-0.29507929759605656,1,transformed_data__impute__deflate__scale__pct_change__adf__log_all.csv
600,XGBoost,2.25630506533598e+25,2.256305066362698e+25,4750057963157.902,0.9819908946238478,2,transformed_data__impute__deflate__scale__pct_change__adf__log_all.csv
601,LightGBM,13645151.21125805,38479.78867584044,3693.934381016811,0.9819908946238478,2,transformed_data__impute__deflate__scale__pct_change__adf__log_all.csv
602,XGBoost,2997410046857672.5,2997410535146282.5,54748607.71615724,0.9402297366672556,3,transformed_data__impute__deflate__scale__pct_change__adf__log_all.csv
603,LightGBM,189076.94145583245,49088.0305980968,434.82978446264747,0.9402297366672556,3,transformed_data__impute__deflate__scale__pct_change__adf__log_all.csv
604,XGBoost,36387922684.03824,36393247287.7549,190756.18648955593,-0.09125174820601768,4,transformed_data__impute__deflate__scale__pct_change__adf__log_all.csv
605,LightGBM,51617.22160481045,198206.6919366971,227.19423761356813,-0.09125174820601768,4,transformed_data__impute__deflate__scale__pct_change__adf__log_all.csv
606,XGBoost,485117.7661344211,554511.3527621686,696.5039598842358,-0.6139376261455263,5,transformed_data__impute__deflate__scale__pct_change__adf__log_all.csv
607,LightGBM,554953.3412724134,612267.5252574574,744.9519053418237,-0.6139376261455263,5,transformed_data__impute__deflate__scale__pct_change__adf__log_all.csv
608,XGBoost,inf,inf,inf,0.0,4,transformed_data__impute__deflate__scale__pct_change__adf__log_all.csv
609,LightGBM,inf,inf,inf,0.0,4,transformed_data__impute__deflate__scale__pct_change__adf__log_all.csv
610,XGBoost,2.1430801659200693e+226,4.954657082727063e+229,1.4639262843190123e+113,0.04773749856933931,5,transformed_data__impute__deflate__scale__pct_change__adf__log_all.csv
611,LightGBM,7.396445970401921e+228,1.7413086959229985e+229,2.7196407796622554e+114,0.04773749856933931,5,transformed_data__impute__deflate__scale__pct_change__adf__log_all.csv
612,XGBoost,2.2205101304143996e+16,2.2205269022940344e+16,149013762.13002607,0.6131668482489885,1,transformed_data__impute__deflate__scale__pct_change__adf__log_all.csv
613,LightGBM,35422703586906.79,35522036696517.09,5951697.5382580375,0.6131668482489885,1,transformed_data__impute__deflate__scale__pct_change__adf__log_all.csv
614,XGBoost,6.483845424856063e+18,6.484042237493967e+18,2546339613.0241666,-0.7834200656848412,2,transformed_data__impute__deflate__scale__pct_change__adf__log_all.csv
615,LightGBM,3.694411185670403e+20,3.6944209863619995e+20,19220851140.546307,-0.7834200656848412,2,transformed_data__impute__deflate__scale__pct_change__adf__log_all.csv
616,XGBoost,2.0932173385615593e+18,2.093218278195708e+18,1446795541.3815594,-0.5607570293026533,3,transformed_data__impute__deflate__scale__pct_change__adf__log_all.csv
617,LightGBM,336440284503565.75,337794553173623.06,18342308.59252907,-0.5607570293026533,3,transformed_data__impute__deflate__scale__pct_change__adf__log_all.csv
618,XGBoost,54701172956.12249,54701929068.60627,233882.8188562009,-0.08968635657240263,4,transformed_data__impute__deflate__scale__pct_change__adf__log_all.csv
619,LightGBM,5.037113714965738e+22,5.037113712782872e+22,224435151323.62262,-0.08968635657240263,4,transformed_data__impute__deflate__scale__pct_change__adf__log_all.csv
620,XGBoost,4.721000139340101e+25,4.721000139053394e+25,6870953455918.691,0.06509615096093908,5,transformed_data__impute__deflate__scale__pct_change__adf__log_all.csv
621,LightGBM,9.555350093923531e+24,9.555350092674883e+24,3091172931740.237,0.06509615096093908,5,transformed_data__impute__deflate__scale__pct_change__adf__log_all.csv
622,XGBoost,18964030312.06236,2467929571889.829,137709.9499384934,-0.9993319990643483,1,transformed_data__impute__deflate__scale__pct_change__log_all.csv
623,LightGBM,6768988798.474922,2340801773212.843,82273.86461370903,-0.9993319990643483,1,transformed_data__impute__deflate__scale__pct_change__log_all.csv
624,XGBoost,66259074500.39808,2282666749868.5493,257408.38078896748,-0.9999987690840757,2,transformed_data__impute__deflate__scale__pct_change__log_all.csv
625,LightGBM,79163151669.3356,2369084812000.23,281359.4705520602,-0.9999987690840757,2,transformed_data__impute__deflate__scale__pct_change__log_all.csv
626,XGBoost,121396154167.83362,2419394036622.4663,348419.50887950236,-0.9755722503819554,3,transformed_data__impute__deflate__scale__pct_change__log_all.csv
627,LightGBM,95371788625.90892,2319185716218.515,308823.2320048298,-0.9755722503819554,3,transformed_data__impute__deflate__scale__pct_change__log_all.csv
628,XGBoost,430993950757.41473,2323491554633.1367,656501.2953204394,-0.9630174687670525,4,transformed_data__impute__deflate__scale__pct_change__log_all.csv
629,LightGBM,370778380494.5211,2285813152209.661,608915.7417036622,-0.9630174687670525,4,transformed_data__impute__deflate__scale__pct_change__log_all.csv
630,XGBoost,404276081732.61005,3577516688516.6167,635827.0847743198,0.9992384378641039,5,transformed_data__impute__deflate__scale__pct_change__log_all.csv
631,LightGBM,1196685536977.2905,232302232585.09528,1093931.2304607134,0.9992384378641039,5,transformed_data__impute__deflate__scale__pct_change__log_all.csv
632,XGBoost,26558283037.014347,26557750917.084076,162967.12256468894,-0.29507929759605656,1,transformed_data__impute__deflate__scale__pct_change__log_all.csv
633,LightGBM,4298823.483310322,4507728.198535238,2073.3604325611896,-0.29507929759605656,1,transformed_data__impute__deflate__scale__pct_change__log_all.csv
634,XGBoost,1.012299695042279e+26,1.0122996952433555e+26,10061310526180.37,0.9819908946238478,2,transformed_data__impute__deflate__scale__pct_change__log_all.csv
635,LightGBM,104001347784098.12,104037350834940.22,10198105.10752356,0.9819908946238478,2,transformed_data__impute__deflate__scale__pct_change__log_all.csv
636,XGBoost,2919336176950600.5,2919336641432604.5,54030881.69695735,0.9402297366672556,3,transformed_data__impute__deflate__scale__pct_change__log_all.csv
637,LightGBM,130502.61165431382,50674.613113740925,361.2514521137788,0.9402297366672556,3,transformed_data__impute__deflate__scale__pct_change__log_all.csv
638,XGBoost,1013206186209.8818,1013231865111.3622,1006581.4354585931,-0.09125174820601768,4,transformed_data__impute__deflate__scale__pct_change__log_all.csv
639,LightGBM,17257090.649208948,17525844.62155989,4154.165457611065,-0.09125174820601768,4,transformed_data__impute__deflate__scale__pct_change__log_all.csv
640,XGBoost,780042008.1618166,779656344.1004268,27929.23214414991,-0.6139376261455263,5,transformed_data__impute__deflate__scale__pct_change__log_all.csv
641,LightGBM,86030.81455768239,150958.9719150866,293.3100996516867,-0.6139376261455263,5,transformed_data__impute__deflate__scale__pct_change__log_all.csv
642,XGBoost,4724516.101701993,35718335.908525005,2173.595201895236,-0.9998255172491082,1,transformed_data__impute__deflate__scale__pct_change__log_all.csv
643,LightGBM,748334.4747422084,12470265.211316785,865.0632778833051,-0.9998255172491082,1,transformed_data__impute__deflate__scale__pct_change__log_all.csv
644,XGBoost,32245763.334584218,57944150.263995215,5678.5353159581755,-0.9998682047869616,2,transformed_data__impute__deflate__scale__pct_change__log_all.csv
645,LightGBM,4266095.5882429285,13900130.116002614,2065.452877274843,-0.9998682047869616,2,transformed_data__impute__deflate__scale__pct_change__log_all.csv
646,XGBoost,2015522652.1139657,2015482520.9489856,44894.57263538618,-0.214064128123343,3,transformed_data__impute__deflate__scale__pct_change__log_all.csv
647,LightGBM,246178001.667451,246586196.0195431,15690.060601140169,-0.214064128123343,3,transformed_data__impute__deflate__scale__pct_change__log_all.csv
648,XGBoost,140004331.97211966,548501243.6080946,11832.342624016585,0.9997754093356025,4,transformed_data__impute__deflate__scale__pct_change__log_all.csv
649,LightGBM,115445565.15655722,183533940.96853843,10744.559793521428,0.9997754093356025,4,transformed_data__impute__deflate__scale__pct_change__log_all.csv
650,XGBoost,31917439.047043424,355523852.9333343,5649.552110304269,0.9999306463504857,5,transformed_data__impute__deflate__scale__pct_change__log_all.csv
651,LightGBM,59914602.210114196,148119424.72764796,7740.45232593769,0.9999306463504857,5,transformed_data__impute__deflate__scale__pct_change__log_all.csv
652,XGBoost,1162784945589769.0,1162985773048248.5,34099632.631302185,0.7588513871092495,1,transformed_data__impute__deflate__scale__pct_change__log_all.csv
653,LightGBM,37860079841.060684,93040699446.10706,194576.66828543623,0.7588513871092495,1,transformed_data__impute__deflate__scale__pct_change__log_all.csv
654,XGBoost,2.381986166212189e+16,2.388218216026229e+16,154336844.79774067,-0.9614135191702841,2,transformed_data__impute__deflate__scale__pct_change__log_all.csv
655,LightGBM,384126724208.9488,174919432542.05188,619779.5771150811,-0.9614135191702841,2,transformed_data__impute__deflate__scale__pct_change__log_all.csv
656,XGBoost,5.3198278234102616e+16,5.324315339252298e+16,230647519.46227953,-0.8965777289874306,3,transformed_data__impute__deflate__scale__pct_change__log_all.csv
657,LightGBM,67634414409039.91,75305658559451.69,8224014.494700256,-0.8965777289874306,3,transformed_data__impute__deflate__scale__pct_change__log_all.csv
658,XGBoost,29781061423.338078,18290.61701131528,172571.90218380882,-0.20612467978199236,4,transformed_data__impute__deflate__scale__pct_change__log_all.csv
659,LightGBM,1469241351530.7886,1476534322002.5767,1212122.6635661873,-0.20612467978199236,4,transformed_data__impute__deflate__scale__pct_change__log_all.csv
660,XGBoost,69952556850096.23,76987999831541.38,8363764.5142660625,0.2858755200376965,5,transformed_data__impute__deflate__scale__pct_change__log_all.csv
661,LightGBM,1.0160086450576364e+20,1.0160581346261664e+20,10079725418.173038,0.2858755200376965,5,transformed_data__impute__deflate__scale__pct_change__log_all.csv
662,XGBoost,3644.278396065559,3644.2783960655643,60.36785896539283,0.9999999999999999,1,transformed_data__impute__log_all.csv
663,LightGBM,3669.8666904239226,3669.866690423928,60.579424645864066,0.9999999999999999,1,transformed_data__impute__log_all.csv
664,XGBoost,46731.786943441046,46731.78694344097,216.17536155501404,1.0,2,transformed_data__impute__log_all.csv
665,LightGBM,65648.34307654928,65648.34307654922,256.2193261183654,1.0,2,transformed_data__impute__log_all.csv
666,XGBoost,47732.95207900771,47732.95207900769,218.47872225690014,1.0,3,transformed_data__impute__log_all.csv
667,LightGBM,55659.38433451195,55659.384334511946,235.92241168340058,1.0,3,transformed_data__impute__log_all.csv
668,XGBoost,4684517.139305684,4684517.139305685,2164.3745376680267,1.0,4,transformed_data__impute__log_all.csv
669,LightGBM,4567389.366254427,4567389.366254427,2137.1451439372167,1.0,4,transformed_data__impute__log_all.csv
670,XGBoost,1071400.3477653575,1071400.3477653575,1035.0847055991878,0.9999999999999998,5,transformed_data__impute__log_all.csv
671,LightGBM,18150309.933053203,18150309.933053203,4260.318055386617,0.9999999999999998,5,transformed_data__impute__log_all.csv
672,XGBoost,1322.2284294318229,1322.2284294318226,36.36245906744789,1.0,1,transformed_data__impute__log_all.csv
673,LightGBM,1241.5541415503176,1241.5541415503174,35.23569414032193,1.0,1,transformed_data__impute__log_all.csv
674,XGBoost,413.6722729117567,413.6722729117572,20.338934901114087,1.0,2,transformed_data__impute__log_all.csv
675,LightGBM,96.41714250514069,96.41714250514059,9.81922311107863,1.0,2,transformed_data__impute__log_all.csv
676,XGBoost,1475.021736950881,1475.021736950881,38.40601172929677,1.0,3,transformed_data__impute__log_all.csv
677,LightGBM,1353.4525324624717,1353.452532462472,36.78929915698954,1.0,3,transformed_data__impute__log_all.csv
678,XGBoost,79.3960523718174,79.39605237181736,8.910446249869723,1.0,4,transformed_data__impute__log_all.csv
679,LightGBM,193.11708123400817,193.11708123400817,13.896657196391086,1.0,4,transformed_data__impute__log_all.csv
680,XGBoost,544.0810561326123,544.0810561326116,23.325545141166845,1.0,5,transformed_data__impute__log_all.csv
681,LightGBM,581.9349229030875,581.9349229030867,24.12332735969662,1.0,5,transformed_data__impute__log_all.csv
682,XGBoost,427.84123083628566,427.8412308362853,20.68432331105578,0.9999999999999998,1,transformed_data__impute__log_all.csv
683,LightGBM,376.73723067916063,376.7372306791603,19.409720005171653,0.9999999999999998,1,transformed_data__impute__log_all.csv
684,XGBoost,133.75115938751162,133.75115938751182,11.565083630804908,0.9999999999999997,2,transformed_data__impute__log_all.csv
685,LightGBM,118.95859666309711,118.95859666309731,10.90681423070445,0.9999999999999997,2,transformed_data__impute__log_all.csv
686,XGBoost,47.36236496803677,47.36236496803696,6.882032037707814,1.0,3,transformed_data__impute__log_all.csv
687,LightGBM,61.22826659774726,61.22826659774747,7.824849301919319,1.0,3,transformed_data__impute__log_all.csv
688,XGBoost,159.60354079986905,159.60354079987002,12.63342949479155,1.0,4,transformed_data__impute__log_all.csv
689,LightGBM,187.5780501589768,187.57805015897787,13.69591362994732,1.0,4,transformed_data__impute__log_all.csv
690,XGBoost,1369.4014748641093,1369.4014748641052,37.00542493829938,0.9999999999999998,5,transformed_data__impute__log_all.csv
691,LightGBM,1459.7191574284032,1459.719157428399,38.2062711793287,0.9999999999999998,5,transformed_data__impute__log_all.csv
692,XGBoost,1026438.729592433,1026438.729592433,1013.1331253060641,0.9999999999999999,1,transformed_data__impute__log_all.csv
693,LightGBM,1004462.8310451969,1004462.8310451969,1002.2289314548832,0.9999999999999999,1,transformed_data__impute__log_all.csv
694,XGBoost,35752.44593444358,35752.4459344436,189.0831720022794,0.9999999999999997,2,transformed_data__impute__log_all.csv
695,LightGBM,37998.00896066338,37998.00896066339,194.93077992113862,0.9999999999999997,2,transformed_data__impute__log_all.csv
696,XGBoost,25533.47297494063,25533.472974940603,159.7919678048325,0.9999999999999999,3,transformed_data__impute__log_all.csv
697,LightGBM,44260.57387931102,44260.57387931096,210.38197137423876,0.9999999999999999,3,transformed_data__impute__log_all.csv
698,XGBoost,42229.45904213291,42229.45904213296,205.49807551929266,1.0,4,transformed_data__impute__log_all.csv
699,LightGBM,44706.66713607494,44706.66713607499,211.43951176654505,1.0,4,transformed_data__impute__log_all.csv
700,XGBoost,17334.797244822315,17334.79724482234,131.66167720647613,1.0,5,transformed_data__impute__log_all.csv
701,LightGBM,20370.24921109726,20370.24921109728,142.72438197833355,1.0,5,transformed_data__impute__log_all.csv
702,XGBoost,2736.60786872044,3157.3966732809467,52.31259761014014,0.9993319990643488,1,transformed_data__impute__pct_change.csv
703,LightGBM,1287.3576518533312,1526.49240083424,35.879766608122345,0.9993319990643488,1,transformed_data__impute__pct_change.csv
704,XGBoost,3057.6934070617062,37378.18543009391,55.29641405246552,0.9999987690840756,2,transformed_data__impute__pct_change.csv
705,LightGBM,225.20984416521696,16539.966752962704,15.006993175357179,0.9999987690840756,2,transformed_data__impute__pct_change.csv
706,XGBoost,33.320339351459424,263439.0818683957,5.772377270367853,0.9755722503819562,3,transformed_data__impute__pct_change.csv
707,LightGBM,1335.5477206330931,234433.72029835466,36.5451463348157,0.9755722503819562,3,transformed_data__impute__pct_change.csv
708,XGBoost,825091.7703471248,5906362.730478532,908.3456227379118,0.9996610590151471,4,transformed_data__impute__pct_change.csv
709,LightGBM,832866.6842041659,5920051.373728158,912.6152991289188,0.9996610590151471,4,transformed_data__impute__pct_change.csv
710,XGBoost,6304199364.369382,5822274701.088183,79398.9884341695,0.9992384378641042,5,transformed_data__impute__pct_change.csv
711,LightGBM,34010478.358540826,15511101.006404784,5831.85033746073,0.9992384378641042,5,transformed_data__impute__pct_change.csv
712,XGBoost,317.2194646151046,2770.4495291645435,17.81065592882824,0.9996306898122987,1,transformed_data__impute__pct_change.csv
713,LightGBM,194.8250870535086,2269.6655849303693,13.957975750570302,0.9996306898122987,1,transformed_data__impute__pct_change.csv
714,XGBoost,135.7240756361969,3790.9833652604207,11.650067623674847,0.9819908946238468,2,transformed_data__impute__pct_change.csv
715,LightGBM,203.44532541611764,4163.437046839979,14.2634261457799,0.9819908946238468,2,transformed_data__impute__pct_change.csv
716,XGBoost,64.81392682667826,1407.9448015847158,8.050709709502527,0.9836456374791407,3,transformed_data__impute__pct_change.csv
717,LightGBM,14.274103689068303,1707.2511592056533,3.778108480320318,0.9836456374791407,3,transformed_data__impute__pct_change.csv
718,XGBoost,122.25616925143402,149.6659062966664,11.056951173421814,0.9902828909024153,4,transformed_data__impute__pct_change.csv
719,LightGBM,232.7469632267763,144.09818292838264,15.256046775845187,0.9902828909024153,4,transformed_data__impute__pct_change.csv
720,XGBoost,514.2016660209358,82.00190595124366,22.67601521478004,0.9959276659533571,5,transformed_data__impute__pct_change.csv
721,LightGBM,515.675048762021,131.9354210013145,22.708479666459862,0.9959276659533571,5,transformed_data__impute__pct_change.csv
722,XGBoost,3.7609198838407667,414.7861467915394,1.9393091253951151,0.999825517249108,1,transformed_data__impute__pct_change.csv
723,LightGBM,2.101005658442912,446.06293572472316,1.4494846182153545,0.999825517249108,1,transformed_data__impute__pct_change.csv
724,XGBoost,1.3367735185016028,1397.7446083959023,1.1561892226195514,0.9998682047869611,2,transformed_data__impute__pct_change.csv
725,LightGBM,8.222510042742133,1507.898396284183,2.867491942925408,0.9998682047869611,2,transformed_data__impute__pct_change.csv
726,XGBoost,0.040536686322268645,2756.085850167646,0.201337245243568,0.9941795540065741,3,transformed_data__impute__pct_change.csv
727,LightGBM,0.08184877193174896,2762.8907006527306,0.2860922437462242,0.9941795540065741,3,transformed_data__impute__pct_change.csv
728,XGBoost,0.2862260248312925,4117.875367313951,0.5350009577853974,0.9997754093356027,4,transformed_data__impute__pct_change.csv
729,LightGBM,0.16830698560950563,4099.964725250521,0.410252343819637,0.9997754093356027,4,transformed_data__impute__pct_change.csv
730,XGBoost,47.65981057649937,8791.395681742959,6.9036085184850515,0.9999306463504855,5,transformed_data__impute__pct_change.csv
731,LightGBM,10.158837614970492,8164.506114430101,3.1872931485777225,0.9999306463504855,5,transformed_data__impute__pct_change.csv
732,XGBoost,31554.70967032119,106452.17093904906,177.63645366399655,0.9989635939091238,1,transformed_data__impute__pct_change.csv
733,LightGBM,45561.50133860257,129909.85037444667,213.4514027562306,0.9989635939091238,1,transformed_data__impute__pct_change.csv
734,XGBoost,652442.2226373057,1046319.9311926368,807.7389569887698,0.9614135191702841,2,transformed_data__impute__pct_change.csv
735,LightGBM,919673.9519405523,902938.182535434,958.9963253008597,0.9614135191702841,2,transformed_data__impute__pct_change.csv
736,XGBoost,530021.1068198718,2150751.4428901067,728.0254850071334,0.8731868399812678,3,transformed_data__impute__pct_change.csv
737,LightGBM,420847.53248339624,1901551.3833554108,648.7276258056198,0.8731868399812678,3,transformed_data__impute__pct_change.csv
738,XGBoost,246409.65536883636,388504.0860270186,496.39667139177755,0.9213085708684021,4,transformed_data__impute__pct_change.csv
739,LightGBM,113975.8759302002,898966.7664719413,337.6031337683349,0.9213085708684021,4,transformed_data__impute__pct_change.csv
740,XGBoost,58113.729596452744,204530.70104872834,241.06789416355872,0.28587552003769656,5,transformed_data__impute__pct_change.csv
741,LightGBM,39520.474596246306,133658.30128367746,198.79757190732062,0.28587552003769656,5,transformed_data__impute__pct_change.csv
742,XGBoost,2914.9744514328113,3345.5231275115248,53.99050334487364,0.9993319990643488,1,transformed_data__impute__pct_change__adf.csv
743,LightGBM,1990.5899930312892,2347.357570922828,44.61602843184598,0.9993319990643488,1,transformed_data__impute__pct_change__adf.csv
744,XGBoost,5495.406994081162,44697.093361470506,74.13101236379524,0.9999987690840756,2,transformed_data__impute__pct_change__adf.csv
745,LightGBM,1037.0343192207226,28561.5339584523,32.20301723784159,0.9999987690840756,2,transformed_data__impute__pct_change__adf.csv
746,XGBoost,47.52189287224566,261936.3810469398,6.893612468963255,0.9755722503819562,3,transformed_data__impute__pct_change__adf.csv
747,LightGBM,1858.025345339051,228647.398116799,43.10481812209687,0.9755722503819562,3,transformed_data__impute__pct_change__adf.csv
748,XGBoost,818353.2074418952,5876897.520266249,904.6287677505592,0.9996610590151471,4,transformed_data__impute__pct_change__adf.csv
749,LightGBM,831351.0878606109,5915253.895904805,911.7845621969101,0.9996610590151471,4,transformed_data__impute__pct_change__adf.csv
750,XGBoost,1186523886.313048,974856339.470342,34445.956022631275,0.9992384378641042,5,transformed_data__impute__pct_change__adf.csv
751,LightGBM,13074522.205496496,14428724.708004108,3615.870877879421,0.9992384378641042,5,transformed_data__impute__pct_change__adf.csv
752,XGBoost,184.7891440425668,2223.292237934118,13.593717079686733,0.9996306898122987,1,transformed_data__impute__pct_change__adf.csv
753,LightGBM,202.1215764186564,1530.2895523691614,14.216946803679628,0.9996306898122987,1,transformed_data__impute__pct_change__adf.csv
754,XGBoost,28.680114582945325,2491.915469589077,5.355381833533938,0.9819908946238468,2,transformed_data__impute__pct_change__adf.csv
755,LightGBM,89.50632493501422,2106.8717850169833,9.460778241509216,0.9819908946238468,2,transformed_data__impute__pct_change__adf.csv
756,XGBoost,326.27328397883167,1137.26578268064,18.063036399753827,0.9836456374791407,3,transformed_data__impute__pct_change__adf.csv
757,LightGBM,254.41359441575327,1123.7574862130236,15.950347783536046,0.9836456374791407,3,transformed_data__impute__pct_change__adf.csv
758,XGBoost,77.32834317548297,169.49588267104377,8.793653573770289,0.9902828909024153,4,transformed_data__impute__pct_change__adf.csv
759,LightGBM,136.87144687559785,154.79710228942298,11.699207104569004,0.9902828909024153,4,transformed_data__impute__pct_change__adf.csv
760,XGBoost,164.09334093935445,660.8518983319433,12.809892307874975,0.9959276659533571,5,transformed_data__impute__pct_change__adf.csv
761,LightGBM,748.7227468938164,1855.2573962784472,27.3627985939636,0.9959276659533571,5,transformed_data__impute__pct_change__adf.csv
762,XGBoost,inf,inf,inf,0.0,4,transformed_data__impute__pct_change__adf.csv
763,LightGBM,inf,inf,inf,0.0,4,transformed_data__impute__pct_change__adf.csv
764,XGBoost,4.303997355100473e+220,4.4574397170248184e+226,2.0746077593368037e+110,0.047737497787712434,5,transformed_data__impute__pct_change__adf.csv
765,LightGBM,1.0279653247638758e+221,4.4622191366623785e+226,3.2061898333752415e+110,0.047737497787712434,5,transformed_data__impute__pct_change__adf.csv
766,XGBoost,238472.28890763051,388671.33958530787,488.33624574429297,0.9989635939091238,1,transformed_data__impute__pct_change__adf.csv
767,LightGBM,27052.689711706364,101807.23934661182,164.47701879504737,0.9989635939091238,1,transformed_data__impute__pct_change__adf.csv
768,XGBoost,1280600.3860330859,581230.0932863407,1131.6361544388221,0.9614135191702841,2,transformed_data__impute__pct_change__adf.csv
769,LightGBM,2301150.6838950342,334280.49296002544,1516.9544106185374,0.9614135191702841,2,transformed_data__impute__pct_change__adf.csv
770,XGBoost,121108.02256885,1122791.4088010546,348.00577950495307,0.8731868399812678,3,transformed_data__impute__pct_change__adf.csv
771,LightGBM,55854.8588831401,757388.230411934,236.3363257798938,0.8731868399812678,3,transformed_data__impute__pct_change__adf.csv
772,XGBoost,259455.89740154627,199130.4850368273,509.3681354399255,0.9213085708684021,4,transformed_data__impute__pct_change__adf.csv
773,LightGBM,610024.3614152041,90854.68696593592,781.0405632329246,0.9213085708684021,4,transformed_data__impute__pct_change__adf.csv
774,XGBoost,461785.7506579616,926550.9975156253,679.5481959787412,0.28587552003769656,5,transformed_data__impute__pct_change__adf.csv
775,LightGBM,2192530.5240182695,2897406.8787420243,1480.7195966888091,0.28587552003769656,5,transformed_data__impute__pct_change__adf.csv
776,XGBoost,2754.7481834713194,16666.426737167774,52.48569503656515,0.7506546810199121,1,transformed_data__impute__pct_change__adf__local_smooth.csv
777,LightGBM,4328.54325755096,19487.204531637486,65.79166556297963,0.7506546810199121,1,transformed_data__impute__pct_change__adf__local_smooth.csv
778,XGBoost,5103.697198393506,39799.03161388264,71.44016516213765,0.8667230476638415,2,transformed_data__impute__pct_change__adf__local_smooth.csv
779,LightGBM,1341.6087827863455,28410.56381562081,36.6279781422118,0.8667230476638415,2,transformed_data__impute__pct_change__adf__local_smooth.csv
780,XGBoost,321.2003920512288,256175.36880104186,17.92206439144857,0.07306455286496286,3,transformed_data__impute__pct_change__adf__local_smooth.csv
781,LightGBM,15.797860397679601,239013.9921654501,3.9746522360679055,0.07306455286496286,3,transformed_data__impute__pct_change__adf__local_smooth.csv
782,XGBoost,2445475.3679704024,8102584526.097575,1563.801575638803,-0.8575889959260666,4,transformed_data__impute__pct_change__adf__local_smooth.csv
783,LightGBM,2421284.392030024,8103699041.534268,1556.0476830836592,-0.8575889959260666,4,transformed_data__impute__pct_change__adf__local_smooth.csv
784,XGBoost,1173514.8977754368,27756223.665936425,1083.2889262682586,0.8459280387844561,5,transformed_data__impute__pct_change__adf__local_smooth.csv
785,LightGBM,8210065.913170725,18023358.67786366,2865.3212582833926,0.8459280387844561,5,transformed_data__impute__pct_change__adf__local_smooth.csv
786,XGBoost,208.26721011568665,1381.2868848922278,14.431465972509052,0.7985901747618931,1,transformed_data__impute__pct_change__adf__local_smooth.csv
787,LightGBM,334.59511156818525,1525.5387548048577,18.29194116457259,0.7985901747618931,1,transformed_data__impute__pct_change__adf__local_smooth.csv
788,XGBoost,7.298371800711247,4103.535795731691,2.7015498886215754,-0.2834016499915022,2,transformed_data__impute__pct_change__adf__local_smooth.csv
789,LightGBM,37.762066612437394,4464.429748322185,6.145084752258295,-0.2834016499915022,2,transformed_data__impute__pct_change__adf__local_smooth.csv
790,XGBoost,240.70635883242414,50856.638891887786,15.514714268475077,0.011880121923630485,3,transformed_data__impute__pct_change__adf__local_smooth.csv
791,LightGBM,280.17460361955284,50371.847200515804,16.738416998615875,0.011880121923630485,3,transformed_data__impute__pct_change__adf__local_smooth.csv
792,XGBoost,25.96060006725158,54176.13496479891,5.095154567552547,-0.18481878781132813,4,transformed_data__impute__pct_change__adf__local_smooth.csv
793,LightGBM,38.05102903010955,54582.38754593098,6.168551615258605,-0.18481878781132813,4,transformed_data__impute__pct_change__adf__local_smooth.csv
794,XGBoost,412.7699721096423,1739.1045395624737,20.316741178388877,0.45721406551259086,5,transformed_data__impute__pct_change__adf__local_smooth.csv
795,LightGBM,412.14663939974724,1697.1521333491712,20.301395011174655,0.45721406551259086,5,transformed_data__impute__pct_change__adf__local_smooth.csv
796,XGBoost,inf,inf,inf,0.0,4,transformed_data__impute__pct_change__adf__local_smooth.csv
797,LightGBM,inf,inf,inf,0.0,4,transformed_data__impute__pct_change__adf__local_smooth.csv
798,XGBoost,7.225566729655686e+218,4.448039303141557e+226,2.688041430048221e+109,-0.04642179742135742,5,transformed_data__impute__pct_change__adf__local_smooth.csv
799,LightGBM,3.86281488182708e+218,4.4477344946853767e+226,1.9654045084478362e+109,-0.04642179742135742,5,transformed_data__impute__pct_change__adf__local_smooth.csv
800,XGBoost,212985.71583094052,4746947.532199027,461.50375494782327,0.40023662171766095,1,transformed_data__impute__pct_change__adf__local_smooth.csv
801,LightGBM,121695.82035099572,4479225.105936636,348.84928027874116,0.40023662171766095,1,transformed_data__impute__pct_change__adf__local_smooth.csv
802,XGBoost,795872.0170249117,34002200.71305321,892.1165938513371,-0.39612900652443517,2,transformed_data__impute__pct_change__adf__local_smooth.csv
803,LightGBM,1239180.420890952,32583399.508395165,1113.1848098545686,-0.39612900652443517,2,transformed_data__impute__pct_change__adf__local_smooth.csv
804,XGBoost,162307.87340293074,66695611.33398463,402.8745132208424,0.40046478996262647,3,transformed_data__impute__pct_change__adf__local_smooth.csv
805,LightGBM,274178.6454255532,67539002.82972428,523.6207075981174,0.40046478996262647,3,transformed_data__impute__pct_change__adf__local_smooth.csv
806,XGBoost,134948.43089179997,12708054.863915775,367.35327804689587,-0.6878216294769157,4,transformed_data__impute__pct_change__adf__local_smooth.csv
807,LightGBM,138848.96452051977,12696655.226184955,372.6244282391048,-0.6878216294769157,4,transformed_data__impute__pct_change__adf__local_smooth.csv
808,XGBoost,1550277.3041647992,14467235.757641695,1245.1013228507948,0.0907282923682651,5,transformed_data__impute__pct_change__adf__local_smooth.csv
809,LightGBM,1938129.5921467307,14988741.676364604,1392.1672285134177,0.0907282923682651,5,transformed_data__impute__pct_change__adf__local_smooth.csv
810,XGBoost,inf,inf,inf,-0.0,5,transformed_data__impute__pct_change__adf__power__local_smooth.csv
811,LightGBM,inf,inf,inf,-0.0,5,transformed_data__impute__pct_change__adf__power__local_smooth.csv
812,XGBoost,1477.4947857835757,3967.014431689146,38.43819436164472,0.9970441989680596,1,transformed_data__impute__pct_change__adf__sliding_window_log.csv
813,LightGBM,959.8953753536628,3040.3828856297687,30.982178350685135,0.9970441989680596,1,transformed_data__impute__pct_change__adf__sliding_window_log.csv
814,XGBoost,4448.370454699394,50784.30277652933,66.69610524385509,0.9998081508979695,2,transformed_data__impute__pct_change__adf__sliding_window_log.csv
815,LightGBM,1876.2617809741582,40457.19828763748,43.31583753056332,0.9998081508979695,2,transformed_data__impute__pct_change__adf__sliding_window_log.csv
816,XGBoost,36.972962154723334,273772.65196060494,6.080539626934713,0.9745689049746693,3,transformed_data__impute__pct_change__adf__sliding_window_log.csv
817,LightGBM,869.6407334526547,251163.8709688742,29.489671640298994,0.9745689049746693,3,transformed_data__impute__pct_change__adf__sliding_window_log.csv
818,XGBoost,5783.050750163632,5973034.063888339,76.04637236688961,0.9837445202613312,4,transformed_data__impute__pct_change__adf__sliding_window_log.csv
819,LightGBM,6603.863240796747,6003272.545901256,81.26415717151534,0.9837445202613312,4,transformed_data__impute__pct_change__adf__sliding_window_log.csv
820,XGBoost,1857705.2198205825,25872388.38391568,1362.9766028148035,0.9989175021505242,5,transformed_data__impute__pct_change__adf__sliding_window_log.csv
821,LightGBM,399827.009433141,30572322.375065316,632.3187561927457,0.9989175021505242,5,transformed_data__impute__pct_change__adf__sliding_window_log.csv
822,XGBoost,45.82268091914144,4479.486885433021,6.76924522521835,0.6374649790409284,1,transformed_data__impute__pct_change__adf__sliding_window_log.csv
823,LightGBM,132.2841703920135,3072.8755577262514,11.50148557326459,0.6374649790409284,1,transformed_data__impute__pct_change__adf__sliding_window_log.csv
824,XGBoost,33.52850130967946,5386.358652071432,5.790380066081972,-0.08349193229281346,2,transformed_data__impute__pct_change__adf__sliding_window_log.csv
825,LightGBM,83.57757988364199,6026.063656929447,9.142077438068547,-0.08349193229281346,2,transformed_data__impute__pct_change__adf__sliding_window_log.csv
826,XGBoost,58.93941586905054,1907.3242159632944,7.67720104393851,0.9287085497746337,3,transformed_data__impute__pct_change__adf__sliding_window_log.csv
827,LightGBM,32.65149938692317,2015.2654576913567,5.714149051864431,0.9287085497746337,3,transformed_data__impute__pct_change__adf__sliding_window_log.csv
828,XGBoost,17.45725433664274,864.0659725902998,4.178187925003224,0.7549065265392899,4,transformed_data__impute__pct_change__adf__sliding_window_log.csv
829,LightGBM,16.306810409272874,864.3895818777344,4.038169190273344,0.7549065265392899,4,transformed_data__impute__pct_change__adf__sliding_window_log.csv
830,XGBoost,365.45252199612315,5002.595342476494,19.11681254801969,0.03309116181683421,5,transformed_data__impute__pct_change__adf__sliding_window_log.csv
831,LightGBM,312.44610819453,4675.73706626357,17.676145173496682,0.03309116181683421,5,transformed_data__impute__pct_change__adf__sliding_window_log.csv
832,XGBoost,inf,inf,inf,0.0,4,transformed_data__impute__pct_change__adf__sliding_window_log.csv
833,LightGBM,inf,inf,inf,0.0,4,transformed_data__impute__pct_change__adf__sliding_window_log.csv
834,XGBoost,3.558577945620481e+220,4.4557348679614983e+226,1.8864193451140392e+110,0.047737498202672396,5,transformed_data__impute__pct_change__adf__sliding_window_log.csv
835,LightGBM,6.260608038286391e+220,4.4583345672469964e+226,2.502120708176644e+110,0.047737498202672396,5,transformed_data__impute__pct_change__adf__sliding_window_log.csv
836,XGBoost,534940.9679136366,216827.96820951547,731.3965872996924,0.4174721689666135,1,transformed_data__impute__pct_change__adf__sliding_window_log.csv
837,LightGBM,644333.2194745967,186481.23865229043,802.703693447711,0.4174721689666135,1,transformed_data__impute__pct_change__adf__sliding_window_log.csv
838,XGBoost,1768466.5515804465,561053.7895078367,1329.8370394828257,-0.4164591402943958,2,transformed_data__impute__pct_change__adf__sliding_window_log.csv
839,LightGBM,1724206.1430118452,517422.75607720064,1313.09030268746,-0.4164591402943958,2,transformed_data__impute__pct_change__adf__sliding_window_log.csv
840,XGBoost,181304.84753671568,634303.2545401653,425.7990694408757,-0.6482359627391308,3,transformed_data__impute__pct_change__adf__sliding_window_log.csv
841,LightGBM,258117.20973814194,335710.3061557899,508.0523690901775,-0.6482359627391308,3,transformed_data__impute__pct_change__adf__sliding_window_log.csv
842,XGBoost,441153.81136347656,752626.7328699067,664.194106691317,-0.07229350268914536,4,transformed_data__impute__pct_change__adf__sliding_window_log.csv
843,LightGBM,245746.73443245,556064.8790088674,495.7284886230062,-0.07229350268914536,4,transformed_data__impute__pct_change__adf__sliding_window_log.csv
844,XGBoost,85244.4484464934,1947965.9321044232,291.966519393052,0.07880625556203028,5,transformed_data__impute__pct_change__adf__sliding_window_log.csv
845,LightGBM,186622.54879430946,1446789.315926302,431.99832036051885,0.07880625556203028,5,transformed_data__impute__pct_change__adf__sliding_window_log.csv
846,XGBoost,2142.8105551218464,15345.852951434981,46.290501780838866,0.7506546810199121,1,transformed_data__impute__pct_change__local_smooth.csv
847,LightGBM,3876.210544366547,18685.651968620954,62.25922055701105,0.7506546810199121,1,transformed_data__impute__pct_change__local_smooth.csv
848,XGBoost,4689.965799930582,38942.10644810024,68.48332497718391,0.8667230476638415,2,transformed_data__impute__pct_change__local_smooth.csv
849,LightGBM,1506.7486209461952,29906.42357438122,38.81686000884403,0.8667230476638415,2,transformed_data__impute__pct_change__local_smooth.csv
850,XGBoost,362.05839568423886,257667.76611975234,19.027832133068625,0.07306455286496286,3,transformed_data__impute__pct_change__local_smooth.csv
851,LightGBM,118.9085477456298,236050.32490196978,10.904519601781171,0.07306455286496286,3,transformed_data__impute__pct_change__local_smooth.csv
852,XGBoost,2469929.726510524,8101594424.782564,1571.601007415853,-0.8575889959260666,4,transformed_data__impute__pct_change__local_smooth.csv
853,LightGBM,2434499.7734241416,8103179254.385402,1560.2883622664567,-0.8575889959260666,4,transformed_data__impute__pct_change__local_smooth.csv
854,XGBoost,883609013.6500868,712410889.8898745,29725.561620431778,0.8459280387844561,5,transformed_data__impute__pct_change__local_smooth.csv
855,LightGBM,642772.1626583106,28777316.24810443,801.7307295210223,0.8459280387844561,5,transformed_data__impute__pct_change__local_smooth.csv
856,XGBoost,84.14174243987944,1984.1944162020354,9.172880814655745,0.7985901747618931,1,transformed_data__impute__pct_change__local_smooth.csv
857,LightGBM,142.12535616429923,1995.0931250304911,11.92163395530576,0.7985901747618931,1,transformed_data__impute__pct_change__local_smooth.csv
858,XGBoost,9.794549005819917,3798.9012909959865,3.129624419290583,-0.2834016499915022,2,transformed_data__impute__pct_change__local_smooth.csv
859,LightGBM,116.33175345048323,4593.756881100065,10.785719885593322,-0.2834016499915022,2,transformed_data__impute__pct_change__local_smooth.csv
860,XGBoost,297.94349538740715,50324.239244327735,17.26103981188292,0.011880121923630485,3,transformed_data__impute__pct_change__local_smooth.csv
861,LightGBM,58.90333101806615,52508.07663955531,7.674850553467875,0.011880121923630485,3,transformed_data__impute__pct_change__local_smooth.csv
862,XGBoost,27.722587268056756,54092.6500218753,5.265224332168265,-0.18481878781132813,4,transformed_data__impute__pct_change__local_smooth.csv
863,LightGBM,51.772378596945885,54596.24139344828,7.195302536860134,-0.18481878781132813,4,transformed_data__impute__pct_change__local_smooth.csv
864,XGBoost,122.55386616926329,1211.9551521946798,11.070404968620764,0.45721406551259086,5,transformed_data__impute__pct_change__local_smooth.csv
865,LightGBM,74.6941996224093,1262.6499101377226,8.642580611276315,0.45721406551259086,5,transformed_data__impute__pct_change__local_smooth.csv
866,XGBoost,10.140912206068645,414.75817886717005,3.184479895692332,0.34980696383680865,1,transformed_data__impute__pct_change__local_smooth.csv
867,LightGBM,13.255559400082937,379.8774981706278,3.6408185068859087,0.34980696383680865,1,transformed_data__impute__pct_change__local_smooth.csv
868,XGBoost,1.488862528077135,1482.0491423011795,1.2201895459628946,0.9671341484441598,2,transformed_data__impute__pct_change__local_smooth.csv
869,LightGBM,27.485044024210083,1785.2581904956464,5.242618050574549,0.9671341484441598,2,transformed_data__impute__pct_change__local_smooth.csv
870,XGBoost,1.549326112323826,2842.9546377555707,1.2447192905727082,0.795873508290112,3,transformed_data__impute__pct_change__local_smooth.csv
871,LightGBM,0.1611737766261781,2920.549737612284,0.40146453968710377,0.795873508290112,3,transformed_data__impute__pct_change__local_smooth.csv
872,XGBoost,0.29115037049986553,4097.560542231695,0.5395835157784803,0.7343472747674579,4,transformed_data__impute__pct_change__local_smooth.csv
873,LightGBM,0.3055395765691247,4095.84023296832,0.552756344666549,0.7343472747674579,4,transformed_data__impute__pct_change__local_smooth.csv
874,XGBoost,99.61634599700889,9327.573595707492,9.98079886567247,0.9848259158829341,5,transformed_data__impute__pct_change__local_smooth.csv
875,LightGBM,41.85316780008908,8711.574221892883,6.469402429907192,0.9848259158829341,5,transformed_data__impute__pct_change__local_smooth.csv
876,XGBoost,106305.9624840947,4395722.106460701,326.04595149164896,0.40023662171766095,1,transformed_data__impute__pct_change__local_smooth.csv
877,LightGBM,155703.34378593584,4620906.231040554,394.5926301718468,0.40023662171766095,1,transformed_data__impute__pct_change__local_smooth.csv
878,XGBoost,517368.2184490026,35281274.752683796,719.2831281553896,-0.39612900652443517,2,transformed_data__impute__pct_change__local_smooth.csv
879,LightGBM,947679.2903743839,33565149.940061845,973.4882076195807,-0.39612900652443517,2,transformed_data__impute__pct_change__local_smooth.csv
880,XGBoost,16168.14810394911,65062753.18756329,127.15403298342177,0.40046478996262647,3,transformed_data__impute__pct_change__local_smooth.csv
881,LightGBM,17724.214959232388,65093832.76811452,133.1323212418096,0.40046478996262647,3,transformed_data__impute__pct_change__local_smooth.csv
882,XGBoost,39874.46821816605,13552875.01711977,199.68592393598013,-0.6878216294769157,4,transformed_data__impute__pct_change__local_smooth.csv
883,LightGBM,18706.39574521954,13932078.20365068,136.7713264731301,-0.6878216294769157,4,transformed_data__impute__pct_change__local_smooth.csv
884,XGBoost,373169.3986700413,11046895.741098026,610.8759273944597,0.0907282923682651,5,transformed_data__impute__pct_change__local_smooth.csv
885,LightGBM,547175.7622148851,11440880.85946056,739.7132973084133,0.0907282923682651,5,transformed_data__impute__pct_change__local_smooth.csv
886,XGBoost,106689731461.39981,11052721102843.486,326633.94107379566,0.42340227197268493,1,transformed_data__impute__pct_change__local_smooth__soft_clipping.csv
887,LightGBM,92655884915.87576,11090533733181.035,304394.29185823404,0.42340227197268493,1,transformed_data__impute__pct_change__local_smooth__soft_clipping.csv
888,XGBoost,1.6883284688029845e+26,1.3170018595954423e+20,12993569443393.854,-0.5820548794739127,2,transformed_data__impute__pct_change__local_smooth__soft_clipping.csv
889,LightGBM,8.878383732253249e+25,1.2835893322396604e+25,9422517568173.193,-0.5820548794739127,2,transformed_data__impute__pct_change__local_smooth__soft_clipping.csv
890,XGBoost,2.468653800815186e+24,5.077996041468408e+22,1571195023163.9565,-0.6559060897252924,3,transformed_data__impute__pct_change__local_smooth__soft_clipping.csv
891,LightGBM,5.066746898831185e+25,7.94703867815129e+25,7118108526027.954,-0.6559060897252924,3,transformed_data__impute__pct_change__local_smooth__soft_clipping.csv
892,XGBoost,6.9051362363837025e+44,4.836821865091393e+26,2.627762591328163e+22,-0.6834510185990331,4,transformed_data__impute__pct_change__local_smooth__soft_clipping.csv
893,LightGBM,6.905134699206476e+44,8.684079723190646e+30,2.6277622988403034e+22,-0.6834510185990331,4,transformed_data__impute__pct_change__local_smooth__soft_clipping.csv
894,XGBoost,2.22265304540208e+160,2.22265304540208e+160,1.4908564804843156e+80,-0.9959453369540366,5,transformed_data__impute__pct_change__local_smooth__soft_clipping.csv
895,LightGBM,1.8110822244921538e+37,1.8110823155272339e+37,4.2556811728466616e+18,-0.9959453369540366,5,transformed_data__impute__pct_change__local_smooth__soft_clipping.csv
896,XGBoost,1163988297.5854747,978847300626.0895,34117.27271611075,-0.23937449219777268,1,transformed_data__impute__pct_change__local_smooth__soft_clipping.csv
897,LightGBM,1842211090.14624,973833913882.6781,42920.98659334661,-0.23937449219777268,1,transformed_data__impute__pct_change__local_smooth__soft_clipping.csv
898,XGBoost,6347275562.010182,598790240540.2754,79669.79077423376,0.3472019539666489,2,transformed_data__impute__pct_change__local_smooth__soft_clipping.csv
899,LightGBM,25271974202.823566,612214291924.3057,158971.61445624047,0.3472019539666489,2,transformed_data__impute__pct_change__local_smooth__soft_clipping.csv
900,XGBoost,402546801803.6754,1076666503404.0264,634465.7609388196,0.17921611891702688,3,transformed_data__impute__pct_change__local_smooth__soft_clipping.csv
901,LightGBM,55283840199.80577,721255773067.4401,235125.15858539208,0.17921611891702688,3,transformed_data__impute__pct_change__local_smooth__soft_clipping.csv
902,XGBoost,2398044880986.1855,17788129394992.098,1548562.1979714555,-0.9992917216900075,4,transformed_data__impute__pct_change__local_smooth__soft_clipping.csv
903,LightGBM,110940952419.51378,37192008971115.02,333077.9975013567,-0.9992917216900075,4,transformed_data__impute__pct_change__local_smooth__soft_clipping.csv
904,XGBoost,18672078824369.56,6552344535818.864,4321120.089093748,-0.9995601250811427,5,transformed_data__impute__pct_change__local_smooth__soft_clipping.csv
905,LightGBM,209149853027466.2,57487624218295.27,14462014.141448839,-0.9995601250811427,5,transformed_data__impute__pct_change__local_smooth__soft_clipping.csv
906,XGBoost,149661372.67057765,48215371074.56357,12233.616500061527,-0.18804937443784442,1,transformed_data__impute__pct_change__local_smooth__soft_clipping.csv
907,LightGBM,1045706762.7163417,48763489506.736435,32337.389547029637,-0.18804937443784442,1,transformed_data__impute__pct_change__local_smooth__soft_clipping.csv
908,XGBoost,1008281031.1106114,880921424.1303929,31753.441248321597,0.9937895936832117,2,transformed_data__impute__pct_change__local_smooth__soft_clipping.csv
909,LightGBM,309192796.64393884,240409518.9199072,17583.87888504521,0.9937895936832117,2,transformed_data__impute__pct_change__local_smooth__soft_clipping.csv
910,XGBoost,710737820.0391196,45023453205.7122,26659.66654028365,-0.9245346646683906,3,transformed_data__impute__pct_change__local_smooth__soft_clipping.csv
911,LightGBM,129725458194.3705,297040429377.30493,360174.20534287364,-0.9245346646683906,3,transformed_data__impute__pct_change__local_smooth__soft_clipping.csv
912,XGBoost,1608730072227.5078,1361081337166.1777,1268357.2336796552,0.9999255629866772,4,transformed_data__impute__pct_change__local_smooth__soft_clipping.csv
913,LightGBM,1104684626478.1504,1328869626477.9397,1051039.7834897356,0.9999255629866772,4,transformed_data__impute__pct_change__local_smooth__soft_clipping.csv
914,XGBoost,6838178714543.593,18145750021284.074,2614991.1499933596,0.9997002021850301,5,transformed_data__impute__pct_change__local_smooth__soft_clipping.csv
915,LightGBM,382037734583.61426,5120688151211.293,618092.0114219356,0.9997002021850301,5,transformed_data__impute__pct_change__local_smooth__soft_clipping.csv
916,XGBoost,3.210654102711731e-44,5554116337899480.0,1.791829819684819e-22,0.22209366350220056,1,transformed_data__impute__pct_change__local_smooth__soft_clipping.csv
917,LightGBM,3.210654102711731e-44,5554116337899480.0,1.791829819684819e-22,0.22209366350220056,1,transformed_data__impute__pct_change__local_smooth__soft_clipping.csv
918,XGBoost,5715218611881109.0,1.1861608895745406e+16,75599064.88761027,0.21844197259103748,2,transformed_data__impute__pct_change__local_smooth__soft_clipping.csv
919,LightGBM,818315726825780.9,7063616917280995.0,28606218.32444444,0.21844197259103748,2,transformed_data__impute__pct_change__local_smooth__soft_clipping.csv
920,XGBoost,4.6238319398005016e+32,4.6238319301115215e+32,2.15030973113189e+16,0.7181071135409001,3,transformed_data__impute__pct_change__local_smooth__soft_clipping.csv
921,LightGBM,1.2475153708558362e+20,2.5426235558792544e+19,11169222761.033268,0.7181071135409001,3,transformed_data__impute__pct_change__local_smooth__soft_clipping.csv
922,XGBoost,2.994990626863285e+18,2.2119866201041644e+16,1730604121.9364078,-0.999267068528436,4,transformed_data__impute__pct_change__local_smooth__soft_clipping.csv
923,LightGBM,5.6663365582391226e+17,6.874749550338164e+17,752750726.2194519,-0.999267068528436,4,transformed_data__impute__pct_change__local_smooth__soft_clipping.csv
924,XGBoost,3.6228500287144256e+29,3.622881944850443e+29,601901157061059.8,-0.9999377826780708,5,transformed_data__impute__pct_change__local_smooth__soft_clipping.csv
925,LightGBM,2.6530988862258845e+32,2.6530986676864778e+32,1.628833596849563e+16,-0.9999377826780708,5,transformed_data__impute__pct_change__local_smooth__soft_clipping.csv
926,XGBoost,3047.08882102348,3645.057110887301,55.20044221764423,0.9993319990643488,1,transformed_data__impute__pct_change__log_all.csv
927,LightGBM,69037.64550876635,72418.33565850275,262.7501579614489,0.9993319990643488,1,transformed_data__impute__pct_change__log_all.csv
928,XGBoost,338.72292931235944,24716.61703495004,18.4044268944284,0.9999987690840756,2,transformed_data__impute__pct_change__log_all.csv
929,LightGBM,2197.0014757020695,10175.713142546521,46.87218232280282,0.9999987690840756,2,transformed_data__impute__pct_change__log_all.csv
930,XGBoost,367.60811222291494,251480.33014313056,19.17310909119632,0.9755722503819562,3,transformed_data__impute__pct_change__log_all.csv
931,LightGBM,951.6725277758973,287918.4424649774,30.849190066773183,0.9755722503819562,3,transformed_data__impute__pct_change__log_all.csv
932,XGBoost,759298.2482376398,5688282.953811909,871.3772135175672,0.999661059015147,4,transformed_data__impute__pct_change__log_all.csv
933,LightGBM,840113.0786270915,5964419.974873424,916.5768263637759,0.999661059015147,4,transformed_data__impute__pct_change__log_all.csv
934,XGBoost,373127128.845829,270650403.53740275,19316.498876500085,0.9992384378641042,5,transformed_data__impute__pct_change__log_all.csv
935,LightGBM,3416739.9000172224,21768154.07563885,1848.4425606486186,0.9992384378641042,5,transformed_data__impute__pct_change__log_all.csv
936,XGBoost,2635.442942792958,2270.094077253473,51.33656535835796,0.9996306898122987,1,transformed_data__impute__pct_change__log_all.csv
937,LightGBM,1530.9530021916994,1408.3775037135265,39.12739452342437,0.9996306898122987,1,transformed_data__impute__pct_change__log_all.csv
938,XGBoost,440.18345895957725,1156.7657625073468,20.980549539027265,0.9819908946238468,2,transformed_data__impute__pct_change__log_all.csv
939,LightGBM,422.1036532040439,4212.072849276151,20.545161308786163,0.9819908946238468,2,transformed_data__impute__pct_change__log_all.csv
940,XGBoost,1678.5078433312815,1242.7898534698422,40.96959657271818,0.9836456374791407,3,transformed_data__impute__pct_change__log_all.csv
941,LightGBM,138.16519833942624,2570.496220127819,11.75436932971847,0.9836456374791407,3,transformed_data__impute__pct_change__log_all.csv
942,XGBoost,3690.6762388342677,2757.515777610893,60.750936114880304,0.9902828909024153,4,transformed_data__impute__pct_change__log_all.csv
943,LightGBM,2282.4516282888703,1530.9520588550859,47.775010500144006,0.9902828909024153,4,transformed_data__impute__pct_change__log_all.csv
944,XGBoost,55124.56278246618,49586.63036060649,234.7862065421778,0.9959276659533571,5,transformed_data__impute__pct_change__log_all.csv
945,LightGBM,4017.068541152355,3980.904208294792,63.38034822523741,0.9959276659533571,5,transformed_data__impute__pct_change__log_all.csv
946,XGBoost,33.83424285155046,289.29443795650303,5.816720970748937,0.999825517249108,1,transformed_data__impute__pct_change__log_all.csv
947,LightGBM,16.53778967012831,318.8663916353323,4.066668128840649,0.999825517249108,1,transformed_data__impute__pct_change__log_all.csv
948,XGBoost,0.34019661980749605,1337.4393549894949,0.5832637652104715,0.9998682047869611,2,transformed_data__impute__pct_change__log_all.csv
949,LightGBM,52.323884097461956,1840.6195365041601,7.233525011877816,0.9998682047869611,2,transformed_data__impute__pct_change__log_all.csv
950,XGBoost,5.896858476348272,2550.561724843029,2.428344801783361,0.9941795540065741,3,transformed_data__impute__pct_change__log_all.csv
951,LightGBM,7.631065834461261,2999.4210411384333,2.7624383856407118,0.9941795540065741,3,transformed_data__impute__pct_change__log_all.csv
952,XGBoost,0.6883186648980513,4053.496455375237,0.8296497242198368,0.9997754093356027,4,transformed_data__impute__pct_change__log_all.csv
953,LightGBM,0.811409247103174,4043.696241234937,0.9007825748221232,0.9997754093356027,4,transformed_data__impute__pct_change__log_all.csv
954,XGBoost,2.4881929972870283,7434.604056512243,1.577400709169052,0.9999306463504855,5,transformed_data__impute__pct_change__log_all.csv
955,LightGBM,2.1476023077324036,7841.485584215237,1.465469995507381,0.9999306463504855,5,transformed_data__impute__pct_change__log_all.csv
956,XGBoost,3705616.6684472696,4047973.3197840685,1924.9978359591134,0.9989635939091238,1,transformed_data__impute__pct_change__log_all.csv
957,LightGBM,731032.5476076904,766459.7268219163,855.0044137942742,0.9989635939091238,1,transformed_data__impute__pct_change__log_all.csv
958,XGBoost,696014.3568154661,5754018.721571641,834.2747489978742,0.9614135191702841,2,transformed_data__impute__pct_change__log_all.csv
959,LightGBM,1511356.5607958483,5378433.457504477,1229.3724255878885,0.9614135191702841,2,transformed_data__impute__pct_change__log_all.csv
960,XGBoost,18444083.591932755,24358688.470442325,4294.657563989562,0.8731868399812678,3,transformed_data__impute__pct_change__log_all.csv
961,LightGBM,2513225.7440086463,1725944.94302806,1585.3156606835896,0.8731868399812678,3,transformed_data__impute__pct_change__log_all.csv
962,XGBoost,4975751.088908808,8448448.865725331,2230.639166003504,0.9213085708684021,4,transformed_data__impute__pct_change__log_all.csv
963,LightGBM,6234391.75219694,10158040.78709447,2496.876399062825,0.9213085708684021,4,transformed_data__impute__pct_change__log_all.csv
964,XGBoost,46415552.63835008,48472125.05240935,6812.896053687454,0.28587552003769656,5,transformed_data__impute__pct_change__log_all.csv
965,LightGBM,4127178.5114552504,5185916.137986869,2031.5458428140996,0.28587552003769656,5,transformed_data__impute__pct_change__log_all.csv
966,XGBoost,794.1061774846738,7457.148303061898,28.17988959319525,0.7664306216117902,1,transformed_data__impute__pct_change__log_all__local_smooth.csv
967,LightGBM,3658.5216485039737,10759.899022824822,60.4857144167445,0.7664306216117902,1,transformed_data__impute__pct_change__log_all__local_smooth.csv
968,XGBoost,2372.304632237216,26704.205728885434,48.70630998379179,0.8599313432619169,2,transformed_data__impute__pct_change__log_all__local_smooth.csv
969,LightGBM,714.2973155296417,13583.547926077867,26.726341229761353,0.8599313432619169,2,transformed_data__impute__pct_change__log_all__local_smooth.csv
970,XGBoost,111.82068063059957,229471.34627407003,10.574529806596583,0.08842535679725247,3,transformed_data__impute__pct_change__log_all__local_smooth.csv
971,LightGBM,171.20010414732474,219562.0471536981,13.08434576688207,0.08842535679725247,3,transformed_data__impute__pct_change__log_all__local_smooth.csv
972,XGBoost,531756.4101866775,8105622595.363387,729.2162986293418,-0.8322883968206093,4,transformed_data__impute__pct_change__log_all__local_smooth.csv
973,LightGBM,545500.9810970398,8104434233.737363,738.58038228553,-0.8322883968206093,4,transformed_data__impute__pct_change__log_all__local_smooth.csv
974,XGBoost,1528344.5971795814,26410561.890793074,1236.2623496570545,0.8353672761388955,5,transformed_data__impute__pct_change__log_all__local_smooth.csv
975,LightGBM,84974110.51314037,38627803.70415991,9218.14029580481,0.8353672761388955,5,transformed_data__impute__pct_change__log_all__local_smooth.csv
976,XGBoost,210.90288536762017,1566.379552045288,14.5224958380996,0.10688571312447948,1,transformed_data__impute__pct_change__log_all__local_smooth.csv
977,LightGBM,345.49606658590744,1495.3575423547766,18.58752448783612,0.10688571312447948,1,transformed_data__impute__pct_change__log_all__local_smooth.csv
978,XGBoost,417.9959912054867,4567.9748793928175,20.44495026175135,-0.41721539717431394,2,transformed_data__impute__pct_change__log_all__local_smooth.csv
979,LightGBM,296.6600700030055,4708.635244654492,17.223822746504492,-0.41721539717431394,2,transformed_data__impute__pct_change__log_all__local_smooth.csv
980,XGBoost,324.2359482951891,43606.489901453984,18.006552926509535,0.5787911867742567,3,transformed_data__impute__pct_change__log_all__local_smooth.csv
981,LightGBM,366.58469039218926,43846.60875091014,19.146401499816857,0.5787911867742567,3,transformed_data__impute__pct_change__log_all__local_smooth.csv
982,XGBoost,768.0567069585162,67200.20889652282,27.713836020271827,-0.7957814715324558,4,transformed_data__impute__pct_change__log_all__local_smooth.csv
983,LightGBM,836.9556904286907,66668.00327380015,28.930186491426056,-0.7957814715324558,4,transformed_data__impute__pct_change__log_all__local_smooth.csv
984,XGBoost,468.46929890877254,4423.40406319888,21.644151609817662,0.5267203159993149,5,transformed_data__impute__pct_change__log_all__local_smooth.csv
985,LightGBM,6601.315739743492,15870.245237182036,81.24848146115404,0.5267203159993149,5,transformed_data__impute__pct_change__log_all__local_smooth.csv
986,XGBoost,0.18614517265910166,332.725123019288,0.4314454457507944,0.2215131604730814,1,transformed_data__impute__pct_change__log_all__local_smooth.csv
987,LightGBM,0.6359017572530316,330.97180277696015,0.7974344846149002,0.2215131604730814,1,transformed_data__impute__pct_change__log_all__local_smooth.csv
988,XGBoost,0.1099364065210947,1375.9821946462314,0.3315665943986135,0.9741020352599554,2,transformed_data__impute__pct_change__log_all__local_smooth.csv
989,LightGBM,0.23231909191633587,1379.8318635851074,0.48199490860001404,0.9741020352599554,2,transformed_data__impute__pct_change__log_all__local_smooth.csv
990,XGBoost,0.873934287757267,2682.8414392733853,0.934844525981335,0.7248197722441717,3,transformed_data__impute__pct_change__log_all__local_smooth.csv
991,LightGBM,1.842312296659998,2647.2641721970217,1.3573180528748587,0.7248197722441717,3,transformed_data__impute__pct_change__log_all__local_smooth.csv
992,XGBoost,0.043866904996242836,3971.874012303048,0.20944427658984344,0.6666169200428136,4,transformed_data__impute__pct_change__log_all__local_smooth.csv
993,LightGBM,0.0729770476760293,3982.3922403163106,0.2701426432017524,0.6666169200428136,4,transformed_data__impute__pct_change__log_all__local_smooth.csv
994,XGBoost,10.2828269692079,8172.75457413406,3.2066847318075875,0.9848235472272546,5,transformed_data__impute__pct_change__log_all__local_smooth.csv
995,LightGBM,20.92372683484687,8401.567275267453,4.57424604004276,0.9848235472272546,5,transformed_data__impute__pct_change__log_all__local_smooth.csv
996,XGBoost,1209378.259945446,16163267.286532244,1099.7173545713672,-0.7127656950864567,1,transformed_data__impute__pct_change__log_all__local_smooth.csv
997,LightGBM,385350.22372312535,12728958.678384682,620.765836465833,-0.7127656950864567,1,transformed_data__impute__pct_change__log_all__local_smooth.csv
998,XGBoost,4496161.3115788,53654756.74932984,2120.415362984055,-0.5587741827078336,2,transformed_data__impute__pct_change__log_all__local_smooth.csv
999,LightGBM,3618439.161511109,56040315.45803991,1902.2195355718302,-0.5587741827078336,2,transformed_data__impute__pct_change__log_all__local_smooth.csv
1000,XGBoost,1559049.45325597,53240551.261412606,1248.6190184583807,0.5538043406096999,3,transformed_data__impute__pct_change__log_all__local_smooth.csv
1001,LightGBM,1155951.5465471947,52784568.67054551,1075.1518713871053,0.5538043406096999,3,transformed_data__impute__pct_change__log_all__local_smooth.csv
1002,XGBoost,313517.5487282359,34511408.561114356,559.9263779535984,-0.695389067781615,4,transformed_data__impute__pct_change__log_all__local_smooth.csv
1003,LightGBM,261645.70629257464,33831711.9561542,511.5131535870555,-0.695389067781615,4,transformed_data__impute__pct_change__log_all__local_smooth.csv
1004,XGBoost,6793994.500505605,45892703.20887945,2606.529205764939,-0.6092606209103221,5,transformed_data__impute__pct_change__log_all__local_smooth.csv
1005,LightGBM,9530729.894270996,52154959.1082931,3087.18802379625,-0.6092606209103221,5,transformed_data__impute__pct_change__log_all__local_smooth.csv
1006,XGBoost,1.767593534260229e+243,3.3777110615618274e+77,4.2042758404512765e+121,0.05378151375332318,1,transformed_data__impute__pct_change__log_all__relative_transform.csv
1007,LightGBM,1.767593534260229e+243,6.437851818427343e+151,4.2042758404512765e+121,0.05378151375332318,1,transformed_data__impute__pct_change__log_all__relative_transform.csv
1008,XGBoost,2.464852910460109e+43,36416247007503.52,4.964728502607276e+21,0.18168599242197642,1,transformed_data__impute__pct_change__log_all__relative_transform.csv
1009,LightGBM,2.464852910460108e+43,36728279709999.37,4.964728502607276e+21,0.18168599242197642,1,transformed_data__impute__pct_change__log_all__relative_transform.csv
1010,XGBoost,1.9800676008447442e+52,1.002812979686191e+22,1.4071487486562123e+26,-0.1823724961633521,2,transformed_data__impute__pct_change__log_all__relative_transform.csv
1011,LightGBM,1.9800676008447423e+52,9.524218359315282e+20,1.4071487486562116e+26,-0.1823724961633521,2,transformed_data__impute__pct_change__log_all__relative_transform.csv
1012,XGBoost,0.0,8515013972853.028,0.0,0.9948737522802309,3,transformed_data__impute__pct_change__log_all__relative_transform.csv
1013,LightGBM,0.0,8515013972853.028,0.0,0.9948737522802309,3,transformed_data__impute__pct_change__log_all__relative_transform.csv
1014,XGBoost,1.2842022820916374e+28,5460340204565.761,113322649196514.88,-0.9999039891849746,4,transformed_data__impute__pct_change__log_all__relative_transform.csv
1015,LightGBM,1.2842022820916374e+28,5460340204565.761,113322649196514.88,-0.9999039891849746,4,transformed_data__impute__pct_change__log_all__relative_transform.csv
1016,XGBoost,2.4216206660618863e+89,25590934083756.45,4.920996510933417e+44,0.999992077479611,5,transformed_data__impute__pct_change__log_all__relative_transform.csv
1017,LightGBM,2.4216206660618863e+89,25590934083756.45,4.920996510933417e+44,0.999992077479611,5,transformed_data__impute__pct_change__log_all__relative_transform.csv
1018,XGBoost,inf,inf,inf,-0.4411560399037049,2,transformed_data__impute__pct_change__log_all__relative_transform.csv
1019,LightGBM,inf,inf,inf,-0.4411560399037049,2,transformed_data__impute__pct_change__log_all__relative_transform.csv
1020,XGBoost,inf,inf,inf,0.0,3,transformed_data__impute__pct_change__log_all__relative_transform.csv
1021,LightGBM,inf,inf,inf,0.0,3,transformed_data__impute__pct_change__log_all__relative_transform.csv
1022,XGBoost,inf,inf,inf,-0.0,4,transformed_data__impute__pct_change__log_all__relative_transform.csv
1023,LightGBM,inf,inf,inf,-0.0,4,transformed_data__impute__pct_change__log_all__relative_transform.csv
1024,XGBoost,2676.5441078150375,3118.2405879872376,51.73532746407466,-0.7767739285958178,1,transformed_data__impute__pct_change__log_all__sliding_window_log.csv
1025,LightGBM,1197.072431191238,4808.689270008877,34.59873453164491,-0.7767739285958178,1,transformed_data__impute__pct_change__log_all__sliding_window_log.csv
1026,XGBoost,88.61413789259304,86147.01397561988,9.413508266984898,0.9378058138850502,2,transformed_data__impute__pct_change__log_all__sliding_window_log.csv
1027,LightGBM,49.643425507261114,87675.70420302155,7.045809074000027,0.9378058138850502,2,transformed_data__impute__pct_change__log_all__sliding_window_log.csv
1028,XGBoost,654.995472377185,360098.141373317,25.59287932955542,-0.707272122741994,3,transformed_data__impute__pct_change__log_all__sliding_window_log.csv
1029,LightGBM,616.0981767896885,361035.7764921932,24.821325040974113,-0.707272122741994,3,transformed_data__impute__pct_change__log_all__sliding_window_log.csv
1030,XGBoost,906.6685955610853,6187599.755046694,30.110938138176387,-0.18608312008088337,4,transformed_data__impute__pct_change__log_all__sliding_window_log.csv
1031,LightGBM,149.94714909944702,6255575.822585127,12.245290894847987,-0.18608312008088337,4,transformed_data__impute__pct_change__log_all__sliding_window_log.csv
1032,XGBoost,10431.432693199953,35453228.53751707,102.13438545955007,0.9863042276201441,5,transformed_data__impute__pct_change__log_all__sliding_window_log.csv
1033,LightGBM,11935.469377178866,35384003.65980882,109.24957380776763,0.9863042276201441,5,transformed_data__impute__pct_change__log_all__sliding_window_log.csv
1034,XGBoost,591.8437830926198,2508.6962870050356,24.327839671713964,0.35337116639847516,1,transformed_data__impute__pct_change__log_all__sliding_window_log.csv
1035,LightGBM,479.78993064475054,2711.000074662083,21.904107620369988,0.35337116639847516,1,transformed_data__impute__pct_change__log_all__sliding_window_log.csv
1036,XGBoost,12.48085161799812,6347.423548362726,3.5328248779125917,-0.2729628860927136,2,transformed_data__impute__pct_change__log_all__sliding_window_log.csv
1037,LightGBM,25.664223933555167,5810.028555076967,5.065986965395308,-0.2729628860927136,2,transformed_data__impute__pct_change__log_all__sliding_window_log.csv
1038,XGBoost,5.40933913338321,2568.4239791207765,2.325798601208456,0.9294052019852136,3,transformed_data__impute__pct_change__log_all__sliding_window_log.csv
1039,LightGBM,6.526724006293203,2514.576841937588,2.554745389719532,0.9294052019852136,3,transformed_data__impute__pct_change__log_all__sliding_window_log.csv
1040,XGBoost,61.66805352146881,991.0025985346331,7.852900962158431,0.6029886668020615,4,transformed_data__impute__pct_change__log_all__sliding_window_log.csv
1041,LightGBM,67.91047135766692,968.1249724751212,8.240780991973207,0.6029886668020615,4,transformed_data__impute__pct_change__log_all__sliding_window_log.csv
1042,XGBoost,15.68853442075471,4102.380373730041,3.960875461404298,-0.30017957945915363,5,transformed_data__impute__pct_change__log_all__sliding_window_log.csv
1043,LightGBM,75.44350569301295,3392.6454953010766,8.685822108068582,-0.30017957945915363,5,transformed_data__impute__pct_change__log_all__sliding_window_log.csv
1044,XGBoost,38.81529985403684,647.2306054857091,6.2301926016806926,-0.030789867367380857,1,transformed_data__impute__pct_change__log_all__sliding_window_log.csv
1045,LightGBM,28.452991515305236,675.0585172139358,5.334134561042235,-0.030789867367380857,1,transformed_data__impute__pct_change__log_all__sliding_window_log.csv
1046,XGBoost,0.8055617345465711,1721.8730543710994,0.8975309100786285,0.9691995715990515,2,transformed_data__impute__pct_change__log_all__sliding_window_log.csv
1047,LightGBM,4.317525654188235,1932.526885542959,2.077865648733872,0.9691995715990515,2,transformed_data__impute__pct_change__log_all__sliding_window_log.csv
1048,XGBoost,6.116511755241656,2861.6520002957145,2.4731582551955014,0.5916416406328417,3,transformed_data__impute__pct_change__log_all__sliding_window_log.csv
1049,LightGBM,6.892343677372893,2847.819633280589,2.625327346708005,0.5916416406328417,3,transformed_data__impute__pct_change__log_all__sliding_window_log.csv
1050,XGBoost,1.4269259588684937,4612.993650643803,1.1945400616423434,0.884996922064445,4,transformed_data__impute__pct_change__log_all__sliding_window_log.csv
1051,LightGBM,1.4468200174019876,4616.703681037726,1.2028383172321988,0.884996922064445,4,transformed_data__impute__pct_change__log_all__sliding_window_log.csv
1052,XGBoost,0.4059030872965842,10822.978105572836,0.637105240361892,0.9827466195550895,5,transformed_data__impute__pct_change__log_all__sliding_window_log.csv
1053,LightGBM,0.6373728932767088,10785.062946164699,0.7983563698478949,0.9827466195550895,5,transformed_data__impute__pct_change__log_all__sliding_window_log.csv
1054,XGBoost,610599.6840337856,172796.7009048389,781.4087816461916,0.4128568221688156,1,transformed_data__impute__pct_change__log_all__sliding_window_log.csv
1055,LightGBM,387758.2341017926,244109.74716938767,622.7023639763966,0.4128568221688156,1,transformed_data__impute__pct_change__log_all__sliding_window_log.csv
1056,XGBoost,36594.17647820393,499266.0189784474,191.2960440735875,-0.8225346682660716,2,transformed_data__impute__pct_change__log_all__sliding_window_log.csv
1057,LightGBM,28660.74694649104,427558.5000250838,169.29485209684032,-0.8225346682660716,2,transformed_data__impute__pct_change__log_all__sliding_window_log.csv
1058,XGBoost,758164.3984526793,344128.9836195188,870.726362557537,-0.6776133274541088,3,transformed_data__impute__pct_change__log_all__sliding_window_log.csv
1059,LightGBM,540908.5529434836,506635.2048418655,735.464855002252,-0.6776133274541088,3,transformed_data__impute__pct_change__log_all__sliding_window_log.csv
1060,XGBoost,250364.6632396367,565751.5213138416,500.3645303572553,-0.2158279953543598,4,transformed_data__impute__pct_change__log_all__sliding_window_log.csv
1061,LightGBM,100596.54937142473,521392.74001522193,317.1695908680792,-0.2158279953543598,4,transformed_data__impute__pct_change__log_all__sliding_window_log.csv
1062,XGBoost,47045.282048348374,2129618.180271689,216.89924400132975,0.08327813463280145,5,transformed_data__impute__pct_change__log_all__sliding_window_log.csv
1063,LightGBM,983647.9606970722,802541.8056219692,991.7902806022412,0.08327813463280145,5,transformed_data__impute__pct_change__log_all__sliding_window_log.csv
1064,XGBoost,54082440735047.74,29114914152276.914,7354076.470573837,0.15802653138470546,1,transformed_data__impute__pct_change__log_all__soft_clipping.csv
1065,LightGBM,6021120172753.064,5822003258113.929,2453797.092824316,0.15802653138470546,1,transformed_data__impute__pct_change__log_all__soft_clipping.csv
1066,XGBoost,7.398727987554539e+28,2.1006009874960804e+29,272006029116167.56,-0.2504143172791168,2,transformed_data__impute__pct_change__log_all__soft_clipping.csv
1067,LightGBM,4.757356577726171e+34,4.765486277202857e+34,2.1811365334903203e+17,-0.2504143172791168,2,transformed_data__impute__pct_change__log_all__soft_clipping.csv
1068,XGBoost,7.516667255841342e+32,7.51666725641536e+32,2.7416541094458544e+16,0.7578846225725712,3,transformed_data__impute__pct_change__log_all__soft_clipping.csv
1069,LightGBM,5.0245251700579854e+36,5.0245251700626794e+36,2.2415452638878354e+18,0.7578846225725712,3,transformed_data__impute__pct_change__log_all__soft_clipping.csv
1070,XGBoost,8.680258800634096e+74,8.680258800634096e+74,2.946227893533373e+37,-0.9455828311734676,4,transformed_data__impute__pct_change__log_all__soft_clipping.csv
1071,LightGBM,4.0813776106056034e+41,4.081377610605621e+41,6.388566044587473e+20,-0.9455828311734676,4,transformed_data__impute__pct_change__log_all__soft_clipping.csv
1072,XGBoost,52037615724.13479,17238159275926.893,228117.5480407739,0.16620794039908227,1,transformed_data__impute__pct_change__log_all__soft_clipping.csv
1073,LightGBM,27371140679.76719,17090871725052.771,165442.2578417231,0.16620794039908227,1,transformed_data__impute__pct_change__log_all__soft_clipping.csv
1074,XGBoost,338965409108.475,490062575137.4627,582207.3592015777,0.15901117676011972,2,transformed_data__impute__pct_change__log_all__soft_clipping.csv
1075,LightGBM,103953221786.44777,636210407700.0688,322417.7752333884,0.15901117676011972,2,transformed_data__impute__pct_change__log_all__soft_clipping.csv
1076,XGBoost,58035024019228.78,12303141515067.729,7618072.198347084,-0.9897658830638842,3,transformed_data__impute__pct_change__log_all__soft_clipping.csv
1077,LightGBM,100266714123365.97,1352185024938.0413,10013326.825953798,-0.9897658830638842,3,transformed_data__impute__pct_change__log_all__soft_clipping.csv
1078,XGBoost,891699072953.5505,12515237878471.42,944298.1906969592,-0.999872868791058,4,transformed_data__impute__pct_change__log_all__soft_clipping.csv
1079,LightGBM,610551010664.8125,11388930889155.936,781377.6363992078,-0.999872868791058,4,transformed_data__impute__pct_change__log_all__soft_clipping.csv
1080,XGBoost,216061097915855.44,15686674069348.473,14699016.903039994,-0.9999832649222361,5,transformed_data__impute__pct_change__log_all__soft_clipping.csv
1081,LightGBM,44726957058898.15,16422148213800.318,6687821.548075139,-0.9999832649222361,5,transformed_data__impute__pct_change__log_all__soft_clipping.csv
1082,XGBoost,220918794.48693022,30829446683.59305,14863.33725940881,0.16354854292864968,1,transformed_data__impute__pct_change__log_all__soft_clipping.csv
1083,LightGBM,183095094.21042258,30721213941.384808,13531.263585135815,0.16354854292864968,1,transformed_data__impute__pct_change__log_all__soft_clipping.csv
1084,XGBoost,17323849004.29105,22938496653.565807,131620.09346711106,0.046251415343231905,2,transformed_data__impute__pct_change__log_all__soft_clipping.csv
1085,LightGBM,3533206362.18865,9569980148.69035,59440.78029592689,0.046251415343231905,2,transformed_data__impute__pct_change__log_all__soft_clipping.csv
1086,XGBoost,349497019158.9796,4998693636365.526,591182.7290770423,-0.8268107902222035,3,transformed_data__impute__pct_change__log_all__soft_clipping.csv
1087,LightGBM,198233415297.897,4367440350036.253,445234.11290903686,-0.8268107902222035,3,transformed_data__impute__pct_change__log_all__soft_clipping.csv
1088,XGBoost,6193660618902.167,13058021872907.283,2488706.6156745288,0.9999749187797526,4,transformed_data__impute__pct_change__log_all__soft_clipping.csv
1089,LightGBM,3958513635350.0776,9700049967809.844,1989601.3759922055,0.9999749187797526,4,transformed_data__impute__pct_change__log_all__soft_clipping.csv
1090,XGBoost,190806532928453.7,594350125293.6017,13813273.794740105,-0.9999935145699969,5,transformed_data__impute__pct_change__log_all__soft_clipping.csv
1091,LightGBM,401621776322717.94,48973310664642.72,20040503.394942902,-0.9999935145699969,5,transformed_data__impute__pct_change__log_all__soft_clipping.csv
1092,XGBoost,1.2199018669918955e+65,1.2199018669918955e+65,3.492709359497145e+32,0.014872067789954565,1,transformed_data__impute__pct_change__log_all__soft_clipping.csv
1093,LightGBM,3.0572031966837494e+32,3.057203167845683e+32,1.7484859726871558e+16,0.014872067789954565,1,transformed_data__impute__pct_change__log_all__soft_clipping.csv
1094,XGBoost,5.612238215190188e+36,5.612238215093495e+36,2.3690162969448284e+18,-0.23439380962235873,2,transformed_data__impute__pct_change__log_all__soft_clipping.csv
1095,LightGBM,5.8825209313210585e+41,5.8825209313210585e+41,7.66975940386728e+20,-0.23439380962235873,2,transformed_data__impute__pct_change__log_all__soft_clipping.csv
1096,XGBoost,4.3782459030259654e+88,4.3782459030259654e+88,2.0924258417028702e+44,-0.9623207236704745,3,transformed_data__impute__pct_change__log_all__soft_clipping.csv
1097,LightGBM,2.430116926844365e+82,2.430116926844365e+82,1.5588832306636584e+41,-0.9623207236704745,3,transformed_data__impute__pct_change__log_all__soft_clipping.csv
1098,XGBoost,2.366048636385897e+95,2.366048636385897e+95,4.864204597244956e+47,-0.9995312084109218,4,transformed_data__impute__pct_change__log_all__soft_clipping.csv
1099,LightGBM,4.7282836227302475e+90,4.7282836227302475e+90,2.1744616857351722e+45,-0.9995312084109218,4,transformed_data__impute__pct_change__log_all__soft_clipping.csv
1100,XGBoost,2.2377485998696907e+116,2.2377485998696907e+116,1.4959106256289814e+58,-0.9999922571932415,5,transformed_data__impute__pct_change__log_all__soft_clipping.csv
1101,LightGBM,3.771660659969392e+96,3.771660659969392e+96,1.9420763785107402e+48,-0.9999922571932415,5,transformed_data__impute__pct_change__log_all__soft_clipping.csv
1102,XGBoost,4.264040741542954e+159,4.264040741542954e+159,6.529962282848925e+79,0.4434960452570005,1,transformed_data__impute__pct_change__power__soft_clipping.csv
1103,LightGBM,1.89838755995994e+109,1.8983875665513337e+109,4.357048955382462e+54,0.4434960452570005,1,transformed_data__impute__pct_change__power__soft_clipping.csv
1104,XGBoost,2.2925672333723483e+80,2.2925672333723483e+80,1.5141225952254818e+40,-0.2569905364053491,2,transformed_data__impute__pct_change__power__soft_clipping.csv
1105,LightGBM,3.258538815274604e+71,3.258538815274975e+71,5.7083612493206875e+35,-0.2569905364053491,2,transformed_data__impute__pct_change__power__soft_clipping.csv
1106,XGBoost,1.5691963295653464e+54,3.532778419074363e+40,1.2526756681461274e+27,-0.6251862475700796,3,transformed_data__impute__pct_change__power__soft_clipping.csv
1107,LightGBM,1.5691967692365558e+54,7.245180052205596e+37,1.2526758436389501e+27,-0.6251862475700796,3,transformed_data__impute__pct_change__power__soft_clipping.csv
1108,XGBoost,1.0341693482616539e+62,1.0389637076444257e+62,1.0169411724685227e+31,0.14090724746672637,4,transformed_data__impute__pct_change__power__soft_clipping.csv
1109,LightGBM,6.233273353109098e+56,1.0320543246228067e+51,2.496652429376003e+28,0.14090724746672637,4,transformed_data__impute__pct_change__power__soft_clipping.csv
1110,XGBoost,6.805160050715288e+65,1.3017569436707197e+46,8.249339398227768e+32,0.04178060750170399,1,transformed_data__impute__pct_change__power__soft_clipping.csv
1111,LightGBM,6.804163357889074e+65,5.667082155167924e+60,8.248735271475909e+32,0.04178060750170399,1,transformed_data__impute__pct_change__power__soft_clipping.csv
1112,XGBoost,1.607922723913745e+50,2.513341076175707e+36,1.2680389283905068e+25,0.15951716467399252,2,transformed_data__impute__pct_change__power__soft_clipping.csv
1113,LightGBM,1.6079223218747978e+50,1.264422930449809e+25,1.268038769862656e+25,0.15951716467399252,2,transformed_data__impute__pct_change__power__soft_clipping.csv
1114,XGBoost,5.6885612803209385e+65,5.6885612803209385e+65,7.542255153679793e+32,0.9897061267006704,3,transformed_data__impute__pct_change__power__soft_clipping.csv
1115,LightGBM,4.493153636650875e+42,4.4802551278154065e+42,2.1197060259976795e+21,0.9897061267006704,3,transformed_data__impute__pct_change__power__soft_clipping.csv
1116,XGBoost,6.78819984114315e+90,6.78819984114315e+90,2.605417402479524e+45,0.2663146480679865,4,transformed_data__impute__pct_change__power__soft_clipping.csv
1117,LightGBM,4.2478644841186973e+95,4.2478644841186973e+95,6.517564333490462e+47,0.2663146480679865,4,transformed_data__impute__pct_change__power__soft_clipping.csv
1118,XGBoost,2.3762830202310957e+77,2.3762830202310957e+77,4.8747133456554096e+38,0.999997679242954,5,transformed_data__impute__pct_change__power__soft_clipping.csv
1119,LightGBM,1.3350456365879521e+83,1.3350456365879521e+83,3.653827632207015e+41,0.999997679242954,5,transformed_data__impute__pct_change__power__soft_clipping.csv
1120,XGBoost,1.8856112698003595e+137,1.9388731463750284e+137,4.342362570997912e+68,-0.45074891534963063,1,transformed_data__impute__pct_change__power__soft_clipping.csv
1121,LightGBM,2.428384568557701e+133,1.3508287597180474e+132,4.927864211357392e+66,-0.45074891534963063,1,transformed_data__impute__pct_change__power__soft_clipping.csv
1122,XGBoost,4.656726607242136e+164,2.506655144104614e+162,2.15794499634308e+82,0.43827892035452254,2,transformed_data__impute__pct_change__power__soft_clipping.csv
1123,LightGBM,5.365102919128526e+164,8.019023948009592e+137,2.316269181060035e+82,0.43827892035452254,2,transformed_data__impute__pct_change__power__soft_clipping.csv
1124,XGBoost,2.8626719487956365e+171,1.0920656936544102e+167,5.350394330136459e+85,-0.01983649422189128,3,transformed_data__impute__pct_change__power__soft_clipping.csv
1125,LightGBM,2.892976664121509e+171,2.3048632852354724e+165,5.37863985048405e+85,-0.01983649422189128,3,transformed_data__impute__pct_change__power__soft_clipping.csv
1126,XGBoost,5.694336437216603e+166,5.6943364387474276e+166,2.3862808797827224e+83,0.29017230106977915,4,transformed_data__impute__pct_change__power__soft_clipping.csv
1127,LightGBM,1.8841453668738688e+161,1.8841456453329482e+161,4.340674333411652e+80,0.29017230106977915,4,transformed_data__impute__pct_change__power__soft_clipping.csv
1128,XGBoost,2.2271008075262317e+76,1.4652927069472938e+56,1.4923474151571516e+38,0.04861440935448447,5,transformed_data__impute__pct_change__power__soft_clipping.csv
1129,LightGBM,2.2271007735281963e+76,1.3253456927014382e+60,1.4923474037663603e+38,0.04861440935448447,5,transformed_data__impute__pct_change__power__soft_clipping.csv
1130,XGBoost,2.6779988567943248e+26,2.9459552443923772e+26,16364592438537.309,-0.013088690621524568,1,transformed_data__impute__pct_change__power__soft_clipping.csv
1131,LightGBM,9.136567533181051e+26,1.0900744143494295e+25,30226755587030.92,-0.013088690621524568,1,transformed_data__impute__pct_change__power__soft_clipping.csv
1132,XGBoost,2.997812076270627e+18,939657016804676.9,1731419093.1922367,-0.23430708548792498,2,transformed_data__impute__pct_change__power__soft_clipping.csv
1133,LightGBM,2.997812076270627e+18,939657016804676.9,1731419093.1922367,-0.23430708548792498,2,transformed_data__impute__pct_change__power__soft_clipping.csv
1134,XGBoost,1.4098825620420192e+56,1.4098825620420192e+56,1.1873847573731183e+28,-0.9621031682369742,3,transformed_data__impute__pct_change__power__soft_clipping.csv
1135,LightGBM,3.750826745101863e+36,3.7508267452478404e+36,1.936705126007019e+18,-0.9621031682369742,3,transformed_data__impute__pct_change__power__soft_clipping.csv
1136,XGBoost,4.002685177703482e+43,4.0026853192239044e+43,6.32667778356341e+21,-0.9995311916015786,4,transformed_data__impute__pct_change__power__soft_clipping.csv
1137,LightGBM,9.859422548657849e+66,9.859422548657849e+66,3.1399717432897144e+33,-0.9995311916015786,4,transformed_data__impute__pct_change__power__soft_clipping.csv
1138,XGBoost,3.3278919717060685e+40,3.388142344741975e+40,1.824251071455371e+20,-0.9999914532527124,5,transformed_data__impute__pct_change__power__soft_clipping.csv
1139,LightGBM,4.683417282469967e+40,4.754842324805873e+40,2.1641204408419523e+20,-0.9999914532527124,5,transformed_data__impute__pct_change__power__soft_clipping.csv
1140,XGBoost,10608.172965399644,5822003261416.615,102.99598519068422,0.1582066380651481,1,transformed_data__impute__pct_change__robust__soft_clipping.csv
1141,LightGBM,10608.172965399644,5822003261416.615,102.99598519068422,0.1582066380651481,1,transformed_data__impute__pct_change__robust__soft_clipping.csv
1142,XGBoost,1.7043092479301085e+154,2.477722104381675e+149,1.3054919562870192e+77,0.04802413600302418,2,transformed_data__impute__pct_change__robust__soft_clipping.csv
1143,LightGBM,1.8097966120037088e+220,1.8097966120037088e+220,1.345286814030268e+110,0.04802413600302418,2,transformed_data__impute__pct_change__robust__soft_clipping.csv
1144,XGBoost,5.110896699694933e+201,5.110896699694933e+201,7.149053573512324e+100,0.703504275428733,3,transformed_data__impute__pct_change__robust__soft_clipping.csv
1145,LightGBM,1.1602018464644507e+115,9.275336405290189e+105,3.406173581108941e+57,0.703504275428733,3,transformed_data__impute__pct_change__robust__soft_clipping.csv
1146,XGBoost,1.6915165076721686e+17,8.522868653532999e+19,411280501.32144225,-0.9455023350618634,4,transformed_data__impute__pct_change__robust__soft_clipping.csv
1147,LightGBM,8.759655991726619e+43,8.759655991744671e+43,9.359303388461461e+21,-0.9455023350618634,4,transformed_data__impute__pct_change__robust__soft_clipping.csv
1148,XGBoost,inf,inf,inf,-0.9999996310609441,5,transformed_data__impute__pct_change__robust__soft_clipping.csv
1149,LightGBM,inf,inf,inf,-0.9999996310609441,5,transformed_data__impute__pct_change__robust__soft_clipping.csv
1150,XGBoost,1.9601360132800835e+23,306482347838253.8,442734233291.2696,0.04027153016132916,1,transformed_data__impute__pct_change__robust__soft_clipping.csv
1151,LightGBM,5.2948491930418236e+26,5.293629246524098e+26,23010539309285.7,0.04027153016132916,1,transformed_data__impute__pct_change__robust__soft_clipping.csv
1152,XGBoost,1.3483243540049782e+28,469228388520.9006,116117369674178.3,0.1595173166427381,2,transformed_data__impute__pct_change__robust__soft_clipping.csv
1153,LightGBM,1.3483243540006846e+28,469245292082.45734,116117369673993.42,0.1595173166427381,2,transformed_data__impute__pct_change__robust__soft_clipping.csv
1154,XGBoost,6.102584676815744e+32,6.102585027225308e+32,2.470341004156257e+16,-0.9898113095674286,3,transformed_data__impute__pct_change__robust__soft_clipping.csv
1155,LightGBM,4.990859924999538e+17,7878595667833.599,706460184.653002,-0.9898113095674286,3,transformed_data__impute__pct_change__robust__soft_clipping.csv
1156,XGBoost,4.246292743341777e+54,4.246292743341779e+54,2.0606534748331115e+27,-0.9998716435672214,4,transformed_data__impute__pct_change__robust__soft_clipping.csv
1157,LightGBM,3.2860943599024786e+65,3.2860943599024786e+65,5.732446563119868e+32,-0.9998716435672214,4,transformed_data__impute__pct_change__robust__soft_clipping.csv
1158,XGBoost,1.481789797929392e+60,1.4817898200012473e+60,1.2172878862164825e+30,0.9999976792518965,5,transformed_data__impute__pct_change__robust__soft_clipping.csv
1159,LightGBM,2.337103951857034e+44,1.2625034953923877e+44,1.5287589580627268e+22,0.9999976792518965,5,transformed_data__impute__pct_change__robust__soft_clipping.csv
1160,XGBoost,1.7741866655820252e+90,1.8985172894240163e+68,1.3319859855051123e+45,0.04082463971996019,1,transformed_data__impute__pct_change__robust__soft_clipping.csv
1161,LightGBM,1.774186665618731e+90,3.4872490363903885e+45,1.3319859855188908e+45,0.04082463971996019,1,transformed_data__impute__pct_change__robust__soft_clipping.csv
1162,XGBoost,4.486901264757751e+43,6769420293.862854,6.698433596564014e+21,-0.03438635817193185,2,transformed_data__impute__pct_change__robust__soft_clipping.csv
1163,LightGBM,4.486901264757751e+43,6769410631.706382,6.698433596564014e+21,-0.03438635817193185,2,transformed_data__impute__pct_change__robust__soft_clipping.csv
1164,XGBoost,1.0238093731177658e+24,7.953916085645977e+25,1011834657005.6621,-0.8267986306029314,3,transformed_data__impute__pct_change__robust__soft_clipping.csv
1165,LightGBM,5.392144929227987e+29,5.538969690680134e+29,734312258458755.9,-0.8267986306029314,3,transformed_data__impute__pct_change__robust__soft_clipping.csv
1166,XGBoost,3.0660349133672166e-06,95895910695.90833,0.0017510096839729976,-0.9999823256393725,4,transformed_data__impute__pct_change__robust__soft_clipping.csv
1167,LightGBM,3.68571820716478e-07,95895909987.44305,0.0006071011618474124,-0.9999823256393725,4,transformed_data__impute__pct_change__robust__soft_clipping.csv
1168,XGBoost,1.3532523428280164e+142,1.3532523428280167e+142,1.1632937474378587e+71,-0.00800993698205413,5,transformed_data__impute__pct_change__robust__soft_clipping.csv
1169,LightGBM,2.301166121809766e+120,3.7072810800312056e+118,1.5169594990670534e+60,-0.00800993698205413,5,transformed_data__impute__pct_change__robust__soft_clipping.csv
1170,XGBoost,6.92695185383374e+21,6.075488791098267e+23,83228311612.29778,-0.012509613803101477,1,transformed_data__impute__pct_change__robust__soft_clipping.csv
1171,LightGBM,1.1954788623737711e+22,5.6752680298121894e+23,109337956006.76698,-0.012509613803101477,1,transformed_data__impute__pct_change__robust__soft_clipping.csv
1172,XGBoost,1.3499358547298765e+17,939656971652897.6,367414732.2481607,-0.23430707757789765,2,transformed_data__impute__pct_change__robust__soft_clipping.csv
1173,LightGBM,1.349935161012245e+17,939657016804676.9,367414637.84289336,-0.23430707757789765,2,transformed_data__impute__pct_change__robust__soft_clipping.csv
1174,XGBoost,3.477226628261859e+66,3.477226628261859e+66,1.8647323208068924e+33,-0.9621031709326491,3,transformed_data__impute__pct_change__robust__soft_clipping.csv
1175,LightGBM,2.2009080105185813e+46,2.2009080105185803e+46,1.4835457561257022e+23,-0.9621031709326491,3,transformed_data__impute__pct_change__robust__soft_clipping.csv
1176,XGBoost,1.4678066924271318e+25,1.1399799821231508e+27,3831196539499.2876,-0.9995312074399327,4,transformed_data__impute__pct_change__robust__soft_clipping.csv
1177,LightGBM,1.1743825403226366e+39,1.1743845918403246e+39,3.4269265243401945e+19,-0.9995312074399327,4,transformed_data__impute__pct_change__robust__soft_clipping.csv
1178,XGBoost,1.4132911747502804e+38,1.4132769193108556e+38,1.1888192355233323e+19,0.9999877475284269,5,transformed_data__impute__pct_change__robust__soft_clipping.csv
1179,LightGBM,2.689448907061015e+38,2.689429241934905e+38,1.6399539344326154e+19,0.9999877475284269,5,transformed_data__impute__pct_change__robust__soft_clipping.csv
1180,XGBoost,3621.415088602989,3621.415088602506,60.17819446114173,0.9999999999999998,1,transformed_data__impute__power.csv
1181,LightGBM,3444.4761350045405,3444.476135004063,58.68965952367198,0.9999999999999998,1,transformed_data__impute__power.csv
1182,XGBoost,47549.787155839535,47549.78715583191,218.0591368318226,1.0,2,transformed_data__impute__power.csv
1183,LightGBM,66319.28112304714,66319.28112303742,257.5253019084671,1.0,2,transformed_data__impute__power.csv
1184,XGBoost,51656.160368367186,51656.16036836316,227.27991633306976,1.0,3,transformed_data__impute__power.csv
1185,LightGBM,58647.08681128246,58647.086811278736,242.1716061211191,1.0,3,transformed_data__impute__power.csv
1186,XGBoost,4690053.999479796,4690053.999481399,2165.653250056388,1.0,4,transformed_data__impute__power.csv
1187,LightGBM,4605333.88875489,4605333.888756476,2146.0041679257965,1.0,4,transformed_data__impute__power.csv
1188,XGBoost,5032296.893313712,5032296.8933128975,2243.278157811401,0.9999999999999998,5,transformed_data__impute__power.csv
1189,LightGBM,20848732.80357932,20848732.803577326,4566.041261703547,0.9999999999999998,5,transformed_data__impute__power.csv
1190,XGBoost,1245.3127605307664,1245.3127605307652,35.28898922512185,1.0,1,transformed_data__impute__power.csv
1191,LightGBM,1131.1475930626468,1131.1475930626455,33.632537713688016,1.0,1,transformed_data__impute__power.csv
1192,XGBoost,490.4154959974833,490.41549599748424,22.14532673042968,1.0,2,transformed_data__impute__power.csv
1193,LightGBM,62.48560976452034,62.48560976452021,7.904783979624006,1.0,2,transformed_data__impute__power.csv
1194,XGBoost,1496.1057509314346,1496.1057509314353,38.67952625009043,1.0,3,transformed_data__impute__power.csv
1195,LightGBM,1340.2002941671349,1340.2002941671353,36.6087461430617,1.0,3,transformed_data__impute__power.csv
1196,XGBoost,114.86522327473202,114.86522327473214,10.717519455299907,1.0,4,transformed_data__impute__power.csv
1197,LightGBM,101.45497370352409,101.45497370352417,10.072485974352315,1.0,4,transformed_data__impute__power.csv
1198,XGBoost,401.09779034528117,401.0977903452805,20.027425954058128,1.0,5,transformed_data__impute__power.csv
1199,LightGBM,336.75347042146,336.7534704214593,18.35084386129041,1.0,5,transformed_data__impute__power.csv
1200,XGBoost,430.1599308464608,430.1599308464836,20.74029726996363,1.0,1,transformed_data__impute__power.csv
1201,LightGBM,346.8936363895583,346.89363638957803,18.625080842497255,1.0,1,transformed_data__impute__power.csv
1202,XGBoost,130.33732732716763,130.33732732716277,11.41653744912036,0.9999999999999997,2,transformed_data__impute__power.csv
1203,LightGBM,120.21738592982753,120.21738592982258,10.964368925288293,0.9999999999999997,2,transformed_data__impute__power.csv
1204,XGBoost,52.70501198926034,52.705011989253045,7.2598217601577755,1.0,3,transformed_data__impute__power.csv
1205,LightGBM,64.12438136201179,64.12438136200379,8.007770061759503,1.0,3,transformed_data__impute__power.csv
1206,XGBoost,170.10774430344048,170.10774430342346,13.042535961362747,0.9999999999999994,4,transformed_data__impute__power.csv
1207,LightGBM,176.9814871651331,176.98148716511548,13.30343892251673,0.9999999999999994,4,transformed_data__impute__power.csv
1208,XGBoost,1409.292705123475,1409.2927051235145,37.54054748033751,0.9999999999999998,5,transformed_data__impute__power.csv
1209,LightGBM,1490.3449096939041,1490.3449096939446,38.60498555489827,0.9999999999999998,5,transformed_data__impute__power.csv
1210,XGBoost,1028985.1182140434,1028985.1182140431,1014.3890369153461,0.9999999999999999,1,transformed_data__impute__power.csv
1211,LightGBM,1014103.7206165072,1014103.7206165065,1007.0271697508996,0.9999999999999999,1,transformed_data__impute__power.csv
1212,XGBoost,34346.40825045421,34346.40825045428,185.32783992280872,0.9999999999999998,2,transformed_data__impute__power.csv
1213,LightGBM,35820.234891504624,35820.23489150469,189.26234409280843,0.9999999999999998,2,transformed_data__impute__power.csv
1214,XGBoost,27048.826219452887,27048.82621945299,164.46527359735515,0.9999999999999999,3,transformed_data__impute__power.csv
1215,LightGBM,21907.299952354413,21907.299952354497,148.01114806782093,0.9999999999999999,3,transformed_data__impute__power.csv
1216,XGBoost,48073.611321457676,48073.61132145779,219.2569527323083,1.0,4,transformed_data__impute__power.csv
1217,LightGBM,45648.805471938256,45648.80547193837,213.65581076099534,1.0,4,transformed_data__impute__power.csv
1218,XGBoost,16341.738929054196,16341.738929054212,127.83481110031882,1.0,5,transformed_data__impute__power.csv
1219,LightGBM,19191.157793520586,19191.157793520662,138.53215436684937,1.0,5,transformed_data__impute__power.csv
1220,XGBoost,1.5996014588705247e+18,1.8992219263706423e+23,1264753517.0421646,0.999991185305935,1,transformed_data__impute__power__relative_transform.csv
1221,LightGBM,9.470325752195476e+20,1.6432355116799924e+23,30773894378.507698,0.999991185305935,1,transformed_data__impute__power__relative_transform.csv
1222,XGBoost,2.015431931565972e+21,1.2226885838559246e+22,44893562250.794624,0.9980633439748258,2,transformed_data__impute__power__relative_transform.csv
1223,LightGBM,1.8409238707399173e+22,4.054609711664244e+22,135680649716.1595,0.9980633439748258,2,transformed_data__impute__power__relative_transform.csv
1224,XGBoost,3.87186896707455e+20,7.338442798974591e+22,19677065246.30782,0.9989306382385867,3,transformed_data__impute__power__relative_transform.csv
1225,LightGBM,2.2074401110692056e+20,6.74836484523883e+22,14857456414.437855,0.9989306382385867,3,transformed_data__impute__power__relative_transform.csv
1226,XGBoost,9.468270727882721e+19,1.0067995349161427e+22,9730503958.111687,0.9999721533165818,4,transformed_data__impute__power__relative_transform.csv
1227,LightGBM,4.258533712454759e+19,9.430532829018498e+21,6525744181.665996,0.9999721533165818,4,transformed_data__impute__power__relative_transform.csv
1228,XGBoost,1.0640948105613554e+21,1.4277227616744365e+22,32620466130.350674,0.9999966626601093,5,transformed_data__impute__power__relative_transform.csv
1229,LightGBM,6.172578366866069e+21,5.408428482083325e+21,78565758233.89009,0.9999966626601093,5,transformed_data__impute__power__relative_transform.csv
1230,XGBoost,1.3408935966663771e+26,1.688796239589943e+32,11579696009249.885,0.9845609655900286,1,transformed_data__impute__power__relative_transform.csv
1231,LightGBM,6.511408110244916e+26,1.692600440234602e+32,25517460904731.324,0.9845609655900286,1,transformed_data__impute__power__relative_transform.csv
1232,XGBoost,7.956777649693569e+27,6.505782559124118e+32,89200771575662.78,0.9999837407054383,2,transformed_data__impute__power__relative_transform.csv
1233,LightGBM,1.5615833332935266e+28,6.524030937471285e+32,124963327952384.77,0.9999837407054383,2,transformed_data__impute__power__relative_transform.csv
1234,XGBoost,1.371252801085759e+28,1.216187031670454e+33,117100503888145.55,0.999976761018857,3,transformed_data__impute__power__relative_transform.csv
1235,LightGBM,3.097387913002857e+28,1.2111734447719249e+33,175993974698080.4,0.999976761018857,3,transformed_data__impute__power__relative_transform.csv
1236,XGBoost,4.2922677346200764e+30,1.4761290134907733e+33,2071778881690822.8,0.9999915952724252,4,transformed_data__impute__power__relative_transform.csv
1237,LightGBM,2.5481583059760863e+30,1.4398415314371408e+33,1596295181342124.5,0.9999915952724252,4,transformed_data__impute__power__relative_transform.csv
1238,XGBoost,3.4503282542440745e+31,1.6084564785925203e+35,5873949484158060.0,0.9999966861864936,5,transformed_data__impute__power__relative_transform.csv
1239,LightGBM,4.264390441430639e+30,1.578049890334846e+35,2065040058069247.0,0.9999966861864936,5,transformed_data__impute__power__relative_transform.csv
1240,XGBoost,3432.760631033685,3432.760631033685,58.58976558268248,1.0,1,transformed_data__impute__quantile.csv
1241,LightGBM,3626.5111588072155,3626.5111588072155,60.22052107718112,1.0,1,transformed_data__impute__quantile.csv
1242,XGBoost,67933.3687510681,67933.3687510681,260.6403053080396,1.0,2,transformed_data__impute__quantile.csv
1243,LightGBM,79555.63121004835,79555.63121004835,282.0560781299498,1.0,2,transformed_data__impute__quantile.csv
1244,XGBoost,142939.89362756195,142939.89362756195,378.07392614085666,0.9999999999999998,3,transformed_data__impute__quantile.csv
1245,LightGBM,71884.32807087622,71884.32807087622,268.11252874656236,0.9999999999999998,3,transformed_data__impute__quantile.csv
1246,XGBoost,4651947.017797937,4651947.017797937,2156.837271979028,1.0,4,transformed_data__impute__quantile.csv
1247,LightGBM,4606495.220793731,4606495.220793731,2146.2747309684587,1.0,4,transformed_data__impute__quantile.csv
1248,XGBoost,752148.3783922131,752148.3783922131,867.264883638334,1.0,5,transformed_data__impute__quantile.csv
1249,LightGBM,8064118.946890195,8064118.946890195,2839.739239241905,1.0,5,transformed_data__impute__quantile.csv
1250,XGBoost,1247.9188356210684,1247.9188356210684,35.32589468960508,1.0,1,transformed_data__impute__quantile.csv
1251,LightGBM,1123.6511355606144,1123.6511355606144,33.52090594779047,1.0,1,transformed_data__impute__quantile.csv
1252,XGBoost,68.84178999425541,68.84178999425541,8.297095274507543,1.0,2,transformed_data__impute__quantile.csv
1253,LightGBM,80.50640217512495,80.50640217512495,8.97253599464081,1.0,2,transformed_data__impute__quantile.csv
1254,XGBoost,1458.6538610993305,1458.6538610993305,38.19232725429717,1.0,3,transformed_data__impute__quantile.csv
1255,LightGBM,1510.8613109094563,1510.8613109094563,38.86979947091902,1.0,3,transformed_data__impute__quantile.csv
1256,XGBoost,122.24094611790244,122.24094611790244,11.056262755465902,1.0,4,transformed_data__impute__quantile.csv
1257,LightGBM,108.0033083725423,108.0033083725423,10.39246401834244,1.0,4,transformed_data__impute__quantile.csv
1258,XGBoost,422.0042577882158,422.0042577882158,20.54274221685644,1.0,5,transformed_data__impute__quantile.csv
1259,LightGBM,408.41145389832525,408.41145389832525,20.209192311874446,1.0,5,transformed_data__impute__quantile.csv
1260,XGBoost,398.78125217701114,398.78125217701114,19.969508060465866,1.0,1,transformed_data__impute__quantile.csv
1261,LightGBM,438.80081061812024,438.80081061812024,20.9475729051869,1.0,1,transformed_data__impute__quantile.csv
1262,XGBoost,123.4705577949458,123.4705577949458,11.111730639056447,1.0,2,transformed_data__impute__quantile.csv
1263,LightGBM,123.61334020942479,123.61334020942479,11.118153633109447,1.0,2,transformed_data__impute__quantile.csv
1264,XGBoost,54.684173940058436,54.684173940058436,7.394874842758222,1.0,3,transformed_data__impute__quantile.csv
1265,LightGBM,53.81179680667698,53.81179680667698,7.335652445875349,1.0,3,transformed_data__impute__quantile.csv
1266,XGBoost,201.62021046637133,201.62021046637133,14.199303168337922,0.9999999999999998,4,transformed_data__impute__quantile.csv
1267,LightGBM,173.99342331351332,173.99342331351332,13.190656667259342,0.9999999999999998,4,transformed_data__impute__quantile.csv
1268,XGBoost,1428.7374049499197,1428.7374049499197,37.79864289825654,1.0,5,transformed_data__impute__quantile.csv
1269,LightGBM,1441.240045649461,1441.240045649461,37.96366744203543,1.0,5,transformed_data__impute__quantile.csv
1270,XGBoost,1070029.0505845,1070029.0505845,1034.422085313582,1.0,1,transformed_data__impute__quantile.csv
1271,LightGBM,1018072.5061986473,1018072.5061986473,1008.9957909717202,1.0,1,transformed_data__impute__quantile.csv
1272,XGBoost,35196.34149287171,35196.34149287171,187.60688018532719,1.0,2,transformed_data__impute__quantile.csv
1273,LightGBM,39807.039231954266,39807.039231954266,199.51701489335255,1.0,2,transformed_data__impute__quantile.csv
1274,XGBoost,22026.5022760729,22026.5022760729,148.4132820069447,1.0,3,transformed_data__impute__quantile.csv
1275,LightGBM,20165.066137229962,20165.066137229962,142.0037539547105,1.0,3,transformed_data__impute__quantile.csv
1276,XGBoost,36999.637209316534,36999.637209316534,192.3528975849247,1.0,4,transformed_data__impute__quantile.csv
1277,LightGBM,44310.32356395458,44310.32356395458,210.50017473616163,1.0,4,transformed_data__impute__quantile.csv
1278,XGBoost,18066.438314341718,18066.438314341718,134.41145157441653,1.0,5,transformed_data__impute__quantile.csv
1279,LightGBM,26887.490375522346,26887.490375522346,163.9740539705058,1.0,5,transformed_data__impute__quantile.csv
1280,XGBoost,3537.626388471056,3537.626388471055,59.477948758099046,1.0,1,transformed_data__impute__robust.csv
1281,LightGBM,3443.210513057379,3443.2105130573786,58.67887620820102,1.0,1,transformed_data__impute__robust.csv
1282,XGBoost,48199.64172926465,48199.641729264644,219.54416806024398,0.9999999999999999,2,transformed_data__impute__robust.csv
1283,LightGBM,63933.0472691096,63933.0472691096,252.84985123410613,0.9999999999999999,2,transformed_data__impute__robust.csv
1284,XGBoost,47186.2652436034,47186.2652436034,217.22399785383612,0.9999999999999998,3,transformed_data__impute__robust.csv
1285,LightGBM,55277.36432581909,55277.36432581909,235.11138706115256,0.9999999999999998,3,transformed_data__impute__robust.csv
1286,XGBoost,4613082.722309365,4613082.722309364,2147.8088188452352,1.0,4,transformed_data__impute__robust.csv
1287,LightGBM,4594462.60315205,4594462.60315205,2143.4697579280305,1.0,4,transformed_data__impute__robust.csv
1288,XGBoost,534585.8299858542,534585.8299858542,731.1537663076449,1.0,5,transformed_data__impute__robust.csv
1289,LightGBM,14518693.966614164,14518693.966614159,3810.340400359811,1.0,5,transformed_data__impute__robust.csv
1290,XGBoost,1231.1274907062038,1231.1274907062038,35.087426390463634,1.0,1,transformed_data__impute__robust.csv
1291,LightGBM,1241.1073522153845,1241.1073522153845,35.22935355943087,1.0,1,transformed_data__impute__robust.csv
1292,XGBoost,435.95406843480606,435.95406843480606,20.87951312734102,0.9999999999999998,2,transformed_data__impute__robust.csv
1293,LightGBM,63.846846557936736,63.84684655793675,7.990422176452051,0.9999999999999998,2,transformed_data__impute__robust.csv
1294,XGBoost,1498.8126832007615,1498.8126832007615,38.714502233668995,1.0,3,transformed_data__impute__robust.csv
1295,LightGBM,1307.7156015186233,1307.7156015186233,36.162350608313936,1.0,3,transformed_data__impute__robust.csv
1296,XGBoost,294.6651018319661,294.6651018319661,17.165812006193185,1.0,4,transformed_data__impute__robust.csv
1297,LightGBM,207.43076103027647,207.43076103027647,14.402456770644253,1.0,4,transformed_data__impute__robust.csv
1298,XGBoost,353.0941437367876,353.0941437367876,18.790799443791304,1.0,5,transformed_data__impute__robust.csv
1299,LightGBM,226.2297164504518,226.2297164504518,15.040934693377663,1.0,5,transformed_data__impute__robust.csv
1300,XGBoost,437.1153680468814,437.1153680468814,20.907304179326452,1.0,1,transformed_data__impute__robust.csv
1301,LightGBM,325.5262337716648,325.5262337716648,18.042345572892255,1.0,1,transformed_data__impute__robust.csv
1302,XGBoost,130.54774556583584,130.54774556583584,11.425749234331892,1.0,2,transformed_data__impute__robust.csv
1303,LightGBM,120.32404535446094,120.32404535446094,10.969231757714892,1.0,2,transformed_data__impute__robust.csv
1304,XGBoost,54.702966437046314,54.702966437046314,7.396145376954561,1.0,3,transformed_data__impute__robust.csv
1305,LightGBM,60.66447521404499,60.66447521404499,7.788740284156674,1.0,3,transformed_data__impute__robust.csv
1306,XGBoost,166.57881931139232,166.57881931139232,12.90654172547365,0.9999999999999998,4,transformed_data__impute__robust.csv
1307,LightGBM,172.0176320540274,172.0176320540274,13.11554924713515,0.9999999999999998,4,transformed_data__impute__robust.csv
1308,XGBoost,1393.4182890779953,1393.4182890779953,37.32851844204368,1.0,5,transformed_data__impute__robust.csv
1309,LightGBM,1532.0101322992327,1532.0101322992327,39.14090101542417,1.0,5,transformed_data__impute__robust.csv
1310,XGBoost,1038164.0548469892,1038164.0548469892,1018.9033589340008,1.0,1,transformed_data__impute__robust.csv
1311,LightGBM,1008691.072111678,1008691.0721116777,1004.3361350223729,1.0,1,transformed_data__impute__robust.csv
1312,XGBoost,30661.4758020446,30661.475802044606,175.1041855640367,1.0,2,transformed_data__impute__robust.csv
1313,LightGBM,33905.57088026982,33905.57088026982,184.13465420791877,1.0,2,transformed_data__impute__robust.csv
1314,XGBoost,24439.891049914768,24439.891049914768,156.33262951129163,1.0,3,transformed_data__impute__robust.csv
1315,LightGBM,19204.83075926559,19204.83075926559,138.58149501021265,1.0,3,transformed_data__impute__robust.csv
1316,XGBoost,45706.84510255339,45706.84510255339,213.79159268444909,1.0,4,transformed_data__impute__robust.csv
1317,LightGBM,44341.04730025479,44341.04730025479,210.57314002563288,1.0,4,transformed_data__impute__robust.csv
1318,XGBoost,16942.78643843283,16942.78643843283,130.16445919848024,1.0,5,transformed_data__impute__robust.csv
1319,LightGBM,18226.262958791667,18226.262958791667,135.00467754411943,1.0,5,transformed_data__impute__robust.csv
1320,XGBoost,2760.682643112819,11052.923508508538,52.542198689366046,0.09193950626653598,1,transformed_data__impute__robust__log_all__local_smooth.csv
1321,LightGBM,2710.0050840551144,11354.128319090398,52.057709170257525,0.09193950626653598,1,transformed_data__impute__robust__log_all__local_smooth.csv
1322,XGBoost,44852.442166055676,84266.5818528107,211.78395162536674,0.8178594066448444,2,transformed_data__impute__robust__log_all__local_smooth.csv
1323,LightGBM,58887.88267606193,102032.14306090264,242.66825642440736,0.8178594066448444,2,transformed_data__impute__robust__log_all__local_smooth.csv
1324,XGBoost,33006.81861977771,106711.99231534671,181.67778790974342,0.6651072670427699,3,transformed_data__impute__robust__log_all__local_smooth.csv
1325,LightGBM,40467.12246912164,118066.58790207548,201.16441650829213,0.6651072670427699,3,transformed_data__impute__robust__log_all__local_smooth.csv
1326,XGBoost,2528086.6797420955,1021444836.008041,1589.995811234135,0.8057695344137699,4,transformed_data__impute__robust__log_all__local_smooth.csv
1327,LightGBM,2453118.1372941616,1020088296.391665,1566.2433199519676,0.8057695344137699,4,transformed_data__impute__robust__log_all__local_smooth.csv
1328,XGBoost,2878963.249716927,2700350.2153067016,1696.7507918716074,0.9546863945284272,5,transformed_data__impute__robust__log_all__local_smooth.csv
1329,LightGBM,20692011.5251633,19916524.770021085,4548.847274328223,0.9546863945284272,5,transformed_data__impute__robust__log_all__local_smooth.csv
1330,XGBoost,504.0596303520175,5921.190852397433,22.451272354858144,0.2572240389548896,1,transformed_data__impute__robust__log_all__local_smooth.csv
1331,LightGBM,1046.3645825573215,8116.9564245720585,32.347559143733264,0.2572240389548896,1,transformed_data__impute__robust__log_all__local_smooth.csv
1332,XGBoost,410.22659167448995,4875.316602055279,20.25405124103546,0.4238137861999352,2,transformed_data__impute__robust__log_all__local_smooth.csv
1333,LightGBM,71.32091121416195,5625.3559409663585,8.445170881288428,0.4238137861999352,2,transformed_data__impute__robust__log_all__local_smooth.csv
1334,XGBoost,1439.0846984887874,14215.286060484164,37.935269848635414,0.3362741203930859,3,transformed_data__impute__robust__log_all__local_smooth.csv
1335,LightGBM,1337.4360466677292,13918.897941677016,36.57097273340879,0.3362741203930859,3,transformed_data__impute__robust__log_all__local_smooth.csv
1336,XGBoost,765.7936266290051,914.6369977536642,27.6729764685515,0.7821869745048324,4,transformed_data__impute__robust__log_all__local_smooth.csv
1337,LightGBM,643.4212506092209,802.4014196091831,25.36574955740951,0.7821869745048324,4,transformed_data__impute__robust__log_all__local_smooth.csv
1338,XGBoost,224.38808821008536,1508.5032196273726,14.979589053444869,0.3567023742647721,5,transformed_data__impute__robust__log_all__local_smooth.csv
1339,LightGBM,203.9587385794033,1444.9233281247707,14.281412345402092,0.3567023742647721,5,transformed_data__impute__robust__log_all__local_smooth.csv
1340,XGBoost,409.1054768286662,489.1951979048924,20.22635599480703,0.8237497319278683,1,transformed_data__impute__robust__log_all__local_smooth.csv
1341,LightGBM,413.6647361771588,497.3534842267416,20.338749621772692,0.8237497319278683,1,transformed_data__impute__robust__log_all__local_smooth.csv
1342,XGBoost,125.15754474739693,124.41327300735877,11.187383284191032,0.854714792894159,2,transformed_data__impute__robust__log_all__local_smooth.csv
1343,LightGBM,125.17219066211403,123.83382225513375,11.18803783789249,0.854714792894159,2,transformed_data__impute__robust__log_all__local_smooth.csv
1344,XGBoost,26.54484511790768,37.77180100164652,5.152168972181297,0.9668693126201108,3,transformed_data__impute__robust__log_all__local_smooth.csv
1345,LightGBM,71.15750546070353,87.09572873529277,8.435490825121176,0.9668693126201108,3,transformed_data__impute__robust__log_all__local_smooth.csv
1346,XGBoost,141.48270829739042,135.04877636012355,11.894650406690834,0.7551614514080667,4,transformed_data__impute__robust__log_all__local_smooth.csv
1347,LightGBM,156.57338576940674,154.35364993199286,12.51292874467871,0.7551614514080667,4,transformed_data__impute__robust__log_all__local_smooth.csv
1348,XGBoost,1323.5846490315864,1494.9758416588936,36.381102911148616,0.9970387863443176,5,transformed_data__impute__robust__log_all__local_smooth.csv
1349,LightGBM,1327.5976125350248,1500.7765124304194,36.436212928006455,0.9970387863443176,5,transformed_data__impute__robust__log_all__local_smooth.csv
1350,XGBoost,988788.0414220949,1133883.327121445,994.378218497416,0.24578139944212066,1,transformed_data__impute__robust__log_all__local_smooth.csv
1351,LightGBM,994466.3683836861,1148019.429859167,997.2293459298548,0.24578139944212066,1,transformed_data__impute__robust__log_all__local_smooth.csv
1352,XGBoost,300755.0033503806,5800776.078466365,548.4113450234054,0.4036406206852804,2,transformed_data__impute__robust__log_all__local_smooth.csv
1353,LightGBM,265520.9406324522,6668330.599375765,515.2872408981734,0.4036406206852804,2,transformed_data__impute__robust__log_all__local_smooth.csv
1354,XGBoost,30603.108865869042,11087631.593447234,174.93744272130263,-0.326910676885482,3,transformed_data__impute__robust__log_all__local_smooth.csv
1355,LightGBM,48373.900358798084,11182079.313413067,219.94067463477074,-0.326910676885482,3,transformed_data__impute__robust__log_all__local_smooth.csv
1356,XGBoost,6747.827187097665,777654.3715727236,82.14515924324247,0.587300252514106,4,transformed_data__impute__robust__log_all__local_smooth.csv
1357,LightGBM,7434.5365055614575,781009.0492931604,86.22375835905935,0.587300252514106,4,transformed_data__impute__robust__log_all__local_smooth.csv
1358,XGBoost,16200.902843170588,849769.1383193257,127.28276726709939,0.3701551459918584,5,transformed_data__impute__robust__log_all__local_smooth.csv
1359,LightGBM,26594.50904902111,818584.9017597057,163.07822984390378,0.3701551459918584,5,transformed_data__impute__robust__log_all__local_smooth.csv
1360,XGBoost,2.797496073314809e+25,2.121224389304925e+26,5289136104615.582,0.9999647605125224,1,transformed_data__impute__robust__power__relative_transform.csv
1361,LightGBM,3.5487495761792902e+25,1.931105834518606e+26,5957138219127.78,0.9999647605125224,1,transformed_data__impute__robust__power__relative_transform.csv
1362,XGBoost,2.6747813552937395e+24,1.6239873879381292e+25,1635475880376.6382,0.9979755067181509,2,transformed_data__impute__robust__power__relative_transform.csv
1363,LightGBM,6.792336225253394e+25,1.1312647527849737e+26,8241563095222.528,0.9979755067181509,2,transformed_data__impute__robust__power__relative_transform.csv
1364,XGBoost,2.351492952685796e+24,6.204834805083104e+25,1533457841835.1763,0.9988673144795297,3,transformed_data__impute__robust__power__relative_transform.csv
1365,LightGBM,5.405612150146457e+24,1.3266187192099795e+26,2324997236588.9937,0.9988673144795297,3,transformed_data__impute__robust__power__relative_transform.csv
1366,XGBoost,1.6729020028841233e+21,1.1096531500997781e+25,40901124714.17043,0.9999834423467998,4,transformed_data__impute__robust__power__relative_transform.csv
1367,LightGBM,6.510272404053839e+20,1.0864066021115797e+25,25515235456.593063,0.9999834423467998,4,transformed_data__impute__robust__power__relative_transform.csv
1368,XGBoost,7.8084430796344e+24,7.518090495909683e+24,2794359153658.384,0.9999966762074586,5,transformed_data__impute__robust__power__relative_transform.csv
1369,LightGBM,1.1757578913833e+25,4.440884461583457e+24,3428932620194.3657,0.9999966762074586,5,transformed_data__impute__robust__power__relative_transform.csv
1370,XGBoost,5.025115467807034e+32,6.75203024004886e+37,2.2416769320771972e+16,0.9844723582120363,1,transformed_data__impute__robust__power__relative_transform.csv
1371,LightGBM,4.459575018948628e+32,6.749854464532423e+37,2.111770588617198e+16,0.9844723582120363,1,transformed_data__impute__robust__power__relative_transform.csv
1372,XGBoost,3.0671917130474005e+33,2.5978644249043045e+38,5.538223282829431e+16,0.9999837500256997,2,transformed_data__impute__robust__power__relative_transform.csv
1373,LightGBM,7.018794632931591e+32,2.588559232451388e+38,2.649300781891628e+16,0.9999837500256997,2,transformed_data__impute__robust__power__relative_transform.csv
1374,XGBoost,5.38880462288195e+34,4.846488364245678e+38,2.3213798962862477e+17,0.9999920603506972,3,transformed_data__impute__robust__power__relative_transform.csv
1375,LightGBM,6.920998310004718e+34,4.819820617911942e+38,2.6307790310105328e+17,0.9999920603506972,3,transformed_data__impute__robust__power__relative_transform.csv
1376,XGBoost,1.549851348591339e+36,5.754182022380956e+38,1.2449302585250867e+18,0.9999259928117331,4,transformed_data__impute__robust__power__relative_transform.csv
1377,LightGBM,1.0786507811018085e+36,5.651722091585923e+38,1.0385811384296407e+18,0.9999259928117331,4,transformed_data__impute__robust__power__relative_transform.csv
1378,XGBoost,7.024056852660541e+37,6.658710070175543e+40,8.380964653702187e+18,0.9999966867443031,5,transformed_data__impute__robust__power__relative_transform.csv
1379,LightGBM,8.083363116663758e+37,5.792352353504061e+40,8.99075253616946e+18,0.9999966867443031,5,transformed_data__impute__robust__power__relative_transform.csv
1380,XGBoost,1430368311.0276206,280247691204.90063,37820.21035144597,0.09096405747936517,1,transformed_data__impute__robust__quantile__local_smooth.csv
1381,LightGBM,1491338634.243858,281584641456.1987,38617.853827522034,0.09096405747936517,1,transformed_data__impute__robust__quantile__local_smooth.csv
1382,XGBoost,41525211196.50353,297051583716.8929,203777.35692785773,0.804404233014686,2,transformed_data__impute__robust__quantile__local_smooth.csv
1383,LightGBM,44836611750.25637,288522689238.6844,211746.57435306095,0.804404233014686,2,transformed_data__impute__robust__quantile__local_smooth.csv
1384,XGBoost,92235446120.97682,547386885948.3351,303702.8911962756,0.6617451885480404,3,transformed_data__impute__robust__quantile__local_smooth.csv
1385,LightGBM,96849688140.95805,493650542571.00055,311206.8253444292,0.6617451885480404,3,transformed_data__impute__robust__quantile__local_smooth.csv
1386,XGBoost,2444828723083.535,1032739452985.9244,1563594.8078333898,0.6346865026455042,4,transformed_data__impute__robust__quantile__local_smooth.csv
1387,LightGBM,2368153076601.062,1075900412698.3551,1538880.4620895875,0.6346865026455042,4,transformed_data__impute__robust__quantile__local_smooth.csv
1388,XGBoost,8207788413726.338,9959656598626.428,2864923.8059198605,0.9537185242485168,5,transformed_data__impute__robust__quantile__local_smooth.csv
1389,LightGBM,9331808063954.857,8063561131396.113,3054800.822304927,0.9537185242485168,5,transformed_data__impute__robust__quantile__local_smooth.csv
1390,XGBoost,1310933.4205367437,3685783.7833858603,1144.9600082696093,0.30317755813356,1,transformed_data__impute__robust__quantile__local_smooth.csv
1391,LightGBM,1765924.6030292294,2955884.055586502,1328.8809589384707,0.30317755813356,1,transformed_data__impute__robust__quantile__local_smooth.csv
1392,XGBoost,70393.20553962367,12322337.016547063,265.31717912646303,0.4029739829093848,2,transformed_data__impute__robust__quantile__local_smooth.csv
1393,LightGBM,91036.79503518173,10137901.427539123,301.7230435932624,0.4029739829093848,2,transformed_data__impute__robust__quantile__local_smooth.csv
1394,XGBoost,2131677.906675985,12833481.510168947,1460.026680124711,0.33792933895287935,3,transformed_data__impute__robust__quantile__local_smooth.csv
1395,LightGBM,2202123.966101608,13018192.704810277,1483.955513518383,0.33792933895287935,3,transformed_data__impute__robust__quantile__local_smooth.csv
1396,XGBoost,180925.17959305298,4478284.1621,425.3530058587255,0.8014532033980901,4,transformed_data__impute__robust__quantile__local_smooth.csv
1397,LightGBM,223220.12711794203,4700446.70757588,472.46177318164274,0.8014532033980901,4,transformed_data__impute__robust__quantile__local_smooth.csv
1398,XGBoost,492819.597604355,4806504.373987981,702.0111093169074,0.35582486540733854,5,transformed_data__impute__robust__quantile__local_smooth.csv
1399,LightGBM,319556.398380154,5504073.921348078,565.2931968281185,0.35582486540733854,5,transformed_data__impute__robust__quantile__local_smooth.csv
1400,XGBoost,676214.0305796436,60967789.971821636,822.3223398276637,0.8166861787708193,1,transformed_data__impute__robust__quantile__local_smooth.csv
1401,LightGBM,712996.1751850295,60246748.811718404,844.3910084700271,0.8166861787708193,1,transformed_data__impute__robust__quantile__local_smooth.csv
1402,XGBoost,178492.77543514196,75983898.13742422,422.48405346846164,0.8560655748453397,2,transformed_data__impute__robust__quantile__local_smooth.csv
1403,LightGBM,177439.77817587234,76008965.32524364,421.23601243943085,0.8560655748453397,2,transformed_data__impute__robust__quantile__local_smooth.csv
1404,XGBoost,77293.33964517608,86135144.8225426,278.01679741550885,0.962677505330033,3,transformed_data__impute__robust__quantile__local_smooth.csv
1405,LightGBM,135493.07261813025,84701521.70852429,368.09383670217875,0.962677505330033,3,transformed_data__impute__robust__quantile__local_smooth.csv
1406,XGBoost,313618.8447147897,92034855.38132747,560.016825385443,0.7562866561833488,4,transformed_data__impute__robust__quantile__local_smooth.csv
1407,LightGBM,308161.050120601,92230151.21607406,555.1225541451194,0.7562866561833488,4,transformed_data__impute__robust__quantile__local_smooth.csv
1408,XGBoost,2167125.1952387514,104338816.43843167,1472.1158905598265,0.9965849219653228,5,transformed_data__impute__robust__quantile__local_smooth.csv
1409,LightGBM,2180781.4499738743,104592336.63582867,1476.7469146654325,0.9965849219653228,5,transformed_data__impute__robust__quantile__local_smooth.csv
1410,XGBoost,403864324123.46783,1364912438606.0825,635503.2054391762,0.23974958914987363,1,transformed_data__impute__robust__quantile__local_smooth.csv
1411,LightGBM,406492021053.9216,1431576746015.7341,637567.2678658477,0.23974958914987363,1,transformed_data__impute__robust__quantile__local_smooth.csv
1412,XGBoost,13006274557.705006,148016589691.53033,114045.05494630184,0.4019579057416494,2,transformed_data__impute__robust__quantile__local_smooth.csv
1413,LightGBM,4847441108.5426855,176320201433.69888,69623.56719202691,0.4019579057416494,2,transformed_data__impute__robust__quantile__local_smooth.csv
1414,XGBoost,14593909148.231268,345945013664.83813,120805.25298277086,-0.25296236224350205,3,transformed_data__impute__robust__quantile__local_smooth.csv
1415,LightGBM,12365709332.073427,361122330143.22473,111201.21101891574,-0.25296236224350205,3,transformed_data__impute__robust__quantile__local_smooth.csv
1416,XGBoost,10122546637.769932,539503836716.3675,100610.86739398449,0.5901670015072661,4,transformed_data__impute__robust__quantile__local_smooth.csv
1417,LightGBM,11588173545.893944,533770245405.91956,107648.37920699941,0.5901670015072661,4,transformed_data__impute__robust__quantile__local_smooth.csv
1418,XGBoost,9216529569.08659,776618350232.6794,96002.75813270465,0.36821664217376093,5,transformed_data__impute__robust__quantile__local_smooth.csv
1419,LightGBM,17524971620.91926,697352291932.0586,132381.91576238524,0.36821664217376093,5,transformed_data__impute__robust__quantile__local_smooth.csv
1420,XGBoost,224.63665153076835,52116.541432602084,14.987883490699023,-4.4335775897361754e-16,1,transformed_data__impute__robust__sliding_window_log.csv
1421,LightGBM,17.274062902441745,57086.427976297484,4.156207754966268,-4.4335775897361754e-16,1,transformed_data__impute__robust__sliding_window_log.csv
1422,XGBoost,128874.8670671219,249783.0287962047,358.9914582091361,0.8554049605775109,2,transformed_data__impute__robust__sliding_window_log.csv
1423,LightGBM,133085.45578591913,255614.34093721982,364.8087934602442,0.8554049605775109,2,transformed_data__impute__robust__sliding_window_log.csv
1424,XGBoost,21519.22378972578,69488.35308365783,146.69432091845198,0.9690920080562387,3,transformed_data__impute__robust__sliding_window_log.csv
1425,LightGBM,60318.19799617619,128637.58188064003,245.59763434564306,0.9690920080562387,3,transformed_data__impute__robust__sliding_window_log.csv
1426,XGBoost,5807.487983173934,4974449.688528348,76.20687621976073,0.9815489679120073,4,transformed_data__impute__robust__sliding_window_log.csv
1427,LightGBM,3650.7169534219943,4954000.371485656,60.421163125365226,0.9815489679120073,4,transformed_data__impute__robust__sliding_window_log.csv
1428,XGBoost,568236.7108391778,29698347.234311573,753.8147722346504,-0.39503029121231426,5,transformed_data__impute__robust__sliding_window_log.csv
1429,LightGBM,580468.0819173147,29833449.496715955,761.8845594427772,-0.39503029121231426,5,transformed_data__impute__robust__sliding_window_log.csv
1430,XGBoost,1058.1369155549667,2140.5742556172163,32.529016516872545,0.4792102716537082,1,transformed_data__impute__robust__sliding_window_log.csv
1431,LightGBM,1142.3543707467145,2252.499800650108,33.798733271333035,0.4792102716537082,1,transformed_data__impute__robust__sliding_window_log.csv
1432,XGBoost,44.00543530850414,796.0465362246488,6.633659269852812,0.9431414046002807,2,transformed_data__impute__robust__sliding_window_log.csv
1433,LightGBM,25.69874489402367,711.320127511706,5.069392951234267,0.9431414046002807,2,transformed_data__impute__robust__sliding_window_log.csv
1434,XGBoost,109.74801219450748,367.3255345061357,10.476068546668998,0.9487744459862182,3,transformed_data__impute__robust__sliding_window_log.csv
1435,LightGBM,94.53612681149323,435.44466920785135,9.72296903273343,0.9487744459862182,3,transformed_data__impute__robust__sliding_window_log.csv
1436,XGBoost,87.47027175314909,397.18553367770903,9.352554290307493,0.1474985164102111,4,transformed_data__impute__robust__sliding_window_log.csv
1437,LightGBM,73.06298062850436,340.0993291993069,8.547688613216112,0.1474985164102111,4,transformed_data__impute__robust__sliding_window_log.csv
1438,XGBoost,170.64202604639337,601.0194965719022,13.063002183510243,0.5724874008818047,5,transformed_data__impute__robust__sliding_window_log.csv
1439,LightGBM,100.75881042040122,455.16595988585834,10.037868818648768,0.5724874008818047,5,transformed_data__impute__robust__sliding_window_log.csv
1440,XGBoost,3.673946775773087e-11,160.0813158311242,6.061309079541388e-06,,1,transformed_data__impute__robust__sliding_window_log.csv
1441,LightGBM,1.7265089902446304e-14,160.08116948776942,1.3139668908479507e-07,,1,transformed_data__impute__robust__sliding_window_log.csv
1442,XGBoost,399.59703465213124,718.1480896613072,19.989923327820225,0.8665803002361251,2,transformed_data__impute__robust__sliding_window_log.csv
1443,LightGBM,399.5968607374357,718.1477637182792,19.989918977760656,0.8665803002361251,2,transformed_data__impute__robust__sliding_window_log.csv
1444,XGBoost,38.15122199699668,76.43606823314205,6.176667547876985,0.9783373645376595,3,transformed_data__impute__robust__sliding_window_log.csv
1445,LightGBM,31.284745088579648,65.93541368935514,5.593276775610129,0.9783373645376595,3,transformed_data__impute__robust__sliding_window_log.csv
1446,XGBoost,48.255190421502085,483.8289269238705,6.946595599392705,0.9852298600672967,4,transformed_data__impute__robust__sliding_window_log.csv
1447,LightGBM,5.895109538275041,306.32862893981854,2.427984665988449,0.9852298600672967,4,transformed_data__impute__robust__sliding_window_log.csv
1448,XGBoost,216.21213314425387,3186.9737605899245,14.704153601763478,0.4468039897814654,5,transformed_data__impute__robust__sliding_window_log.csv
1449,LightGBM,217.67823873812267,3161.7624090767363,14.753922825408932,0.4468039897814654,5,transformed_data__impute__robust__sliding_window_log.csv
1450,XGBoost,35126.08199630098,343373.7623855741,187.4195347243744,0.8000048433116872,1,transformed_data__impute__robust__sliding_window_log.csv
1451,LightGBM,50392.449847972784,378528.28695323557,224.4826270515667,0.8000048433116872,1,transformed_data__impute__robust__sliding_window_log.csv
1452,XGBoost,3032.1641861398207,234300.48676958858,55.06509044884809,,2,transformed_data__impute__robust__sliding_window_log.csv
1453,LightGBM,1920.1071312391518,220756.4628833296,43.819027045784026,,2,transformed_data__impute__robust__sliding_window_log.csv
1454,XGBoost,8943.82082504909,15055.372474692762,94.57177604893063,0.06349442417541615,3,transformed_data__impute__robust__sliding_window_log.csv
1455,LightGBM,8623.202474381966,16055.750587285791,92.86120004814694,0.06349442417541615,3,transformed_data__impute__robust__sliding_window_log.csv
1456,XGBoost,19732.944163715267,45860.11524826749,140.4739981765852,0.62824712753385,4,transformed_data__impute__robust__sliding_window_log.csv
1457,LightGBM,13170.265296532783,35993.86016166885,114.76177628693617,0.62824712753385,4,transformed_data__impute__robust__sliding_window_log.csv
1458,XGBoost,18655.395314008176,117776.38306667513,136.58475505710064,0.5176419154716058,5,transformed_data__impute__robust__sliding_window_log.csv
1459,LightGBM,15398.390595384957,108821.01759563197,124.09025181449572,0.5176419154716058,5,transformed_data__impute__robust__sliding_window_log.csv
1460,XGBoost,3372.1789662999545,3372.178966299955,58.07046552508387,1.0,1,transformed_data__impute__scale.csv
1461,LightGBM,3400.41685322688,3400.4168532268814,58.31309332582932,1.0,1,transformed_data__impute__scale.csv
1462,XGBoost,49938.04511045781,49938.045110457795,223.4682194641059,1.0,2,transformed_data__impute__scale.csv
1463,LightGBM,64568.501848637105,64568.50184863711,254.10332907822578,1.0,2,transformed_data__impute__scale.csv
1464,XGBoost,49615.55934872249,49615.55934872247,222.74550354321968,1.0,3,transformed_data__impute__scale.csv
1465,LightGBM,55407.59885940315,55407.59885940313,235.3881875953064,1.0,3,transformed_data__impute__scale.csv
1466,XGBoost,4625312.241276633,4625312.241276633,2150.653910157707,0.9999999999999999,4,transformed_data__impute__scale.csv
1467,LightGBM,4586494.8064643275,4586494.8064643275,2141.6103302105003,0.9999999999999999,4,transformed_data__impute__scale.csv
1468,XGBoost,554412.9646248472,554412.964624847,744.5891247022395,1.0,5,transformed_data__impute__scale.csv
1469,LightGBM,13414699.764054222,13414699.764054222,3662.6083279616755,1.0,5,transformed_data__impute__scale.csv
1470,XGBoost,1240.229716311888,1240.2297163118876,35.21689532471436,0.9999999999999999,1,transformed_data__impute__scale.csv
1471,LightGBM,1471.6896046409727,1471.6896046409724,38.36260685408348,0.9999999999999999,1,transformed_data__impute__scale.csv
1472,XGBoost,441.9614959439896,441.9614959439896,21.022880296096194,1.0,2,transformed_data__impute__scale.csv
1473,LightGBM,65.42815176663032,65.42815176663032,8.088767011518524,1.0,2,transformed_data__impute__scale.csv
1474,XGBoost,1510.4522765936404,1510.4522765936404,38.864537519358706,1.0,3,transformed_data__impute__scale.csv
1475,LightGBM,1297.1765238920798,1297.1765238920798,36.01633690274567,1.0,3,transformed_data__impute__scale.csv
1476,XGBoost,292.5536271196796,292.5536271196796,17.104199107812082,1.0,4,transformed_data__impute__scale.csv
1477,LightGBM,205.37295188493707,205.37295188493704,14.33083918983592,1.0,4,transformed_data__impute__scale.csv
1478,XGBoost,360.93219165165067,360.93219165165067,18.998215485977905,1.0,5,transformed_data__impute__scale.csv
1479,LightGBM,235.1643850151399,235.1643850151399,15.335070427459403,1.0,5,transformed_data__impute__scale.csv
1480,XGBoost,434.7571569831719,434.7571569831719,20.850831086150304,1.0,1,transformed_data__impute__scale.csv
1481,LightGBM,328.0658567803035,328.0658567803035,18.112588351207663,1.0,1,transformed_data__impute__scale.csv
1482,XGBoost,130.64580580720843,130.64580580720843,11.430039624043673,1.0,2,transformed_data__impute__scale.csv
1483,LightGBM,122.88803577701431,122.88803577701431,11.085487620173247,1.0,2,transformed_data__impute__scale.csv
1484,XGBoost,54.62803170722968,54.62803170722968,7.391077844755099,1.0,3,transformed_data__impute__scale.csv
1485,LightGBM,59.3656709690595,59.3656709690595,7.704912132468449,1.0,3,transformed_data__impute__scale.csv
1486,XGBoost,165.19566346392972,165.19566346392972,12.852846512112782,0.9999999999999998,4,transformed_data__impute__scale.csv
1487,LightGBM,167.43544722878738,167.43544722878738,12.939684974093742,0.9999999999999998,4,transformed_data__impute__scale.csv
1488,XGBoost,1387.6222791841953,1387.6222791841953,37.250802396514835,1.0,5,transformed_data__impute__scale.csv
1489,LightGBM,1517.058161472342,1517.058161472342,38.94943082347086,1.0,5,transformed_data__impute__scale.csv
1490,XGBoost,1036635.3471050184,1036635.3471050184,1018.1529094910147,1.0,1,transformed_data__impute__scale.csv
1491,LightGBM,1040928.7021983236,1040928.7021983236,1020.2591348271886,1.0,1,transformed_data__impute__scale.csv
1492,XGBoost,30128.10520069984,30128.10520069984,173.57449467217194,1.0,2,transformed_data__impute__scale.csv
1493,LightGBM,26314.941266130867,26314.941266130867,162.21880675843622,1.0,2,transformed_data__impute__scale.csv
1494,XGBoost,24003.644003976133,24003.644003976133,154.93109437416408,1.0,3,transformed_data__impute__scale.csv
1495,LightGBM,17758.655598126606,17758.655598126606,133.26160586653083,1.0,3,transformed_data__impute__scale.csv
1496,XGBoost,46046.95155757612,46046.95155757612,214.58553436235192,1.0,4,transformed_data__impute__scale.csv
1497,LightGBM,47437.376132264944,47437.376132264944,217.801230786846,1.0,4,transformed_data__impute__scale.csv
1498,XGBoost,16799.4901175538,16799.4901175538,129.61284703899454,1.0,5,transformed_data__impute__scale.csv
1499,LightGBM,19091.84220646011,19091.84220646011,138.1732325975625,1.0,5,transformed_data__impute__scale.csv
1500,XGBoost,41.179463192210214,1962123.700112752,6.417122656783975,0.2948328830636536,1,transformed_data__impute__scale__adf__local_smooth.csv
1501,LightGBM,35.20423245432915,1962068.169359919,5.933315468970881,0.2948328830636536,1,transformed_data__impute__scale__adf__local_smooth.csv
1502,XGBoost,24.08211827011622,1215633.19680576,4.907353489419345,0.06244925965786602,2,transformed_data__impute__scale__adf__local_smooth.csv
1503,LightGBM,19.623723800188966,1216835.9588119239,4.42986724408181,0.06244925965786602,2,transformed_data__impute__scale__adf__local_smooth.csv
1504,XGBoost,4.816690355418461,617720.2404225742,2.194695959676069,0.09563852447813424,3,transformed_data__impute__scale__adf__local_smooth.csv
1505,LightGBM,4.560160796708922,619318.7801934442,2.135453300053392,0.09563852447813424,3,transformed_data__impute__scale__adf__local_smooth.csv
1506,XGBoost,110230.28373324277,1008560939.4836491,332.0094633188078,0.10044991797726727,4,transformed_data__impute__scale__adf__local_smooth.csv
1507,LightGBM,109399.58999244898,1008506153.8890364,330.75608836792253,0.10044991797726727,4,transformed_data__impute__scale__adf__local_smooth.csv
1508,XGBoost,425872.9821892628,15693774.139242513,652.5894438230386,0.4657264919102664,5,transformed_data__impute__scale__adf__local_smooth.csv
1509,LightGBM,71093.47974411004,18710963.452568036,266.633605804126,0.4657264919102664,5,transformed_data__impute__scale__adf__local_smooth.csv
1510,XGBoost,34.33125804126358,5853.432637573979,5.859288185544689,0.21512061847437078,1,transformed_data__impute__scale__adf__local_smooth.csv
1511,LightGBM,38.58992671222537,5831.028040411627,6.212079097389647,0.21512061847437078,1,transformed_data__impute__scale__adf__local_smooth.csv
1512,XGBoost,4.765366030697807,6798.403176771202,2.182971834609372,0.07899356651748546,2,transformed_data__impute__scale__adf__local_smooth.csv
1513,LightGBM,12.306363118117247,7056.765976900042,3.5080426334520576,0.07899356651748546,2,transformed_data__impute__scale__adf__local_smooth.csv
1514,XGBoost,3.9559899746233094,11929.71741384395,1.9889670622268507,-0.05698015838672683,3,transformed_data__impute__scale__adf__local_smooth.csv
1515,LightGBM,4.538683879341972,11920.845980145017,2.1304187098647938,-0.05698015838672683,3,transformed_data__impute__scale__adf__local_smooth.csv
1516,XGBoost,4.0975344661544755,335.43572095132936,2.0242367613879746,0.5363033100573422,4,transformed_data__impute__scale__adf__local_smooth.csv
1517,LightGBM,4.354729598979838,337.2156161104591,2.0867988880052235,0.5363033100573422,4,transformed_data__impute__scale__adf__local_smooth.csv
1518,XGBoost,6.222996005287288,1590.013665676109,2.4945933546947665,0.09563090032370167,5,transformed_data__impute__scale__adf__local_smooth.csv
1519,LightGBM,7.363887432001664,1590.6716731522736,2.713648361892466,0.09563090032370167,5,transformed_data__impute__scale__adf__local_smooth.csv
1520,XGBoost,194529.32431442133,71366822191.67526,441.05478606905666,-0.18811381224097687,1,transformed_data__impute__scale__adf__local_smooth.csv
1521,LightGBM,70106.41186321797,71363034994.38431,264.77615425717244,-0.18811381224097687,1,transformed_data__impute__scale__adf__local_smooth.csv
1522,XGBoost,1094667.8841443406,10253921099.173407,1046.263773693967,-0.28680085541103,2,transformed_data__impute__scale__adf__local_smooth.csv
1523,LightGBM,169332057.33693534,11826929035.805796,13012.765168746238,-0.28680085541103,2,transformed_data__impute__scale__adf__local_smooth.csv
1524,XGBoost,327172955.86809134,250230643575.6599,18087.922928520326,-0.9947762625786206,3,transformed_data__impute__scale__adf__local_smooth.csv
1525,LightGBM,40878549.06825258,226345887921.84366,6393.633479349014,-0.9947762625786206,3,transformed_data__impute__scale__adf__local_smooth.csv
1526,XGBoost,341524361.4514165,4961805147887.721,18480.377741037017,-0.9998959903573021,4,transformed_data__impute__scale__adf__local_smooth.csv
1527,LightGBM,7541871019.11127,4661926284578.251,86843.94635846111,-0.9998959903573021,4,transformed_data__impute__scale__adf__local_smooth.csv
1528,XGBoost,4005353969.7861238,13690770790785.988,63287.865896916795,-0.9999546789157274,5,transformed_data__impute__scale__adf__local_smooth.csv
1529,LightGBM,15126490830.667065,14136139282600.697,122989.7997017113,-0.9999546789157274,5,transformed_data__impute__scale__adf__local_smooth.csv
1530,XGBoost,765.7147273660587,580970.4125210866,27.67155086665832,-0.0063701554294230715,1,transformed_data__impute__scale__adf__local_smooth.csv
1531,LightGBM,800.5975320438586,582096.629646424,28.29483224979181,-0.0063701554294230715,1,transformed_data__impute__scale__adf__local_smooth.csv
1532,XGBoost,465.9525091438077,5791615.761839854,21.58593313118077,0.5061689966536228,2,transformed_data__impute__scale__adf__local_smooth.csv
1533,LightGBM,565.4059426953443,5779684.869125636,23.778266183541312,0.5061689966536228,2,transformed_data__impute__scale__adf__local_smooth.csv
1534,XGBoost,351.57886238038157,11102058.135958465,18.75043632506672,0.19068001415502825,3,transformed_data__impute__scale__adf__local_smooth.csv
1535,LightGBM,382.46228408975526,11109909.911880814,19.55664296574837,0.19068001415502825,3,transformed_data__impute__scale__adf__local_smooth.csv
1536,XGBoost,1078.4207381755064,768350.5322784305,32.83931695659193,0.5436841223611906,4,transformed_data__impute__scale__adf__local_smooth.csv
1537,LightGBM,1211.4591710526115,767584.3414258998,34.80602205154464,0.5436841223611906,4,transformed_data__impute__scale__adf__local_smooth.csv
1538,XGBoost,631.7722132189735,810524.7445801015,25.13507933584005,0.28794592467014357,5,transformed_data__impute__scale__adf__local_smooth.csv
1539,LightGBM,840.686199100866,818089.9439599531,28.99458913488629,0.28794592467014357,5,transformed_data__impute__scale__adf__local_smooth.csv
1540,XGBoost,53581351701.26667,5398324616387.471,231476.4603610196,0.37554923798174755,1,transformed_data__impute__scale__adf__power__sliding_window_log.csv
1541,LightGBM,25642518532.065548,5777272442576.232,160132.81528801506,0.37554923798174755,1,transformed_data__impute__scale__adf__power__sliding_window_log.csv
1542,XGBoost,72734115594.41971,5444941601352.211,269692.6317021281,0.013803972971632925,2,transformed_data__impute__scale__adf__power__sliding_window_log.csv
1543,LightGBM,44424338405.109955,5778631603243.076,210770.8196243255,0.013803972971632925,2,transformed_data__impute__scale__adf__power__sliding_window_log.csv
1544,XGBoost,23462550911.003193,6012282296935.633,153174.90300634498,-0.19350051941764482,3,transformed_data__impute__scale__adf__power__sliding_window_log.csv
1545,LightGBM,24139798146.31301,6080286338267.421,155369.87528576129,-0.19350051941764482,3,transformed_data__impute__scale__adf__power__sliding_window_log.csv
1546,XGBoost,54407829228.75848,6114660273372.166,233254.85896066233,0.38789375979267554,4,transformed_data__impute__scale__adf__power__sliding_window_log.csv
1547,LightGBM,40488577192.188614,6255668139209.98,201217.73577940045,0.38789375979267554,4,transformed_data__impute__scale__adf__power__sliding_window_log.csv
1548,XGBoost,65348912068.55959,5833535969858.124,255634.33272657174,0.16430367810506785,5,transformed_data__impute__scale__adf__power__sliding_window_log.csv
1549,LightGBM,50007570652.359375,5984615823586.452,223623.72560253838,0.16430367810506785,5,transformed_data__impute__scale__adf__power__sliding_window_log.csv
1550,XGBoost,8209.84894845667,2416175.8907843283,90.60821678223598,0.42145270264855694,1,transformed_data__impute__scale__adf__power__sliding_window_log.csv
1551,LightGBM,5013.2523241354675,2448875.253153158,70.80432419093813,0.42145270264855694,1,transformed_data__impute__scale__adf__power__sliding_window_log.csv
1552,XGBoost,5474.1470888079475,2512368.334189843,73.98747927053569,0.402520676265949,2,transformed_data__impute__scale__adf__power__sliding_window_log.csv
1553,LightGBM,6769.033603969285,2496916.296098696,82.27413690807875,0.402520676265949,2,transformed_data__impute__scale__adf__power__sliding_window_log.csv
1554,XGBoost,10323.016348209736,2491913.094495528,101.6022457832982,0.13470610648689005,3,transformed_data__impute__scale__adf__power__sliding_window_log.csv
1555,LightGBM,8489.911794424155,2553378.889677925,92.1407173535357,0.13470610648689005,3,transformed_data__impute__scale__adf__power__sliding_window_log.csv
1556,XGBoost,5383.929111937179,2456547.308114976,73.37526226145417,-0.0688832907086004,4,transformed_data__impute__scale__adf__power__sliding_window_log.csv
1557,LightGBM,3273.7817578288455,2515820.0914505697,57.21697089001519,-0.0688832907086004,4,transformed_data__impute__scale__adf__power__sliding_window_log.csv
1558,XGBoost,10562.962520877509,2440134.0839633504,102.7762741145908,0.07263366205381411,5,transformed_data__impute__scale__adf__power__sliding_window_log.csv
1559,LightGBM,9738.95913971118,2517685.941966758,98.68616488500898,0.07263366205381411,5,transformed_data__impute__scale__adf__power__sliding_window_log.csv
1560,XGBoost,1931849120674.46,54722019783280.055,1389909.7527085922,0.26859908582172937,1,transformed_data__impute__scale__adf__power__sliding_window_log.csv
1561,LightGBM,1899116602967.2383,54896846496464.35,1378084.3961700017,0.26859908582172937,1,transformed_data__impute__scale__adf__power__sliding_window_log.csv
1562,XGBoost,2405590669536.3794,164423897000504.2,1550996.6697373593,0.20709987479279146,2,transformed_data__impute__scale__adf__power__sliding_window_log.csv
1563,LightGBM,1435262061770.1558,173599213000622.78,1198024.2325471367,0.20709987479279146,2,transformed_data__impute__scale__adf__power__sliding_window_log.csv
1564,XGBoost,18000117869481.395,8.27317107904326e+16,4242654.578148142,-0.8940152387461408,3,transformed_data__impute__scale__adf__power__sliding_window_log.csv
1565,LightGBM,875981635517037.9,6.441018442591194e+16,29596986.93308219,-0.8940152387461408,3,transformed_data__impute__scale__adf__power__sliding_window_log.csv
1566,XGBoost,5948743258727817.0,5.003459619389862e+16,77128096.42878409,0.7816664084903813,4,transformed_data__impute__scale__adf__power__sliding_window_log.csv
1567,LightGBM,1.2571532773636406e+16,6.6914752758848936e+16,112122846.79598714,0.7816664084903813,4,transformed_data__impute__scale__adf__power__sliding_window_log.csv
1568,XGBoost,2.5430582613199788e+16,1.9803603170436037e+18,159469691.83264822,0.9999993395683785,5,transformed_data__impute__scale__adf__power__sliding_window_log.csv
1569,LightGBM,6.141688625730511e+16,1.7394923378536323e+18,247824305.21905053,0.9999993395683785,5,transformed_data__impute__scale__adf__power__sliding_window_log.csv
1570,XGBoost,3751967186.6081877,292091766961.3704,61253.303475063185,0.17887249593404614,1,transformed_data__impute__scale__adf__power__sliding_window_log.csv
1571,LightGBM,8442153672.26404,306441151599.88586,91881.19324575644,0.17887249593404614,1,transformed_data__impute__scale__adf__power__sliding_window_log.csv
1572,XGBoost,2121483001.4116821,309992063399.5484,46059.55928373265,0.40465009864617435,2,transformed_data__impute__scale__adf__power__sliding_window_log.csv
1573,LightGBM,1598278058.0538006,333674626733.92163,39978.46993137432,0.40465009864617435,2,transformed_data__impute__scale__adf__power__sliding_window_log.csv
1574,XGBoost,774605387.7023172,327062194973.17206,27831.733465638055,0.28037458182966934,3,transformed_data__impute__scale__adf__power__sliding_window_log.csv
1575,LightGBM,2441659081.0460916,337819750838.0778,49413.14684419615,0.28037458182966934,3,transformed_data__impute__scale__adf__power__sliding_window_log.csv
1576,XGBoost,346561924.8511386,324177351136.01404,18616.173743579497,0.06247958276128779,4,transformed_data__impute__scale__adf__power__sliding_window_log.csv
1577,LightGBM,2950990636.3398795,295802998618.52234,54323.021237223904,0.06247958276128779,4,transformed_data__impute__scale__adf__power__sliding_window_log.csv
1578,XGBoost,4197444417.912693,305395972581.77484,64787.68724003577,-0.02776600345753079,5,transformed_data__impute__scale__adf__power__sliding_window_log.csv
1579,LightGBM,4992815835.5253315,302652612729.92957,70659.86014368647,-0.02776600345753079,5,transformed_data__impute__scale__adf__power__sliding_window_log.csv
1580,XGBoost,1.5914242212876746e+17,694142473591810.0,398926587.39267737,0.9998203088685772,1,transformed_data__impute__scale__adf__soft_clipping.csv
1581,LightGBM,1.832830761584878e+17,3081532972897889.0,428115727.5299376,0.9998203088685772,1,transformed_data__impute__scale__adf__soft_clipping.csv
1582,XGBoost,3816586335478965.5,8387058844084370.0,61778526.491645664,0.7369842539767454,2,transformed_data__impute__scale__adf__soft_clipping.csv
1583,LightGBM,4.965236628999511e+16,8.561628870368744e+16,222828109.29053614,0.7369842539767454,2,transformed_data__impute__scale__adf__soft_clipping.csv
1584,XGBoost,5.554461359240292e+17,7.611445196189606e+16,745282587.9651484,0.982713103118576,3,transformed_data__impute__scale__adf__soft_clipping.csv
1585,LightGBM,4.762210098589712e+17,4.857417556195718e+16,690087682.7323983,0.982713103118576,3,transformed_data__impute__scale__adf__soft_clipping.csv
1586,XGBoost,4.784605316901189e+18,1.3893337825184307e+17,2187374068.8097196,0.9736217074946925,4,transformed_data__impute__scale__adf__soft_clipping.csv
1587,LightGBM,5.760998841357599e+18,2.9577856029321572e+16,2400208082.928978,0.9736217074946925,4,transformed_data__impute__scale__adf__soft_clipping.csv
1588,XGBoost,1.0759917831702942e+21,4.151804171023568e+19,32802313686.237045,-0.9999925012389532,5,transformed_data__impute__scale__adf__soft_clipping.csv
1589,LightGBM,1.1495949154761552e+23,1.431127946172407e+23,339056767441.11084,-0.9999925012389532,5,transformed_data__impute__scale__adf__soft_clipping.csv
1590,XGBoost,97136592376110.69,536356259505272.6,9855789.789565861,-0.9833872864122097,1,transformed_data__impute__scale__adf__soft_clipping.csv
1591,LightGBM,830602784543666.4,1780470190349392.8,28820180.16154074,-0.9833872864122097,1,transformed_data__impute__scale__adf__soft_clipping.csv
1592,XGBoost,28551803424771.223,244775958696189.5,5343388.758528732,0.9890148873175936,2,transformed_data__impute__scale__adf__soft_clipping.csv
1593,LightGBM,362302045908312.9,1088004046991189.5,19034233.525632516,0.9890148873175936,2,transformed_data__impute__scale__adf__soft_clipping.csv
1594,XGBoost,2478154235601017.5,99128785931187.42,49781063.02200685,0.9977819669469623,3,transformed_data__impute__scale__adf__soft_clipping.csv
1595,LightGBM,2125630805798445.2,198594070463513.2,46104563.82830712,0.9977819669469623,3,transformed_data__impute__scale__adf__soft_clipping.csv
1596,XGBoost,163561972449623.3,2363954680763.594,12789134.93750157,0.9999538170422518,4,transformed_data__impute__scale__adf__soft_clipping.csv
1597,LightGBM,283400068214.1519,138470442992384.05,532353.3302367441,0.9999538170422518,4,transformed_data__impute__scale__adf__soft_clipping.csv
1598,XGBoost,3832486089782077.5,163188536805567.5,61907076.24966695,0.999999991167467,5,transformed_data__impute__scale__adf__soft_clipping.csv
1599,LightGBM,373232187296104.56,888835375991316.8,19319218.0819024,0.999999991167467,5,transformed_data__impute__scale__adf__soft_clipping.csv
1600,XGBoost,6348278.882947013,351411309.52884626,2519.579108293092,0.2640378543460341,1,transformed_data__impute__scale__adf__soft_clipping.csv
1601,LightGBM,9042912632.947035,6226075430.444867,95094.23028211037,0.2640378543460341,1,transformed_data__impute__scale__adf__soft_clipping.csv
1602,XGBoost,90008619989.68456,93269636839.01361,300014.3663054897,0.22037249962528688,2,transformed_data__impute__scale__adf__soft_clipping.csv
1603,LightGBM,26168468276.52089,28009880031.814507,161766.7094198336,0.22037249962528688,2,transformed_data__impute__scale__adf__soft_clipping.csv
1604,XGBoost,934092616665.9099,522009829370.72766,966484.6696486757,0.8937370777397845,3,transformed_data__impute__scale__adf__soft_clipping.csv
1605,LightGBM,4130581779514.041,120340899234.09386,2032383.2757415716,0.8937370777397845,3,transformed_data__impute__scale__adf__soft_clipping.csv
1606,XGBoost,14239106011559.416,18415826906912.97,3773473.997731986,0.7842008833594306,4,transformed_data__impute__scale__adf__soft_clipping.csv
1607,LightGBM,12500981190762.541,16431196048119.398,3535672.6645381837,0.7842008833594306,4,transformed_data__impute__scale__adf__soft_clipping.csv
1608,XGBoost,372328331554469.7,15581524060898.217,19295811.243751056,0.9999999984104463,5,transformed_data__impute__scale__adf__soft_clipping.csv
1609,LightGBM,185484903797209.56,2990616169700.2446,13619284.261561235,0.9999999984104463,5,transformed_data__impute__scale__adf__soft_clipping.csv
1610,XGBoost,2.0675514496440663e+18,3.108442567822729e+17,1437898275.1377325,0.9421561319354032,1,transformed_data__impute__scale__adf__soft_clipping.csv
1611,LightGBM,1.7510061606927951e+18,4.625716342674283e+17,1323255893.8817523,0.9421561319354032,1,transformed_data__impute__scale__adf__soft_clipping.csv
1612,XGBoost,3.880348300730912e+18,2.3825255927094917e+18,1969859969.8280363,0.9829619121584361,2,transformed_data__impute__scale__adf__soft_clipping.csv
1613,LightGBM,7.794674939168648e+18,4.7295799268950803e+17,2791894507.170471,0.9829619121584361,2,transformed_data__impute__scale__adf__soft_clipping.csv
1614,XGBoost,4.495579924845304e+19,7.98814860741723e+17,6704908593.594177,0.9921173635865939,3,transformed_data__impute__scale__adf__soft_clipping.csv
1615,LightGBM,3.141737219233813e+19,1.514305439925547e+18,5605120176.440299,0.9921173635865939,3,transformed_data__impute__scale__adf__soft_clipping.csv
1616,XGBoost,9.690502917694418e+19,9.569000965846607e+19,9844035208.030504,0.5983708442353749,4,transformed_data__impute__scale__adf__soft_clipping.csv
1617,LightGBM,1.8785476845572863e+20,1.861697916953732e+20,13706012128.103806,0.5983708442353749,4,transformed_data__impute__scale__adf__soft_clipping.csv
1618,XGBoost,8.694773353401685e+21,3.4766175692979133e+21,93245768554.94133,0.9999999584459737,5,transformed_data__impute__scale__adf__soft_clipping.csv
1619,LightGBM,7.787383766817907e+21,4.0911980093767696e+21,88246154402.43222,0.9999999584459737,5,transformed_data__impute__scale__adf__soft_clipping.csv
1620,XGBoost,6.083025249579538,706340.9787664983,2.466378975254926,-4.4335775897361754e-16,1,transformed_data__impute__scale__log_all__sliding_window_log.csv
1621,LightGBM,2.6626454360327294,701311.9176678954,1.6317614519385881,-4.4335775897361754e-16,1,transformed_data__impute__scale__log_all__sliding_window_log.csv
1622,XGBoost,1.1648669810882235,1208544.6398659172,1.0792900356661426,-5.1312625312862e-16,2,transformed_data__impute__scale__log_all__sliding_window_log.csv
1623,LightGBM,0.7823281167868359,1209068.5308073391,0.8844931411756882,-5.1312625312862e-16,2,transformed_data__impute__scale__log_all__sliding_window_log.csv
1624,XGBoost,1.1922853854963376,2010474.5199403309,1.0919182137396268,1.9561557679740803e-15,3,transformed_data__impute__scale__log_all__sliding_window_log.csv
1625,LightGBM,9.44777702574456,2005353.0655157526,3.0737236417323794,1.9561557679740803e-15,3,transformed_data__impute__scale__log_all__sliding_window_log.csv
1626,XGBoost,884586.3882014768,9628213.230728623,940.5245282295815,0.9567499679982381,4,transformed_data__impute__scale__log_all__sliding_window_log.csv
1627,LightGBM,887410.2472313007,9637231.502712302,942.0245470428574,0.9567499679982381,4,transformed_data__impute__scale__log_all__sliding_window_log.csv
1628,XGBoost,322150.1898417591,20970455.479760215,567.5827603458011,-0.25401449812359367,5,transformed_data__impute__scale__log_all__sliding_window_log.csv
1629,LightGBM,4057913.4347455786,40514068.96640927,2014.4263289446894,-0.25401449812359367,5,transformed_data__impute__scale__log_all__sliding_window_log.csv
1630,XGBoost,72.08404273981489,879.8829904263813,8.490232195871611,0.07097376402969624,1,transformed_data__impute__scale__log_all__sliding_window_log.csv
1631,LightGBM,49.30491007117827,732.3476173035084,7.021745514555357,0.07097376402969624,1,transformed_data__impute__scale__log_all__sliding_window_log.csv
1632,XGBoost,0.674412087928375,695.4609386596992,0.8212259664235996,0.9241543792853136,2,transformed_data__impute__scale__log_all__sliding_window_log.csv
1633,LightGBM,0.015113426651857305,682.0642101004098,0.12293667740693705,0.9241543792853136,2,transformed_data__impute__scale__log_all__sliding_window_log.csv
1634,XGBoost,0.0001607225334881192,601.7268641240139,0.012677639113341223,0.9491903015291201,3,transformed_data__impute__scale__log_all__sliding_window_log.csv
1635,LightGBM,0.00013916011800967746,601.7787606824863,0.01179661468429301,0.9491903015291201,3,transformed_data__impute__scale__log_all__sliding_window_log.csv
1636,XGBoost,0.5736897602370828,375.16331227004304,0.7574231051645327,-0.21091650621361382,4,transformed_data__impute__scale__log_all__sliding_window_log.csv
1637,LightGBM,0.5695092589681479,375.0912578669572,0.7546583723567558,-0.21091650621361382,4,transformed_data__impute__scale__log_all__sliding_window_log.csv
1638,XGBoost,31.62078392351757,390.4317006848768,5.623236072184554,0.14359875253732157,5,transformed_data__impute__scale__log_all__sliding_window_log.csv
1639,LightGBM,31.675198796169838,387.5698545234943,5.628072387253902,0.14359875253732157,5,transformed_data__impute__scale__log_all__sliding_window_log.csv
1640,XGBoost,1.2982035485876877e-11,84.61126631483799,3.6030591843427824e-06,,1,transformed_data__impute__scale__log_all__sliding_window_log.csv
1641,LightGBM,2.5960688648027266e-13,84.61121676297705,5.095163260193658e-07,,1,transformed_data__impute__scale__log_all__sliding_window_log.csv
1642,XGBoost,28.566623599899366,67.72566295938091,5.344775355419474,0.7001722313346699,2,transformed_data__impute__scale__log_all__sliding_window_log.csv
1643,LightGBM,28.566641308712512,67.72570312586072,5.344777012066314,0.7001722313346699,2,transformed_data__impute__scale__log_all__sliding_window_log.csv
1644,XGBoost,35.73162517209982,91.84172134808585,5.977593593754917,0.34093663397488816,3,transformed_data__impute__scale__log_all__sliding_window_log.csv
1645,LightGBM,79.805596313047,159.32589337918358,8.933397803358305,0.34093663397488816,3,transformed_data__impute__scale__log_all__sliding_window_log.csv
1646,XGBoost,0.00018829502305960585,357.7878841923482,0.013722063367424224,0.9767774700390465,4,transformed_data__impute__scale__log_all__sliding_window_log.csv
1647,LightGBM,2.0041255570966744e-05,357.4001160067511,0.004476746091858097,0.9767774700390465,4,transformed_data__impute__scale__log_all__sliding_window_log.csv
1648,XGBoost,145.1614294757766,3428.763679485198,12.04829570834716,0.2178966051078003,5,transformed_data__impute__scale__log_all__sliding_window_log.csv
1649,LightGBM,145.13486713363812,3427.6960791160636,12.047193330134538,0.2178966051078003,5,transformed_data__impute__scale__log_all__sliding_window_log.csv
1650,XGBoost,76166.68546573052,247011.5716484966,275.983125327855,0.8355994492239079,1,transformed_data__impute__scale__log_all__sliding_window_log.csv
1651,LightGBM,76973.86008135817,248363.77117228037,277.441633648157,0.8355994492239079,1,transformed_data__impute__scale__log_all__sliding_window_log.csv
1652,XGBoost,81.668535978925,67552.70331624558,9.03706456649088,,2,transformed_data__impute__scale__log_all__sliding_window_log.csv
1653,LightGBM,51.63384570051786,64671.62011420803,7.185669467803112,,2,transformed_data__impute__scale__log_all__sliding_window_log.csv
1654,XGBoost,32360.31203272741,30064.414861206675,179.88972186516773,0.7419461204168668,3,transformed_data__impute__scale__log_all__sliding_window_log.csv
1655,LightGBM,35087.87930999462,32685.174570533523,187.3175894303432,0.7419461204168668,3,transformed_data__impute__scale__log_all__sliding_window_log.csv
1656,XGBoost,3423.5684432289854,24366.40925630572,58.51126766041722,0.4113365486168294,4,transformed_data__impute__scale__log_all__sliding_window_log.csv
1657,LightGBM,4053.9281412470873,20374.817339424655,63.670465219339235,0.4113365486168294,4,transformed_data__impute__scale__log_all__sliding_window_log.csv
1658,XGBoost,10713.49338961439,129845.06490571762,103.50600653882069,-0.2764674665536767,5,transformed_data__impute__scale__log_all__sliding_window_log.csv
1659,LightGBM,41793.764293646775,198454.69749784385,204.43523251545164,-0.2764674665536767,5,transformed_data__impute__scale__log_all__sliding_window_log.csv
1660,XGBoost,4357281392.65545,2282665941260.7876,66009.70680631335,-0.9993319990643483,1,transformed_data__impute__scale__pct_change__adf.csv
1661,LightGBM,5869288945.377229,2329314149480.701,76611.28471300575,-0.9993319990643483,1,transformed_data__impute__scale__pct_change__adf.csv
1662,XGBoost,1400220024.8469622,1745760930981.2507,37419.5139579199,-0.9999987690840757,2,transformed_data__impute__scale__pct_change__adf.csv
1663,LightGBM,3223646959.057297,1799416013293.206,56777.169346994546,-0.9999987690840757,2,transformed_data__impute__scale__pct_change__adf.csv
1664,XGBoost,2056877955.3331273,1639698104693.9133,45352.81639912925,-0.9755722503819554,3,transformed_data__impute__scale__pct_change__adf.csv
1665,LightGBM,1547641209.760404,1606519416495.7441,39340.07129836452,-0.9755722503819554,3,transformed_data__impute__scale__pct_change__adf.csv
1666,XGBoost,197212987650.44284,1673158802674.5493,444086.68934166763,-0.9630174687670525,4,transformed_data__impute__scale__pct_change__adf.csv
1667,LightGBM,209146225820.31183,1756307486356.836,457325.0767455376,-0.9630174687670525,4,transformed_data__impute__scale__pct_change__adf.csv
1668,XGBoost,2057513419554.816,121261637453.8968,1434403.5065332265,0.9992384378641039,5,transformed_data__impute__scale__pct_change__adf.csv
1669,LightGBM,2059999675448.5708,52151359530.627304,1435269.8963778801,0.9992384378641039,5,transformed_data__impute__scale__pct_change__adf.csv
1670,XGBoost,263549.34555614507,465134.63382101565,513.3705733251031,-0.2950792975960566,1,transformed_data__impute__scale__pct_change__adf.csv
1671,LightGBM,7367909.777465103,7470747.9086175775,2714.389393116821,-0.2950792975960566,1,transformed_data__impute__scale__pct_change__adf.csv
1672,XGBoost,12458806.161389714,521608.39209697803,3529.703409833426,0.9819908946238476,2,transformed_data__impute__scale__pct_change__adf.csv
1673,LightGBM,13696361.944863955,671.3678071582553,3700.8596224207095,0.9819908946238476,2,transformed_data__impute__scale__pct_change__adf.csv
1674,XGBoost,46833.16013583989,67374.57525914507,216.40970434765603,0.9402297366672556,3,transformed_data__impute__scale__pct_change__adf.csv
1675,LightGBM,89284.53702004404,43409.57621176025,298.8051823848509,0.9402297366672556,3,transformed_data__impute__scale__pct_change__adf.csv
1676,XGBoost,467863.2320645311,741359.6851313646,684.0052865764497,-0.09125174820601768,4,transformed_data__impute__scale__pct_change__adf.csv
1677,LightGBM,321087.34740673134,409007.3866065371,566.6456983042679,-0.09125174820601768,4,transformed_data__impute__scale__pct_change__adf.csv
1678,XGBoost,49546.52882590351,90198.09458813729,222.59049581216064,-0.6139376261455263,5,transformed_data__impute__scale__pct_change__adf.csv
1679,LightGBM,55310.30060141908,94309.52631049491,235.18142061272417,-0.6139376261455263,5,transformed_data__impute__scale__pct_change__adf.csv
1680,XGBoost,inf,inf,inf,0.0,4,transformed_data__impute__scale__pct_change__adf.csv
1681,LightGBM,inf,inf,inf,0.0,4,transformed_data__impute__scale__pct_change__adf.csv
1682,XGBoost,2.38335310352889e+227,5.447526173647721e+229,4.8819597535507095e+113,0.04773749856933931,5,transformed_data__impute__scale__pct_change__adf.csv
1683,LightGBM,3.850705698709477e+226,4.484053721704021e+229,1.9623215074776804e+113,0.04773749856933931,5,transformed_data__impute__scale__pct_change__adf.csv
1684,XGBoost,2674986370526429.5,2675119889364605.0,51720270.402680896,0.6131668482489885,1,transformed_data__impute__scale__pct_change__adf.csv
1685,LightGBM,4926880350693.028,4984934618858.077,2219657.7102546752,0.6131668482489885,1,transformed_data__impute__scale__pct_change__adf.csv
1686,XGBoost,417822101890.66925,475373643908.58203,646391.6010366079,-0.7834200656848412,2,transformed_data__impute__scale__pct_change__adf.csv
1687,LightGBM,2.0355591354413566e+27,2.035559136545982e+27,45117171181728.1,-0.7834200656848412,2,transformed_data__impute__scale__pct_change__adf.csv
1688,XGBoost,145676134086650.94,147757611347000.28,12069636.866395399,-0.5607570293026531,3,transformed_data__impute__scale__pct_change__adf.csv
1689,LightGBM,47425575366703.66,48303829852310.29,6886622.929034496,-0.5607570293026531,3,transformed_data__impute__scale__pct_change__adf.csv
1690,XGBoost,217749885524.52798,217752467623.4009,466636.78115267336,-0.08968635657240263,4,transformed_data__impute__scale__pct_change__adf.csv
1691,LightGBM,3345189641757.766,3345265250081.818,1828985.959967371,-0.08968635657240263,4,transformed_data__impute__scale__pct_change__adf.csv
1692,XGBoost,29106428470.636173,162273.29551856377,170606.06223295868,0.06509615096093908,5,transformed_data__impute__scale__pct_change__adf.csv
1693,LightGBM,4.284816906560284e+24,4.284816905779931e+24,2069979929023.5361,0.06509615096093908,5,transformed_data__impute__scale__pct_change__adf.csv
1694,XGBoost,3211264745.960383,2256321331457.709,56668.02225206367,-0.750805922485091,1,transformed_data__impute__scale__pct_change__adf__local_smooth.csv
1695,LightGBM,3276347786.8886304,2275187800567.9204,57239.39016873459,-0.750805922485091,1,transformed_data__impute__scale__pct_change__adf__local_smooth.csv
1696,XGBoost,13101120622.963688,1974746705493.3203,114460.12678205318,-0.8664980825690503,2,transformed_data__impute__scale__pct_change__adf__local_smooth.csv
1697,LightGBM,10527330443.731316,1947237279566.3364,102602.77990255096,-0.8664980825690503,2,transformed_data__impute__scale__pct_change__adf__local_smooth.csv
1698,XGBoost,7358553472.363399,1760231674291.8232,85782.01135648078,-0.07179261035838232,3,transformed_data__impute__scale__pct_change__adf__local_smooth.csv
1699,LightGBM,2418048535.43984,1677341224659.5007,49173.65692563285,-0.07179261035838232,3,transformed_data__impute__scale__pct_change__adf__local_smooth.csv
1700,XGBoost,219797194403.65738,1803987045834.8232,468825.3346435721,0.5872392410995452,4,transformed_data__impute__scale__pct_change__adf__local_smooth.csv
1701,LightGBM,196520686903.04474,1726427890998.6968,443306.53830396495,0.5872392410995452,4,transformed_data__impute__scale__pct_change__adf__local_smooth.csv
1702,XGBoost,1965476177846.198,155415405577.56705,1401954.4136120111,0.845989992466381,5,transformed_data__impute__scale__pct_change__adf__local_smooth.csv
1703,LightGBM,2215362934020.4395,36077588909.586815,1488409.5316882513,0.845989992466381,5,transformed_data__impute__scale__pct_change__adf__local_smooth.csv
1704,XGBoost,23428599.264756497,23513452.924403958,4840.309831483569,-0.28304460376421414,1,transformed_data__impute__scale__pct_change__adf__local_smooth.csv
1705,LightGBM,21569942.321239743,21659733.493950702,4644.345198328796,-0.28304460376421414,1,transformed_data__impute__scale__pct_change__adf__local_smooth.csv
1706,XGBoost,6579332479141.116,6598675843272.273,2565020.9510140684,-0.45147214886392734,2,transformed_data__impute__scale__pct_change__adf__local_smooth.csv
1707,LightGBM,9495453484.196726,10463273027.489576,97444.61752296392,-0.45147214886392734,2,transformed_data__impute__scale__pct_change__adf__local_smooth.csv
1708,XGBoost,22314.85745661406,137306.38744105393,149.38158339170883,-0.07020573884895155,3,transformed_data__impute__scale__pct_change__adf__local_smooth.csv
1709,LightGBM,139589.5400847466,339763.1735982907,373.61683592250847,-0.07020573884895155,3,transformed_data__impute__scale__pct_change__adf__local_smooth.csv
1710,XGBoost,11220.811858731633,197502.31335519016,105.92833359744517,0.15171912192930573,4,transformed_data__impute__scale__pct_change__adf__local_smooth.csv
1711,LightGBM,99702.45867255985,286153.68110667117,315.75696139999803,0.15171912192930573,4,transformed_data__impute__scale__pct_change__adf__local_smooth.csv
1712,XGBoost,3657.9892070570045,34357.06699277705,60.481312874779796,-0.3872047609498783,5,transformed_data__impute__scale__pct_change__adf__local_smooth.csv
1713,LightGBM,20964.33248644232,55593.68854041345,144.79065054913704,-0.3872047609498783,5,transformed_data__impute__scale__pct_change__adf__local_smooth.csv
1714,XGBoost,inf,inf,inf,0.0,4,transformed_data__impute__scale__pct_change__adf__local_smooth.csv
1715,LightGBM,inf,inf,inf,0.0,4,transformed_data__impute__scale__pct_change__adf__local_smooth.csv
1716,XGBoost,1.9813183723900552e+225,4.789610551987664e+229,4.45120025654885e+112,-0.046421801320779575,5,transformed_data__impute__scale__pct_change__adf__local_smooth.csv
1717,LightGBM,4.702152255209219e+226,5.031112698096392e+229,2.1684446627039436e+113,-0.046421801320779575,5,transformed_data__impute__scale__pct_change__adf__local_smooth.csv
1718,XGBoost,2589494927491.0723,2798118800262.574,1609190.7678989065,0.3032842603618177,1,transformed_data__impute__scale__pct_change__adf__local_smooth.csv
1719,LightGBM,1789802303273.1511,1965650986296.5674,1337834.9312501715,0.3032842603618177,1,transformed_data__impute__scale__pct_change__adf__local_smooth.csv
1720,XGBoost,38152024597976.31,45872977614571.84,6176732.517923721,0.6978571557085012,2,transformed_data__impute__scale__pct_change__adf__local_smooth.csv
1721,LightGBM,398885075837.6372,82190549892.58984,631573.4920321128,0.6978571557085012,2,transformed_data__impute__scale__pct_change__adf__local_smooth.csv
1722,XGBoost,207063514482.13647,891052795252.387,455042.32163847843,-0.6387275084894987,3,transformed_data__impute__scale__pct_change__adf__local_smooth.csv
1723,LightGBM,283045102457.49945,277092033651.05316,532019.8327670684,-0.6387275084894987,3,transformed_data__impute__scale__pct_change__adf__local_smooth.csv
1724,XGBoost,249330463407.96243,249402779532.19568,499330.01452742895,0.07836514898112884,4,transformed_data__impute__scale__pct_change__adf__local_smooth.csv
1725,LightGBM,88840190165.62543,89153917203.46216,298060.71556920314,0.07836514898112884,4,transformed_data__impute__scale__pct_change__adf__local_smooth.csv
1726,XGBoost,1.3475909710148277e+24,1.3475909722477077e+24,1160857859953.0728,0.08841957668698992,5,transformed_data__impute__scale__pct_change__adf__local_smooth.csv
1727,LightGBM,2.175311209745026e+16,2.173411691861089e+16,147489362.65863466,0.08841957668698992,5,transformed_data__impute__scale__pct_change__adf__local_smooth.csv
1728,XGBoost,17969798236.782707,2467660313676.6787,134051.4760708837,-0.9993319990643483,1,transformed_data__impute__scale__pct_change__adf__log_all.csv
1729,LightGBM,6137635609.041496,2067839871880.213,78343.06356686274,-0.9993319990643483,1,transformed_data__impute__scale__pct_change__adf__log_all.csv
1730,XGBoost,77188700723.56737,2348400410519.8975,277828.5455520497,-0.9999987690840757,2,transformed_data__impute__scale__pct_change__adf__log_all.csv
1731,LightGBM,81135314189.97786,2369235841087.4927,284842.6130163425,-0.9999987690840757,2,transformed_data__impute__scale__pct_change__adf__log_all.csv
1732,XGBoost,126735351085.1273,2439783033758.3003,355999.08860154025,-0.9755722503819554,3,transformed_data__impute__scale__pct_change__adf__log_all.csv
1733,LightGBM,9952486159.457956,1778271530946.5652,99762.14792925198,-0.9755722503819554,3,transformed_data__impute__scale__pct_change__adf__log_all.csv
1734,XGBoost,471680841590.2958,2420318910613.782,686790.2457011862,-0.9630174687670525,4,transformed_data__impute__scale__pct_change__adf__log_all.csv
1735,LightGBM,407692174650.90643,2259752952085.5854,638507.7718014922,-0.9630174687670525,4,transformed_data__impute__scale__pct_change__adf__log_all.csv
1736,XGBoost,2049161608802.5037,111518772849.3461,1431489.29748095,0.9992384378641039,5,transformed_data__impute__scale__pct_change__adf__log_all.csv
1737,LightGBM,2049165703537.4836,108881467024.93782,1431490.7277162096,0.9992384378641039,5,transformed_data__impute__scale__pct_change__adf__log_all.csv
1738,XGBoost,2408105054471.2964,2408096805653.246,1551807.0287478713,-0.29507929759605656,1,transformed_data__impute__scale__pct_change__adf__log_all.csv
1739,LightGBM,4477427.60944517,4710574.712971507,2115.9932914461638,-0.29507929759605656,1,transformed_data__impute__scale__pct_change__adf__log_all.csv
1740,XGBoost,1.4139433762801868e+26,1.4139433765404993e+26,11890935103179.172,0.9819908946238478,2,transformed_data__impute__scale__pct_change__adf__log_all.csv
1741,LightGBM,13643270.740319936,41746.739210858716,3693.679837278799,0.9819908946238478,2,transformed_data__impute__scale__pct_change__adf__log_all.csv
1742,XGBoost,6715657924672331.0,6715658747820832.0,81949117.90051392,0.9402297366672556,3,transformed_data__impute__scale__pct_change__adf__log_all.csv
1743,LightGBM,187801.438055924,40106.009478465705,433.36063279435524,0.9402297366672556,3,transformed_data__impute__scale__pct_change__adf__log_all.csv
1744,XGBoost,23204766003.592644,23209231408.154793,152331.10648712772,-0.09125174820601768,4,transformed_data__impute__scale__pct_change__adf__log_all.csv
1745,LightGBM,83830.21533297628,362.0623244917345,289.5344803870107,-0.09125174820601768,4,transformed_data__impute__scale__pct_change__adf__log_all.csv
1746,XGBoost,18776440.472184442,18772310.26514653,4333.1790260944035,-0.6139376261455263,5,transformed_data__impute__scale__pct_change__adf__log_all.csv
1747,LightGBM,16806.014876761434,56550.11029604931,129.638014782553,-0.6139376261455263,5,transformed_data__impute__scale__pct_change__adf__log_all.csv
1748,XGBoost,inf,inf,inf,0.0,4,transformed_data__impute__scale__pct_change__adf__log_all.csv
1749,LightGBM,inf,inf,inf,0.0,4,transformed_data__impute__scale__pct_change__adf__log_all.csv
1750,XGBoost,7.888250961854313e+226,4.3714306844196975e+229,2.8086030267473386e+113,0.04773749856933931,5,transformed_data__impute__scale__pct_change__adf__log_all.csv
1751,LightGBM,2.683762677168514e+228,2.760788414488936e+229,1.6382193617365513e+114,0.04773749856933931,5,transformed_data__impute__scale__pct_change__adf__log_all.csv
1752,XGBoost,1.669411806751164e+18,1.6694126509846505e+18,1292057199.488925,0.6131668482489885,1,transformed_data__impute__scale__pct_change__adf__log_all.csv
1753,LightGBM,5150796335846.346,5205263932054.752,2269536.590550226,0.6131668482489885,1,transformed_data__impute__scale__pct_change__adf__log_all.csv
1754,XGBoost,1.0210522721774903e+22,1.0210527334025725e+22,101047131190.22679,-0.7834200656848412,2,transformed_data__impute__scale__pct_change__adf__log_all.csv
1755,LightGBM,265696435475.81207,17724023364.594868,515457.5011344893,-0.7834200656848412,2,transformed_data__impute__scale__pct_change__adf__log_all.csv
1756,XGBoost,2.102035620847718e+20,2.102035635128381e+20,14498398604.148384,-0.5607570293026533,3,transformed_data__impute__scale__pct_change__adf__log_all.csv
1757,LightGBM,6430018149975423.0,6431611549835130.0,80187393.95924664,-0.5607570293026533,3,transformed_data__impute__scale__pct_change__adf__log_all.csv
1758,XGBoost,1100327603174082.1,1100329549886772.0,33171186.339564074,-0.08968635657240263,4,transformed_data__impute__scale__pct_change__adf__log_all.csv
1759,LightGBM,4.717094581435985e+16,4.7170944545150376e+16,217188733.1662484,-0.08968635657240263,4,transformed_data__impute__scale__pct_change__adf__log_all.csv
1760,XGBoost,9.018778622958483e+22,9.018778610447e+22,300312813961.68365,0.06509615096093908,5,transformed_data__impute__scale__pct_change__adf__log_all.csv
1761,LightGBM,2.1613942171054986e+26,2.1613942170406027e+26,14701680914458.383,0.06509615096093908,5,transformed_data__impute__scale__pct_change__adf__log_all.csv
1762,XGBoost,3211264745.960383,2256321331457.709,56668.02225206367,-0.750805922485091,1,transformed_data__impute__scale__pct_change__local_smooth.csv
1763,LightGBM,3411193705.9129558,2278184207792.5117,58405.42531231971,-0.750805922485091,1,transformed_data__impute__scale__pct_change__local_smooth.csv
1764,XGBoost,12374020359.849997,1967656660724.0,111238.57406426063,-0.8664980825690503,2,transformed_data__impute__scale__pct_change__local_smooth.csv
1765,LightGBM,15028233444.827158,1993931320030.1973,122589.69550833854,-0.8664980825690503,2,transformed_data__impute__scale__pct_change__local_smooth.csv
1766,XGBoost,7190040152.938599,1757572538229.6072,84794.10447040878,-0.07179261035838232,3,transformed_data__impute__scale__pct_change__local_smooth.csv
1767,LightGBM,2645683426.7037325,1682157862696.184,51436.20735147307,-0.07179261035838232,3,transformed_data__impute__scale__pct_change__local_smooth.csv
1768,XGBoost,217519379538.75754,1791847005691.769,466389.7292380671,0.5872392410995452,4,transformed_data__impute__scale__pct_change__local_smooth.csv
1769,LightGBM,199980299943.6486,1742631478171.8237,447191.5696249747,0.5872392410995452,4,transformed_data__impute__scale__pct_change__local_smooth.csv
1770,XGBoost,1985918268997.2869,159523517056.43243,1409226.1241537097,0.845989992466381,5,transformed_data__impute__scale__pct_change__local_smooth.csv
1771,LightGBM,2256649603477.664,18339660853.368904,1502214.8992330171,0.845989992466381,5,transformed_data__impute__scale__pct_change__local_smooth.csv
1772,XGBoost,41669080.516882114,41757700.1150015,6455.159217004807,-0.28304460376421414,1,transformed_data__impute__scale__pct_change__local_smooth.csv
1773,LightGBM,17191535.707869545,17296653.918400276,4146.2676840587055,-0.28304460376421414,1,transformed_data__impute__scale__pct_change__local_smooth.csv
1774,XGBoost,3808697908.0024524,4319264240.468107,61714.64905516722,-0.45147214886392734,2,transformed_data__impute__scale__pct_change__local_smooth.csv
1775,LightGBM,40961246.72754496,141943715.38925663,6400.0973998483,-0.45147214886392734,2,transformed_data__impute__scale__pct_change__local_smooth.csv
1776,XGBoost,93385.15012106186,378211.79513023136,305.58983968885786,-0.07020573884895155,3,transformed_data__impute__scale__pct_change__local_smooth.csv
1777,LightGBM,72547.62788441854,203160.58312243188,269.3466685972161,-0.07020573884895155,3,transformed_data__impute__scale__pct_change__local_smooth.csv
1778,XGBoost,128659.10308343757,384467.89419494267,358.6908182312973,0.15171912192930573,4,transformed_data__impute__scale__pct_change__local_smooth.csv
1779,LightGBM,43395.07989003169,166025.58115102196,208.31485758349473,0.15171912192930573,4,transformed_data__impute__scale__pct_change__local_smooth.csv
1780,XGBoost,5672.344292926231,38243.34252325339,75.31496725702156,-0.3872047609498783,5,transformed_data__impute__scale__pct_change__local_smooth.csv
1781,LightGBM,14188.033223879263,41309.70160729634,119.11353081778435,-0.3872047609498783,5,transformed_data__impute__scale__pct_change__local_smooth.csv
1782,XGBoost,134584.98829780746,19777734.085539646,366.8582673156044,-0.359614936860222,1,transformed_data__impute__scale__pct_change__local_smooth.csv
1783,LightGBM,195540.51208547264,21167324.365357224,442.19962922358116,-0.359614936860222,1,transformed_data__impute__scale__pct_change__local_smooth.csv
1784,XGBoost,1511157.4717664663,17852909.94848042,1229.2914511076965,-0.9655556909267561,2,transformed_data__impute__scale__pct_change__local_smooth.csv
1785,LightGBM,2512400.964313094,19745353.94606598,1585.0555082750554,-0.9655556909267561,2,transformed_data__impute__scale__pct_change__local_smooth.csv
1786,XGBoost,48122698.28614725,7793036.045487838,6937.052564753078,0.781650584184678,3,transformed_data__impute__scale__pct_change__local_smooth.csv
1787,LightGBM,49445836.87871317,8822866.238693208,7031.773380784763,0.781650584184678,3,transformed_data__impute__scale__pct_change__local_smooth.csv
1788,XGBoost,2286666.8790407693,128861508.49653053,1512.1728998500037,0.7310174316471049,4,transformed_data__impute__scale__pct_change__local_smooth.csv
1789,LightGBM,4099042.4578445638,110655706.77924247,2024.6092111428723,0.7310174316471049,4,transformed_data__impute__scale__pct_change__local_smooth.csv
1790,XGBoost,798249.2141415208,170291499.8070399,893.4479358874364,0.9846734992350606,5,transformed_data__impute__scale__pct_change__local_smooth.csv
1791,LightGBM,2198858.26170681,156464928.5837974,1482.8547675705838,0.9846734992350606,5,transformed_data__impute__scale__pct_change__local_smooth.csv
1792,XGBoost,249001793589.57162,344197862270.2935,499000.7951792979,0.2900253513479659,1,transformed_data__impute__scale__pct_change__local_smooth.csv
1793,LightGBM,284653752600.05615,386483471067.7347,533529.523644246,0.2900253513479659,1,transformed_data__impute__scale__pct_change__local_smooth.csv
1794,XGBoost,542195281594.2397,109287944987.25598,736339.1077446856,0.0398957591168591,2,transformed_data__impute__scale__pct_change__local_smooth.csv
1795,LightGBM,503985737766.8636,73235087329.50827,709919.5290783764,0.0398957591168591,2,transformed_data__impute__scale__pct_change__local_smooth.csv
1796,XGBoost,2.5347418290479406e+18,153843360149.3946,1592087255.4756353,0.31156254062457434,3,transformed_data__impute__scale__pct_change__local_smooth.csv
1797,LightGBM,2.5351423790068756e+18,151793038554.84937,1592213044.4783058,0.31156254062457434,3,transformed_data__impute__scale__pct_change__local_smooth.csv
1798,XGBoost,906689222232138.9,906842165496867.8,30111280.64749387,0.08893233654064442,4,transformed_data__impute__scale__pct_change__local_smooth.csv
1799,LightGBM,8284893159263631.0,8285035952756244.0,91021388.47141166,0.08893233654064442,4,transformed_data__impute__scale__pct_change__local_smooth.csv
1800,XGBoost,3013172293159214.0,7607915.364805969,54892370.08145316,-0.9362730155740022,5,transformed_data__impute__scale__pct_change__local_smooth.csv
1801,LightGBM,3013172293159214.0,7607915.364805969,54892370.08145316,-0.9362730155740022,5,transformed_data__impute__scale__pct_change__local_smooth.csv
1802,XGBoost,18592920073.21342,2474425983030.009,136355.8582284363,-0.9993319990643483,1,transformed_data__impute__scale__pct_change__log_all.csv
1803,LightGBM,370038549.83602935,2202541470206.2256,19236.386090844335,-0.9993319990643483,1,transformed_data__impute__scale__pct_change__log_all.csv
1804,XGBoost,77400800902.67929,2361392698627.9014,278209.9942537638,-0.9999987690840757,2,transformed_data__impute__scale__pct_change__log_all.csv
1805,LightGBM,61932590505.76613,2293960378518.4346,248862.5936250085,-0.9999987690840757,2,transformed_data__impute__scale__pct_change__log_all.csv
1806,XGBoost,127269771320.90129,2440571110120.893,356748.89112778095,-0.9755722503819554,3,transformed_data__impute__scale__pct_change__log_all.csv
1807,LightGBM,6038824694.693049,1744976839216.984,77709.87514269374,-0.9755722503819554,3,transformed_data__impute__scale__pct_change__log_all.csv
1808,XGBoost,454805426566.7544,2392334845179.429,674392.6353147359,-0.9630174687670525,4,transformed_data__impute__scale__pct_change__log_all.csv
1809,LightGBM,429502692809.52606,2310404905715.076,655364.5495520231,-0.9630174687670525,4,transformed_data__impute__scale__pct_change__log_all.csv
1810,XGBoost,2049159668194.9395,110320336321.12854,1431488.6196526117,0.9992384378641039,5,transformed_data__impute__scale__pct_change__log_all.csv
1811,LightGBM,586885980269.1943,609527032852.1002,766084.838819562,0.9992384378641039,5,transformed_data__impute__scale__pct_change__log_all.csv
1812,XGBoost,585152145953.6453,585148106526.213,764952.3814941981,-0.29507929759605656,1,transformed_data__impute__scale__pct_change__log_all.csv
1813,LightGBM,29955.59135919094,102356.90108619885,173.07683657610264,-0.29507929759605656,1,transformed_data__impute__scale__pct_change__log_all.csv
1814,XGBoost,1.6409409424673272e+25,1.6409409433257553e+25,4050852925579.164,0.9819908946238478,2,transformed_data__impute__scale__pct_change__log_all.csv
1815,LightGBM,4665979822840099.0,4666208578815662.0,68307977.73935413,0.9819908946238478,2,transformed_data__impute__scale__pct_change__log_all.csv
1816,XGBoost,1.989036232939586e+16,1.989036350681274e+16,141033195.8419572,0.9402297366672556,3,transformed_data__impute__scale__pct_change__log_all.csv
1817,LightGBM,579048151.9927492,580335573.0767161,24063.4193744935,0.9402297366672556,3,transformed_data__impute__scale__pct_change__log_all.csv
1818,XGBoost,195135704973.7897,195147746982.35086,441741.672217813,-0.09125174820601768,4,transformed_data__impute__scale__pct_change__log_all.csv
1819,LightGBM,83830.21597804704,362.06197463596817,289.53448150098984,-0.09125174820601768,4,transformed_data__impute__scale__pct_change__log_all.csv
1820,XGBoost,20987949.5260871,20966989.461683113,4581.260691784206,-0.6139376261455263,5,transformed_data__impute__scale__pct_change__log_all.csv
1821,LightGBM,82317.364389279,146471.29933312716,286.91002838743543,-0.6139376261455263,5,transformed_data__impute__scale__pct_change__log_all.csv
1822,XGBoost,6139858.994675575,39405493.78437808,2477.873885950529,-0.9998255172491082,1,transformed_data__impute__scale__pct_change__log_all.csv
1823,LightGBM,2639131.4298496754,6855813.298322583,1624.540374952151,-0.9998255172491082,1,transformed_data__impute__scale__pct_change__log_all.csv
1824,XGBoost,23093924.45233355,46689025.935598195,4805.6138476092265,-0.9998682047869616,2,transformed_data__impute__scale__pct_change__log_all.csv
1825,LightGBM,5443502.825097316,2848011.3690365334,2333.131549033898,-0.9998682047869616,2,transformed_data__impute__scale__pct_change__log_all.csv
1826,XGBoost,1821410410.5411563,1821556498.225086,42677.985080614526,-0.214064128123343,3,transformed_data__impute__scale__pct_change__log_all.csv
1827,LightGBM,184569974.1677518,184995220.43379843,13585.65324773718,-0.214064128123343,3,transformed_data__impute__scale__pct_change__log_all.csv
1828,XGBoost,239044898.448712,698718755.4414649,15461.07688515622,0.9997754093356025,4,transformed_data__impute__scale__pct_change__log_all.csv
1829,LightGBM,118431541.5004146,174485859.02755007,10882.6256712438,0.9997754093356025,4,transformed_data__impute__scale__pct_change__log_all.csv
1830,XGBoost,8111592.818239107,255401394.7710039,2848.0858165159116,0.9999306463504857,5,transformed_data__impute__scale__pct_change__log_all.csv
1831,LightGBM,3393001.489487285,234883564.81018156,1842.0101762713703,0.9999306463504857,5,transformed_data__impute__scale__pct_change__log_all.csv
1832,XGBoost,4545213822438970.0,4545479595219746.0,67418200.97302337,0.7588513871092495,1,transformed_data__impute__scale__pct_change__log_all.csv
1833,LightGBM,36738527202.690155,90441963304.26465,191672.96941063483,0.7588513871092495,1,transformed_data__impute__scale__pct_change__log_all.csv
1834,XGBoost,3.317391147028353e+17,3.319446050553701e+17,575967980.6229122,-0.9614135191702841,2,transformed_data__impute__scale__pct_change__log_all.csv
1835,LightGBM,371216094762.0742,136263627686.80406,609275.0567371638,-0.9614135191702841,2,transformed_data__impute__scale__pct_change__log_all.csv
1836,XGBoost,2.6794142490720714e+17,2.680108136949951e+17,517630587.2987097,-0.8965777289874306,3,transformed_data__impute__scale__pct_change__log_all.csv
1837,LightGBM,164460423014361.06,175472284676958.75,12824212.374035338,-0.8965777289874306,3,transformed_data__impute__scale__pct_change__log_all.csv
1838,XGBoost,2.5573143208090282e+17,2.5573147376965968e+17,505698954.0041613,-0.20612467978199236,4,transformed_data__impute__scale__pct_change__log_all.csv
1839,LightGBM,87609266225036.8,87728713156334.69,9359982.170123873,-0.20612467978199236,4,transformed_data__impute__scale__pct_change__log_all.csv
1840,XGBoost,2.9554769522876796e+22,2.955482578185558e+22,171915006683.177,0.2858755200376965,5,transformed_data__impute__scale__pct_change__log_all.csv
1841,LightGBM,1.729343380226914e+21,1.7293607926176652e+21,41585374595.24579,0.2858755200376965,5,transformed_data__impute__scale__pct_change__log_all.csv
1842,XGBoost,1.4942546596735113e+230,1.4942546596735113e+230,1.2223970957399692e+115,-0.04066716656612074,1,transformed_data__impute__scale__pct_change__robust__soft_clipping.csv
1843,LightGBM,4.964089174096252e+260,4.964089174096252e+260,2.228023602679346e+130,-0.04066716656612074,1,transformed_data__impute__scale__pct_change__robust__soft_clipping.csv
1844,XGBoost,1765800176165074.2,129243283594142.95,42021425.20387754,0.38063343619525836,2,transformed_data__impute__scale__pct_change__robust__soft_clipping.csv
1845,LightGBM,1759062760.9773562,2832516487767424.5,41941.18215998872,0.38063343619525836,2,transformed_data__impute__scale__pct_change__robust__soft_clipping.csv
1846,XGBoost,0.0,4667449719833.008,0.0,0.7584109963317964,3,transformed_data__impute__scale__pct_change__robust__soft_clipping.csv
1847,LightGBM,0.0,4667449719833.008,0.0,0.7584109963317964,3,transformed_data__impute__scale__pct_change__robust__soft_clipping.csv
1848,XGBoost,1.3749110716177834e+31,1.374911073473411e+31,3707979330602833.0,-0.9453574371644978,4,transformed_data__impute__scale__pct_change__robust__soft_clipping.csv
1849,LightGBM,4.994831539927804e+29,4.9948315752960926e+29,706741221376523.6,-0.9453574371644978,4,transformed_data__impute__scale__pct_change__robust__soft_clipping.csv
1850,XGBoost,inf,inf,inf,0.9999766925574712,5,transformed_data__impute__scale__pct_change__robust__soft_clipping.csv
1851,LightGBM,inf,inf,inf,0.9999766925574712,5,transformed_data__impute__scale__pct_change__robust__soft_clipping.csv
1852,XGBoost,1438.9868747675014,17089597777079.941,37.9339804761839,-0.16557960364204524,1,transformed_data__impute__scale__pct_change__robust__soft_clipping.csv
1853,LightGBM,253660.09175581372,17089692772477.883,503.64679265911514,-0.16557960364204524,1,transformed_data__impute__scale__pct_change__robust__soft_clipping.csv
1854,XGBoost,4.507900716666978e+39,32876745029001.5,6.7140901964949635e+19,0.15951684951526413,2,transformed_data__impute__scale__pct_change__robust__soft_clipping.csv
1855,LightGBM,8.05341235097078e+205,8.05341235097078e+205,8.974080649833039e+102,0.15951684951526413,2,transformed_data__impute__scale__pct_change__robust__soft_clipping.csv
1856,XGBoost,1.936462782725006e+275,1.936462782725006e+275,4.400525858036748e+137,0.9897062364725762,3,transformed_data__impute__scale__pct_change__robust__soft_clipping.csv
1857,LightGBM,1.7304479520683746e+152,1.7304479520683746e+152,1.3154649186004067e+76,0.9897062364725762,3,transformed_data__impute__scale__pct_change__robust__soft_clipping.csv
1858,XGBoost,1.6820791785800296e+193,1.6820791785800296e+193,4.101315860281953e+96,0.9998716260545647,4,transformed_data__impute__scale__pct_change__robust__soft_clipping.csv
1859,LightGBM,6.363954182995371e+186,6.363954182995371e+186,2.5226878885417773e+93,0.9998716260545647,4,transformed_data__impute__scale__pct_change__robust__soft_clipping.csv
1860,XGBoost,inf,inf,inf,-0.9999913287304559,5,transformed_data__impute__scale__pct_change__robust__soft_clipping.csv
1861,LightGBM,9.636765372678884e+254,9.636765372678884e+254,3.104313993892835e+127,-0.9999913287304559,5,transformed_data__impute__scale__pct_change__robust__soft_clipping.csv
1862,XGBoost,4455.93881964169,30406374167.408077,66.75281881420207,-0.1613917057524823,1,transformed_data__impute__scale__pct_change__robust__soft_clipping.csv
1863,LightGBM,1523.0114744428927,30406100401.602345,39.025779613518196,-0.1613917057524823,1,transformed_data__impute__scale__pct_change__robust__soft_clipping.csv
1864,XGBoost,1.7969915105380488e+27,1.7915155176124666e+27,42390936655587.695,0.031084371594663766,2,transformed_data__impute__scale__pct_change__robust__soft_clipping.csv
1865,LightGBM,3.226908179612329e+29,3.227642586311883e+29,568058815582711.4,0.031084371594663766,2,transformed_data__impute__scale__pct_change__robust__soft_clipping.csv
1866,XGBoost,3.7541555117679717e+77,3072437288.9294615,6.1271163786629445e+38,-0.14954884695563359,3,transformed_data__impute__scale__pct_change__robust__soft_clipping.csv
1867,LightGBM,3.7541555117679717e+77,3072437288.9294615,6.1271163786629445e+38,-0.14954884695563359,3,transformed_data__impute__scale__pct_change__robust__soft_clipping.csv
1868,XGBoost,8.757900764945674e+186,1.8640577693261434e+99,2.9593750632431966e+93,0.04056480046974289,4,transformed_data__impute__scale__pct_change__robust__soft_clipping.csv
1869,LightGBM,8.757900764945674e+186,2.6821690155810467e+76,2.9593750632431966e+93,0.04056480046974289,4,transformed_data__impute__scale__pct_change__robust__soft_clipping.csv
1870,XGBoost,1.1288110352290145e+242,7.7242610969972305e+34,1.0624551921041256e+121,0.04784013181073333,5,transformed_data__impute__scale__pct_change__robust__soft_clipping.csv
1871,LightGBM,1.1288110352290145e+242,1.175206635526246e+34,1.0624551921041256e+121,0.04784013181073333,5,transformed_data__impute__scale__pct_change__robust__soft_clipping.csv
1872,XGBoost,4.4413505928471e+31,2.648482213089174e+27,6664345874012768.0,-0.013092419717916758,1,transformed_data__impute__scale__pct_change__robust__soft_clipping.csv
1873,LightGBM,4.399059155432145e+31,3.866254913400451e+26,6632540354518882.0,-0.013092419717916758,1,transformed_data__impute__scale__pct_change__robust__soft_clipping.csv
1874,XGBoost,2.4178204270098014e+59,2.4178204270079214e+59,4.917133745394568e+29,-0.23402515806069918,2,transformed_data__impute__scale__pct_change__robust__soft_clipping.csv
1875,LightGBM,1.3677978235175988e+234,1.3677978235175988e+234,1.1695288895609201e+117,-0.23402515806069918,2,transformed_data__impute__scale__pct_change__robust__soft_clipping.csv
1876,XGBoost,4.217858666307223e+147,4.217858666307223e+147,6.494504343140609e+73,0.9622317206547427,3,transformed_data__impute__scale__pct_change__robust__soft_clipping.csv
1877,LightGBM,4.897134887722953e+228,4.897134887722953e+228,2.2129471045921891e+114,0.9622317206547427,3,transformed_data__impute__scale__pct_change__robust__soft_clipping.csv
1878,XGBoost,3.630919608529015e+46,3.6309195899821263e+46,1.9054972076938382e+23,-0.999549049290185,4,transformed_data__impute__scale__pct_change__robust__soft_clipping.csv
1879,LightGBM,6.443855613578841e+277,6.443855613578841e+277,8.027362962753609e+138,-0.999549049290185,4,transformed_data__impute__scale__pct_change__robust__soft_clipping.csv
1880,XGBoost,4.314093744924249e+233,4.314093744924249e+233,6.568176112836994e+116,-0.999991475048378,5,transformed_data__impute__scale__pct_change__robust__soft_clipping.csv
1881,LightGBM,3.5259455617838235e+45,3.6440125768822987e+45,5.937967296797637e+22,-0.999991475048378,5,transformed_data__impute__scale__pct_change__robust__soft_clipping.csv
1882,XGBoost,6008401424.712249,2270936542050.9688,77513.87891669625,-0.9990237413373015,1,transformed_data__impute__scale__pct_change__sliding_window_log.csv
1883,LightGBM,7446364692.049744,2316713183444.135,86292.32116503613,-0.9990237413373015,1,transformed_data__impute__scale__pct_change__sliding_window_log.csv
1884,XGBoost,868347492.1585221,1666048986073.4077,29467.736461399985,-0.9996208393680128,2,transformed_data__impute__scale__pct_change__sliding_window_log.csv
1885,LightGBM,6379718521.309198,1802929569869.5732,79873.14017433644,-0.9996208393680128,2,transformed_data__impute__scale__pct_change__sliding_window_log.csv
1886,XGBoost,3031162229.5920787,1563056156227.775,55055.99176830873,-0.9757461016075174,3,transformed_data__impute__scale__pct_change__sliding_window_log.csv
1887,LightGBM,2865908521.375623,1544264923307.3123,53534.18086956802,-0.9757461016075174,3,transformed_data__impute__scale__pct_change__sliding_window_log.csv
1888,XGBoost,19779356132.63898,1565909890495.3645,140639.09887594907,-0.3988134551235958,4,transformed_data__impute__scale__pct_change__sliding_window_log.csv
1889,LightGBM,9123108567.927729,1700608282293.8098,95514.96515168567,-0.3988134551235958,4,transformed_data__impute__scale__pct_change__sliding_window_log.csv
1890,XGBoost,206649898123.12152,2924050921790.1494,454587.61325306864,0.9986370542514329,5,transformed_data__impute__scale__pct_change__sliding_window_log.csv
1891,LightGBM,72107331653.10408,1942777655489.3538,268528.08354640316,0.9986370542514329,5,transformed_data__impute__scale__pct_change__sliding_window_log.csv
1892,XGBoost,105877.09990022119,191695.23724283822,325.3876148537636,-0.23378728545069813,1,transformed_data__impute__scale__pct_change__sliding_window_log.csv
1893,LightGBM,354766.28638363176,474029.1537567496,595.6226039898349,-0.23378728545069813,1,transformed_data__impute__scale__pct_change__sliding_window_log.csv
1894,XGBoost,2964508.8596971096,236273.5636548702,1721.7749155151232,0.34216736627619354,2,transformed_data__impute__scale__pct_change__sliding_window_log.csv
1895,LightGBM,1435721.5544092073,608847.5899426095,1198.2159882129797,0.34216736627619354,2,transformed_data__impute__scale__pct_change__sliding_window_log.csv
1896,XGBoost,53024.987506425925,32150.341221992152,230.27155166547587,0.8742851167701353,3,transformed_data__impute__scale__pct_change__sliding_window_log.csv
1897,LightGBM,171693.5517730539,416333.79712216306,414.35920621250096,0.8742851167701353,3,transformed_data__impute__scale__pct_change__sliding_window_log.csv
1898,XGBoost,119799.7462843464,274650.8877900305,346.1209994847848,-0.25476846285237514,4,transformed_data__impute__scale__pct_change__sliding_window_log.csv
1899,LightGBM,293225.2624390113,491049.45643963525,541.5027815616567,-0.25476846285237514,4,transformed_data__impute__scale__pct_change__sliding_window_log.csv
1900,XGBoost,5027090.412573646,295156.74324351456,2242.117394913488,0.49607062638669586,5,transformed_data__impute__scale__pct_change__sliding_window_log.csv
1901,LightGBM,4648452.14182096,280649.9118934732,2156.026934391349,0.49607062638669586,5,transformed_data__impute__scale__pct_change__sliding_window_log.csv
1902,XGBoost,332877.21450588555,11650836.773131946,576.9551234765886,-0.9208141039683009,1,transformed_data__impute__scale__pct_change__sliding_window_log.csv
1903,LightGBM,1687264.142931428,17160459.371065777,1298.9473210763506,-0.9208141039683009,1,transformed_data__impute__scale__pct_change__sliding_window_log.csv
1904,XGBoost,100126.47594739978,6804573.037436562,316.4276788579024,-0.9727606973534794,2,transformed_data__impute__scale__pct_change__sliding_window_log.csv
1905,LightGBM,519615.9656669594,9369868.469635913,720.8439260110051,-0.9727606973534794,2,transformed_data__impute__scale__pct_change__sliding_window_log.csv
1906,XGBoost,107782117.00950809,5155013.447843878,10381.81665266287,0.6998521655774532,3,transformed_data__impute__scale__pct_change__sliding_window_log.csv
1907,LightGBM,91738923.25434205,7645553.561121938,9578.043811464951,0.6998521655774532,3,transformed_data__impute__scale__pct_change__sliding_window_log.csv
1908,XGBoost,27469512.143098135,28222212.528372657,5241.136531621566,0.9554236176082573,4,transformed_data__impute__scale__pct_change__sliding_window_log.csv
1909,LightGBM,50400915.16371344,11912691.620417127,7099.3601939691325,0.9554236176082573,4,transformed_data__impute__scale__pct_change__sliding_window_log.csv
1910,XGBoost,29894234.151401088,47789155.48819433,5467.561993375209,0.9997732348060653,5,transformed_data__impute__scale__pct_change__sliding_window_log.csv
1911,LightGBM,8340587.316257548,203198209.68291205,2888.007499342332,0.9997732348060653,5,transformed_data__impute__scale__pct_change__sliding_window_log.csv
1912,XGBoost,5125736563837.564,214521196173.65738,2264008.958426968,-0.7247792273710868,1,transformed_data__impute__scale__pct_change__sliding_window_log.csv
1913,LightGBM,3141235014958.111,782354171231.5852,1772352.9600387476,-0.7247792273710868,1,transformed_data__impute__scale__pct_change__sliding_window_log.csv
1914,XGBoost,1123491272232.0513,1790369909204.4148,1059948.7120762265,-0.48561140686540505,2,transformed_data__impute__scale__pct_change__sliding_window_log.csv
1915,LightGBM,145935256911014.4,150482346427462.25,12080366.58843656,-0.48561140686540505,2,transformed_data__impute__scale__pct_change__sliding_window_log.csv
1916,XGBoost,1038479535523.8665,98736495300.245,1019058.1610113657,0.3296402693754631,3,transformed_data__impute__scale__pct_change__sliding_window_log.csv
1917,LightGBM,956906214287.1661,249714566543.0394,978215.8321593278,0.3296402693754631,3,transformed_data__impute__scale__pct_change__sliding_window_log.csv
1918,XGBoost,633911008757093.5,14547510318831.402,25177589.415134512,0.5706369002120116,4,transformed_data__impute__scale__pct_change__sliding_window_log.csv
1919,LightGBM,756001982518321.4,1704499574663.3848,27495490.221458524,0.5706369002120116,4,transformed_data__impute__scale__pct_change__sliding_window_log.csv
1920,XGBoost,198763828640495.56,209346775581900.88,14098362.622676987,0.29775776239832785,5,transformed_data__impute__scale__pct_change__sliding_window_log.csv
1921,LightGBM,972547580269705.1,996586961276696.6,31185695.122438833,0.29775776239832785,5,transformed_data__impute__scale__pct_change__sliding_window_log.csv
1922,XGBoost,253.48547466297555,2851869303898.866,15.921227172017097,,1,transformed_data__impute__scale__power__sliding_window_log.csv
1923,LightGBM,1.899115445962011e-05,2851815544994.6357,0.004357884172350168,,1,transformed_data__impute__scale__power__sliding_window_log.csv
1924,XGBoost,56225825.46029923,2851000646066.2417,7498.388190824694,0.24141468013210762,2,transformed_data__impute__scale__power__sliding_window_log.csv
1925,LightGBM,56262416.437715515,2850946895350.029,7500.827716840024,0.24141468013210762,2,transformed_data__impute__scale__power__sliding_window_log.csv
1926,XGBoost,657063505739.4916,2887492342939.976,810594.538434285,0.8732952974371887,3,transformed_data__impute__scale__power__sliding_window_log.csv
1927,LightGBM,667916032454.2389,2863788380973.197,817261.2999856527,0.8732952974371887,3,transformed_data__impute__scale__power__sliding_window_log.csv
1928,XGBoost,28662222898.72939,6129172931031.83,169299.21115802455,0.9604032111966788,4,transformed_data__impute__scale__power__sliding_window_log.csv
1929,LightGBM,6387881664.515968,6650290725356.753,79924.22451620015,0.9604032111966788,4,transformed_data__impute__scale__power__sliding_window_log.csv
1930,XGBoost,8405491522272.055,6438838795671.893,2899222.5720479023,-0.31209510554745135,5,transformed_data__impute__scale__power__sliding_window_log.csv
1931,LightGBM,8273474921572.029,6955940614664.443,2876364.8797696074,-0.31209510554745135,5,transformed_data__impute__scale__power__sliding_window_log.csv
1932,XGBoost,101180.88180818406,1589508.615375662,318.08942423190376,0.38508693787748527,1,transformed_data__impute__scale__power__sliding_window_log.csv
1933,LightGBM,71698.61920977816,1753738.418755902,267.76597843971547,0.38508693787748527,1,transformed_data__impute__scale__power__sliding_window_log.csv
1934,XGBoost,8568.274116364664,2297956.187035215,92.5649724051418,0.93633039380908,2,transformed_data__impute__scale__power__sliding_window_log.csv
1935,LightGBM,657.8560247692718,2505281.9231956755,25.648704153802232,0.93633039380908,2,transformed_data__impute__scale__power__sliding_window_log.csv
1936,XGBoost,4128.7487765896785,2467492.835790691,64.25534045190079,0.9489537132079501,3,transformed_data__impute__scale__power__sliding_window_log.csv
1937,LightGBM,14971.643081512233,2313597.2552203075,122.35866573934285,0.9489537132079501,3,transformed_data__impute__scale__power__sliding_window_log.csv
1938,XGBoost,76648.75964876637,2583268.2050464875,276.8551239344621,0.4707653385440125,4,transformed_data__impute__scale__power__sliding_window_log.csv
1939,LightGBM,99966.58926668149,2691641.512141243,316.1749345958365,0.4707653385440125,4,transformed_data__impute__scale__power__sliding_window_log.csv
1940,XGBoost,187613.55406250304,1366743.0319573518,433.1438029829159,0.6299257335182853,5,transformed_data__impute__scale__power__sliding_window_log.csv
1941,LightGBM,173016.4165792744,1404040.8274003987,415.95242105230545,0.6299257335182853,5,transformed_data__impute__scale__power__sliding_window_log.csv
1942,XGBoost,0.0007903702543650913,45585956.400186636,0.028113524403124757,8.376183148335539e-15,1,transformed_data__impute__scale__power__sliding_window_log.csv
1943,LightGBM,9.055488520297979e-11,45586336.1596538,9.516033060208429e-06,8.376183148335539e-15,1,transformed_data__impute__scale__power__sliding_window_log.csv
1944,XGBoost,355389.9881090834,45390359.23292889,596.1459453096057,0.8982028623957303,2,transformed_data__impute__scale__power__sliding_window_log.csv
1945,LightGBM,355364.6176987266,45390738.176776975,596.1246662391404,0.8982028623957303,2,transformed_data__impute__scale__power__sliding_window_log.csv
1946,XGBoost,62276.246548757525,55155670.72338605,249.55209185410072,0.9813805603044008,3,transformed_data__impute__scale__power__sliding_window_log.csv
1947,LightGBM,12344.045276016497,56984317.127745844,111.10375905439247,0.9813805603044008,3,transformed_data__impute__scale__power__sliding_window_log.csv
1948,XGBoost,108462.5631819292,54490739.89874699,329.3365500243318,0.9866073602321944,4,transformed_data__impute__scale__power__sliding_window_log.csv
1949,LightGBM,21319.68672777866,58115247.260862544,146.01262523418535,0.9866073602321944,4,transformed_data__impute__scale__power__sliding_window_log.csv
1950,XGBoost,205091.51501950124,59919996.00361136,452.87030706318257,0.41183959346492566,5,transformed_data__impute__scale__power__sliding_window_log.csv
1951,LightGBM,203148.8358139831,58797262.25930172,450.7203521186758,0.41183959346492566,5,transformed_data__impute__scale__power__sliding_window_log.csv
1952,XGBoost,7571832711.847227,360062823145.1792,87016.27843022952,0.7443666644098859,1,transformed_data__impute__scale__power__sliding_window_log.csv
1953,LightGBM,7505065125.478787,361676305151.17303,86631.77895829444,0.7443666644098859,1,transformed_data__impute__scale__power__sliding_window_log.csv
1954,XGBoost,13508920.510068621,254735366610.56332,3675.4483413685225,0.0,2,transformed_data__impute__scale__power__sliding_window_log.csv
1955,LightGBM,9858172.35818494,254988867573.52966,3139.772660270953,0.0,2,transformed_data__impute__scale__power__sliding_window_log.csv
1956,XGBoost,688451273.0274614,258399221816.4767,26238.354998502888,0.46871568504288685,3,transformed_data__impute__scale__power__sliding_window_log.csv
1957,LightGBM,837198550.565833,260218368051.51535,28934.383535265322,0.46871568504288685,3,transformed_data__impute__scale__power__sliding_window_log.csv
1958,XGBoost,3067751452.578926,259673139870.67975,55387.2860192565,0.5426444992671734,4,transformed_data__impute__scale__power__sliding_window_log.csv
1959,LightGBM,2753816031.8103037,265062147040.32315,52476.8142307658,0.5426444992671734,4,transformed_data__impute__scale__power__sliding_window_log.csv
1960,XGBoost,4263698787.058021,270563223570.86087,65297.004426374886,0.2899628607438143,5,transformed_data__impute__scale__power__sliding_window_log.csv
1961,LightGBM,1936670113.8877811,291475363657.8292,44007.6142717119,0.2899628607438143,5,transformed_data__impute__scale__power__sliding_window_log.csv
1962,XGBoost,0.0,226964553782708.0,0.0,,1,transformed_data__impute__scale__quantile__relative_transform.csv
1963,LightGBM,0.0,226964553782708.0,0.0,,1,transformed_data__impute__scale__quantile__relative_transform.csv
1964,XGBoost,219239147887273.4,10859788680438.98,14806726.44061723,,2,transformed_data__impute__scale__quantile__relative_transform.csv
1965,LightGBM,0.0,312313111150443.94,0.0,,2,transformed_data__impute__scale__quantile__relative_transform.csv
1966,XGBoost,219239147887273.4,6447184446622.508,14806726.44061723,,3,transformed_data__impute__scale__quantile__relative_transform.csv
1967,LightGBM,0.0,265235414347901.88,0.0,,3,transformed_data__impute__scale__quantile__relative_transform.csv
1968,XGBoost,219449058608893.94,48082073349894.79,14813813.101591837,,4,transformed_data__impute__scale__quantile__relative_transform.csv
1969,LightGBM,1.6914025328014708e+21,1.6923364166767642e+21,41126664498.8561,,4,transformed_data__impute__scale__quantile__relative_transform.csv
1970,XGBoost,8.567016019379205e+26,8.567002001212602e+26,29269465351077.4,,5,transformed_data__impute__scale__quantile__relative_transform.csv
1971,LightGBM,1.3556103146986582e+26,1.3556158886233803e+26,11643067957796.426,,5,transformed_data__impute__scale__quantile__relative_transform.csv
1972,XGBoost,0.0,17103599485960.11,0.0,4.100892133073675e-16,1,transformed_data__impute__scale__quantile__relative_transform.csv
1973,LightGBM,0.0,17103599485960.11,0.0,4.100892133073675e-16,1,transformed_data__impute__scale__quantile__relative_transform.csv
1974,XGBoost,0.0,471382411986.02246,0.0,-5.17178114378526e-17,2,transformed_data__impute__scale__quantile__relative_transform.csv
1975,LightGBM,0.0,471382411986.02246,0.0,-5.17178114378526e-17,2,transformed_data__impute__scale__quantile__relative_transform.csv
1976,XGBoost,0.0,7885954168225.386,0.0,-4.606011672921129e-17,3,transformed_data__impute__scale__quantile__relative_transform.csv
1977,LightGBM,0.0,7885954168225.386,0.0,-4.606011672921129e-17,3,transformed_data__impute__scale__quantile__relative_transform.csv
1978,XGBoost,0.0,3089891473342.979,0.0,-1.5116248003824903e-16,4,transformed_data__impute__scale__quantile__relative_transform.csv
1979,LightGBM,0.0,3089891473342.979,0.0,-1.5116248003824903e-16,4,transformed_data__impute__scale__quantile__relative_transform.csv
1980,XGBoost,0.0,16965942569989.973,0.0,-1.1009443058292017e-16,5,transformed_data__impute__scale__quantile__relative_transform.csv
1981,LightGBM,0.0,16965942569989.973,0.0,-1.1009443058292017e-16,5,transformed_data__impute__scale__quantile__relative_transform.csv
1982,XGBoost,347129157104809.8,346866759990952.9,18631402.44599987,0.0,1,transformed_data__impute__scale__quantile__relative_transform.csv
1983,LightGBM,347129157104809.8,346866759990952.9,18631402.44599987,0.0,1,transformed_data__impute__scale__quantile__relative_transform.csv
1984,XGBoost,2.1545118949129596e+16,2.1549726402309244e+16,146782556.69230455,1.6480577879032143e-17,2,transformed_data__impute__scale__quantile__relative_transform.csv
1985,LightGBM,0.0,5931567003.145415,0.0,1.6480577879032143e-17,2,transformed_data__impute__scale__quantile__relative_transform.csv
1986,XGBoost,1.3488359485390542e+17,1.3485183985905816e+17,367265019.9160076,-2.327164743205724e-16,3,transformed_data__impute__scale__quantile__relative_transform.csv
1987,LightGBM,0.0,2495386629.6847534,0.0,-2.327164743205724e-16,3,transformed_data__impute__scale__quantile__relative_transform.csv
1988,XGBoost,14401521.847736565,98033436044.45763,3794.9337079501884,-3.575503437779465e-16,4,transformed_data__impute__scale__quantile__relative_transform.csv
1989,LightGBM,3.723554432726727e+17,3.7197065516101344e+17,610209343.8097066,-3.575503437779465e-16,4,transformed_data__impute__scale__quantile__relative_transform.csv
1990,XGBoost,18212187.77230692,1096262361005.3196,4267.573991427322,-1.28821487033605e-16,5,transformed_data__impute__scale__quantile__relative_transform.csv
1991,LightGBM,1417290.8826048332,1101724280631.295,1190.5002656886866,-1.28821487033605e-16,5,transformed_data__impute__scale__quantile__relative_transform.csv
1992,XGBoost,0.0,332521398239553.7,0.0,6.195320377670829e-16,1,transformed_data__impute__scale__quantile__relative_transform.csv
1993,LightGBM,0.0,332521398239553.7,0.0,6.195320377670829e-16,1,transformed_data__impute__scale__quantile__relative_transform.csv
1994,XGBoost,0.0,911694619419429.1,0.0,-1.3464425652504075e-16,2,transformed_data__impute__scale__quantile__relative_transform.csv
1995,LightGBM,0.0,911694619419429.1,0.0,-1.3464425652504075e-16,2,transformed_data__impute__scale__quantile__relative_transform.csv
1996,XGBoost,0.0,1207038737685406.0,0.0,3.1160398134861446e-16,3,transformed_data__impute__scale__quantile__relative_transform.csv
1997,LightGBM,0.0,1207038737685406.0,0.0,3.1160398134861446e-16,3,transformed_data__impute__scale__quantile__relative_transform.csv
1998,XGBoost,2056334221692.6284,1537011979733416.0,1433992.4064278125,4.504246702374213e-16,4,transformed_data__impute__scale__quantile__relative_transform.csv
1999,LightGBM,0.0,1567082700262600.5,0.0,4.504246702374213e-16,4,transformed_data__impute__scale__quantile__relative_transform.csv
2000,XGBoost,3.9695716874311265e+23,3.9738358434245805e+23,630045370384.6356,7.136754735597962e-17,5,transformed_data__impute__scale__quantile__relative_transform.csv
2001,LightGBM,0.0,1.1445908126760093e+17,0.0,7.136754735597962e-17,5,transformed_data__impute__scale__quantile__relative_transform.csv
2002,XGBoost,0.0,1.556896011066604e+20,0.0,,1,transformed_data__impute__scale__robust__quantile__relative_transform.csv
2003,LightGBM,0.0,1.556896011066604e+20,0.0,,1,transformed_data__impute__scale__robust__quantile__relative_transform.csv
2004,XGBoost,1.2934618848897008e+20,1.2258310710663324e+18,11373046579.038094,,2,transformed_data__impute__scale__robust__quantile__relative_transform.csv
2005,LightGBM,0.0,1.557558373040817e+20,0.0,,2,transformed_data__impute__scale__robust__quantile__relative_transform.csv
2006,XGBoost,1.2934618848897008e+20,1.2226443811116198e+18,11373046579.038094,,3,transformed_data__impute__scale__robust__quantile__relative_transform.csv
2007,LightGBM,0.0,1.5571987955652497e+20,0.0,,3,transformed_data__impute__scale__robust__quantile__relative_transform.csv
2008,XGBoost,1.2947003111482514e+20,2.3970059386539184e+19,11378489843.332687,,4,transformed_data__impute__scale__robust__quantile__relative_transform.csv
2009,LightGBM,9.978896238501582e+26,9.983196208038155e+26,31589391001571.367,,4,transformed_data__impute__scale__robust__quantile__relative_transform.csv
2010,XGBoost,5.0543476359450466e+32,5.054351029773154e+32,2.248187633616253e+16,,5,transformed_data__impute__scale__robust__quantile__relative_transform.csv
2011,LightGBM,7.997797335572654e+31,7.997783821546434e+31,8943040498383452.0,,5,transformed_data__impute__scale__robust__quantile__relative_transform.csv
2012,XGBoost,0.0,17618544052684.73,0.0,,1,transformed_data__impute__scale__robust__quantile__relative_transform.csv
2013,LightGBM,0.0,17618544052684.73,0.0,,1,transformed_data__impute__scale__robust__quantile__relative_transform.csv
2014,XGBoost,0.0,559729731161.9974,0.0,,2,transformed_data__impute__scale__robust__quantile__relative_transform.csv
2015,LightGBM,0.0,559729731161.9974,0.0,,2,transformed_data__impute__scale__robust__quantile__relative_transform.csv
2016,XGBoost,0.0,8156579266949.144,0.0,,3,transformed_data__impute__scale__robust__quantile__relative_transform.csv
2017,LightGBM,0.0,8156579266949.144,0.0,,3,transformed_data__impute__scale__robust__quantile__relative_transform.csv
2018,XGBoost,0.0,2888316308812.1196,0.0,,4,transformed_data__impute__scale__robust__quantile__relative_transform.csv
2019,LightGBM,0.0,2888316308812.1196,0.0,,4,transformed_data__impute__scale__robust__quantile__relative_transform.csv
2020,XGBoost,0.0,17533967349716.895,0.0,,5,transformed_data__impute__scale__robust__quantile__relative_transform.csv
2021,LightGBM,0.0,17533967349716.895,0.0,,5,transformed_data__impute__scale__robust__quantile__relative_transform.csv
2022,XGBoost,5.5776963764416934e+17,5.575818331643263e+17,746839767.0479052,0.0,1,transformed_data__impute__scale__robust__quantile__relative_transform.csv
2023,LightGBM,5.5776963764416934e+17,5.575818331643263e+17,746839767.0479052,0.0,1,transformed_data__impute__scale__robust__quantile__relative_transform.csv
2024,XGBoost,3.4618852790945505e+19,3.461714671256395e+19,5883778785.010999,1.6480577879032143e-17,2,transformed_data__impute__scale__robust__quantile__relative_transform.csv
2025,LightGBM,0.0,143708714786.1445,0.0,1.6480577879032143e-17,2,transformed_data__impute__scale__robust__quantile__relative_transform.csv
2026,XGBoost,2.1673193474522648e+20,2.1673633407681436e+20,14721818323.333109,-2.327164743205724e-16,3,transformed_data__impute__scale__robust__quantile__relative_transform.csv
2027,LightGBM,0.0,149782779172.77274,0.0,-2.327164743205724e-16,3,transformed_data__impute__scale__robust__quantile__relative_transform.csv
2028,XGBoost,23140469355.93844,262741126243.99936,152119.91768318322,-3.575503437779465e-16,4,transformed_data__impute__scale__robust__quantile__relative_transform.csv
2029,LightGBM,5.983034165186075e+20,5.982771212781396e+20,24460241546.612076,-3.575503437779465e-16,4,transformed_data__impute__scale__robust__quantile__relative_transform.csv
2030,XGBoost,29263474895.599373,1461713854202.2314,171065.70344636406,-1.28821487033605e-16,5,transformed_data__impute__scale__robust__quantile__relative_transform.csv
2031,LightGBM,2277313230.0960703,1782939128806.7927,47721.203150130976,-1.28821487033605e-16,5,transformed_data__impute__scale__robust__quantile__relative_transform.csv
2032,XGBoost,0.0,4.252386455324299e+17,0.0,-6.195320377670829e-16,1,transformed_data__impute__scale__robust__quantile__relative_transform.csv
2033,LightGBM,0.0,4.252386455324299e+17,0.0,-6.195320377670829e-16,1,transformed_data__impute__scale__robust__quantile__relative_transform.csv
2034,XGBoost,0.0,3.945146209303307e+17,0.0,1.3464425652504075e-16,2,transformed_data__impute__scale__robust__quantile__relative_transform.csv
2035,LightGBM,0.0,3.945146209303307e+17,0.0,1.3464425652504075e-16,2,transformed_data__impute__scale__robust__quantile__relative_transform.csv
2036,XGBoost,0.0,4.282485002756868e+17,0.0,-3.1160398134861446e-16,3,transformed_data__impute__scale__robust__quantile__relative_transform.csv
2037,LightGBM,0.0,4.282485002756868e+17,0.0,-3.1160398134861446e-16,3,transformed_data__impute__scale__robust__quantile__relative_transform.csv
2038,XGBoost,8.213492401653563e+17,9.954584759187214e+17,906283200.8623774,-4.504246702374213e-16,4,transformed_data__impute__scale__robust__quantile__relative_transform.csv
2039,LightGBM,0.0,4.410564090400188e+17,0.0,-4.504246702374213e-16,4,transformed_data__impute__scale__robust__quantile__relative_transform.csv
2040,XGBoost,1.5855422016804873e+29,1.585541792369775e+29,398188674083089.3,-7.136754735597962e-17,5,transformed_data__impute__scale__robust__quantile__relative_transform.csv
2041,LightGBM,0.0,2.633294704749406e+17,0.0,-7.136754735597962e-17,5,transformed_data__impute__scale__robust__quantile__relative_transform.csv
