Date,FEDFUNDS,GDP,CPIAUCSL,CUSR0000SAH1,CPILFESL,PCE,PRFI,PNFI,EXPGS,HOUST,DSPI,DGS2,DGS5,DGS10,AAA,BAA,WTISPLC,IMPGS,GCE,FGCE,GDPCTPI,PCEPI,PCEPILFE,PAYEMS,UNRATE,INDPRO,CUMFNS,M1,M1V,M2,VIXCLS,BAMLH0A0HYM2,BAA10Y,BAMLC0A4CBBBEY,BAMLC0A1CAAAEY,T10YIE,T5YIE,DGS3MO,DGS30,BAA10YM,MORTGAGE30US,RSXFS,TCU,UMCSENT,NETEXP,PI,PPIACO,M1REAL,M2REAL
2003-01-31,1.1032028469750887,9.99105875835302,9.48078920041537,9.548532731376977,9.50592885375494,9.986757247096527,9.836452725024696,9.925522977650935,9.901400215539129,9.946323134728932,9.98791978738826,1.4675767918088738,2.3195084485407067,2.857142857142857,3.8157081014223873,4.236311239193084,7.6711690731252915,9.935042284225084,9.954170695826326,9.875424180664837,8.843690016419602,8.853224160273392,8.866727107887579,9.999234244582281,3.6708860759493667,9.01124119881072,8.809333869926869,9.918975854804732,4.750104997900042,9.98279510692841,7.57104687879524,4.532531437944232,2.4012158054711246,3.730407523510972,3.0216329378925333,1.5325994919559696,1.2967798085291558,1.0634495084897229,3.3949801849405548,2.4812030075187965,3.710691823899371,9.999625804520281,8.836853595925264,8.917748917748918,10.194076023459909,9.989247427447017,9.311768754301445,9.853393930508723,9.968641224246607
2003-02-28,1.119005328596803,9.99107583350684,9.483471074380166,9.548736462093862,9.506172839506172,9.986770036779298,9.8358744929818,9.926241728694386,9.901297860657994,9.938987187309335,9.987929556894034,1.3269731136166523,2.1197793538219067,2.7060539752005837,3.730407523510972,4.138335287221571,7.819925877479834,9.934878573979944,9.954383821060167,9.877953059510551,8.844397136900941,8.857482348102279,8.868112464345543,9.999233440396159,3.710691823899371,9.01235055629355,8.808239829816646,9.91989105183049,4.737041630120858,9.982897504745942,7.476659096643957,4.55930359085963,2.4299772899318697,3.597951344430218,2.867332382310984,1.6247906197654942,1.4893617021276595,1.0634495084897229,3.3422103861517973,2.4012158054711246,3.6668777707409754,9.999620057903176,8.83851125018003,8.887652947719689,10.195143705919692,9.989254475510949,9.322493224932249,9.853886616014027,9.96866382552018
2003-03-31,1.1111111111111112,9.991115292188592,9.484270242392986,9.548532731376977,9.506172839506172,9.986879223250016,9.836950537524569,9.926872937103969,9.901388164817021,9.942396313364055,9.987985678929284,1.311902693310165,2.1752738654147104,2.769342010122921,3.7067337948395216,4.100294985250738,7.703788748564868,9.934842244533224,9.95457346731365,9.879583069321322,8.845645893945655,8.860074095183814,8.869724438818183,9.99923219852275,3.710691823899371,9.009906871840364,8.80933245223935,9.920006399488042,4.725574992537379,9.982961612512991,7.445721583652618,4.356659142212189,2.331288343558282,3.6061381074168795,2.8876244665718347,1.5254237288135595,1.4163090128755365,1.0313901345291479,3.3466400532268796,2.389649923896499,3.714644877435575,9.999626628831722,8.836069733390133,8.858447488584474,10.195825558410965,9.989297716132624,9.338624338624339,9.853779792367305,9.968723610546398
2003-04-30,1.119005328596803,9.991168235747343,9.4824016563147,9.548736462093862,9.506172839506172,9.986918699718752,9.839236566607505,9.92737002502829,9.90171652096141,9.939503932244403,9.988028109997725,1.311902693310165,2.2178988326848246,2.800575953923686,3.6467598475222363,4.065281899109792,7.385620915032679,9.934952411184023,9.954726404873613,9.880378482481428,8.847209093214673,8.858356261345085,8.870834791838393,9.999231868250043,3.75,9.004292495053823,8.801572815836497,9.920590804415152,4.717937882949504,9.983063764925056,6.795898750400513,3.9172749391727493,2.1630094043887147,3.4512115258677145,2.8469241773962803,1.474850809889173,1.2663755458515282,1.0313901345291479,3.3906146728354263,2.242048099301784,3.6668777707409754,9.99962575830723,8.830012518866049,8.958333333333334,10.196128424892619,9.989323539460198,9.318801089918257,9.855553950599452,9.969039289142078
2003-05-31,1.119005328596803,9.991232072022452,9.481596682218767,9.550763701707098,9.507146377525876,9.986945680978552,9.842357690046208,9.927816415296817,9.902340192729982,9.943214082907438,9.988102036931277,1.1738746690203001,1.8699186991869918,2.5205684367988033,3.4296977660972403,3.8949938949938954,7.378080755112743,9.935214751758595,9.954869042100333,9.880746775596885,8.849072382640552,8.857195099652587,8.872273721722264,9.999231986237193,3.788819875776398,9.003984063745019,8.802182901879615,9.921685331662621,4.714106472745525,9.983242563887725,6.606718696979979,4.044073853484217,2.2178988326848246,3.2341001353179974,2.647058823529412,1.3793103448275863,1.119005328596803,0.982867448151488,3.2249322493224932,2.1935987509758,3.4683213585891575,9.999625989258412,8.830071377345268,9.020568070519099,10.196233149817523,9.98938924493867,9.318336741649626,9.85789398891573,9.969402117373477
2003-06-30,1.0873440285204992,9.99129705103543,9.482133609528741,9.550763701707098,9.507389162561577,9.9870291584518,9.845642700811904,9.928228690618063,9.90324670998356,9.946723494938732,9.98814604077762,1.166077738515901,1.9743178170144462,2.6144756277695715,3.31997327989312,3.8233477455219274,7.544204322200392,9.935608842004376,9.955007260848518,9.880979407352402,8.851003052678273,8.858291090103668,8.872833021483803,9.999231962642662,3.865030674846626,9.005169141142623,8.807207804677892,9.922498643726264,4.714778565412008,9.983339442204525,6.612466124661246,3.800371977681339,2.1935987509758,3.2341001353179974,2.68471104608632,1.4089347079037802,1.2663755458515282,0.8592321755027421,3.1600547195622437,2.2239502332814927,3.4383202099737535,9.999630185720731,8.83180845396858,8.996990972918756,10.19628958558664,9.98943509450308,9.324324324324325,9.859075535512964,9.969555819405121
2003-07-31,0.9173478655767484,9.991361936667621,9.483737738771296,9.551971326164875,9.508357915437562,9.98712501609373,9.848884389001807,9.9286794791605,9.904517287145163,9.947561615102256,9.9883208950866,1.5254237288135595,2.5261584454409562,3.0986887508626637,3.544222078760491,3.983152827918171,7.546614327772326,9.936155433427993,9.955165636074087,9.881412191063934,8.853013706486207,8.861255352099844,8.875330371703312,9.999231915449252,3.82716049382716,9.00977255465808,8.810844621390764,9.92283950617284,4.720447706034529,9.983465061675322,6.60902000678196,3.618379068283344,2.0508744038155804,3.556701030927835,3.055555555555556,1.7218543046357617,1.4893617021276595,0.8424908424908425,3.3906146728354263,2.088607594936709,3.726474278544542,9.999634184707457,8.837372881257405,9.008919722497524,10.196465970129314,9.989475456765176,9.322951929587001,9.859333239555493,9.969691459053161
2003-08-31,0.9338168631006347,9.991420078636711,9.485861182519281,9.552772808586763,9.508840864440078,9.987280751961944,9.851665140776916,9.9291633354939,9.906092263410846,9.945740640260444,9.988439440006475,1.6317991631799162,2.5705794947994054,3.0795847750865053,3.7027707808564227,4.121105232216343,7.595575859581631,9.93683403781726,9.955351104402377,9.882260091204257,8.854959851901379,8.864655593274218,8.87645499078693,9.999231732519995,3.788819875776398,9.007870562825108,8.80623384685174,9.9235882937266,4.730789733320236,9.983633387888707,6.50716032134125,3.5316946959896507,1.9743178170144462,3.5400516795865635,3.0264993026499303,1.7763157894736843,1.659716430358632,0.8842297174111212,3.527508090614887,2.038216560509554,3.872549019607843,9.999640255418653,8.83538112152798,8.992950654582074,10.196751167534785,9.989527479892763,9.324324324324325,9.859688508488844,9.969849549250762
2003-09-30,0.9173478655767484,9.99146918861394,9.487442337262943,9.553571428571429,9.509081983308787,9.987283339903607,9.853886820438,9.929537969263448,9.907703139551682,9.948691636736788,9.988343086284475,1.3043478260869565,2.2178988326848246,2.836676217765043,3.638676844783715,4.044073853484217,7.388352050143641,9.937597672690487,9.955552360210424,9.88331806321293,8.85684081685198,8.867792081337816,8.877841865475682,9.999232316408468,3.788819875776398,9.013630638210568,8.815250100703743,9.92343032159265,4.741847214722734,9.983573165122545,6.943765281173595,3.5525467440361056,2.044550517104216,3.288590604026846,2.7641099855282194,1.6736053288925892,1.5682967959527827,0.875912408759124,3.455497382198953,2.012779552715655,3.742177722152691,9.999638257849805,8.84217046724211,8.976458546571136,10.19644671616986,9.9895751889497,9.326599326599327,9.859313449634215,9.969612252339855
2003-10-31,0.9173478655767484,9.991512645225006,9.486916367367881,9.554962171784602,9.509803921568627,9.987305456114962,9.855722132369172,9.929669538259418,9.90922970512362,9.949418310571573,9.988388430231883,1.5611814345991561,2.4642049736247174,3.0216329378925333,3.6305732484076434,4.022713687985655,7.520456236052567,9.938475774220857,9.955774990226272,9.884409767374656,8.858877363550262,8.867920256302854,8.879677347075958,9.999233416890892,3.75,9.01482588525283,8.816804686399998,9.923354027745843,4.750104997900042,9.983537197701793,6.168582375478927,3.211133740665309,1.9093851132686084,3.4080421885299934,2.9078014184397163,1.9354838709677418,1.7081260364842454,0.8592321755027421,3.464052287581699,1.9614147909967845,3.726474278544542,9.999636064547591,8.84370739784444,8.995983935742972,10.194668421278037,9.98961621531816,9.330207635632954,9.859530832982161,9.969599319024747
2003-11-30,0.9090909090909091,9.991548475251701,9.487179487179487,9.55575299866726,9.509803921568627,9.987393792703529,9.857134318414474,9.929474243801574,9.910437832856116,9.952221691352126,9.988472489596422,1.7081260364842454,2.5261584454409562,3.0264993026499303,3.6102236421725244,3.9975990396158467,7.566317838890241,9.939395382516109,9.955997651098901,9.885286509567562,8.861017344531463,8.869187624389362,8.881031241607733,9.99923366949698,3.6708860759493667,9.020822215585572,8.82608302645187,9.923861732906959,4.752207660236632,9.983542616394846,6.2006079027355625,3.093922651933702,1.8896999188969992,3.3993399339933994,2.947813822284908,1.8765231519090169,1.680532445923461,0.867579908675799,3.4426229508196724,1.9093851132686084,3.7067337948395216,9.999640685858832,8.850760968624625,9.035679845708774,10.191023245282988,9.989688808232456,9.328408327736737,9.8595900028082,9.96961040539719
2003-12-31,0.8925318761384334,9.99158312715686,9.48849104859335,9.556541019955654,9.51028403525955,9.987437817195115,9.858568109644214,9.929189976658405,9.911511923225994,9.951620706337687,9.988506803972049,1.5540540540540542,2.452830188679245,2.9922915206727394,3.597951344430218,3.9759036144578315,7.627520759193357,9.940415839191429,9.956229339516169,9.886009911857686,8.863438905791458,8.871395519440213,8.882269440128763,9.99923432666687,3.6305732484076434,9.021269765457086,8.825641874792286,9.923879120042628,4.750507072074135,9.983548572838693,6.467679265277287,2.947813822284908,1.8962722852512155,3.297587131367292,2.8774928774928776,1.850040749796251,1.6874480465502906,0.8340971585701192,3.425378040762656,1.8896999188969992,3.6908517350157726,9.999639797998718,8.851422283785988,9.025341130604287,10.185803577094303,9.98971532005924,9.331103678929766,9.859983197983759,9.969519629358693
2004-01-31,0.9090909090909091,9.99162019155069,9.490575649516046,9.557326250553343,9.511241446725316,9.987526661760487,9.86037361228824,9.929169942556824,9.912562113688487,9.947943779281625,9.988544852629529,1.5540540540540542,2.406985573272589,2.9378531073446332,3.564993564993565,3.9172749391727493,7.74113395075672,9.941508290614887,9.956457258009035,9.886595599909278,8.866097447585354,8.875254473675332,8.88481225814366,9.999235333700373,3.6305732484076434,9.022738911018424,8.825215572942366,9.923937019852438,4.74845079298393,9.983555065861962,6.2448366503942925,2.882562277580071,1.7965545529122229,3.24780553679946,2.8469241773962803,1.8765231519090169,1.7763157894736843,0.8256880733944953,3.3906146728354263,1.8633034987794954,3.6224489795918364,9.999641478114032,8.853264926763766,9.121265377855888,10.179864202527092,9.989734956578866,9.339498018494055,9.859353023909987,9.969429243985203
2004-02-29,0.9173478655767484,9.991660089873161,9.491611591255719,9.557130203720106,9.511957052220595,9.987578256981019,9.862589395852284,9.92961641797068,9.913596646015886,9.946120689655173,9.988589554878535,1.4236706689536878,2.3136049192928514,2.852037169406719,3.5483870967741935,3.853718500307314,7.764863656683057,9.942569490084303,9.956663920724369,9.887068800534871,8.868779485553237,8.877375753561525,8.886414253897549,9.999235661000366,3.5897435897435894,9.028177979484836,8.833503641801629,9.924840285606914,4.748772919220614,9.983654521976495,5.9266802443991855,3.0264993026499303,1.8099918099918098,3.1833674164962504,2.769342010122921,1.922455573505654,1.922455573505654,0.8592321755027421,3.3687002652519893,1.7965545529122229,3.581514762516046,9.999644054644731,8.859701036417729,9.042145593869732,10.174254935670632,9.98977023958099,9.342537804076265,9.860685427695737,9.969557672988524
2004-03-31,0.9090909090909091,9.991706244205481,9.492643328259765,9.559471365638768,9.51338199513382,9.98766771902131,9.86511559007591,9.930428725877398,9.914598418167591,9.95019920318725,9.988652868554828,1.3793103448275863,2.1875,2.7849927849927845,3.4768427919112854,3.7926753569211673,7.861420017108639,9.94360802253697,9.956881536545534,9.887590828371634,8.871650465161993,8.878911198556038,8.888073476104699,9.999237508482718,3.6708860759493667,9.024740385890725,8.833592081489922,9.925222463172064,4.751267693499403,9.983753838155737,6.260284218399401,3.0603747397640526,1.8633034987794954,3.145990404386566,2.679355783308931,1.922455573505654,1.8633034987794954,0.867579908675799,3.288590604026846,1.8566775244299674,3.5064935064935066,9.999650617184743,8.855936033095482,9.054820415879016,10.16881555806926,9.98982271163671,9.346832135858916,9.861149680644266,9.9696703163386
2004-04-30,0.9090909090909091,9.991751090815129,9.493414387031407,9.561018437225636,9.514327343370569,9.987680480954022,9.867226087418343,9.93129305778185,9.915265152285468,9.950322901142572,9.988712044248787,1.8765231519090169,2.6632428466617752,3.117687543014453,3.6427209154481885,3.924665856622114,7.858213750267724,9.944374418017349,9.95709410378593,9.888213324748117,8.874190824655221,8.880755713742083,8.890639213685075,9.999239075019593,3.5897435897435894,9.028142089513944,8.837309347800305,9.92528392109982,4.754786257539995,9.983852997690978,6.322177271055535,2.810927390366643,1.701244813278008,3.425378040762656,3.0264993026499303,1.9484702093397746,1.8962722852512155,0.875912408759124,3.455497382198953,1.7423616845582162,3.753903810118676,9.999646595655953,8.860055902858523,9.040307101727448,10.164587108550137,9.989874238036412,9.354005167958658,9.861342207432058,9.969822253070586
2004-05-31,0.9090909090909091,9.991795182360525,9.495459132189707,9.562363238512035,9.515033947623667,9.987784767605204,9.868742270385715,9.93207256972725,9.915536815433596,9.949773982923155,9.988804299149127,2.025518341307815,2.7588703837798696,3.178717598908595,3.765586034912718,4.029850746268656,8.011137629276053,9.944852850933293,9.957318429970757,9.88902439908998,8.876411629388647,8.883978393821705,8.891991313211895,9.999240715853094,3.5897435897435894,9.034604598178298,8.844969495644381,9.925711314166852,4.758574110403005,9.98406349105165,6.07843137254902,2.997198879551821,1.6874480465502906,3.523316062176166,3.1365820178448867,2.101105845181675,2.0318725099601593,0.9420289855072463,3.5525467440361056,1.6874480465502906,3.872549019607843,9.999653093366451,8.867683109795106,9.001996007984033,10.161451209975032,9.98995983935743,9.362244897959183,9.860801781737193,9.970065257738131
2004-06-30,0.9338168631006347,9.991836645515926,9.497234791352438,9.563128003494976,9.51597289448209,9.987756501297811,9.869780723625855,9.932727300161327,9.915654353566234,9.945593035908596,9.988842896830267,2.125984251968504,2.7588703837798696,3.1600547195622437,3.753903810118676,4.040524433849821,7.917534360683049,9.945212111569498,9.957532658292747,9.88981010670545,8.878364571960152,8.886798543932496,8.893548280020802,9.999241268901889,3.5897435897435894,9.027852984151087,8.838323701100688,9.92612293144208,4.761729091539439,9.984077954335573,5.891536565324568,2.9078014184397163,1.7287014061207608,3.5316946959896507,3.150684931506849,2.012779552715655,1.9549477071600965,1.1426040744021257,3.5400516795865635,1.701244813278008,3.8461538461538463,9.999648064530888,8.860061100725,9.053030303030303,10.158825030051297,9.989998399743959,9.363867684478372,9.861265260821309,9.969965460279322
2004-07-31,1.119005328596803,9.991880023778538,9.497739829231541,9.563890100305278,9.516441005802708,9.987874231529423,9.870736067610208,9.933355326075729,9.915979448573122,9.950298210735587,9.988877766655545,2.1135646687697163,2.7060539752005837,3.103448275862069,3.678887484197219,3.983152827918171,8.027224304596567,9.945736400456683,9.957741199499148,9.890412039771663,8.880467516764998,8.887714810077304,8.894710082454628,9.999241619899895,3.5483870967741935,9.034284820309377,8.847327355573,9.925871015567086,4.763849617761022,9.984105033935753,6.050552922590837,2.867332382310984,1.7355371900826448,3.4768427919112854,3.0986887508626637,1.9935948759007205,1.9419822723609992,1.1971830985915493,3.4683213585891575,1.7491749174917492,3.7810945273631837,9.999652014142146,8.867561293245004,9.062792877225867,10.155600368461673,9.990042815891666,9.364675984752225,9.860917941585535,9.969999699996999
2004-08-31,1.2510936132983377,9.991925489479806,9.497991967871487,9.564459930313589,9.516674722087965,9.987925038639876,9.871826435917162,9.933974204485198,9.91675415732679,9.950835791543756,9.98891708874087,1.9419822723609992,2.4981245311327833,2.9228591648973814,3.6102236421725244,3.924665856622114,8.179832544594102,9.946569938639193,9.957931834264787,9.890684170070971,8.88287089172377,8.888221821982079,8.895088669134301,9.999242114198232,3.5064935064935066,9.035029397829396,8.851869328952066,9.926664711058962,4.764863298004101,9.98417220639443,6.045867931988928,2.8876244665718347,1.7965545529122229,3.3288859239492994,2.927864214992928,1.902834008097166,1.850040749796251,1.3043478260869565,3.3993399339933994,1.7898193760262728,3.678887484197219,9.999652718691722,8.868442909550117,9.055712936732768,10.151435923210752,9.990087428877303,9.367088607594937,9.862220997519978,9.970108208286005
2004-09-30,1.3867355727820845,9.991972187943226,9.4994994994995,9.565972222222223,9.518072289156626,9.988026103095253,9.87303645229497,9.934559766697326,9.917759231414951,9.947780678851174,9.988943679101343,2.0823436262866193,2.5261584454409562,2.927864214992928,3.5316946959896507,3.853718500307314,8.212689901697944,9.947471335323455,9.958112563045027,9.890858004620238,8.885407605037177,8.890171357542394,8.896929050476528,9.999242957613196,3.5064935064935066,9.03600799342172,8.851601671149249,9.927092446777486,4.767356504981055,9.98426064373967,5.715509854327335,2.769342010122921,1.7423616845582162,3.3288859239492994,2.947813822284908,1.9159256265157638,1.8896999188969992,1.4383561643835616,3.3244325767690257,1.7627677100494235,3.638676844783715,9.999658876544009,8.869477823111717,9.040307101727448,10.147540280541339,9.990119065263574,9.365884590995561,9.862618491551038,9.970177740665633
2004-10-31,1.4965986394557824,9.992023746264522,9.50199203187251,9.566536627654962,9.51899951899952,9.988105291955609,9.874419031042361,9.935136243078226,9.918794520903916,9.95196926032661,9.988993814523763,2.038216560509554,2.4812030075187965,2.882562277580071,3.535875888817065,3.8309685379395435,8.415967052114684,9.948234270983239,9.958313306350927,9.891259669733868,8.888098203166697,8.89439235803998,8.899054287633078,9.999244969610027,3.5483870967741935,9.0436982102812,8.860315738127909,9.92724627137141,4.774793604347372,9.98431790738156,6.193376475066616,2.6632428466617752,1.7287014061207608,3.288590604026846,2.9078014184397163,1.9484702093397746,1.9935948759007205,1.5182357930449533,3.306559571619813,1.7423616845582162,3.6061381074168795,9.999661160525202,8.87810876062431,9.016715830875123,10.14485699717239,9.990166481468734,9.375,9.861878453038674,9.970151926693132
2004-11-30,1.6177703269069572,9.992076315684502,9.504214179474467,9.56691208315288,9.519923187710033,9.988171979419244,9.875851109248988,9.93565674471904,9.919619440788017,9.944196428571429,9.989000472979662,2.3195084485407067,2.711370262390671,3.0362116991643457,3.556701030927835,3.82716049382716,8.289428669175505,9.948650594064008,9.958530173954895,9.892051339790415,8.890649683676262,8.89816875647326,8.901159276962803,9.99924539122692,3.5064935064935066,9.045815183942977,8.859438318994572,9.927583460062278,4.788626444502776,9.984396454874547,5.6970740103270225,2.406985573272589,1.6317991631799162,3.4123847167325425,3.0651872399445215,2.0697858842188737,2.1630094043887147,1.7423616845582162,3.311036789297659,1.6736053288925892,3.638676844783715,9.999662375458747,8.880179171332587,9.027237354085603,10.14422519353168,9.990178264499336,9.380421313506815,9.862410566868466,9.970134989845896
2004-12-31,1.7763157894736843,9.99212872568749,9.504214179474467,9.567661046260268,9.520613614573346,9.988255191205488,9.877360825780421,9.936161312835711,9.920371155087203,9.951267056530215,9.98939532121572,2.3547400611620795,2.6632428466617752,2.977528089887641,3.535875888817065,3.8080495356037156,8.124882805175323,9.948881656048984,9.958755255989942,9.893032236855758,8.893196188270142,8.898690543055693,8.90241359251007,9.999246096665486,3.5064935064935066,9.05250541256283,8.86600486710711,9.92775610460916,4.8067096823330795,9.98444862603611,5.706311721769,2.366412213740458,1.5682967959527827,3.3642999336429993,3.0020993701889434,2.038216560509554,2.088607594936709,1.816693944353519,3.2930918846411803,1.6107382550335572,3.6748893105629348,9.999666414253452,8.887379433653878,9.066293183940243,10.144839688473489,9.990504045276712,9.375780274656679,9.862599615278922,9.970221256067418
2005-01-31,1.8566775244299674,9.992173611829617,9.503968253968253,9.568407423392317,9.52153110047847,9.988245941911444,9.878829737605797,9.93664093021252,9.921161014436995,9.953574744661095,9.989001561778228,2.475545522949586,2.7060539752005837,2.927864214992928,3.4895833333333335,3.7578027465667914,8.240675580577058,9.94911104631251,9.958951422292168,9.893823275212194,8.895637769188294,8.899974699418086,8.905920066520059,9.999246925573654,3.464052287581699,9.055521187020974,8.871066796719772,9.926980649872217,4.824284457326225,9.984417608102843,5.617879053461875,2.475545522949586,1.4893617021276595,3.3818663136995366,3.0264993026499303,1.9935948759007205,2.0508744038155804,1.9159256265157638,3.229519295870007,1.5254237288135595,3.6143039591315453,9.999662966033718,8.890215697676998,9.052132701421801,10.145633542317468,9.990250560592765,9.378495960223741,9.861782999308916,9.97026552882757
2005-02-28,2.0,9.992204930143549,9.50592885375494,9.56989247311828,9.522445081184335,9.988330163027621,9.880087176061046,9.93706236070498,9.921970541261626,9.95489400090212,9.989034486539833,2.6416482707873437,2.857142857142857,3.0362116991643457,3.4210526315789473,3.678887484197219,8.27496981197171,9.949441321548534,9.959088720372925,9.894175486379348,8.897767077350796,8.902690602642322,8.907533647963643,9.99924836331111,3.5064935064935066,9.061657544414093,8.87803953115516,9.927593946853957,4.836894043948668,9.98447903894209,5.471014492753623,2.20576773187841,1.371872303710095,3.464052287581699,3.1365820178448867,2.101105845181675,2.199687987519501,2.0508744038155804,3.131868131868132,1.4163090128755365,3.6265137029955388,9.999667295478213,8.89647257458466,9.03938520653218,10.14570197462592,9.990284376305539,9.381188118811881,9.861610849709383,9.970180408528403
2005-03-31,2.0823436262866193,9.99223512252276,9.507631708517971,9.572100984167736,9.524036173250833,9.988383439431253,9.881467665892846,9.937539161013147,9.922811421096563,9.946638207043756,9.989105804427401,2.7536231884057973,2.947813822284908,3.103448275862069,3.5064935064935066,3.7733499377334994,8.445031876846524,9.94988781305572,9.95922652082007,9.894366461053172,8.900182728235151,8.90560875512996,8.909927292150385,9.999249046288787,3.4210526315789473,9.060455021633024,8.871563629141644,9.927635863665968,4.84791720627845,9.984498527360099,5.836802664446294,2.6035502958579886,1.4089347079037802,3.6224489795918364,3.2523616734143053,2.1321793863099923,2.2299922299922303,2.1875,3.229519295870007,1.3494809688581317,3.765586034912718,9.999668124705462,8.894116033769274,9.025341130604287,10.144928792255351,9.99034553336101,9.38912645082468,9.861091818308099,9.970113568439928
2005-04-30,2.1813917122752153,9.992267636284456,9.509081983308787,9.572100984167736,9.524262607040914,9.98849040099443,9.882876689064549,9.938035911906894,9.923363014837687,9.951714147754709,9.989170105158278,2.679355783308931,2.805755395683453,2.9627023223082336,3.4768427919112854,3.7694704049844234,8.413705583756345,9.950299766955608,9.959386673792952,9.894656892230842,8.902750803735037,8.908332696527406,8.911043111803204,9.99925107657742,3.4210526315789473,9.062218958744198,8.874041246121072,9.926916611854127,4.857289791720237,9.984528745590692,6.048992493085737,2.9527836504580693,1.4965986394557824,3.597951344430218,3.1600547195622437,2.0634920634920637,2.1445404556166534,2.2118380062305296,3.174061433447099,1.4602903501280955,3.6628643852978455,9.99967080356849,8.895087448303904,8.976458546571136,10.143428809110597,9.990405004749523,9.393939393939394,9.859412343596233,9.970085853600168
2005-05-31,2.3076923076923075,9.992310003412616,9.508840864440078,9.572284003421727,9.524940617577197,9.988481385919645,9.884436458546084,9.938590748460452,9.923544933625822,9.95085995085995,9.9892225120169,2.647058823529412,2.7325581395348837,2.857142857142857,3.3993399339933994,3.753903810118676,8.328597693464816,9.950645383108055,9.959607372176713,9.89527662231847,8.905750113440734,8.908880620628704,8.913031663387645,9.999252040060734,3.377483443708609,9.063013293030412,8.874888754625614,9.927288591580018,4.867044497517581,9.984572186738252,5.706311721769,2.9228591648973814,1.596638655462185,3.464052287581699,3.0986887508626637,1.9159256265157638,1.9807538091419405,2.248062015503876,3.0986887508626637,1.5754001684919967,3.6102236421725244,9.99966863936697,8.89482612852067,8.968008255933952,10.141203953397893,9.990452640322319,9.391357273280585,9.860257126886529,9.970181297709923
2005-06-30,2.331288343558282,9.99235458251015,9.509081983308787,9.572649572649572,9.52516619183286,9.988588903850104,9.885875783939154,9.93909895114159,9.923579999594066,9.951876804619825,9.989250894863002,2.679355783308931,2.711370262390671,2.826398852223816,3.3155080213903743,3.6948297604035307,8.490793842438878,9.951002942365147,9.959844678484595,9.89598317279682,8.908818481134341,8.90948745910578,8.91370470148605,9.99925344720752,3.3333333333333335,9.066714077591525,8.874812796979098,9.928052377868912,4.8766971376489785,9.984648213819678,5.462794918330308,2.779783393501805,1.5754001684919967,3.4383202099737535,3.0891499654457495,1.850040749796251,1.8765231519090169,2.331288343558282,2.997198879551821,1.5682967959527827,3.5608499678042502,9.999678455557735,8.897833581688166,9.056603773584905,10.138430970302297,9.990483441187667,9.391357273280585,9.86159169550173,9.970314958292516
2005-07-31,2.458521870286576,9.992396964807526,9.511957052220595,9.573742540494457,9.52584163110479,9.988718156998127,9.887081311618317,9.939508689576742,9.923798783066566,9.9515503875969,9.989307214422428,2.867332382310984,2.917847025495751,2.997198879551821,3.3598937583001325,3.730407523510972,8.544395924308589,9.951533363221092,9.960070882169973,9.896522429280841,8.911919917305914,8.91358668491841,8.915118902968233,9.999255437170065,3.3333333333333335,9.064018337752728,8.86921191986331,9.927593946853957,4.886741320243392,9.984708778690154,5.3639313861845155,2.4812030075187965,1.43101970865467,3.535875888817065,3.2386747802569302,1.9093851132686084,1.883116883116883,2.475545522949586,3.0458970792767732,1.5038232795242141,3.6588459099556117,9.999681051255063,8.893359715637713,9.061032863849764,10.13495986968275,9.99053774022312,9.398677089597113,9.859629421673217,9.970275251174128
2005-08-31,2.5925925925925926,9.992431104501074,9.514798641436196,9.57428693060877,9.526290857413548,9.988713445672172,9.887875492720228,9.93976464387161,9.924445144758346,9.95249406175772,9.989367131677442,2.7745664739884393,2.790194664744052,2.867332382310984,3.3730947647448644,3.734335839598997,8.666133119914633,9.952296326051284,9.96025039987825,9.896695688710622,8.91475801179603,8.917479459172737,8.915906898084408,9.999256533214378,3.288590604026846,9.066802042583689,8.872403426991506,9.927844721841403,4.896889183406036,9.984797810884768,5.575221238938053,2.679355783308931,1.5038232795242141,3.4296977660972403,3.1365820178448867,1.9159256265157638,1.9614147909967845,2.6035502958579886,3.0747922437673134,1.452991452991453,3.6588459099556117,9.999677477616947,8.895203415147202,8.990918264379413,10.131107352720381,9.990592308271243,9.403341288782817,9.85966881841145,9.97024163790025
2005-09-30,2.657856093979442,9.992462123245602,9.521072796934865,9.573742540494457,9.526739233317558,9.988777159274555,9.888403087976517,9.940004953986504,9.925385817872234,9.9537251272559,9.9894316332354,2.947813822284908,2.947813822284908,3.0264993026499303,3.3906146728354263,3.7616968184653774,8.676723567553262,9.953104832076999,9.960410143455636,9.896810299631978,8.917245570081407,8.926716180826858,8.918041655396268,9.999256848144348,3.3333333333333335,9.050119494967532,8.859192399483442,9.927797833935019,4.907521232268327,9.984874152952566,5.437956204379562,2.6144756277695715,1.5325994919559696,3.581514762516046,3.279569892473118,2.038216560509554,2.138364779874214,2.5871015567086735,3.0795847750865053,1.5469146238377007,3.714644877435575,9.99967812851041,8.874391045555646,8.849252013808975,10.127846424372121,9.990652196266488,9.419279907084785,9.857853589196873,9.96998889589148
2005-10-31,2.74310595065312,9.992500489718022,9.521759923481588,9.575911789652247,9.528301886792454,9.988824942727831,9.888914315167861,9.940428994638014,9.92651073714875,9.951807228915662,9.989506820566632,3.055555555555556,3.0795847750865053,3.1365820178448867,3.4853420195439737,3.865030674846626,8.618211966284372,9.95382190679506,9.960605602198523,9.89729368869717,8.919584688354202,8.92824607470125,8.920808961602383,9.999257366920151,3.3333333333333335,9.060513279175055,8.871531794027469,9.92799539170507,4.920247891902875,9.984953808191147,6.050552922590837,2.652461425422483,1.5469146238377007,3.6908517350157726,3.3818663136995366,2.044550517104216,2.088607594936709,2.7483683828861496,3.169398907103825,1.5540540540540542,3.8080495356037156,9.999677927398393,8.88502612383792,8.812351543942993,10.125820032058943,9.99072123815798,9.432463110102157,9.857428001140576,9.970098376341836
2005-11-30,2.857142857142857,9.992548657321613,9.519461797212879,9.577167019027485,9.529411764705882,9.988834550367343,9.889482446623488,9.941113679256693,9.927614219602651,9.953639313861846,9.989550242434376,3.0651872399445215,3.0651872399445215,3.0986887508626637,3.5149156939040207,3.8987187309334956,8.535871156661786,9.95428372013851,9.960851378910183,9.898353343473634,8.921686245697783,8.926243678259656,8.923260797002358,9.999259319610994,3.3333333333333335,9.069781286976195,8.878310106874613,9.927870744373918,4.934587894790978,9.984994673108954,5.466908431550317,2.68471104608632,1.5895710681244741,3.710691823899371,3.3818663136995366,1.9159256265157638,1.902834008097166,2.841803865425913,3.197278911564626,1.5611814345991561,3.8574938574938575,9.999680830351757,8.894366687710553,8.90829694323144,10.125641144114228,9.990762466052063,9.424294761082326,9.85807550383196,9.970321125422924
2005-12-31,2.9378531073446332,9.992602912973519,9.519461797212879,9.578237030788696,9.530075187969924,9.988877890358243,9.88986313318673,9.941948553019742,9.928722130879262,9.950099800399201,9.98958203108722,3.0603747397640526,3.031358885017421,3.050729673384294,3.493819128171763,3.872549019607843,8.55970041768688,9.954593848234566,9.961131403165012,9.899672710102964,8.923873237540231,8.926243678259656,8.924256930474726,9.999260190870755,3.288590604026846,9.073836530295269,8.877358109291432,9.927740443673676,4.949689402819976,9.985047846889954,5.468962392387858,2.7060539752005837,1.5397631133671743,3.6143039591315453,3.355481727574751,1.8896999188969992,1.8699186991869918,2.841803865425913,3.1600547195622437,1.5611814345991561,3.834771886559803,9.999681003435594,8.89764526003997,9.014778325123153,10.12668096113515,9.990794524583222,9.421965317919074,9.85789398891573,9.970440437481525
2006-01-31,3.0020993701889434,9.992652007912318,9.522216913521262,9.578947368421053,9.530956848030018,9.98898872445384,9.889651275962297,9.942703522816602,9.929773604145044,9.956197985107314,9.98973590483131,3.12242090784044,3.0891499654457495,3.117687543014453,3.4597776324395033,3.842364532019704,8.675672096411072,9.954848870138125,9.961391243379563,9.900701740797782,8.926289794384495,8.930870057946843,8.926405067368083,9.999261638424336,3.197278911564626,9.07516161550769,8.88321562426013,9.928016124388137,4.962724158774934,9.98514160054679,5.642701525054466,2.5484351713859907,1.5110356536502547,3.6467598475222363,3.403693931398417,2.0191540303272144,2.0508744038155804,3.0264993026499303,3.1365820178448867,1.5397631133671743,3.7965260545905704,9.999689785890222,8.897730316494695,9.011857707509881,10.128070818039543,9.990949079521387,9.42627653471027,9.857590430076902,9.970449172576833
2006-02-28,3.0986887508626637,9.992685828266971,9.522445081184335,9.580360889634914,9.53183520599251,9.989018229738633,9.888707278201005,9.943196205018499,9.930646343377733,9.953029591357444,9.989786747283274,3.1926480599046974,3.155373032169747,3.1271477663230236,3.4853420195439737,3.853718500307314,8.603936897947788,9.955109895278564,9.961578050084785,9.90107306658659,8.928793271119112,8.93144127201231,8.927947340773379,9.999263308334928,3.243243243243243,9.07551814896546,8.878839554092067,9.92797983435362,4.971452926763893,9.985201189824338,5.523724261414503,2.5205684367988033,1.4163090128755365,3.6628643852978455,3.4426229508196724,2.0191540303272144,2.1135646687697163,3.12242090784044,3.1365820178448867,1.452991452991453,3.849938499384994,9.99968767665789,8.896668601174385,8.965873836608067,10.128902933421895,9.991001205838417,9.417927823050059,9.857407671467275,9.970540580350567
2006-03-31,3.145990404386566,9.992713477814323,9.523128278493086,9.58211450062683,9.533364442370509,9.98906255126929,9.88699646145258,9.94359944080282,9.93144536263447,9.949469429004548,9.989845241480158,3.2523616734143053,3.2523616734143053,3.270524899057874,3.5608499678042502,3.906154783668495,8.628257887517147,9.955449460737933,9.961732892455629,9.901005065256236,8.931787480824156,8.933287820280333,8.93058422183961,9.999264981514285,3.197278911564626,9.077416729940502,8.876969794979606,9.928057553956835,4.979740745531148,9.985233095586173,5.324918186068256,2.383853769992384,1.4456800684345594,3.777224642190417,3.5400516795865635,2.006394884092726,2.0508744038155804,3.1647300068352697,3.211133740665309,1.4456800684345594,3.8837920489296636,9.999688356046983,8.897379070049507,8.988877654196157,10.128874049706276,9.991056896027475,9.419279907084785,9.857671505835468,9.970557927278081
2006-04-30,3.2386747802569302,9.992734366099599,9.525391551969625,9.58350687213661,9.534450651769088,9.989132324813076,9.884970074965002,9.943958753642681,9.931962004861996,9.945385035499728,9.98988949214919,3.2750504371217213,3.297587131367292,3.3642999336429993,3.6868686868686864,4.004796163069544,8.745137407453884,9.95582666205497,9.961840290166434,9.900711304216593,8.9347082698597,8.937695862325384,8.933492598438633,9.999265893407722,3.197278911564626,9.079889513132738,8.878735213320626,9.928377023349091,4.989226837701057,9.985302331050296,5.3682260305697085,2.331288343558282,1.43101970865467,3.819530284301607,3.585631815266196,2.1135646687697163,2.1073401736385162,3.2065217391304346,3.3598937583001325,1.4456800684345594,3.968636911942099,9.999689990730724,8.898718438647053,8.973305954825463,10.127544187683823,9.99110280706437,9.42627653471027,9.856795073750536,9.97057265611206
2006-05-31,3.306559571619813,9.992753692448304,9.526739233317558,9.5850622406639,9.535747446610957,9.989179597048194,9.8827930320683,9.944382327176754,9.932200573381891,9.948770491803279,9.98991009898193,3.351063829787234,3.351063829787234,3.3862433862433865,3.730407523510972,4.029850746268656,8.764516926118112,9.956241639500943,9.961921779094888,9.90041980243256,8.937536930082912,8.940240141583917,8.935875880562708,9.999266092751197,3.150684931506849,9.080099422854378,8.874556997498141,9.928351364906499,5.002558610564703,9.985329714662951,6.2178517397882,2.3780487804878048,1.4236706689536878,3.87630128597673,3.6305732484076434,2.088607594936709,2.1135646687697163,3.261455525606469,3.4210526315789473,1.4089347079037802,3.983152827918171,9.999689251842737,8.897310982562075,8.87766554433221,10.124947153760731,9.991119872836578,9.431171786120592,9.856958947217853,9.970514521598114
2006-06-30,3.3288859239492994,9.992772828007741,9.527856468366384,9.586606035551881,9.53682260305697,9.989212047984811,9.880731928550153,9.944815394521548,9.932348115477982,9.944812362030905,9.989947829233722,3.403693931398417,3.377483443708609,3.3993399339933994,3.7067337948395216,4.040524433849821,8.764822134387352,9.956562460739926,9.962002944004455,9.900314512514518,8.939872709945144,8.942571032790871,8.938271080627693,9.999266528774077,3.150684931506849,9.082903673704463,8.875702124023547,9.927682962105871,5.0171519514017655,9.985402525363114,5.667244367417678,2.5093632958801497,1.43101970865467,3.9172749391727493,3.6628643852978455,2.0697858842188737,2.0823436262866193,3.297587131367292,3.3993399339933994,1.43101970865467,4.040524433849821,9.999690588315376,8.898837282286367,8.946259220231823,10.122850149602197,9.991152634745372,9.43214082907439,9.855407750144593,9.970604662100591
2006-07-31,3.4383202099737535,9.992795486631737,9.530295913574449,9.587968685620107,9.537679149329634,9.98930915777545,9.878746432113765,9.94523389780755,9.932678836986517,9.942759015455067,9.989977851050822,3.31997327989312,3.2930918846411803,3.3288859239492994,3.6908517350157726,4.033412887828162,8.815306243336098,9.956685618152537,9.962125229142364,9.900541749092692,8.941642148043096,8.945792658500073,8.939194636568082,9.999267570972373,3.197278911564626,9.082359181134038,8.87045470975204,9.927771758757675,5.03130279240783,9.985494001769732,5.991983967935871,2.5650557620817844,1.4383561643835616,3.853718500307314,3.593850096092249,2.0508744038155804,2.025518341307815,3.3687002652519893,3.3906146728354263,1.43101970865467,4.019138755980861,9.999691561746253,8.896304496345113,8.94403379091869,10.122958277797178,9.991175510276118,9.434389140271493,9.854312354312354,9.970621933664328
2006-08-31,3.4426229508196724,9.992822678741462,9.532273152478952,9.589322381930184,9.538745387453876,9.98930732875687,9.876979777180322,9.945588156045165,9.93336794581527,9.939759036144578,9.990000899919007,3.2386747802569302,3.197278911564626,3.215739484396201,3.6224489795918364,3.9722724532851115,8.795906080674293,9.956529874890206,9.962310026494878,9.901173450430685,8.942695843804833,8.948751642575559,8.941126641253707,9.999268460401762,3.197278911564626,9.085962486072352,8.87561742658063,9.927651569960933,5.042650745056946,9.985559775310104,5.517705064993277,2.5871015567086735,1.474850809889173,3.7733499377334994,3.50227420402859,2.0,1.9614147909967845,3.3730947647448644,3.3333333333333335,1.4602903501280955,3.9172749391727493,9.999692623580689,8.898519500060031,8.913043478260871,10.126638241172017,9.991194702733164,9.43788645306352,9.853672812408545,9.970623659704474
2006-09-30,3.4426229508196724,9.992851763798926,9.530075187969924,9.59016393442623,9.539594843462247,9.98934515311015,9.875406670099155,9.94589714324025,9.93423578906234,9.942196531791907,9.990028120699627,3.2019034670292315,3.145990404386566,3.169398907103825,3.5525467440361056,3.913572732805843,8.646270475159064,9.95627238430595,9.962524758193856,9.9019059972887,8.943612874366096,8.946281427156435,8.942615757139986,9.999269192823473,3.103448275862069,9.084455333322348,8.874359369776325,9.927293878144539,5.052219561894284,9.985612131850424,5.450409463148317,2.5595238095238098,1.4675767918088738,3.734335839598997,3.455497382198953,1.9159256265157638,1.8367346938775508,3.302076356329538,3.265993265993266,1.4602903501280955,3.8687921520539543,9.999690638089877,8.894591568165565,8.951781970649895,10.132222504301865,9.991223373910602,9.42987457240593,9.853544229642647,9.97088113680042
2006-10-31,3.4426229508196724,9.992882339375752,9.52807928268051,9.591836734693878,9.540441176470589,9.989365774809647,9.873798084507326,9.946223519788937,9.93512942652467,9.933377748167889,9.990049652235346,3.2019034670292315,3.1365820178448867,3.155373032169747,3.5525467440361056,3.909866017052375,8.548199767711964,9.956124917624534,9.962748476971482,9.902446447977617,8.945214437904774,8.944056091740407,8.944323628148554,9.999269320979987,3.055555555555556,9.083602067027178,8.867644644242256,9.927530980505834,5.062703663473882,9.985711019661638,5.260663507109005,2.475545522949586,1.4089347079037802,3.714644877435575,3.4469200524246393,1.850040749796251,1.7355371900826448,3.355481727574751,3.265993265993266,1.4456800684345594,3.902439024390244,9.999690103133677,8.891326738205656,9.034749034749035,10.137425309344371,9.99124940933513,9.419279907084785,9.854798896471614,9.97121225206552
2006-11-30,3.4426229508196724,9.992910842582136,9.528301886792454,9.593165174938974,9.540863177226814,9.989373233300036,9.872155236304435,9.946577542889292,9.935847924412405,9.936708860759493,9.990093320916962,3.1600547195622437,3.0795847750865053,3.0843706777316737,3.4768427919112854,3.82716049382716,8.558454663399164,9.956262816667582,9.962943501771685,9.902556608596798,8.947880930026772,8.944379347837561,8.944769221028638,9.999270488335108,3.103448275862069,9.083378629706049,8.866701421156417,9.92752572836643,5.074678719564172,9.985786773171114,5.217599234815877,2.4242424242424243,1.4089347079037802,3.6507936507936507,3.3862433862433865,1.8699186991869918,1.8300653594771243,3.3642999336429993,3.1926480599046974,1.3793103448275863,3.804213135068154,9.999690740460117,8.888732076637481,9.020568070519099,10.13935555227611,9.991296249553933,9.42726231386025,9.854777810049375,9.971341777956097
2006-12-31,3.4383202099737535,9.992940034139417,9.530736743313,9.594320486815416,9.541494727189363,9.989471800216881,9.870380213266438,9.94698392541517,9.93646683712348,9.939722724532851,9.990175080073097,3.2523616734143053,3.197278911564626,3.2019034670292315,3.472584856396867,3.834771886559803,8.611689573788698,9.956614330267456,9.963137921593097,9.90250717456978,8.951282826789683,8.947722872295648,8.946037099494097,9.999271460939378,3.055555555555556,9.09183789306391,8.8787729290936,9.927457381211463,5.087305724009545,9.985862327343673,5.36178107606679,2.242048099301784,1.4089347079037802,3.742177722152691,3.48109517601043,1.8699186991869918,1.8433931484502446,3.31997327989312,3.188010899182561,1.4236706689536878,3.819530284301607,9.999694057682364,8.896428733022935,9.016715830875123,10.138710160564177,9.99137752638477,9.430523917995444,9.853565675794407,9.971361475456785
2007-01-31,3.4426229508196724,9.992970444726923,9.531477672568485,9.595559240460254,9.542543458371455,9.989527370217935,9.868574785546906,9.947424704290249,9.937027350910679,9.92952783650458,9.990206064404921,3.306559571619813,3.2523616734143053,3.2569116655428183,3.5064935064935066,3.8800489596083234,8.45129317020288,9.957031088866584,9.9633497050201,9.902680661187588,8.954576342062621,8.950858197994041,8.949844576997394,9.999272647925228,3.150684931506849,9.088876457114326,8.87279998737536,9.927536231884059,5.097798911711358,9.985949530714326,5.102840352595495,2.138364779874214,1.3569576490924806,3.765586034912718,3.523316062176166,1.9549477071600965,1.9484702093397746,3.3818663136995366,3.265993265993266,1.364421416234888,3.8461538461538463,9.999694368121373,8.890562906192656,9.064546304957904,10.137122860711969,9.991421537088984,9.42528735632184,9.8538652637732,9.97146688732274
2007-02-28,3.4469200524246393,9.992999659626351,9.533203252639735,9.596948090944633,9.543660300727861,9.98955722639933,9.866937717472078,9.94784152616574,9.937532343660363,9.93288590604027,9.990268397594347,3.174061433447099,3.1129476584022036,3.131868131868132,3.50227420402859,3.8574938574938575,8.556165174704013,9.957365835080665,9.963568168432191,9.90326025896654,8.956949863078796,8.953766962053129,8.951869864162333,9.999273076196152,3.103448275862069,9.096793073486722,8.873637946687031,9.927209200757025,5.104085473669144,9.985984190166509,6.066089693154996,2.199687987519501,1.3793103448275863,3.6548223350253806,3.4123847167325425,1.9093851132686084,1.9354838709677418,3.403693931398417,3.2523616734143053,1.3494809688581317,3.834771886559803,9.999695087555608,8.897698725629498,9.012833168805528,10.136108403508262,9.991485158631495,9.434389140271493,9.852376734573369,9.97141958901369
2007-03-31,3.4469200524246393,9.99303215441546,9.535505926944372,9.597647039889273,9.54424887657348,9.989606826236528,9.865010954023893,9.948286145942498,9.938123577313444,9.933554817275747,9.990335362907123,3.141289437585734,3.12242090784044,3.174061433447099,3.464052287581699,3.853718500307314,8.582766439909298,9.957683905082728,9.963815726567887,9.904162975810937,8.95896428606031,8.957181888335036,8.952813789348022,9.99927426846261,3.055555555555556,9.09824771495971,8.87915120362348,9.927219796215429,5.109144187383015,9.986032153981533,5.941558441558442,2.2178988326848246,1.4893617021276595,3.714644877435575,3.4469200524246393,1.9614147909967845,2.006394884092726,3.3687002652519893,3.2065217391304346,1.4602903501280955,3.8118811881188117,9.999697509596508,8.89721005170982,8.983739837398375,10.135677251147557,9.9915479148706,9.44227551589515,9.852005327808198,9.971406513596202
2007-04-30,3.4426229508196724,9.99306137725278,9.536831184230028,9.598619250220759,9.544931216353351,9.989641170133423,9.862877327314562,9.948657865255647,9.938754161654716,9.933333333333334,9.990372117652722,3.150684931506849,3.108201240523776,3.1647300068352697,3.535875888817065,3.8987187309334956,8.648100581316749,9.957957915032106,9.964028233520073,9.90498388051533,8.960509766010748,8.95937395937396,8.954149933065596,9.999274584336824,3.103448275862069,9.103720188613122,8.882672825374053,9.927953890489913,5.114563486247496,9.986181928726388,5.871180842279108,2.1507064364207222,1.4383561643835616,3.6948297604035307,3.4426229508196724,1.9549477071600965,1.9678714859437751,3.3377748167888077,3.2750504371217213,1.452991452991453,3.8118811881188117,9.999696574324119,8.901673410391927,8.970133882595263,10.135905388105018,9.99158114513264,9.448732083792724,9.852767962308599,9.97160704145372
2007-05-31,3.4426229508196724,9.993087795558155,9.538649627459574,9.599418355452118,9.545574348580828,9.98968625590462,9.860244391882013,9.948954847404076,9.93948130571484,9.929824561403509,9.990405557101328,3.297587131367292,3.270524899057874,3.288590604026846,3.535875888817065,3.8987187309334956,8.638714946909882,9.958224397074401,9.964199421273156,9.90555329469405,8.961891335765783,8.962074190936832,8.955253507736348,9.999275378071491,3.055555555555556,9.104158585430572,8.879388594417113,9.928083423229053,5.122690013980762,9.986214502343534,5.6616052060737525,1.9743178170144462,1.3793103448275863,3.800371977681339,3.564993564993565,1.9093851132686084,1.8896999188969992,3.2750504371217213,3.288590604026846,1.4089347079037802,3.909866017052375,9.999700788720933,8.900309782734205,8.982706002034588,10.13673147023567,9.991609823218974,9.454446262956901,9.852485617347693,9.971544831118573
2007-06-30,3.4426229508196724,9.993111922409467,9.539666902970989,9.60055123928978,9.54626302225126,9.989708546023381,9.85725918449076,9.949190648731262,9.940233445618652,9.931412894375857,9.99042063013095,3.2750504371217213,3.297587131367292,3.3466400532268796,3.6668777707409754,4.0119760479041915,8.70934434692824,9.958480545017235,9.964347265272943,9.905960347607772,8.963143452143745,8.9640418941458,8.956801135000365,9.99927579264495,3.150684931506849,9.104381633733286,8.880231836800508,9.92746264326128,5.132712690593262,9.986269017410887,6.187571483034692,2.295839753466872,1.371872303710095,3.861264579496624,3.6102236421725244,1.922455573505654,1.8896999188969992,3.215739484396201,3.4210526315789473,1.3793103448275863,4.0011997600479905,9.999697963671071,8.898947614129584,8.950682056663169,10.137867650002699,9.991624229429107,9.455930359085963,9.850790808713816,9.971609459728018
2007-07-31,3.4469200524246393,9.993138520844864,9.540447512212607,9.601344267131234,9.547046060886068,9.989755252994028,9.853730814968017,9.949427954305122,9.941027652133915,9.926686217008797,9.99044552516171,3.131868131868132,3.150684931506849,3.2341001353179974,3.6427209154481885,3.993993993993994,8.812069375148491,9.958757172127767,9.964522878840663,9.906440452154584,8.964460276696213,8.965456595731474,8.958203108721923,9.99927563526787,3.197278911564626,9.103101206956705,8.877300131355884,9.927677731973674,5.14445253702355,9.986332636297785,7.016706443914082,2.9527836504580693,1.5611814345991561,3.891264508246793,3.5483870967741935,1.8962722852512155,1.783073130649137,3.3155080213903743,3.3818663136995366,1.4163090128755365,4.008388256440983,9.999699114192182,8.896132711340913,9.003984063745019,10.139090957140512,9.991642778943145,9.459751485683416,9.850924269528921,9.971677004560002
2007-08-31,3.3422103861517973,9.99316803632378,9.540582633104696,9.60230662159475,9.547754828847816,9.989805176931155,9.849763715870711,9.949690753269003,9.941808749405752,9.925373134328359,9.990455556297901,2.932862190812721,2.982456140350877,3.12242090784044,3.6668777707409754,3.993993993993994,8.786260468503459,9.959061980667876,9.964748364558158,9.907126657678504,8.965884522658225,8.966087675765094,8.95959049481876,9.999275504068045,3.150684931506849,9.104699165490091,8.872271178183409,9.927567724177893,5.156381246826433,9.986468017158554,7.004194128220491,3.1271477663230236,1.701244813278008,3.8385705483672217,3.4768427919112854,1.8032786885245904,1.6457811194653298,3.016759776536313,3.302076356329538,1.652754590984975,3.9209726443768997,9.999700759173976,8.89718937684583,8.929336188436832,10.140007890798579,9.991647944141452,9.451754385964911,9.851345324810465,9.971958947899724
2007-09-30,3.306559571619813,9.993193493630889,9.542432520235922,9.603232858667576,9.548642768805799,9.989852969528467,9.845534704492506,9.949946825125629,9.942526476955894,9.916177703269069,9.990507020058667,2.841803865425913,2.9725931131412513,3.145990404386566,3.6467598475222363,3.9722724532851115,8.888024018681197,9.9594085275648,9.964987754584374,9.907906311447066,8.967342315214513,8.969645764213736,8.962128052640866,9.999275955196108,3.197278911564626,9.106686629242791,8.873315606832215,9.92823309889479,5.165593131923649,9.986509456870735,6.428571428571429,2.9577464788732395,1.6666666666666667,3.8385705483672217,3.4768427919112854,1.883116883116883,1.7423616845582162,2.852037169406719,3.2386747802569302,1.7149958574979285,3.909866017052375,9.999701894756926,8.899073680594853,8.929336188436832,10.140126719127107,9.99169124672843,9.455040871934605,9.850679408690459,9.971909323295598
2007-10-31,3.2249322493224932,9.993208855272421,9.543774807244855,9.604087401665208,9.549705732696317,9.989891536183245,9.840803876743994,9.950177443036626,9.943204858937909,9.921507064364206,9.990528419477359,2.826398852223816,2.9378531073446332,3.093922651933702,3.6143039591315453,3.9320388349514563,8.96049896049896,9.959846017507939,9.9652180808937,9.908697728308178,8.96888082324555,8.972440863971721,8.964546056991386,9.99927633245287,3.197278911564626,9.104300611046122,8.870121608811244,9.927917537663086,5.169782157175288,9.986533074768369,6.494917630564318,3.0362116991643457,1.659716430358632,3.82716049382716,3.4426229508196724,1.8962722852512155,1.8433931484502446,2.857142857142857,3.229519295870007,1.6317991631799162,3.87630128597673,9.999703738816141,8.896038877094904,8.8998899889989,10.13894697644432,9.991705925286976,9.458581483486736,9.850612488795937,9.971876142531709
2007-11-30,3.0986887508626637,9.99320900863055,9.54717117835116,9.60521900475711,9.550884757028655,9.989965783321125,9.835971356446414,9.95034402545764,9.943798276467668,9.91714995857498,9.990570307785154,2.331288343558282,2.5428784489187177,2.841803865425913,3.523316062176166,3.902439024390244,9.044159816478686,9.960354585425518,9.965400063614823,9.909367775422147,8.970343829419848,8.977306429674478,8.966365534492382,9.999276939429215,3.197278911564626,9.108867040289013,8.87421110343073,9.92752572836643,5.167048317986725,9.986574658325054,6.95771219957408,3.6507936507936507,1.9807538091419405,3.800371977681339,3.2341001353179974,1.8962722852512155,1.8300653594771243,2.5093632958801497,3.1129476584022036,1.8367346938775508,3.788819875776398,9.999706867794442,8.901692711193508,8.838559814169571,10.136415346428137,9.991744270523743,9.470899470899472,9.84864537611624,9.971749018278386
2007-12-31,2.977528089887641,9.993203354359903,9.548420601052179,9.606266659841957,9.551907083452825,9.989982770365028,9.831029875425443,9.950473498907781,9.944424061268126,9.904489016236868,9.990631265341303,2.3371647509578546,2.5650557620817844,2.8774928774928776,3.544222078760491,3.993993993993994,9.017005799665782,9.960917678469524,9.965568019623039,9.910040089773714,8.97172883075883,8.979425212279557,8.968221213371853,9.999277487970174,3.3333333333333335,9.109340876622335,8.875179830624578,9.927782191088323,5.16049228058187,9.986630658573759,6.923076923076923,3.7185929648241203,2.012779552715655,3.8574938574938575,3.279569892473118,1.8765231519090169,1.850040749796251,2.348890589135425,3.117687543014453,2.0318725099601593,3.8157081014223873,9.99970255711647,8.902677357515397,8.830409356725145,10.13344673761649,9.991798371156513,9.469777306468718,9.848369977255496,9.971780110621966
2008-01-31,2.826398852223816,9.993204923603635,9.54990232880535,9.60717147750664,9.553114568018197,9.990006395906619,9.826592101270213,9.950585536683073,9.945155022072361,9.908592321755027,9.990667724324577,1.783073130649137,2.199687987519501,2.68471104608632,3.4768427919112854,3.954050785973398,9.028654686741136,9.9614579382772,9.965749201956406,9.910808494242241,8.972873591552913,8.981732277050282,8.970059633547217,9.999277493190373,3.3333333333333335,9.10833148312116,8.872727559669348,9.927891548889528,5.154804011822279,9.986682470135438,7.23756906077348,4.100294985250738,2.2839506172839505,3.788819875776398,3.108201240523776,1.8962722852512155,1.7695473251028804,2.199687987519501,3.0216329378925333,2.1875,3.6224489795918364,9.999703635210508,8.902097871387353,8.868778280542987,10.131363235108664,9.991828596643186,9.476439790575915,9.848323979978765,9.9718103399673
2008-02-29,2.295839753466872,9.993221477236592,9.550939210640944,9.607729301836612,9.553449823389405,9.989991693105278,9.82324739188812,9.950690178900377,9.945979139310024,9.91015274034142,9.99068996657698,1.4163090128755365,2.0,2.6090169992609016,3.5608499678042502,4.054696789536266,9.05078310393925,9.961909083581542,9.96595328178825,9.911676156727701,8.97370936605251,8.98355390213657,8.970960505464198,9.999277122368726,3.288590604026846,9.105350362690963,8.866031871308225,9.92795908075787,5.153438788349481,9.986831362427244,7.26327312534209,4.340690435766836,2.435703479576399,3.819530284301607,3.0264993026499303,1.9549477071600965,1.8699186991869918,1.783073130649137,3.1129476584022036,2.3547400611620795,3.842364532019704,9.99970113032511,8.899253033108266,8.762376237623762,10.130862327341857,9.991853294120522,9.481058640373638,9.848254931714719,9.97205845371483
2008-03-31,2.0697858842188737,9.993249535928793,9.552468583294548,9.60885398127975,9.55440691560467,9.990045095716404,9.82034087494459,9.950785335986849,9.94692224064731,9.901477832512315,9.990719602056537,1.3941480206540449,1.9743178170144462,2.5650557620817844,3.5525467440361056,4.079336885731202,9.134648667358947,9.962370964336746,9.966202518532437,9.912662017676968,8.974710443364884,8.98616109900137,8.97276808184984,9.999276756397089,3.377483443708609,9.102743093813594,8.862097609267076,9.92857653024784,5.154782110852326,9.986948918065307,7.1918000561639985,4.508511806699616,2.5650557620817844,3.928354584092289,3.0843706777316737,1.8962722852512155,1.7965545529122229,1.1347517730496453,3.050729673384294,2.5261584454409562,3.6908517350157726,9.999701673314378,8.896913232297939,8.742138364779874,10.130976743960234,9.99188621224046,9.494694290045478,9.84862246442628,9.972198281853819
2008-04-30,1.8566775244299674,9.993277627723225,9.553455805521072,9.6087759381553,9.55468471677948,9.990079660327568,9.81778691272722,9.950836734202245,9.947788367457116,9.902248289345064,9.990702344868625,1.8633034987794954,2.3254029163468917,2.737835875090777,3.5691318327974275,4.107248084855628,9.184139675287591,9.962848564059849,9.966461432995644,9.913542675335455,8.976228014496611,8.987844006518284,8.973305954825463,9.999275609031706,3.3333333333333335,9.09710948630947,8.852368710980537,9.928632600628033,5.156212157907484,9.9870299996109,6.752192270217604,4.068801897983393,2.366412213740458,3.935718617343845,3.2569116655428183,1.850040749796251,1.8433931484502446,1.158267020335986,3.0747922437673134,2.475545522949586,3.7616968184653774,9.999701361492953,8.890904977174824,8.622589531680442,10.130479486015208,9.991878238552378,9.502239920358388,9.848576620230164,9.972289190013024
2008-05-31,1.652754590984975,9.993298754655296,9.55596604028276,9.609225406600965,9.55542909983284,9.990140303481459,9.814938108137575,9.950819691857319,9.94849811201683,9.898270600203459,9.9911758217516,2.101105845181675,2.5428784489187177,2.8876244665718347,3.5773924213230575,4.093325457767277,9.261393012777901,9.963353699889021,9.966728659517214,9.914277028890753,8.978615317622422,8.991732204073402,8.974979243329678,9.999274610647264,3.5064935064935066,9.092011883748466,8.84682623516442,9.928637693570256,5.153862183293269,9.987041596475313,6.406755300035932,3.9503932244404116,2.3076923076923075,3.9759036144578315,3.377483443708609,1.9871794871794872,1.9354838709677418,1.4965986394557824,3.150684931506849,2.3371647509578546,3.7810945273631837,9.999704104368307,8.88535670814626,8.567335243553009,10.128681583398873,9.992241626775698,9.51597289448209,9.847908745247148,9.972168879240767
2008-06-30,1.6666666666666667,9.993305536422225,9.560368059860286,9.60999352589253,9.556391511107957,9.990193290249188,9.81148479294235,9.950698341138104,9.948748437593641,9.905303030303031,9.991013336209067,2.0823436262866193,2.5037481259370313,2.852037169406719,3.6224489795918364,4.1417691857059165,9.305217814215244,9.963587438594613,9.966949155565501,9.914829181956213,8.981178138843477,8.99826700191331,8.977086743044191,9.999273778313569,3.5897435897435894,9.089856634217021,8.840529970561057,9.929313635399732,5.139607806139772,9.987077599017898,7.054491899852724,4.236311239193084,2.3371647509578546,4.033412887828162,3.3642999336429993,2.006394884092726,2.0823436262866193,1.5895710681244741,3.1926480599046974,2.289899768696993,3.9209726443768997,9.999704422722798,8.883040987927908,8.493975903614459,10.127365009807841,9.992107963065267,9.524940617577197,9.847537734410732,9.971942425857861
2008-07-31,1.6736053288925892,9.99329264157842,9.56334928563943,9.610687409241503,9.557453587945036,9.990191366440742,9.806598847329129,9.950421590009356,9.94824592501352,9.892818863879958,9.990917100375125,2.012779552715655,2.452830188679245,2.852037169406719,3.618379068283344,4.172494172494173,9.302844394868934,9.963229467610493,9.96709478544484,9.91527132663073,8.983336891654213,9.002444012170184,8.978737310811088,9.999272737851085,3.6708860759493667,9.086085282865744,8.830368317016971,9.930109029913336,5.102360662160838,9.987152804542768,6.964177292046145,4.444444444444445,2.435703479576399,4.107248084855628,3.377483443708609,1.8962722852512155,1.7763157894736843,1.4236706689536878,3.1365820178448867,2.3954372623574143,3.946731234866828,9.999703071135249,8.878386851104734,8.595505617977528,10.128641519822372,9.992015840572304,9.535962877030162,9.848231901654271,9.971911690354474
2008-08-31,1.6666666666666667,9.993256547746434,9.562726835454109,9.611209604677926,9.558290229821594,9.9901823144212,9.799866801774709,9.949941920871186,9.94671136245652,9.882903981264636,9.990858814388226,1.9093851132686084,2.366412213740458,2.769342010122921,3.6061381074168795,4.169096209912537,9.210172972119107,9.961970996090152,9.967129571253146,9.915609210018358,8.984454783273833,9.001717046679712,8.97986248546304,9.999271237948097,3.788819875776398,9.072778539644744,8.81813733716887,9.929522869828741,5.036165255641419,9.987181459262677,6.737357259380097,4.553376906318083,2.475545522949586,4.093325457767277,3.31997327989312,1.7695473251028804,1.5895710681244741,1.4893617021276595,3.103448275862069,2.458521870286576,3.902439024390244,9.999700648096871,8.86186837963063,8.63013698630137,10.134589686428074,9.991958829205533,9.52153110047847,9.847001223990208,9.972006046693915
2008-09-30,1.5325994919559696,9.99320874181352,9.563084101941216,9.61198651265118,9.55891369264224,9.9901248222468,9.791984697597849,9.949226352665889,9.944410545363988,9.879518072289157,9.990887635432518,1.6666666666666667,2.295839753466872,2.779783393501805,3.6102236421725244,4.222992489890237,9.122036874451274,9.95996010344879,9.967088883500834,9.915834190619242,8.984806663714991,9.002463914132095,8.980798238819357,9.999268840161148,3.788819875776398,9.034353828207683,8.78248186202354,9.931637954607602,4.958177276811725,9.987269579386902,7.975298643450091,5.229007633587787,2.857142857142857,4.410285075461151,3.9209726443768997,1.3793103448275863,0.8842297174111212,1.0313901345291479,2.9922915206727394,2.657856093979442,3.7849596022374143,9.999695449714178,8.814928581670975,8.7546699875467,10.145220932357086,9.991971095945404,9.516674722087965,9.85250737463127,9.97222839369029
2008-10-31,0.8842297174111212,9.993159216700212,9.559461662151149,9.612395589061803,9.559059562234333,9.990043906372895,9.783264086208877,9.948152626225022,9.941530862349618,9.872935196950444,9.990895599843403,1.3494809688581317,2.1875,2.8622412562455386,3.8574938574938575,4.703389830508475,8.845931909982689,9.957242646697273,9.967016576808827,9.915950918698483,8.984884936707576,8.996497777242576,8.979498117174026,9.999266345815236,3.9393939393939394,9.043048464810498,8.776810778743418,9.932286023835319,4.88438714958052,9.987457984247229,8.569180140220347,6.178830722200995,3.5608499678042502,5.0568462679189325,4.100294985250738,0.8003679852805888,-1.0619469026548671,0.6454630495790458,2.9428369795342273,3.3642999336429993,3.924665856622114,9.999682378350908,8.82416436300868,8.520710059171599,10.161688284390289,9.99197206277847,9.490835030549897,9.854904236796285,9.972831254924335
2008-11-30,0.37536092396535137,9.993121845526186,9.551876963339053,9.613131852402065,9.559368486915448,9.989894090063869,9.775113758561808,9.946750013997514,9.93867921127523,9.84894259818731,9.990865494405115,0.9090909090909091,1.6177703269069572,2.2660479505027067,3.7965260545905704,4.794377928162416,8.517200474495848,9.954247246380477,9.966959767264825,9.915970530400752,8.985030697722477,8.98572920998448,8.979091800065339,9.999262297500664,4.0476190476190474,9.031586735449832,8.750813532686838,9.934327181979379,4.836487891876985,9.987506559056495,8.481166464155528,6.653279785809906,3.788819875776398,5.002498750624688,3.726474278544542,0.31945788964182,-2.8865979381443303,0.18645731108930325,2.857142857142857,3.6224489795918364,3.7382592360676266,9.999668151137246,8.80905735698863,8.468606431852987,10.183522837647672,9.99193359737358,9.464668094218416,9.861226755481542,9.973479021906327
2008-12-31,0.15748031496062992,9.993094338184896,9.548324736447483,9.613164776331875,9.55932576842569,9.989807878509913,9.766972136877603,9.94510305269647,9.936073300567505,9.824561403508772,9.99077158756379,0.7063197026022304,1.341991341991342,1.8367346938775508,3.355481727574751,4.574064026044493,8.03998431987456,9.951126949167183,9.966949020128126,9.916038828848599,8.985180663731423,8.980611225509186,8.978643434209317,9.999258479289328,4.219653179190751,9.006226981732464,8.714385257598625,9.937394352970639,4.805328669624646,9.987774762219125,8.0,6.443812233285917,3.678887484197219,4.916115912557194,3.3642999336429993,0.10880316518298715,-0.2669404517453799,0.029910269192422734,2.2299922299922303,3.753903810118676,3.377483443708609,9.999659904433146,8.777154806087323,8.573466476462198,10.211943146822385,9.991835734987959,9.447208402432283,9.869740784160479,9.974261299289612
2009-01-31,0.1477832512315271,9.993075224802439,9.549413561750617,9.613844448820874,9.560141810280365,9.989855131274602,9.75872976044278,9.943547508441059,9.93428696095594,9.8,9.990826950419667,0.8592321755027421,1.5611814345991561,2.2299922299922303,3.355481727574751,4.487320837927233,8.067259373792037,9.948526864601462,9.967018980906298,9.916334094693072,8.985142485994967,8.980715130264606,8.978361700823442,9.999254154360214,4.382022471910112,8.983442308317882,8.678395466367808,9.93745700168866,4.7794309579744185,9.987922121841635,8.176513493800147,6.1919268849961915,3.498049414824447,4.778067885117493,3.6143039591315453,1.0233393177737882,0.36608863198458574,0.12833168805528136,2.383853769992384,3.597951344430218,3.377483443708609,9.999665196880974,8.748250680325755,8.595505617977528,10.243313738466929,9.991759781139788,9.448123620309051,9.867864693446089,9.974450037047447
2009-02-28,0.21526418786692758,9.993063004385718,9.550975505713836,9.61402926430118,9.561003020299221,9.989831714881285,9.751068488863774,9.942462213346632,9.933702024770495,9.83108108108108,9.990753924958854,0.9090909090909091,1.659716430358632,2.3195084485407067,3.4512115258677145,4.469026548672566,7.9658258746948745,9.947129331814232,9.96716455335436,9.916886059103781,8.984839912368706,8.98235401868398,8.979091800065339,9.999249947496326,4.53551912568306,8.977954478092455,8.678725498615965,9.93658041603247,4.75133536086995,9.987962249614792,8.225377107364686,6.3476990504017525,3.4296977660972403,4.842702423929861,3.7926753569211673,0.875912408759124,0.54820415879017,0.2912621359223301,2.6416482707873437,3.425378040762656,3.3642999336429993,9.999664024781532,8.740244770441103,8.491704374057315,10.268049494873134,9.991678732504536,9.44227551589515,9.866095340117836,9.974448078495502
2009-03-31,0.1768172888015717,9.993054522899545,9.550551697790961,9.614435533621222,9.561889657529145,9.989778395616977,9.743774931787716,9.941603532221793,9.933963675610205,9.805825242718447,9.990744425830457,0.7493061979648474,1.43101970865467,2.1321793863099923,3.5483870967741935,4.571118349619978,8.275267333563297,9.946671330894103,9.967366357881636,9.91763654854691,8.984348738422847,8.981348490867788,8.979747997755444,9.99924530580209,4.652406417112299,8.963396493584979,8.65884145360128,9.936924435473697,4.717578234143856,9.988057419925001,8.152936830439602,6.300406955234924,3.6467598475222363,4.85331960885229,3.2065217391304346,1.1347517730496453,0.6803355079217148,0.21526418786692758,2.6686217008797657,3.5897435897435894,3.265993265993266,9.999657897437652,8.721464690051077,8.514115898959881,10.28502578106701,9.991649478509933,9.438517686692869,9.867197875166003,9.974674568201387
2009-04-30,0.1477832512315271,9.993051326515666,9.550983570488844,9.61476082425774,9.56275742656511,9.98977766419627,9.740047051483682,9.941001766407114,9.9346871809877,9.795081967213115,9.99081557678178,0.8340971585701192,1.680532445923461,2.4012158054711246,3.50227420402859,4.56226209896683,8.327479511624016,9.947074853622276,9.967537231549136,9.91826646440341,8.983925704647524,8.98265425504858,8.98178411786867,9.999241476087533,4.736842105263158,8.956052961521157,8.652294737750033,9.93839709234276,4.688479311626919,9.988064119549778,7.849462365591397,5.735607675906183,3.3687002652519893,4.6723494938732015,3.2203389830508473,1.2816041848299913,0.7578558225508317,0.15748031496062992,2.7325581395348837,3.5316946959896507,3.2341001353179974,9.9996594283846,8.711451459732213,8.66844207723036,10.287052771781566,9.99168011714395,9.441652707984366,9.869740784160479,9.974659807921345
2009-05-31,0.1768172888015717,9.993053611877858,9.551613742142031,9.61485578274785,9.563135637647223,9.989797584067906,9.741158615142984,9.940507540674364,9.93554620307738,9.818181818181818,9.9909571004847,0.8424908424908425,1.8962722852512155,2.5760950259836677,3.564993564993565,4.462901439645626,8.554077501445922,9.948046588369609,9.967641292942659,9.91865585337034,8.983741163057998,8.983605557644811,8.982488629310433,9.999239428049894,4.845360824742269,8.946743119072798,8.641431713602937,9.93854851594666,4.6675001254540485,9.988146462311677,7.430626927029804,5.3917050691244235,3.0020993701889434,4.391475042063937,3.055555555555556,1.5254237288135595,1.1971830985915493,0.1768172888015717,2.9725931131412513,3.229519295870007,3.2930918846411803,9.999662744383851,8.699374789461293,8.729351969504448,10.2752523287896,9.99179628535801,9.446902654867257,9.870011698947096,9.97479648158883
2009-06-30,0.20568070519098924,9.993063363589123,9.55514035321856,9.614631664945355,9.563532246237648,9.989860480207657,9.745171073205855,9.940160953445785,9.936494389267924,9.831932773109244,9.990844419215732,0.9990999099909992,2.025518341307815,2.6090169992609016,3.593850096092249,4.285714285714286,8.744979919678714,9.949295627939941,9.96769981252996,9.918908528250308,8.983904346761813,8.989000323519896,8.98365720790308,9.999236716967019,4.871794871794872,8.9437504885154,8.640071912997241,9.939817043813191,4.655553663244482,9.988167080818839,7.248968363136176,5.133819951338199,2.6686217008797657,4.1894247530505515,2.836676217765043,1.4893617021276595,1.1816578483245153,0.1768172888015717,3.1129476584022036,2.74310595065312,3.5149156939040207,9.999669070319248,8.695276640493915,8.762376237623762,10.258028889240318,9.99170324154353,9.456816947311243,9.872171801099324,9.974617356651523
2009-07-31,0.15748031496062992,9.993083835942503,9.555013661080604,9.614121605717175,9.56381971796583,9.989895213362571,9.749615033113413,9.939977323432792,9.937684026858184,9.834437086092715,9.990804513144948,1.0152740341419586,2.0191540303272144,2.6035502958579886,3.510707332900714,4.148624926857812,8.650290187609663,9.950707884076774,9.967763336468886,9.91924105978342,8.984503523772773,8.989102525221893,8.98444164601698,9.999234719256759,4.871794871794872,8.954907389118288,8.659869524896944,9.940109001617058,4.6498314696912955,9.98817183951552,7.216035634743876,4.797086368366285,2.372234935163997,3.954050785973398,2.852037169406719,1.5325994919559696,1.166077738515901,0.1768172888015717,3.0603747397640526,2.6090169992609016,3.4426229508196724,9.999669762096614,8.708646002419997,8.68421052631579,10.241547060613819,9.991672495919524,9.452054794520548,9.872481509818924,9.974638600050723
2009-08-31,0.15748031496062992,9.993115382627664,9.556432832841713,9.614671758137169,9.56426255795308,9.990014080146992,9.752266498145197,9.93998016413345,9.939098839544739,9.832214765100671,9.990813214272592,0.8842297174111212,1.9289749798224374,2.537313432835821,3.4469200524246393,3.968636911942099,8.766345916604985,9.952081244726454,9.967862538423141,9.919783227566688,8.985549456460713,8.991732204073402,8.985790930942505,9.999233657751551,4.8979591836734695,8.965224292808413,8.674102300962867,9.940198540844397,4.6487271621909665,9.988172958652664,7.22299361288531,4.7698744769874475,2.295839753466872,3.7926753569211673,2.6900584795321643,1.4089347079037802,1.0071942446043165,0.16715830875122914,3.0410577592205983,2.3017705927636647,3.3949801849405548,9.99967640996269,8.721476132516441,8.678996036988112,10.229958484457093,9.991681362925497,9.45945945945946,9.871877001921845,9.9745534123874
2009-09-30,0.1477832512315271,9.993149428131222,9.557249812938046,9.614517279262957,9.565066109951289,9.98993741069452,9.752727508260627,9.940061235352108,9.940467538842784,9.831932773109244,9.990854801686375,0.867579908675799,1.8765231519090169,2.4868519909842224,3.3906146728354263,3.8687921520539543,8.741505159828844,9.953269419061675,9.96797065586653,9.920412644399478,8.98673983420774,8.993193991381741,8.987393043390208,9.999232251575803,4.94949494949495,8.973117236124503,8.686993754029288,9.940302071518119,4.65005363737281,9.988171139947243,7.1918000561639985,4.422755158951478,2.2239502332814927,3.6588459099556117,2.6035502958579886,1.4893617021276595,1.204925241864556,0.11857707509881422,2.9527836504580693,2.254066615027111,3.351063829787234,9.999667821540445,8.73182225728029,8.802395209580839,10.222138291119103,9.991715750842921,9.456816947311243,9.872008191475745,9.97450215456794
2009-10-31,0.11857707509881422,9.99317929870777,9.558516438640407,9.61485578274785,9.566162402766148,9.989986682287443,9.750916626813327,9.940095475830622,9.941640190766545,9.816176470588236,9.990861320539182,0.8256880733944953,1.8765231519090169,2.5428784489187177,3.3993399339933994,3.861264579496624,8.834770449778606,9.954270307298962,9.968059241164228,9.921021539005883,8.987833761817042,8.996618604697831,8.990734946811733,9.999231189119788,5.0,8.975209287883184,8.689071311898775,9.940680982322933,4.6518344207936675,9.988204069595989,7.542393708527894,4.318181818181818,2.2239502332814927,3.6061381074168795,2.6416482707873437,1.6666666666666667,1.3867355727820845,0.0695134061569017,2.9527836504580693,2.248062015503876,3.3466400532268796,9.999671229994345,8.735574485410426,8.759305210918114,10.215864299067034,9.991721443118035,9.460043196544277,9.872595235061791,9.974506704736655
2009-11-30,0.11857707509881422,9.993197614749985,9.559925011221912,9.614213902959365,9.566472735470333,9.989995698150205,9.747187580074984,9.940008599665365,9.942408883427825,9.832775919732441,9.990907355040507,0.6279287722586693,1.6736053288925892,2.4299772899318697,3.4167215273206057,3.872549019607843,8.864668483197093,9.954985962552385,9.968101480955083,9.921477172555738,8.98855987203536,8.998868721655471,8.99152884227511,9.999231177298203,4.974874371859297,8.978954204053961,8.701838197112888,9.940933254577672,4.652523135201163,9.98824649451699,7.102289191538684,4.3342776203966,2.3017705927636647,3.5064935064935066,2.4698795180722892,1.7218543046357617,1.4893617021276595,0.04975124378109454,3.0118798043326342,2.260061919504644,3.2341001353179974,9.999673932536641,8.741631851814567,8.708010335917313,10.210460114458602,9.991762496293124,9.466382070437566,9.872562762839303,9.974510603588907
2009-12-31,0.11857707509881422,9.993212090139373,9.560143745024126,9.614225809064921,9.56687644284285,9.990062210561883,9.743553136433217,9.93994457812226,9.942971079942293,9.830795262267344,9.990953910172328,1.0233393177737882,2.1197793538219067,2.779783393501805,3.4469200524246393,3.891264508246793,8.813760379596678,9.955569295967878,9.968131168171439,9.921893699987725,8.989200794807939,8.99938962767288,8.992301181023016,9.999229684864078,4.974874371859297,8.982088835143179,8.701780896965543,9.941217963790265,4.653000125517785,9.988250085186882,6.843434343434343,3.8987187309334956,2.025518341307815,3.581514762516046,2.716678805535324,1.9159256265157638,1.7559769167353667,0.04975124378109454,3.0986887508626637,2.1752738654147104,3.3949801849405548,9.999675769965275,8.747228242486502,8.787878787878787,10.205254896986018,9.991802069157744,9.468367889420522,9.873225152129818,9.974483286552692
2010-01-31,0.10880316518298715,9.993231631833261,9.560416373610916,9.612454172705922,9.566410704452528,9.990065665948084,9.743217738518624,9.940118433761706,9.943498898511027,9.83974358974359,9.990977742089735,0.7578558225508317,1.8962722852512155,2.6632428466617752,3.4469200524246393,3.8461538461538463,8.86647018816595,9.956122434204493,9.968191553012435,9.92238188268953,8.9900826112424,9.001358152912038,8.993639803558489,9.999229613651247,4.94949494949495,8.99183080501302,8.714563735786289,9.94079687407495,4.654693179388497,9.98818316100443,7.111496244945118,3.954050785973398,2.044550517104216,3.3993399339933994,2.5705794947994054,1.8896999188969992,1.6036943744752308,0.05964214711729622,3.150684931506849,2.012779552715655,3.3244325767690257,9.999675576419596,8.760971596512878,8.81516587677725,10.200323723136588,9.991855152023588,9.478895257946848,9.871794871794872,9.974352398050783
2010-02-28,0.12833168805528136,9.993259270605705,9.56001601541704,9.612398593782098,9.56659486588278,9.990102341785933,9.747214985089437,9.940598052523926,9.944066708558978,9.8371335504886,9.990982054288033,0.7493061979648474,1.8699186991869918,2.652461425422483,3.4853420195439737,3.8800489596083234,8.842860448970146,9.956670570076366,9.968296329875058,9.922944417351603,8.991290991746538,9.001338206802883,8.994429137421314,9.999229061305044,4.94949494949495,8.995021335697043,8.715422381966585,9.941338651962223,4.658015402983608,9.988251603656101,6.610169491525423,4.0155595451825254,2.076069730586371,3.403693931398417,2.51497005988024,1.7559769167353667,1.5469146238377007,0.10880316518298715,3.1600547195622437,2.0948616600790513,3.355481727574751,9.999675816213728,8.76698630491689,8.803827751196172,10.19605679827834,9.991855085684499,9.476439790575915,9.873785182380413,9.974524889183268
2010-03-31,0.15748031496062992,9.993295737545065,9.560155353129273,9.612273858728102,9.566692520679599,9.990163289396026,9.752545419291797,9.941337813123422,9.944742166677273,9.845201238390093,9.991029942053425,0.925589836660617,2.0318725099601593,2.7745664739884393,3.4512115258677145,3.853718500307314,8.903989478298993,9.957292558246714,9.968427110760706,9.923558740560834,8.992861782185422,9.002603205633298,8.995772200966067,9.999230028873917,4.974874371859297,9.00135416375395,8.731135151870433,9.9418773612322,4.662129491653774,9.98825463941743,6.375498368974267,3.6868686868686864,1.9807538091419405,3.3906146728354263,2.5925925925925926,1.8300653594771243,1.5469146238377007,0.1477832512315271,3.169398907103825,2.025518341307815,3.3288859239492994,9.999683296754108,8.776866135337315,8.803827751196172,10.191639124625418,9.991896863275775,9.482669425763062,9.874623871614844,9.97450800448659
2010-04-30,0.19607843137254902,9.993328971815107,9.560252063517192,9.61234149612923,9.56676573290241,9.990188671840507,9.753901279959443,9.942054045033279,9.945347456279332,9.856527977044475,9.991111664163117,0.8842297174111212,1.9549477071600965,2.6953981008035064,3.4597776324395033,3.8461538461538463,8.941574936494495,9.957846015710789,9.968511553740703,9.923957206157338,8.994277438625781,9.003090419698934,8.996235884567126,9.999231508165225,4.974874371859297,9.004585872883625,8.741916815539843,9.941311109806913,4.664390139792979,9.988289986767686,6.8798751950078,3.593850096092249,1.922455573505654,3.297587131367292,2.4698795180722892,1.9354838709677418,1.6736053288925892,0.15748031496062992,3.1926480599046974,1.9354838709677418,3.3598937583001325,9.999686231197405,8.783121900763591,8.78345498783455,10.187788490067867,9.991969032589667,9.48559670781893,9.873657612128868,9.97459349593496
2010-05-31,0.19607843137254902,9.993355411105279,9.560033437458753,9.612595301555817,9.567028342324711,9.990216030056356,9.748170361195033,9.942641111789762,9.945869182186039,9.831365935919056,9.991180413462217,0.7063197026022304,1.7355371900826448,2.4868519909842224,3.3155080213903743,3.7694704049844234,8.807251908396946,9.958321442869593,9.968515340795951,9.924043986382776,8.995393720496894,9.003378546726598,8.997232361317236,9.999234625540545,4.8979591836734695,9.016729366557394,8.757736197828025,9.941934734641737,4.662883229593535,9.98836830596008,7.623009270263847,4.110718492343935,2.242048099301784,3.403693931398417,2.4299772899318697,1.659716430358632,1.4456800684345594,0.15748031496062992,3.0020993701889434,2.0823436262866193,3.2341001353179974,9.999682961394209,8.799959198612752,8.803827751196172,10.184522567708715,9.99203422098664,9.486652977412732,9.874529485570891,9.974767864352039
2010-06-30,0.1768172888015717,9.993376745238209,9.559857217681415,9.612845777115314,9.567462823429674,9.990235614619237,9.738745036263639,9.943108465869985,9.946370209449276,9.816849816849816,9.991179557743024,0.5749293119698398,1.5182357930449533,2.289899768696993,3.279569892473118,3.8385705483672217,8.828353837141183,9.958701302357477,9.968473191693427,9.923959630880368,8.996350931633161,9.003000967089061,8.997664558421121,9.9992337810606,4.845360824742269,9.018677510934387,8.75950682953515,9.942611190817791,4.65658703125244,9.988399879358745,7.75482712168837,4.162288382953882,2.3547400611620795,3.3244325767690257,2.254066615027111,1.5397631133671743,1.3344887348353554,0.11857707509881422,2.9228591648973814,2.3254029163468917,3.1926480599046974,9.999682317809263,8.804531304543259,8.837209302325581,10.182899181493442,9.992038660265749,9.483204134366924,9.87611496531219,9.974833903764848
2010-07-31,0.1768172888015717,9.993400040008957,9.560642340897607,9.613048020740626,9.567778771886603,9.990270575300883,9.730628121346644,9.943578181457083,9.947012933613033,9.820143884892087,9.99119400487852,0.5213270142180095,1.3793103448275863,2.2720247295208655,3.2065217391304346,3.753903810118676,8.842190575431284,9.959036455506421,9.968437342285345,9.923916359732582,8.997543982757756,9.003765765406762,8.99768465154507,9.99923330522119,4.845360824742269,9.022051754977022,8.767039513917657,9.942289935364727,4.6441004766750575,9.988400821221859,7.014925373134328,3.9722724532851115,2.254066615027111,3.1833674164962504,2.1135646687697163,1.5254237288135595,1.2510936132983377,0.15748031496062992,2.852037169406719,2.3076923076923075,3.12242090784044,9.99968323756549,8.81060559205675,8.7146529562982,10.183842792351404,9.992062673132942,9.484801648634724,9.87535834475882,9.974816157953057
2010-08-31,0.18645731108930325,9.993427923795338,9.561255336231973,9.613048020740626,9.568051350055505,9.990307353810664,9.729366149316855,9.944085054799237,9.947851843195753,9.835796387520526,9.991231992705018,0.448901623686724,1.1738746690203001,1.9807538091419405,3.0986887508626637,3.6143039591315453,8.848191660907625,9.959344151329871,9.96844915069588,9.924070101306526,8.9991676694745,9.004994925474119,8.998547894446949,9.999233322855414,4.871794871794872,9.02528032937727,8.770344647802114,9.943049148584771,4.625034044195297,9.98847341970584,7.226074895977809,4.08983451536643,2.3136049192928514,3.0699930699930698,1.9354838709677418,1.3194444444444446,1.0634495084897229,0.15748031496062992,2.7536231884057973,2.2839506172839505,3.0362116991643457,9.999684560498142,8.816273866878158,8.73257287705957,10.187949333631195,9.992102914814142,9.486916367367881,9.876907927129492,9.974925403074145
2010-09-30,0.18645731108930325,9.99345395682224,9.561931880407403,9.613254540391697,9.56842791235634,9.990326106935214,9.732617126344282,9.944524500511442,9.948729533734994,9.834437086092715,9.991239597021464,0.40307101727447214,1.126885536823425,2.0191540303272144,3.117687543014453,3.6143039591315453,8.827804477786895,9.959669100323678,9.968481995317227,9.924290657687672,9.000948387079632,9.005885159853666,8.999059115568635,9.999232834675873,4.871794871794872,9.02774145311818,8.7729022457116,9.943646097492252,4.601868704241737,9.988514724123673,7.032640949554896,3.849938499384994,2.3371647509578546,3.0216329378925333,1.9159256265157638,1.5110356536502547,1.1504424778761064,0.1477832512315271,2.737835875090777,2.3136049192928514,3.016759776536313,9.999687523435743,8.82075610759893,8.721227621483376,10.192660278488473,9.992115678761216,9.486916367367881,9.8779296875,9.974973722408528
2010-10-31,0.18645731108930325,9.993472360735101,9.563385508765036,9.613439920832496,9.568649441401027,9.990381285829711,9.736348799991562,9.944807793139608,9.94954886595941,9.819168173598554,9.991269273079677,0.3288201160541586,1.0474485228290062,2.0823436262866193,3.188010899182561,3.638676844783715,8.911860718171926,9.960091024391568,9.968497160176504,9.924407239367499,9.002692729629999,9.008733061726192,9.000429815179473,9.999234479063002,4.845360824742269,9.025372478273116,8.775368246768197,9.94422444085002,4.575241401757622,9.988577824989434,6.794871794871795,3.722536095417451,2.3954372623574143,2.9873772791023843,1.8566775244299674,1.7559769167353667,1.289198606271777,0.12833168805528136,2.790194664744052,2.4127465857359636,2.9725931131412513,9.999691358024691,8.819252326958475,8.712998712998713,10.194709357342294,9.992146761324369,9.491353001017293,9.878463782207097,9.975028093394931
2010-11-30,0.18645731108930325,9.99347792624463,9.564440959972124,9.613889178472006,9.569242167745715,9.99042475774637,9.737423202734321,9.944856374360223,9.95016483848611,9.81981981981982,9.991295340395714,0.430622009569378,1.2816041848299913,2.1935987509758,3.2750504371217213,3.7185929648241203,8.937752283832591,9.960613516241542,9.968468086641437,9.924297316023889,9.004091053384402,9.010508400783678,9.001597444089457,9.999235263528188,4.94949494949495,9.025992367676194,8.778245438273906,9.945301389344712,4.549165197765721,9.988607623778167,7.018485390578413,3.834771886559803,2.3254029163468917,3.0843706777316737,1.9743178170144462,1.7149958574979285,1.3344887348353554,0.13806706114398423,2.9527836504580693,2.4012158054711246,3.055555555555556,9.999694517505676,8.821020265482657,8.774509803921568,10.191451236052577,9.99217251770968,9.49418310571573,9.881319724661761,9.975023727458915
2010-12-31,0.1768172888015717,9.993479853183002,9.566107813530495,9.614322518936763,9.569601838660946,9.990458925675032,9.73673824393025,9.944822060915467,9.950695038498779,9.817850637522769,9.991366658033325,0.5749293119698398,1.6736053288925892,2.4812030075187965,3.3422103861517973,3.788819875776398,8.990306946688207,9.961217412715493,9.968423848456261,9.924093538681523,9.005451269828896,9.012521230793539,9.00178680162509,9.99923574278159,4.818652849740933,9.034670764811047,8.78514425804508,9.945767124030587,4.524983731365264,9.988651065664934,6.396396396396397,3.510707332900714,2.1135646687697163,3.2065217391304346,2.248062015503876,1.8699186991869918,1.5469146238377007,0.13806706114398423,3.0651872399445215,2.1935987509758,3.270524899057874,9.999696675564184,8.832047222666693,8.81656804733728,10.185088375141868,9.99223789305369,9.499248873309964,9.881390107935001,9.975014366739124
2011-01-31,0.16715830875122914,9.993490197017886,9.567449726844503,9.614823146047508,9.57045227080407,9.990498180401548,9.735985447517868,9.944907163060472,9.951229194984215,9.84375,9.991432708206608,0.54820415879017,1.6317991631799162,2.5484351713859907,3.351063829787234,3.7849596022374143,8.994166163749748,9.96181579634684,9.968412088314748,9.924010656745498,9.007049945387747,9.015185834433042,9.003706212888057,9.999235760303861,4.7643979057591626,9.032778180249524,8.786925973370598,9.946326015780151,4.507003570447679,9.988693154835937,6.613613274635963,3.3687002652519893,2.1135646687697163,3.1833674164962504,2.2360248447204967,1.8962722852512155,1.6387959866220736,0.1477832512315271,3.1129476584022036,2.125984251968504,3.243243243243243,9.999698932112203,8.830298542902895,8.812351543942993,10.179058724099155,9.992360989099131,9.506660088801183,9.881614774476146,9.97499374843711
2011-02-28,0.15748031496062992,9.993513841113899,9.56877592734737,9.61527215647651,9.571207436978213,9.990521866055012,9.7364339467347,9.945224162116983,9.951778146728586,9.810246679316888,9.991480806256495,0.6454630495790458,1.7559769167353667,2.5484351713859907,3.4296977660972403,3.8080495356037156,8.995782285599518,9.962302114553259,9.968454843294243,9.924157449838289,9.008892455040227,9.01765277955146,9.00527205809211,9.999237013977904,4.736842105263158,9.029168628555063,8.789664216543596,9.94688197174121,4.497036529099806,9.988756591448263,6.472663139329806,3.2341001353179974,2.044550517104216,3.174061433447099,2.295839753466872,1.9289749798224374,1.7695473251028804,0.12833168805528136,3.174061433447099,2.044550517104216,3.311036789297659,9.99970117587294,8.82623184033936,8.857142857142858,10.175771873004997,9.992404447955279,9.514091350826044,9.882739212007504,9.975092779396746
2011-03-31,0.13806706114398423,9.993547748613082,9.570900165632535,9.615618201246935,9.57165008952513,9.990592396775074,9.73794699855834,9.945821864249467,9.952408685376383,9.836065573770492,9.991492475094221,0.7407407407407407,1.8300653594771243,2.5760950259836677,3.3906146728354263,3.7616968184653774,9.11457411014698,9.962748136746741,9.968518606724679,9.92438165712774,9.011204075503256,9.021200790869761,9.006625805874814,9.999238315763817,4.736842105263158,9.038169289899622,8.797119823705883,9.947393339996843,4.484077878897086,9.988809185420607,6.395097332372026,3.229519295870007,2.0508744038155804,3.1833674164962504,2.2839506172839505,1.9871794871794872,1.8099918099918098,0.09900990099009901,3.108201240523776,2.076069730586371,3.270524899057874,9.999704056205646,8.836792711808414,8.709677419354838,10.174457573077136,9.992417464096691,9.521988527724666,9.883761478553993,9.975122521581213
2011-04-30,0.09900990099009901,9.993576377101094,9.572819349574742,9.615993118596686,9.572150414800172,9.990620984609036,9.739783916564315,9.946581453401134,9.952966231635665,9.822695035460994,9.99151406120059,0.5749293119698398,1.6457811194653298,2.4924924924924925,3.403693931398417,3.7578027465667914,9.166944351882705,9.963061793187414,9.968536253001249,9.924398495530061,9.013446721190178,9.024932476574001,9.008674101610904,9.999240202410078,4.7643979057591626,9.035280747773188,8.79193641719751,9.94755336445167,4.457991576147196,9.988876034528788,5.959595959595959,3.2249322493224932,2.0508744038155804,3.0843706777316737,2.1630094043887147,2.044550517104216,1.9678714859437751,0.05964214711729622,3.103448275862069,2.038216560509554,3.2341001353179974,9.99970564080525,8.833027197468137,8.746867167919799,10.175103135746955,9.99243730526061,9.530736743313,9.883245767659076,9.975176248634693
2011-05-31,0.089197224975223,9.99359300649597,9.574116504688977,9.616358474641295,9.572968933489912,9.990638632491434,9.741523120428365,9.947473078267555,9.953422477642,9.824868651488616,9.991529156642835,0.430622009569378,1.4383561643835616,2.3371647509578546,3.3155080213903743,3.6628643852978455,9.101769514057308,9.963252263609382,9.968465168695776,9.924026215138236,9.015507705666536,9.027596802738287,9.010792256481784,9.999240779264163,4.736842105263158,9.036351704645652,8.792183008430563,9.94860197368421,4.409027151310499,9.988950642520138,6.070726915520629,3.3730947647448644,2.0948616600790513,3.0020993701889434,2.038216560509554,1.8367346938775508,1.6666666666666667,0.0398406374501992,3.0020993701889434,2.0697858842188737,3.150684931506849,9.999705000825998,8.833668264929921,8.813760379596678,10.17721126896994,9.992452317515907,9.532928538066324,9.88554423715234,9.975290338522363
2011-06-30,0.089197224975223,9.993602097363482,9.574116504688977,9.61711935921096,9.573918712211917,9.990658396233464,9.742988590034935,9.948324747349655,9.953718223244223,9.838187702265373,9.991561679900764,0.430622009569378,1.4965986394557824,2.4127465857359636,3.3288859239492994,3.6507936507936507,9.05917772132844,9.963351069516508,9.968344571543527,9.923473197741119,9.017071037933936,9.027417111623338,9.011769821426807,9.999242114198232,4.7643979057591626,9.038917128707258,8.79364007045142,9.949034198053107,4.350906302716988,9.989036650477454,6.229260935143287,3.5149156939040207,2.138364779874214,3.0891499654457495,2.088607594936709,1.9549477071600965,1.6874480465502906,0.0398406374501992,2.9725931131412513,2.1568627450980395,3.108201240523776,9.999707305365385,8.835810921723418,8.773006134969325,10.179238516570603,9.992484423968675,9.532491818606825,9.886800996151234,9.975493799931382
2011-07-31,0.0695134061569017,9.993613357789915,9.575182140657194,9.618078629971661,9.574862468008401,9.990690399940418,9.744322031514868,9.94907717659424,9.95384884481351,9.842022116903633,9.991607992547896,0.34749034749034746,1.1894273127753305,2.199687987519501,3.302076356329538,3.6548223350253806,9.06707715271947,9.963422257483167,9.968222917504788,9.922997017674493,9.018067556952081,9.028909368111325,9.013086473363202,9.99924243572067,4.736842105263158,9.043023738753137,8.79959186123282,9.949914855253931,4.296469514629556,9.989228548654646,7.163120567375887,3.581514762516046,2.1691464369616287,2.9428369795342273,1.9614147909967845,1.9614147909967845,1.7149958574979285,0.0398406374501992,2.9922915206727394,2.1630094043887147,3.1271477663230236,9.99970702924727,8.839539668595737,8.64314789687924,10.179497443058922,9.9925293968235,9.534016775396084,9.888343010272443,9.975865813925425
2011-08-31,0.09900990099009901,9.993633523171278,9.576461419870737,9.618799294016293,9.57602326784306,9.990706578812858,9.745636780998229,9.949631210970967,9.953804515980643,9.831932773109244,9.991623808486757,0.19607843137254902,0.875912408759124,1.8233851185609156,3.0410577592205983,3.4895833333333335,8.961901795909894,9.963510989735092,9.968151868086826,9.922852598820338,9.018394333560375,9.030970192643126,9.014855971943097,9.99924318678907,4.736842105263158,9.04850167558855,8.803846351671565,9.952720911540826,4.26157983179104,9.989501973628958,7.597308986064393,4.219653179190751,2.452830188679245,3.016759776536313,1.8433931484502446,1.701244813278008,1.4675767918088738,0.01996007984031936,2.673992673992674,2.343032159264931,2.967651195499297,9.999707587804071,8.84469193710503,8.480243161094224,10.17672894487601,9.992543045271171,9.530956848030018,9.89424703891709,9.976274644712804
2011-09-30,0.07936507936507936,9.993660196148339,9.577340372025004,9.619291272633134,9.576482944968195,9.99073490716377,9.747496604036238,9.95005164417107,9.95370947657713,9.848484848484848,9.991623808486757,0.24390243902439027,0.875912408759124,1.6107382550335572,2.9027679205110006,3.4512115258677145,8.954084300805356,9.963629349561815,9.968134346449258,9.922960775379794,9.018541853239428,9.03219874766518,9.015457320074825,9.99924446190577,4.736842105263158,9.047840311394305,8.805974426360265,9.953038414576877,4.24336503764268,9.989537341229152,8.11178247734139,4.568169473112439,2.4812030075187965,3.150684931506849,1.816693944353519,1.4893617021276595,1.3043478260869565,0.009990009990009992,2.4127465857359636,2.475545522949586,2.8622412562455386,9.99971061800419,8.842396979119156,8.56115107913669,10.172651700125606,9.992543712485553,9.532054281703322,9.89424703891709,9.976275207591934
2011-10-31,0.0695134061569017,9.993691750809775,9.577613516367476,9.620037692260928,9.577177746019128,9.99075178721712,9.75072414635484,9.950469941197914,9.953706339870461,9.838709677419354,9.991630678584581,0.24390243902439027,0.9008189262966333,1.783073130649137,2.8469241773962803,3.493819128171763,8.962763198838294,9.963793185225736,9.968160623287638,9.92317744243878,9.019136644074113,9.032217480087875,9.015883638081366,9.999245664456463,4.680851063829787,9.053828635119421,8.810847449565069,9.953568277847426,4.232654709037431,9.989574645537948,7.4974974974974975,4.1417691857059165,2.3195084485407067,3.0458970792767732,1.8099918099918098,1.7287014061207608,1.5824915824915824,0.01996007984031936,2.383853769992384,2.435703479576399,2.9078014184397163,9.999712396570617,8.847871846481228,8.587570621468926,10.168979431823558,9.992546435705554,9.526290857413548,9.894592600400548,9.976342559735038
2011-11-30,0.07936507936507936,9.993723116822418,9.578359735041257,9.620664671362839,9.577879180579064,9.9907551216626,9.75533904573853,9.950932012567712,9.953896206147807,9.86130374479889,9.99164187088362,0.24390243902439027,0.875912408759124,1.7218543046357617,2.790194664744052,3.3949801849405548,9.067251189254733,9.96398893919841,9.968216251527554,9.923361247162784,9.020543544148017,9.034003091190108,9.017758918749017,9.999246482959212,4.623655913978495,9.05372746215383,8.80780932579233,9.954075774971297,4.223675260781694,9.989618802425047,7.354497354497354,4.378864530635188,2.4471299093655587,3.1833674164962504,1.8633034987794954,1.701244813278008,1.4965986394557824,0.009990009990009992,2.3195084485407067,2.383853769992384,2.8469241773962803,9.999713542561848,8.845999831515975,8.64314789687924,10.167250594883836,9.992553817285568,9.526963103122043,9.896960329726944,9.976423435105506
2011-12-31,0.0695134061569017,9.99375387371971,9.578455714665104,9.621427219382927,9.578778879973042,9.99076451356693,9.760377063648702,9.951457658535128,9.954217057800136,9.857954545454545,9.991721511651972,0.24390243902439027,0.7663896583564174,1.5895710681244741,2.8212491026561377,3.4426229508196724,9.078935249148016,9.96418358627488,9.968273554875323,9.923464078795572,9.022484699222638,9.034506729488095,9.019223224794036,9.999247622487058,4.594594594594595,9.058211034187881,8.813757565261128,9.95386602694224,4.214985017046748,9.989646532623777,7.005988023952096,4.196169471851422,2.4642049736247174,3.1271477663230236,1.7149958574979285,1.6387959866220736,1.371872303710095,0.009990009990009992,2.295839753466872,2.4642049736247174,2.831541218637993,9.999714004621685,8.8495220914768,8.748435544430539,10.16728128277476,9.99262477044598,9.523355576739753,9.896168622157616,9.976533533580513
2012-01-31,0.07936507936507936,9.993780632329331,9.579552812371238,9.62194531817082,9.579614674810932,9.990831407928999,9.764210446891939,9.952000752628198,9.954545061980081,9.863574351978173,9.991793592436975,0.21526418786692758,0.6629318394024276,1.5469146238377007,2.779783393501805,3.434011818778726,9.09288824383164,9.964314428425984,9.968294470809353,9.923435656474167,9.024342650861017,9.037480508980307,9.021861397760063,9.999249547852582,4.53551912568306,9.063315208482617,8.82147045131789,9.954785911289958,4.207599629286377,9.989742222039862,6.603260869565218,3.979530403371463,2.4471299093655587,2.9577464788732395,1.6457811194653298,1.7423616845582162,1.5824915824915824,0.029910269192422734,2.3254029163468917,2.458521870286576,2.8469241773962803,9.999716371598586,8.853746015334584,8.823529411764707,10.168841628241127,9.992669481585738,9.525391551969625,9.897582957804179,9.976646426903317
2012-02-29,0.09900990099009901,9.993800670851465,9.580411951545972,9.622571720808752,9.57989194820908,9.990906776270323,9.76589688004912,9.952490675943588,9.954776161295495,9.859943977591035,9.99185083773388,0.2912621359223301,0.8003679852805888,1.652754590984975,2.779783393501805,3.3949801849405548,9.10913140311804,9.96434177310455,9.968260355869402,9.923277579512186,9.025630808718704,9.039422116345193,9.02309405650424,9.999251110229086,4.53551912568306,9.065998419669326,8.824610769856438,9.95493871665465,4.201845949020239,9.98978706020528,6.482588814632431,3.742177722152691,2.366412213740458,2.8774928774928776,1.6387959866220736,1.8433931484502446,1.659716430358632,0.089197224975223,2.372234935163997,2.406985573272589,2.831541218637993,9.999720170136557,8.855082004751411,8.827667057444314,10.171474246839228,9.992722562240285,9.527410207939509,9.89760393200901,9.976721448857022
2012-03-31,0.12833168805528136,9.993818258424703,9.581251805851588,9.623315277578971,9.580674108303493,9.990912312907243,9.766495163811383,9.952925726698645,9.954947996320463,9.858156028368795,9.991889305237885,0.31945788964182,0.9420289855072463,1.8233851185609156,2.852037169406719,3.434011818778726,9.139340735003012,9.964283653124044,9.968198088093079,9.923077545616792,9.026762287490206,9.041080127344559,9.024590083982794,9.999252364397593,4.5054945054945055,9.061569487494944,8.817911012341009,9.955245255997136,4.193805823374218,9.989829232819032,6.07843137254902,3.746091307066917,2.348890589135425,2.917847025495751,1.6457811194653298,1.883116883116883,1.680532445923461,0.07936507936507936,2.4698795180722892,2.343032159264931,2.852037169406719,9.999721166527715,8.847899721191732,8.839907192575405,10.175382929022481,9.99275808378897,9.533146591970121,9.898342990749212,9.976779287124115
2012-04-30,0.13806706114398423,9.993833675101891,9.581917077433138,9.624139278948793,9.581423578409828,9.990932583760259,9.767055606156253,9.953187268247719,9.955068013547892,9.868938401048494,9.991930863639665,0.26290165530671866,0.7578558225508317,1.6317991631799162,2.836676217765043,3.4167215273206057,9.117621106503131,9.964168327166105,9.968157307993343,9.92299351913457,9.028003227029286,9.042218987050802,9.025920261832633,9.999252828045847,4.5054945054945055,9.067607761232996,8.821678754278778,9.95571105894858,4.180294477099459,9.989888776541962,6.316758747697974,3.765586034912718,2.4242424242424243,2.857142857142857,1.596638655462185,1.8367346938775508,1.7081260364842454,0.07936507936507936,2.4127465857359636,2.389649923896499,2.7953890489913547,9.999719587120076,8.853285966398985,8.842592592592593,10.18010197373753,9.992794402692011,9.532054281703322,9.89860068951531,9.976867380693516
2012-05-31,0.15748031496062992,9.993849535377612,9.581086911898389,9.62469647327276,9.581981740962444,9.99092295403384,9.76859684974009,9.95325304770189,9.955167969827738,9.860724233983287,9.991919257218123,0.26290165530671866,0.6279287722586693,1.371872303710095,2.7536231884057973,3.3642999336429993,9.044890162368672,9.964018045573226,9.968168641398456,9.923108492611155,9.029716528215184,9.041245613698683,9.02681134737969,9.99925342491321,4.5054945054945055,9.069416850069096,8.817090207517865,9.95588494794424,4.157537561933544,9.989922808714756,7.064004697592484,4.10377358490566,2.537313432835821,2.882562277580071,1.5754001684919967,1.7287014061207608,1.4675767918088738,0.089197224975223,2.2660479505027067,2.4642049736247174,2.727272727272727,9.999719004037912,8.853644836243165,8.880179171332587,10.18565861575049,9.992785148950599,9.52807928268051,9.899648770697441,9.97701677775224
2012-06-30,0.15748031496062992,9.993863888591964,9.58075497643843,9.625205668389471,9.582677789694646,9.990908925616829,9.771113909750012,9.953210044533899,9.955247017855159,9.869621903520208,9.991905848833634,0.31945788964182,0.6716417910447761,1.43101970865467,2.6686217008797657,3.3422103861517973,8.91786603181474,9.963878044770947,9.968209232497733,9.923274464666418,9.031592485853245,9.0408041897673,9.02771025765678,9.999253831574864,4.5054945054945055,9.06956664135888,8.818983191768785,9.956203740200587,4.129070505575946,9.989982971050786,6.307237813884786,3.9172749391727493,2.5317401045556385,2.872416250890948,1.5611814345991561,1.7559769167353667,1.4675767918088738,0.089197224975223,2.125984251968504,2.537313432835821,2.679355783308931,9.999715959927626,8.852060436722129,8.798076923076923,10.190871865577803,9.992778271262575,9.523355576739753,9.900566769414338,9.97719810288216
2012-07-31,0.15748031496062992,9.99387612915758,9.580870950165556,9.625682661246552,9.58328124348877,9.990931185838141,9.77464280885203,9.953182424682225,9.955311936092494,9.866666666666667,9.991848114061188,0.22482893450635388,0.5660377358490566,1.311902693310165,2.537313432835821,3.2750504371217213,8.978862452772388,9.963778837930946,9.968245016372869,9.923300472699188,9.03343353405697,9.041116907026696,9.028616944806016,9.999254638014952,4.5054945054945055,9.071248260912368,8.815567236694676,9.95696148052507,4.096463781805301,9.990061222867139,6.543380573798825,3.8118811881188117,2.4642049736247174,2.6953981008035064,1.3867355727820845,1.8032786885245904,1.5469146238377007,0.09900990099009901,2.0571882446386023,2.5037481259370313,2.5871015567086735,9.999717272927752,8.85239241752718,8.784933171324422,10.194900240311997,9.992734089472423,9.524036173250833,9.902219614745281,9.977310371429219
2012-08-31,0.12833168805528136,9.99388540323452,9.583190923565551,9.626373544257921,9.583737454887547,9.990963311042835,9.778902114338228,9.953270998553702,9.955364656501192,9.86910994764398,9.991851435369659,0.21526418786692758,0.5571293673276676,1.3569576490924806,2.5816023738872405,3.2930918846411803,9.039938556067588,9.963753781226973,9.968246061910627,9.923025551496092,9.034932484485074,9.044022752258497,9.029173341099947,9.999255614527428,4.475138121546961,9.067802456154087,8.81324090853529,9.957396046353102,4.064458219596938,9.990129793219168,6.359665089188205,3.742177722152691,2.4299772899318697,2.657856093979442,1.371872303710095,1.8367346938775508,1.6317991631799162,0.09900990099009901,2.1691464369616287,2.4414210128495846,2.6416482707873437,9.999721066974608,8.846588150077336,8.813760379596678,10.196644851672023,9.992742315926987,9.529854254818993,9.903278847083858,9.977335055869087
2012-09-30,0.13806706114398423,9.993895846361614,9.585088065058192,9.6271897939478,9.584474297657682,9.991003391721321,9.783289691187067,9.953447676852603,9.955421184428838,9.883313885647608,9.991933076805177,0.22482893450635388,0.583804143126177,1.4163090128755365,2.5871015567086735,3.261455525606469,9.04507257448434,9.963776895654796,9.96821916495018,9.92251974327026,9.036127727915993,9.046647536060558,9.030246608287513,9.999256627168789,4.382022471910112,9.067352970527422,8.81013857126199,9.958438967623955,4.038554561602965,9.990202034057729,6.113486202876021,3.6467598475222363,2.348890589135425,2.5816023738872405,1.3569576490924806,1.9484702093397746,1.7423616845582162,0.10880316518298715,2.2360248447204967,2.3780487804878048,2.537313432835821,9.99972320790961,8.844444958024463,8.867497168742922,10.197063680694434,9.992818207280902,9.533582089552239,9.904131914485667,9.977404193781634
2012-10-31,0.15748031496062992,9.993913727945708,9.5861578063053,9.627998333432533,9.585103558151886,9.991029298311714,9.787652412480941,9.953674149526874,9.955506078314642,9.891891891891891,9.992011248162587,0.2912621359223301,0.6716417910447761,1.4675767918088738,2.5760950259836677,3.141289437585734,8.995681430149643,9.96381234093262,9.96817625770612,9.921848684986898,9.037248842291731,9.049194667883699,9.032367313367844,9.999257510283481,4.382022471910112,9.070036482468792,8.80712101041622,9.958757784468181,4.0219990435198465,9.990268113473798,6.503496503496503,3.602047344849648,2.1445404556166534,2.4924924924924925,1.341991341991342,2.0,1.7491749174917492,0.09900990099009901,2.248062015503876,2.20576773187841,2.5428784489187177,9.99972352396356,8.846136982002044,8.920086393088553,10.197677682584992,9.992887219756458,9.531615925058547,9.905195297686765,9.977490151941474
2012-11-30,0.15748031496062992,9.99394078289809,9.585490509805222,9.62855105194342,9.585629635768449,9.991062171534804,9.791430102126466,9.953892931950044,9.95562467564846,9.881376037959669,9.992110080161584,0.24390243902439027,0.5749293119698398,1.3941480206540449,2.5925925925925926,3.108201240523776,8.965445892820194,9.963829841390739,9.968132962769724,9.92115393195001,9.038329982356645,9.048606684489435,9.03330272125284,9.999258385802538,4.350282485875706,9.073288085079568,8.812682921037478,9.958808749021708,4.018535925549247,9.990325451801402,6.134518747584075,3.6102236421725244,2.2779922779922783,2.5037481259370313,1.3269731136166523,1.9419822723609992,1.6736053288925892,0.089197224975223,2.1875,2.2239502332814927,2.4924924924924925,9.999724364522406,8.848576264551117,8.921251348435815,10.19951933030839,9.9929778732787,9.527856468366384,9.90616496199681,9.977680066067004
2012-12-31,0.15748031496062992,9.993971907237116,9.585442395148018,9.629140644701902,9.586306753542248,9.991064407748945,9.794976237690312,9.954091609714235,9.955758536571238,9.898580121703855,9.992297738616058,0.24390243902439027,0.6716417910447761,1.5110356536502547,2.673992673992674,3.1647300068352697,8.982188295165395,9.96383430186579,9.968098462559183,9.92049397873268,9.039401259030425,9.048470892724609,9.033947098943138,9.999259719878003,4.41340782122905,9.075686487645626,8.819589618526777,9.95954528904891,4.021551055357479,9.990437302171689,6.431120628122769,3.48109517601043,2.2178988326848246,2.4981245311327833,1.6666666666666667,1.9678714859437751,1.7287014061207608,0.0695134061569017,2.2360248447204967,2.254066615027111,2.5093632958801497,9.99972537808572,8.850055254845005,8.79372738238842,10.202131447535,9.993146648025549,9.527186761229315,9.906907466021226,9.977942960495842
2013-01-31,0.13806706114398423,9.993996946486801,9.586228013191052,9.629824314619718,9.587167515037423,9.991120897854808,9.798337494303034,9.954240069408662,9.955867990568107,9.888641425389755,9.991835668332191,0.26290165530671866,0.8088235294117646,1.680532445923461,2.7536231884057973,3.211133740665309,9.044798930174801,9.963837257533333,9.968086335398572,9.92000505568048,9.040343940731642,9.050106862977916,9.035707742302536,9.999260754178588,4.444444444444445,9.07556002573641,8.816209407820594,9.959732624627527,4.0223563871122,9.990470472759846,5.881383855024712,3.311036789297659,2.199687987519501,2.5484351713859907,1.7423616845582162,2.0571882446386023,1.8896999188969992,0.0695134061569017,2.3547400611620795,2.199687987519501,2.6090169992609016,9.999727503358521,8.848544445032967,8.806682577565633,10.2043535479863,9.99280078327478,9.529411764705882,9.907321594068582,9.97794831084061
2013-02-28,0.1477832512315271,9.994009023290603,9.588370647534134,9.630613292750047,9.587746167069989,9.991150834033892,9.801312837474395,9.954322845419577,9.955923994069362,9.897119341563785,9.991844524005643,0.24390243902439027,0.7149489322191273,1.5895710681244741,2.805755395683453,3.265993265993266,9.05051272312951,9.963847327140225,9.968100917559177,9.919774375750047,9.04105481577599,9.053155831613234,9.036655267087326,9.999262308384603,4.350282485875706,9.079557524893367,8.819921147131051,9.959732624627527,4.015629040982771,9.99046283845002,6.079968639749118,3.3244325767690257,2.242048099301784,2.51497005988024,1.6736053288925892,2.0191540303272144,1.7898193760262728,0.09900990099009901,2.406985573272589,2.2299922299922303,2.598075499629904,9.999731289701947,8.852121050722475,8.858447488584474,10.205237993082491,9.992811960897066,9.533364442370509,9.906533320871109,9.977867292284538
2013-03-31,0.13806706114398423,9.994016331891562,9.587257823527954,9.631235802578399,9.588128207451584,9.991150520791852,9.804471794276493,9.954400496075543,9.955953466926942,9.901960784313726,9.991858069874045,0.24390243902439027,0.7149489322191273,1.5754001684919967,2.8212491026561377,3.265993265993266,9.029597282872391,9.963867870918556,9.968133415431568,9.919652631672186,9.041845964002022,9.052024874867284,9.037452714864617,9.999263080324244,4.285714285714286,9.082964226434473,8.818508769027916,9.959700169259289,4.003502755353489,9.990517192330305,5.594713656387665,3.270524899057874,2.2839506172839505,2.5205684367988033,1.6874480465502906,2.006394884092726,1.8300653594771243,0.089197224975223,2.4012158054711246,2.242048099301784,2.6308032424465733,9.999728976724523,8.85507282881736,8.871331828442438,10.205215023548536,9.992827530805755,9.532710280373832,9.907071833472726,9.97804851278674
2013-04-30,0.1477832512315271,9.994025815764402,9.586429939163844,9.631918550936952,9.588192659945971,9.991143466978416,9.807292068141525,9.95451711043564,9.955974347132587,9.881656804733728,9.991875797187403,0.21526418786692758,0.6367041198501873,1.452991452991453,2.716678805535324,3.145990404386566,9.020280199862839,9.963896088610552,9.968164454786043,9.919521053694748,9.042824051917224,9.051152375440028,9.037878714990812,9.999264089015792,4.318181818181818,9.0821014369702,8.814899088657398,9.960394471068161,3.99327246516098,9.99056648271308,5.7482993197278915,3.1271477663230236,2.20576773187841,2.4299772899318697,1.6177703269069572,1.8962722852512155,1.7081260364842454,0.05964214711729622,2.2660479505027067,2.20576773187841,2.537313432835821,9.999727557553467,8.852928187569182,8.842592592592593,10.204758589622834,9.992849430457136,9.531615925058547,9.90830735375023,9.978152105044678
2013-05-31,0.10880316518298715,9.994045039361078,9.586594072585813,9.632708080054947,9.588470592108512,9.991175120900843,9.809845023825803,9.954726067692373,9.956021390654184,9.893617021276595,9.991919779571587,0.2912621359223301,0.9502262443438915,1.7763157894736843,2.800575953923686,3.211133740665309,9.045801526717556,9.963931559355254,9.96818304951881,9.919257751194323,9.044206723770852,9.051782175401334,9.038895883591069,9.999265246142542,4.285714285714286,9.082891057545835,8.818103813033478,9.960493046776232,3.988920363226343,9.990591777213284,6.197718631178708,3.1600547195622437,2.1813917122752153,2.6144756277695715,1.8699186991869918,1.8099918099918098,1.5754001684919967,0.0398406374501992,2.372234935163997,2.1875,2.7588703837798696,9.999729371329598,8.852880817758322,8.941798941798943,10.204635339142296,9.992888888888888,9.532928538066324,9.908941904935348,9.978213982266182
2013-06-30,0.089197224975223,9.99407182990308,9.587535317288458,9.633427053816575,9.589069241832751,9.991192841541604,9.811790285161967,9.955010147806801,9.956148801850324,9.882214369846878,9.991938604411194,0.34749034749034746,1.235758106923751,2.012779552715655,2.9922915206727394,3.4167215273206057,9.054820415879016,9.963965486969768,9.968193194209713,9.918944630778302,9.045795547191354,9.053684479479148,9.04038998550989,9.999266211228436,4.285714285714286,9.084434377291775,8.820251097756353,9.960785851535235,3.9876549271675477,9.990632932735089,6.276991809381981,3.425378040762656,2.20576773187841,2.8876244665718347,2.125984251968504,1.659716430358632,1.4965986394557824,0.04975124378109454,2.537313432835821,2.242048099301784,3.0843706777316737,9.999730269191348,8.853836667140415,8.937300743889478,10.206322608119391,9.99290473183434,9.533364442370509,9.908642426457153,9.978280228491997
2013-07-31,0.089197224975223,9.994105107582376,9.58830794565665,9.634020033743353,9.589962276529441,9.991214660973768,9.81306524396855,9.955372264487167,9.956429217521032,9.887640449438202,9.991940033851858,0.3006789524733269,1.2126537785588751,2.0634920634920637,3.0264993026499303,3.472584856396867,9.127475787453102,9.963992290029141,9.968205438650486,9.91867538466543,9.047519263922887,9.054748941318815,9.041493736161565,9.999266867544959,4.219653179190751,9.081715392378422,8.811842131840374,9.960831929810817,3.984238705408169,9.990688579542809,5.735607675906183,3.2019034670292315,2.1135646687697163,2.841803865425913,2.1568627450980395,1.816693944353519,1.5754001684919967,0.0398406374501992,2.652461425422483,2.1507064364207222,3.0118798043326342,9.999731975341732,8.849679578246521,8.948475289169295,10.211834337075034,9.992898735975004,9.533582089552239,9.909222948438634,9.97831790290757
2013-08-31,0.07936507936507936,9.994140321593436,9.589248159831756,9.634849923318484,9.59072752275555,9.99124082476394,9.813515186439535,9.955781175434998,9.956877133280205,9.892125134843582,9.991969097085585,0.37536092396535137,1.3941480206540449,2.1752738654147104,3.12242090784044,3.5149156939040207,9.142146349832718,9.964012557457197,9.968225991374442,9.918548054371337,9.049168942895868,9.056016009968472,9.042429929810114,9.999268171306461,4.186046511627907,9.08667207965681,8.821049454617478,9.960859524834632,3.9744374938805938,9.990737052715431,6.297667530544243,3.2249322493224932,2.038216560509554,2.917847025495751,2.2239502332814927,1.7355371900826448,1.5110356536502547,0.0398406374501992,2.7325581395348837,2.1135646687697163,3.108201240523776,9.999731341679652,8.854961395023434,8.914223669923995,10.222325095089369,9.992921506586537,9.533146591970121,9.909321726514326,9.97838351959534
2013-09-30,0.07936507936507936,9.994169433386546,9.589396577209868,9.635463562760416,9.591336330200246,9.991270873523687,9.813525069407351,9.956175772444098,9.957322706030117,9.883720930232558,9.992008311356189,0.31945788964182,1.2203687445127305,2.088607594936709,3.169398907103825,3.535875888817065,9.140080832401754,9.96406429667222,9.968246930694077,9.918520573611403,9.050623286441677,9.05639012606628,9.043455802875373,9.99926916077732,4.186046511627907,9.09108261150144,8.822164508283128,9.961448012645052,3.9586219890638232,9.99078553328726,6.2406015037593985,3.2569116655428183,2.1568627450980395,2.872416250890948,2.1630094043887147,1.7965545529122229,1.4821124361158433,0.01996007984031936,2.7483683828861496,2.101105845181675,3.016759776536313,9.999731408066353,8.859624314634212,8.857142857142858,10.232784718816012,9.992953627824715,9.532491818606825,9.91048249932862,9.978496011010042
2013-10-31,0.089197224975223,9.994186728895022,9.589607213063623,9.635945304422536,9.591705080413684,9.991310392770247,9.813574394070175,9.956531963568569,9.957613468744173,9.893048128342246,9.991986280512236,0.3006789524733269,1.158267020335986,2.044550517104216,3.117687543014453,3.4683213585891575,9.095350099511489,9.96419952464129,9.968259177779393,9.918517275152494,9.051926012306,9.057519580030725,9.044917528628597,9.999270333968143,4.186046511627907,9.090112525783937,8.823754974046153,9.962042133232114,3.9364540383216107,9.99088198553883,5.7894736842105265,3.0362116991643457,2.0948616600790513,2.7641099855282194,2.1507064364207222,1.783073130649137,1.4821124361158433,0.04975124378109454,2.6900584795321643,2.1197793538219067,2.9078014184397163,9.999732092385262,8.857736833989183,8.798076923076923,10.235838488369625,9.992939000021183,9.529411764705882,9.911971830985916,9.97872838271894
2013-11-30,0.07936507936507936,9.994187413528087,9.590331831216714,9.637018323315038,9.59243394373143,9.991358824800173,9.814044673572832,9.956800826547965,9.95762619481766,9.90990990990991,9.992013162308517,0.27237354085603116,1.204925241864556,2.1568627450980395,3.1647300068352697,3.498049414824447,9.037165414981708,9.964437745695989,9.968255725539535,9.918478185521137,9.05298104849674,9.058788095551833,9.046347510967003,9.999271784564746,4.0828402366863905,9.092214651292414,8.823857348010025,9.961942456994976,3.9107541537216854,9.990883731106532,5.780590717299577,2.9922915206727394,2.0697858842188737,2.7953890489913547,2.1813917122752153,1.7695473251028804,1.4456800684345594,0.0695134061569017,2.7536231884057973,2.101105845181675,3.0020993701889434,9.999732452925093,8.859624314634212,8.824911868390128,10.226233264659168,9.992967453374217,9.526515151515152,9.91206472036581,9.97870482761558
2013-12-31,0.089197224975223,9.994182912408798,9.591368058875691,9.637980219239179,9.59309730264202,9.991381687810259,9.815056602181851,9.957056512799968,9.957517386141417,9.901185770750988,9.992039357416932,0.36608863198458574,1.4893617021276595,2.331288343558282,3.1600547195622437,3.498049414824447,9.07089101551612,9.964752987921617,9.968246100656561,9.918383881570376,9.05401137959238,9.060274024094573,9.04726517468393,9.99927207611172,4.0119760479041915,9.093989526518927,8.822569459571158,9.962587451831343,3.8844024533259054,9.990935789130198,5.7841483979763915,2.857142857142857,1.8896999188969992,2.826398852223816,2.2720247295208655,1.8300653594771243,1.4456800684345594,0.0695134061569017,2.800575953923686,1.9871794871794872,3.093922651933702,9.999734364001009,8.861115287021725,8.91891891891892,10.211320097597921,9.992995482085945,9.528301886792454,9.912990515966241,9.978774886445642
2014-01-31,0.0695134061569017,9.994188660938468,9.592315971429503,9.63884835964925,9.59343147897431,9.991370978876157,9.81660461789572,9.95736514916442,9.95751193277368,9.888641425389755,9.992092486280463,0.3288201160541586,1.2967798085291558,2.1073401736385162,3.0986887508626637,3.4167215273206057,9.044159816478686,9.965080019136149,9.968244492007138,9.918229505247622,9.055177626606199,9.06203688070985,9.048199192872916,9.999273049774281,3.9759036144578315,9.090825612169844,8.811813896787026,9.962897002077767,3.863901331533411,9.990975950909172,6.480112636395635,2.9627023223082336,1.9354838709677418,2.7325581395348837,2.125984251968504,1.7627677100494235,1.4675767918088738,0.0398406374501992,2.737835875090777,1.8896999188969992,3.016759776536313,9.99973197031303,8.856543032287794,8.903508771929824,10.19996480619411,9.993045510181373,9.532273152478952,9.914052428018909,9.978858350951374
2014-02-28,0.0695134061569017,9.99421228598403,9.592745991602422,9.639614964628208,9.593801409509108,9.991414024332654,9.818418206089438,9.957731830908276,9.957733443359164,9.89517819706499,9.992137437590912,0.31945788964182,1.311902693310165,2.101105845181675,3.0795847750865053,3.377483443708609,9.097635805811226,9.965340938234304,9.968261380547453,9.918055354537366,9.056467798040067,9.06244140258766,9.048606684489435,9.999273889050247,4.0119760479041915,9.097041818702252,8.822042413540858,9.963452963964622,3.854179864887868,9.991042556812584,5.833333333333334,2.7588703837798696,1.902834008097166,2.6686217008797657,2.101105845181675,1.783073130649137,1.5182357930449533,0.04975124378109454,2.679355783308931,1.9289749798224374,3.0410577592205983,9.999735704940996,8.863456841478369,8.90829694323144,10.19634343847292,9.993087430183046,9.53639313861845,9.914464117697374,9.978959328381762
2014-03-31,0.07936507936507936,9.994252513153814,9.593542198448958,9.640658744389784,9.594526102382158,9.991476522080069,9.820641992598878,9.958192203001937,9.958110017528856,9.89795918367347,9.99219268454542,0.421455938697318,1.474850809889173,2.1445404556166534,3.0458970792767732,3.3598937583001325,9.097472924187725,9.96555209203643,9.968310624327264,9.917952277329087,9.058069302828008,9.063801900482142,9.049881235154395,9.999275346565504,4.0119760479041915,9.105093361135099,8.831551839371095,9.963844095740834,3.851855231954914,9.99107756274704,5.812395309882747,2.737835875090777,1.8433931484502446,2.7060539752005837,2.101105845181675,1.7559769167353667,1.452991452991453,0.04975124378109454,2.657856093979442,1.8962722852512155,3.055555555555556,9.999738295940185,8.87260428410372,8.88888888888889,10.197734577372795,9.993134225883969,9.539170506912443,9.914879128362275,9.97898541587862
2014-04-30,0.089197224975223,9.994295007880876,9.594267815700212,9.641478114031472,9.595259681388422,9.991505483210586,9.822737151102398,9.958629956544907,9.958422862768838,9.905033238366572,9.99223602484472,0.40307101727447214,1.4456800684345594,2.1073401736385162,2.977528089887641,3.288590604026846,9.107700544302668,9.965642492266124,9.968398093014525,9.918098911944046,9.059646615197993,9.065306999915878,9.051350402701754,9.999276976024525,3.82716049382716,9.105763977132597,8.832002205179837,9.964131994261118,3.855229199950842,9.991123656343479,5.728321230243485,2.7060539752005837,1.7763157894736843,2.647058823529412,2.0634920634920637,1.7898193760262728,1.6387959866220736,0.029910269192422734,2.6035502958579886,1.7965545529122229,3.0216329378925333,9.999741191451037,8.872644955311646,8.937300743889478,10.201855455345536,9.993166831801565,9.541914796152083,9.915483434753211,9.97903036403288
2014-05-31,0.089197224975223,9.99433358377704,9.595007249370235,9.642493252060133,9.596006932521037,9.991537830130401,9.824658898837916,9.959023524129968,9.958555708118755,9.901671583087513,9.992273577179239,0.35679845708775315,1.3344887348353554,1.9871794871794872,2.9378531073446332,3.2249322493224932,9.10857550365484,9.965604436016385,9.968529929373751,9.918580478594428,9.061158652582947,9.066702754160172,9.052797090192662,9.999278030467114,3.865030674846626,9.109045681009842,8.835679439263219,9.964276783481585,3.8612177173905446,9.991170679592791,5.327102803738318,2.68471104608632,1.816693944353519,2.537313432835821,1.9807538091419405,1.816693944353519,1.6177703269069572,0.029910269192422734,2.5317401045556385,1.8032786885245904,2.917847025495751,9.999741431692717,8.875837360645988,8.911860718171926,10.206409516031064,9.993197047518622,9.541284403669724,9.915654520917679,9.979110526205845
2014-06-30,0.09900990099009901,9.994363628198684,9.595519979290623,9.643047092797048,9.596508995831938,9.991576606551716,9.826418411197059,9.959340753616221,9.958548203439424,9.8914223669924,9.992309467046066,0.448901623686724,1.3941480206540449,2.0191540303272144,2.982456140350877,3.243243243243243,9.136367561965628,9.965521963414215,9.968664083646658,9.919112558075664,9.062397184351584,9.067625148014507,9.053765068791279,9.999279762033376,3.788819875776398,9.111722246205721,8.839682397865944,9.964766401240222,3.8652881935506227,9.991219520761444,5.3639313861845155,2.6090169992609016,1.7898193760262728,2.5484351713859907,2.006394884092726,1.8433931484502446,1.6666666666666667,0.0398406374501992,2.5484351713859907,1.8032786885245904,2.927864214992928,9.999742080584342,8.87822580192833,8.91891891891892,10.2092243913401,9.99322956513497,9.541914796152083,9.916492693110648,9.979185313156965
2014-07-31,0.089197224975223,9.99438650947995,9.59595633096025,9.64399001748009,9.597090996998329,9.991606795138654,9.828336494802887,9.959605393164749,9.958492290565587,9.908675799086758,9.992335520264884,0.5033238366571701,1.4965986394557824,2.0508744038155804,2.9378531073446332,3.211133740665309,9.11964081345189,9.965499979472488,9.968767070747894,9.919396960298167,9.063337142428955,9.068823271968787,9.055249036354017,9.999281020375882,3.82716049382716,9.113439023222577,8.844938810633494,9.964936886395511,3.86314820497085,9.991264315602805,6.289424860853432,2.8774928774928776,1.783073130649137,2.6090169992609016,2.0571882446386023,1.8633034987794954,1.6457811194653298,0.029910269192422734,2.4981245311327833,1.7965545529122229,2.917847025495751,9.999742303242082,8.879376036577167,8.910675381263616,10.20861278754665,9.99325741179009,9.541284403669724,9.916991782186438,9.9792599966816
2014-08-31,0.089197224975223,9.994401242468092,9.595894285945203,9.644751379252769,9.597431613695377,9.991662289368584,9.83046889165569,9.959808146370225,9.958448235785475,9.899396378269618,9.992368276451554,0.4580152671755725,1.401547721410146,1.902834008097166,2.897727272727273,3.1926480599046974,9.06138539515675,9.965608947793154,9.968803054876393,9.919190485686672,9.063847391798541,9.068719209528865,9.055579166076404,9.999281954806236,3.788819875776398,9.112154428307358,8.840068667934858,9.964492419131485,3.8513626619568164,9.991285327105247,5.450409463148317,2.7745664739884393,1.8233851185609156,2.537313432835821,1.9743178170144462,1.7491749174917492,1.4965986394557824,0.029910269192422734,2.4242424242424243,1.850040749796251,2.9078014184397163,9.99974430045719,8.876790676464047,8.91891891891892,10.203626381388512,9.993290481877592,9.539170506912443,9.915519134915941,9.979307633414033
2014-09-30,0.089197224975223,9.994410941076351,9.595922045280975,9.64553839173679,9.598048121678874,9.991667638775477,9.832554663015957,9.959948155827314,9.958351311094415,9.903194578896418,9.992393701985243,0.54820415879017,1.5110356536502547,2.012779552715655,2.912827781715096,3.243243243243243,9.031101637438232,9.965730387073185,9.9687872057893,9.91872277536376,9.06394431420722,9.06901399271969,9.056719458934282,9.999283534182585,3.710691823899371,9.114587437589483,8.841105075843878,9.9650789216371,3.8332147597210517,9.991312129136512,6.199163816039529,3.055555555555556,1.8633034987794954,2.6632428466617752,2.1135646687697163,1.6457811194653298,1.3494809688581317,0.01996007984031936,2.458521870286576,1.850040749796251,2.9577464788732395,9.999743238177402,8.87883201203686,8.94291754756871,10.197238441909754,9.99331604416758,9.537892791127542,9.91768192295028,9.979381018165324
2014-10-31,0.089197224975223,9.994420290190664,9.59584528957685,9.646305662646341,9.598701397723032,9.991718220742545,9.834491068310502,9.960037293197987,9.9580926805514,9.907749077490774,9.992427627045487,0.47619047619047616,1.3941480206540449,1.902834008097166,2.8160919540229887,3.1926480599046974,8.940677966101694,9.965717839305114,9.96874270337482,9.9182820267038,9.063670411985019,9.068762571705282,9.057457397074348,9.999284764043658,3.6305732484076434,9.11473949881862,8.841113134012518,9.965160436191338,3.8114982362769974,9.991358675457773,5.838535164377861,3.006993006993007,1.9289749798224374,2.6362297496318114,2.0508744038155804,1.6107382550335572,1.3269731136166523,0.01996007984031936,2.331288343558282,1.9289749798224374,2.8469241773962803,9.999743867548785,8.878116312413194,8.968008255933952,10.192030356158702,9.99334783505292,9.531396438612934,9.918247220405494,9.979517430666503
2014-11-30,0.089197224975223,9.994431927905513,9.595113833745643,9.647186666478499,9.59913091582551,9.991731368706539,9.836009146377098,9.96007615516511,9.957632729433993,9.901088031651831,9.992461364493026,0.448901623686724,1.2967798085291558,1.7898193760262728,2.8160919540229887,3.2386747802569302,8.834362979368224,9.965472539930605,9.968697178075104,9.91814180276694,9.063152973304863,9.067955373703294,9.058211921153502,9.99928621393596,3.6708860759493667,9.119701261820211,8.849053346377394,9.965526751241036,3.7914702235012556,9.991379161709684,5.713673381911701,3.1833674164962504,2.012779552715655,2.647058823529412,1.9614147909967845,1.5182357930449533,1.2203687445127305,0.01996007984031936,2.331288343558282,1.9743178170144462,2.841803865425913,9.999744572810798,8.883420128808654,8.987854251012147,10.190138127546955,9.993379237288135,9.52584163110479,9.918613168389355,9.97962759238887
2014-12-31,0.11857707509881422,9.994447536027415,9.593911927618862,9.64788360440427,9.59933329059555,9.991739701472811,9.837353109987765,9.960092383379846,9.957087755744428,9.907663896583564,9.992500206244328,0.6279287722586693,1.4163090128755365,1.783073130649137,2.7483683828861496,3.215739484396201,8.556790301630826,9.965084641287104,9.968680433131194,9.918240679597327,9.062798501182048,9.066467513069455,9.058814671196904,9.999287627514674,3.5897435897435894,9.119835303582008,8.848309721763146,9.966001427940027,3.775650322158037,9.991439895224318,6.575342465753424,3.351063829787234,2.006394884092726,2.7588703837798696,2.0,1.4383561643835616,1.126885536823425,0.029910269192422734,2.20576773187841,2.0191540303272144,2.790194664744052,9.999742282654077,8.882852568936375,9.034749034749035,10.190937067320897,9.993412775263653,9.516908212560386,9.920704147173103,9.97983464408147
2015-01-31,0.10880316518298715,9.994467046253114,9.59141480794453,9.64882954888644,9.599697371212637,9.991719592272723,9.838675851388194,9.960114407832572,9.956692052341985,9.908675799086758,9.992506949804056,0.448901623686724,1.0554561717352415,1.4383561643835616,2.5705794947994054,3.0795847750865053,8.252359314924853,9.964732552841216,9.968729625396548,9.91844976260726,9.063161642090273,9.062388658653214,9.058504528593218,9.999288620777964,3.6305732484076434,9.113414656851576,8.843522860661851,9.9659806089471,3.768693918245264,9.99147833793503,6.771068776235066,3.4469200524246393,2.0697858842188737,2.6199261992619927,1.7423616845582162,1.4163090128755365,1.1426040744021257,0.029910269192422734,1.9743178170144462,2.044550517104216,2.679355783308931,9.999740476796031,8.874255460705324,9.074930619796485,10.193636335471078,9.993438664637027,9.504950495049505,9.921129426610932,9.980086028357496
2015-02-28,0.10880316518298715,9.994487767926003,9.592405703059402,9.649700493922303,9.600275010792576,9.991753665495686,9.840000067747868,9.96015960935681,9.956604209176856,9.888392857142858,9.99254738003145,0.5926622765757291,1.3043478260869565,1.6666666666666667,2.652461425422483,3.108201240523776,8.349290194783757,9.96456752226526,9.968847876007391,9.918631805356378,9.064398117413344,9.063889538965597,9.059478574921936,9.999289979480407,3.5483870967741935,9.108230497446863,8.836938822982088,9.966814893475807,3.7719051954593636,9.991570144824912,5.715509854327335,3.0843706777316737,1.9743178170144462,2.6035502958579886,1.9935948759007205,1.5469146238377007,1.2967798085291558,0.01996007984031936,2.044550517104216,2.0191540303272144,2.7536231884057973,9.999740117311045,8.867383009159473,9.05123339658444,10.196889426825638,9.993473990589495,9.502734957732471,9.922414461944292,9.980214083615284
2015-03-31,0.10880316518298715,9.994511587216824,9.593456272156633,9.650664784914309,9.601204362824271,9.991793929148784,9.84168503490267,9.960235485269866,9.956678673344417,9.896907216494846,9.99254165485762,0.5303030303030303,1.204925241864556,1.6247906197654942,2.6686217008797657,3.12242090784044,8.27049463853338,9.964523094848591,9.9690202467946,9.918783375000253,9.066311943479375,9.06549043062201,9.060768291537523,9.999290453045731,3.5064935064935066,9.105440798519327,8.841694369476329,9.96680387730713,3.780966229648086,9.99159084411107,6.045867931988928,3.2523616734143053,2.0318725099601593,2.5760950259836677,1.9419822723609992,1.4965986394557824,1.311902693310165,0.029910269192422734,2.0823436262866193,2.0,2.6953981008035064,9.999744080583906,8.863589874131213,9.029126213592232,10.199838679991476,9.993474373866173,9.503722084367247,9.921875,9.980181929883667
2015-04-30,0.11857707509881422,9.994532466867843,9.593862449334342,9.651571586359724,9.602142067110677,9.991816091201478,9.84358160582252,9.960326040598362,9.956718219595306,9.916666666666666,9.992564779359828,0.54820415879017,1.2510936132983377,1.701244813278008,2.6035502958579886,3.093922651933702,8.448409619860357,9.964538604693386,9.969174496087781,9.918856657851794,9.068050921697639,9.06624087250453,9.062335908784037,9.999291844885704,3.5064935064935066,9.100925597097786,8.84250015336873,9.966785133025542,3.7884340642275918,9.991623668163239,5.9266802443991855,3.145990404386566,2.0634920634920637,2.6090169992609016,2.006394884092726,1.6247906197654942,1.4675767918088738,0.01996007984031936,2.0571882446386023,2.025518341307815,2.6900584795321643,9.999744412865235,8.857729005344686,9.055712936732768,10.200189379152679,9.993499528715832,9.502239920358388,9.92185057830572,9.980227385071675
2015-05-31,0.11857707509881422,9.994549270678576,9.59514333950065,9.652202946536637,9.602682686500748,9.991860256890293,9.845785526651909,9.960423669942811,9.956564301810781,9.908172635445363,9.992595225401338,0.5749293119698398,1.2967798085291558,1.7491749174917492,2.8469241773962803,3.2840832773673605,8.556373610509599,9.9645403319079,9.969278133923654,9.918849601290171,9.069199173623023,9.068268003391506,9.063372234606522,9.999293530862104,3.5897435897435894,9.097208116099036,8.84359775241659,9.966659998666401,3.789303353716218,9.991639564922957,5.805369127516779,3.141289437585734,2.138364779874214,2.657856093979442,2.0823436262866193,1.5254237288135595,1.3569576490924806,0.01996007984031936,2.2839506172839505,2.1197793538219067,2.790194664744052,9.99974636670302,8.85297555346797,9.00695134061569,10.196907971458046,9.99352863900807,9.508357915437562,9.921060940953584,9.98021369212505
2015-06-30,0.12833168805528136,9.99456089057937,9.596215733857713,9.653119840157622,9.603275358639076,9.99188173308762,9.847861655134048,9.960492799789927,9.956281008509693,9.91769547325103,9.992614093786237,0.6015037593984962,1.401547721410146,1.902834008097166,2.9527836504580693,3.3906146728354263,8.567745631624176,9.96450035478395,9.969331885977242,9.91882349852907,9.069778756004414,9.069905874474497,9.064388765180293,9.99929430859885,3.464052287581699,9.094685077150936,8.840555513042592,9.96691918356545,3.7846236358509326,9.991675407488804,6.457669146298264,3.3333333333333335,2.20576773187841,2.7953890489913547,2.199687987519501,1.5754001684919967,1.3867355727820845,0.01996007984031936,2.372234935163997,2.1691464369616287,2.867332382310984,9.99974661862556,8.849819824275473,9.057492931196984,10.192457957455348,9.993543805281167,9.51171875,9.921752738654147,9.98023520110683
2015-07-31,0.12833168805528136,9.994568649178513,9.596829466927922,9.65437270373865,9.604062320590739,9.991919126619205,9.849608229437685,9.960503641761711,9.955961182424636,9.913494809688581,9.992637585127921,0.6279287722586693,1.3344887348353554,1.8032786885245904,2.932862190812721,3.4210526315789473,8.357963875205254,9.964397683570883,9.96935855818534,9.918857382111948,9.0700788573129,9.070675154500256,9.065228364710501,9.99929576968852,3.4210526315789473,9.09982329531287,8.848653154460086,9.967132292522596,3.7768373887609683,9.991713897451195,5.479204339963834,3.4895833333333335,2.2720247295208655,2.810927390366643,2.1752738654147104,1.4821124361158433,1.1971830985915493,0.029910269192422734,2.348890589135425,2.2360248447204967,2.8469241773962803,9.999748746243755,8.856236996844359,9.030067895247333,10.18936453050852,9.993560269438326,9.509563511525258,9.92216687422167,9.980285077775369
2015-08-31,0.13806706114398423,9.994572893512888,9.59682784145658,9.655078452406,9.604456978763295,9.991939514113911,9.850766954520576,9.960430660988989,9.955701653776213,9.912280701754385,9.992653972731546,0.6890130353817504,1.3344887348353554,1.8099918099918098,2.8774928774928776,3.4167215273206057,8.10856818611689,9.964219889413622,9.969373107182836,9.919005712038617,9.070264904867717,9.070735605694534,9.065909430578388,9.99929646827072,3.377483443708609,9.098420884178639,8.845750746799267,9.967177601995603,3.768385411941987,9.991744747595659,7.397866250325267,3.6305732484076434,2.3954372623574143,2.9078014184397163,2.20576773187841,1.401547721410146,1.119005328596803,0.0695134061569017,2.2239502332814927,2.3195084485407067,2.7745664739884393,9.999748568095303,8.854629587208503,9.01864573110893,10.189599251122518,9.993573471289483,9.504705299653294,9.921734366439695,9.98036674912632
2015-09-30,0.13806706114398423,9.99457542961425,9.59595633096025,9.656046530025419,9.605236147736424,9.991933141879901,9.85165865019758,9.96030720505863,9.955475980402671,9.918962722852513,9.99266297369676,0.6015037593984962,1.204925241864556,1.7081260364842454,2.892679459843639,3.48109517601043,8.197548666186012,9.963988870954868,9.96938470865347,9.919198740936467,9.070279169230478,9.069568372768128,9.067129370498899,9.9992971358285,3.3333333333333335,9.096110563755841,8.843172345340818,9.967289261064408,3.760018440380055,9.991786582561273,7.101449275362318,3.983152827918171,2.475545522949586,2.917847025495751,2.1135646687697163,1.235758106923751,0.9665763324299911,0.01996007984031936,2.2779922779922783,2.406985573272589,2.7849927849927845,9.999747241775879,8.851945779695283,8.97119341563786,10.191960451852808,9.99358172074067,9.497739829231541,9.922600619195046,9.98050796249732
2015-10-31,0.11857707509881422,9.994578516819907,9.596339607561367,9.656863249710907,9.605939283124744,9.99193866939677,9.852791803447616,9.960166027995315,9.955202732274953,9.906367041198502,9.992675924298354,0.6976744186046512,1.3194444444444446,1.7763157894736843,2.831541218637993,3.48109517601043,8.221273568125222,9.963709169640397,9.969401574350197,9.919360301398937,9.070001022998873,9.069568372768128,9.06740776662812,9.999298708220543,3.3333333333333335,9.092198993611804,8.841847299882794,9.966872059895316,3.7511716553146286,9.991797496595963,6.011168727562824,3.710691823899371,2.4184988627748294,2.892679459843639,2.125984251968504,1.3269731136166523,1.0714285714285714,0.01996007984031936,2.242048099301784,2.4642049736247174,2.7325581395348837,9.999746277252996,8.84728882331243,9.0,10.194841379632841,9.99359713151492,9.49367088607595,9.92205160183958,9.980552692479726
2015-11-30,0.11857707509881422,9.994583738346615,9.596801832132474,9.657685474567742,9.60667240924949,9.991957018305825,9.854364682345592,9.960052776065842,9.95486451359913,9.915397631133672,9.99267860542076,0.8592321755027421,1.4163090128755365,1.8099918099918098,2.8876244665718347,3.5316946959896507,8.093058733790999,9.963424361531478,9.96942828762917,9.919416526330323,9.069445192877405,9.070096152057877,9.068311407595125,9.999299817952668,3.377483443708609,9.086228921585649,8.83921637819259,9.967632302961645,3.7422350773989157,9.991865752377233,6.172981247608113,3.902439024390244,2.4242424242424243,2.9428369795342273,2.1935987509758,1.371872303710095,1.1504424778761064,0.12833168805528136,2.3254029163468917,2.4242424242424243,2.831541218637993,9.999747370761197,8.840065977047226,9.012833168805528,10.196653491914686,9.993600163835806,9.489013796627491,9.923400995787054,9.980670352186184
2015-12-31,0.234375,9.99459239328026,9.596385226084816,9.658445448614826,9.607145242332457,9.991975605841759,9.856185201551106,9.959983169525593,9.95453824251288,9.913494809688581,9.992707224223684,0.9584086799276672,1.4965986394557824,1.850040749796251,2.841803865425913,3.5316946959896507,7.880906971816064,9.96316801095762,9.969466435663728,9.919393181585075,9.069060280239189,9.06938653960691,9.068866624455287,9.999301153795084,3.3333333333333335,9.082123342429492,8.836218735016317,9.967688778312707,3.7316723232505122,9.991902834008098,6.455157745480326,4.100294985250738,2.4414210128495846,3.0651872399445215,2.2239502332814927,1.3344887348353554,1.158267020335986,0.22482893450635388,2.289899768696993,2.435703479576399,2.8622412562455386,9.999748004193211,8.835109790902207,9.025341130604287,10.19787082417602,9.993621798142668,9.483204134366924,9.923989054423837,9.980785858391776
2016-01-31,0.3288201160541586,9.994605073291968,9.596207581606448,9.65953274273613,9.607773920888,9.991992312620116,9.857785463683385,9.959981367324627,9.954378667099766,9.909255898366606,9.99274163110066,0.7063197026022304,1.1738746690203001,1.6247906197654942,2.857142857142857,3.527508090614887,7.600767754318618,9.96301281347103,9.969513505669422,9.919332004462554,9.069490452972047,9.069732827267991,9.070346853588926,9.999301705235814,3.243243243243243,9.086249795548392,8.839663548842623,9.967950772386386,3.7185929648241203,9.991970322311262,6.688741721854305,4.372537985368599,2.5816023738872405,3.0747922437673134,2.1197793538219067,1.235758106923751,1.0634495084897229,0.253411306042885,2.2239502332814927,2.51497005988024,2.7483683828861496,9.999746395648149,8.840261034046456,9.019607843137255,10.19932945571099,9.99363280379485,9.48078920041537,9.924006383463789,9.980993651879727
2016-02-29,0.36608863198458574,9.994620773363879,9.595691690655626,9.660443732130851,9.608625885483935,9.992041068088662,9.858818799896191,9.960051695233032,9.954476702276207,9.919028340080972,9.992745106574384,0.7235621521335807,1.0873440285204992,1.4821124361158433,2.836676217765043,3.48109517601043,7.51984126984127,9.963000403082741,9.969564314529897,9.919280532578318,9.070979019237956,9.069291265298526,9.071805153337788,9.999302752037707,3.288590604026846,9.081921941331139,8.83557640132558,9.96805622105095,3.703550213350099,9.992033332536666,6.726677577741407,4.366197183098592,2.6199261992619927,3.031358885017421,2.0318725099601593,1.2434325744308232,1.0952804986642921,0.3006789524733269,2.076069730586371,2.625368731563422,2.657856093979442,9.999748590219658,8.834903495056496,9.016715830875123,10.2015906578255,9.99363296595547,9.477260846837428,9.924783753290711,9.981119607287832
2016-03-31,0.34749034749034746,9.994639914039288,9.596904224443728,9.661157080800484,9.609242203405064,9.992029967322866,9.859524931237582,9.960184524935839,9.95478837657229,9.910793933987511,9.992762015055009,0.6803355079217148,1.079393398751115,1.5110356536502547,2.7641099855282194,3.3906146728354263,7.896950578338591,9.963098421763368,9.969625888552384,9.91927337745968,9.073144524372761,9.071262061983969,9.073009751937409,9.999303989532002,3.3333333333333335,9.07547370416083,8.834087096025753,9.968347418731998,3.6863939895397966,9.992072237769445,5.824634655532359,4.134897360703812,2.3780487804878048,2.7849927849927845,1.9807538091419405,1.3941480206540449,1.2967798085291558,0.2912621359223301,2.1135646687697163,2.4471299093655587,2.7060539752005837,9.999747813543422,8.826856997387411,9.00990099009901,10.204879996252908,9.993647405600447,9.47943779281624,9.925054335606685,9.981154121593606
2016-04-30,0.35679845708775315,9.994658605291336,9.598380670864927,9.661994301223919,9.61021395356089,9.992077011448718,9.859993783723999,9.960343315846059,9.955195847909618,9.914748508098892,9.992770701097408,0.7149489322191273,1.1347517730496453,1.5469146238377007,2.657856093979442,3.2386747802569302,8.029556650246304,9.963252938111333,9.969692983865151,9.919353733075372,9.074999074999075,9.074014056466623,9.075076074992833,9.999304908734517,3.377483443708609,9.078149846742411,8.832119516217189,9.968762690157124,3.6712866274286435,9.992122200426978,6.108949416342413,3.8309685379395435,2.2239502332814927,2.679355783308931,1.9935948759007205,1.4602903501280955,1.3793103448275863,0.22482893450635388,2.076069730586371,2.295839753466872,2.679355783308931,9.999748735511462,8.830000198899967,8.98989898989899,10.20860713019171,9.993658403566515,9.4824016563147,9.925816023738872,9.981206540124036
2016-05-31,0.35679845708775315,9.994676436607957,9.599289941776828,9.663135200687204,9.611102252884649,9.992102790084264,9.860425899369945,9.960514832647384,9.955626969506952,9.91364421416235,9.992777019364812,0.8003679852805888,1.204925241864556,1.5540540540540542,2.673992673992674,3.188010899182561,8.236642567448422,9.96342992825031,9.969769590143295,9.91955096370093,9.076069353703984,9.075383946816086,9.076502530383067,9.999305126084872,3.243243243243243,9.076254285025435,8.830777217460238,9.969234555746985,3.6593509020157082,9.992171721125393,5.866060355518809,3.7382592360676266,2.2118380062305296,2.7007299270072993,2.038216560509554,1.3344887348353554,1.2816041848299913,0.27237354085603116,2.0823436262866193,2.2299922299922303,2.6686217008797657,9.99974974787098,8.82743749362419,9.044890162368672,10.212379471893104,9.99366575453532,9.487967229902713,9.926524614254225,9.981266040952434
2016-06-30,0.36608863198458574,9.994692769680126,9.600354884862242,9.664225586681845,9.611710802205483,9.992151445703701,9.86091430624709,9.960678966143423,9.955964001753674,9.917559769167354,9.992794402692011,0.54820415879017,0.9173478655767484,1.2967798085291558,2.5925925925925926,3.117687543014453,8.298162014976175,9.963605094121819,9.96984715580502,9.919808796818812,9.076618036149767,9.076852065543504,9.077371616260402,9.999306335927637,3.288590604026846,9.080303315966395,8.83260624158747,9.96928086505084,3.651107777387641,9.992212626447479,6.098322278579789,3.8309685379395435,2.260061919504644,2.5595238095238098,1.8962722852512155,1.2280701754385965,1.2126537785588751,0.26290165530671866,1.9678714859437751,2.242048099301784,2.5816023738872405,9.999752731085163,8.832161796976,9.033816425120774,10.214239241950118,9.993683439241003,9.493927125506074,9.926459773496102,9.98130980861244
2016-07-31,0.37536092396535137,9.994709733386962,9.600161534739964,9.665018557971889,9.612146034774986,9.992167122279055,9.861604912472027,9.96084081045425,9.956140350877194,9.919935948759006,9.992823721904871,0.6279287722586693,0.9338168631006347,1.2739965095986039,2.4698795180722892,2.967651195499297,8.17017383348582,9.96378424245146,9.969926358674487,9.920083049694759,9.077252426826117,9.076996917169703,9.078587290033079,9.999308078187164,3.243243243243243,9.081264033691886,8.83264848711244,9.969346779879226,3.6451448906964923,9.992241446194429,5.427526291723822,3.6265137029955388,2.1321793863099923,2.4642049736247174,1.8566775244299674,1.2967798085291558,1.158267020335986,0.2912621359223301,1.8233851185609156,2.138364779874214,2.5816023738872405,9.999752211512254,8.833024473810735,9.0,10.212211048131588,9.99371128509889,9.49418310571573,9.926475994412176,9.981407109921166
2016-08-31,0.38461538461538464,9.99472756995764,9.60087010317508,9.665961846162068,9.61303753922832,9.992186340159869,9.862564311873564,9.960990896182212,9.956104056592462,9.91532599491956,9.992842060055116,0.7407407407407407,1.0634495084897229,1.364421416234888,2.4924924924924925,2.977528089887641,8.172514619883042,9.963961715480439,9.970000601033561,9.920311577811107,9.078394794539863,9.078162593681727,9.080062187796106,9.999308790798624,3.288590604026846,9.080398040512145,8.828419725662762,9.969831357287235,3.6408350988093128,9.992296077162491,5.730145175064048,3.377483443708609,2.0697858842188737,2.458521870286576,1.9419822723609992,1.2816041848299913,1.126885536823425,0.2912621359223301,1.8433931484502446,2.1135646687697163,2.5539836187639615,9.999752223791472,8.831610543079105,8.997995991983966,10.205460302391812,9.993726985879446,9.491353001017293,9.92791234140715,9.981496900730871
2016-09-30,0.38461538461538464,9.994745477997741,9.601872790393987,9.667076162986193,9.613663933982894,9.992221893813294,9.863708549317673,9.961128368678224,9.956023690183494,9.907235621521336,9.992871908190176,0.7149489322191273,1.0233393177737882,1.3793103448275863,2.5428784489187177,3.0118798043326342,8.187749184487133,9.96415413169344,9.970065770168981,9.920465849539326,9.079886212475131,9.079748955515065,9.081169487476341,9.99931020686896,3.3333333333333335,9.07965748532974,8.83033274694015,9.969945601538786,3.637135295844483,9.992334521482503,5.706311721769,3.31997327989312,2.1197793538219067,2.4812030075187965,1.9807538091419405,1.3793103448275863,1.2663755458515282,0.2818270165208941,1.902834008097166,2.1135646687697163,2.5484351713859907,9.9997536879078,8.830377893206485,9.011857707509881,10.197718254394601,9.99375355266692,9.492127983748095,9.92802648625306,9.981537893473647
2016-10-31,0.38461538461538464,9.994764227674628,9.602766335241379,9.668190777030839,9.614111182286159,9.992234216044109,9.865044137314891,9.961267647912074,9.956108375443689,9.924414210128495,9.992899593146687,0.7918968692449355,1.158267020335986,1.5540540540540542,2.598075499629904,3.0458970792767732,8.327199732351957,9.964401979961876,9.970124684628702,9.920539126136985,9.081591418390213,9.08145644266451,9.08224043465093,9.999310720366145,3.288590604026846,9.080237335557932,8.831753864558216,9.970137665362678,3.632601082457816,9.992372234935164,6.30450849963045,3.2930918846411803,2.0697858842188737,2.5428784489187177,2.088607594936709,1.474850809889173,1.371872303710095,0.31945788964182,2.0,2.076069730586371,2.5760950259836677,9.999754305791013,8.830844200636488,8.97119341563786,10.192010076688824,9.993776992295915,9.491611591255719,9.928109273903667,9.981593285230453
2016-11-30,0.39385206532180594,9.994782168975124,9.60321554125368,9.669122877836859,9.614615328289933,9.992249864372626,9.866412762202085,9.96140525403794,9.956484156520544,9.91304347826087,9.992920905274632,0.9990999099909992,1.5469146238377007,1.9159256265157638,2.7849927849927845,3.2019034670292315,8.203377650017966,9.964701034424914,9.97017319082332,9.920527770661941,9.083195589808254,9.081734786641077,9.082610889408743,9.999311285279411,3.197278911564626,9.07701651125163,8.831262330182417,9.970280551592962,3.62654198839958,9.992415508767671,5.713673381911701,3.1833674164962504,1.9678714859437751,2.779783393501805,2.3371647509578546,1.6247906197654942,1.5038232795242141,0.430622009569378,2.2239502332814927,2.044550517104216,2.872416250890948,9.999753607190728,8.826716601608103,9.03660886319846,10.190501369727919,9.993795602322926,9.490575649516046,9.928366762177651,9.981670210425984
2016-12-31,0.5123339658444023,9.994799855671172,9.604175160408015,9.670038869421182,9.615266235764851,9.992317089098718,9.867799288104397,9.96155858048715,9.95700972399644,9.920760697305864,9.992952833313367,1.0714285714285714,1.6177703269069572,1.9678714859437751,2.8876244665718347,3.2569116655428183,8.386315959335162,9.96502740604238,9.970218840429316,9.9205078613189,9.084667616919416,9.083166011130364,9.083577712609971,9.999312336679962,3.197278911564626,9.082910402180472,8.83215361384225,9.970118033766623,3.6182506917740995,9.992431123221314,5.840266222961731,2.967651195499297,1.8566775244299674,2.7536231884057973,2.3371647509578546,1.6317991631799162,1.5540540540540542,0.48525214081826834,2.372234935163997,1.8962722852512155,3.016759776536313,9.999757544605732,8.833985135642509,9.075785582255083,10.191104316424731,9.993824301374094,9.495459132189707,9.927985020884345,9.981669538438977
2017-01-31,0.6103286384976526,9.994815989396416,9.605706219590093,9.670802484782845,9.616074205177624,9.992351055936728,9.869048757076278,9.96173197997205,9.957441882634926,9.916666666666666,9.993009046294095,1.0634495084897229,1.596638655462185,1.9678714859437751,2.8160919540229887,3.178717598908595,8.4,9.96531568965589,9.970265493461977,9.920577559983798,9.085831299307973,9.086349142538669,9.085797869909037,9.999313403732337,3.197278911564626,9.081015808366065,8.834581690579109,9.970533635854672,3.6077729480951164,9.992470673272397,5.452478399272397,2.857142857142857,1.8233851185609156,2.7325581395348837,2.366412213740458,1.701244813278008,1.6247906197654942,0.49429657794676807,2.3195084485407067,1.8233851185609156,2.9527836504580693,9.999759424543509,8.831768877154657,9.078341013824884,10.191051163501585,9.993866272472443,9.50174389636273,9.928714000570288,9.981693698971187
2017-02-28,0.6191369606003753,9.994828997327199,9.606308512397344,9.6716391445543,9.616855301573192,9.992365479753254,9.86998596298854,9.961908189915404,9.957614643921662,9.921935987509759,9.993039313954784,1.0873440285204992,1.5895710681244741,1.9093851132686084,2.831541218637993,3.169398907103825,8.424452497242791,9.965506047496175,9.97031195694519,9.920770823073633,9.086569871743931,9.087474677422298,9.087266454303995,9.999314401678346,3.150684931506849,9.077793639727174,8.834267861930686,9.970688240121937,3.5965718275729066,9.992512223794655,5.636998254799303,2.7219796215429404,1.7965545529122229,2.679355783308931,2.3254029163468917,1.680532445923461,1.5895710681244741,0.5033238366571701,2.3254029163468917,1.816693944353519,2.9378531073446332,9.99975936839015,8.828087462176523,9.059266227657574,10.188767044182788,9.993892570311784,9.503968253968253,9.928810422154196,9.98175315670389
2017-03-31,0.7321594068582021,9.994843093017524,9.606131741055252,9.672144046791601,9.61677601324422,9.992395379432542,9.870791959135751,9.96210384299026,9.957638516996939,9.916666666666666,9.993064465790479,1.126885536823425,1.6177703269069572,1.9354838709677418,2.8622412562455386,3.188010899182561,8.314512051238834,9.965632847779919,9.970366215492374,9.921044833068793,9.087252946479236,9.08704980143333,9.086916425460423,9.999315002808489,3.055555555555556,9.082982727062646,8.831614638466517,9.970982531483953,3.583667011641706,9.992550877506629,5.529727313366115,2.8160919540229887,1.8300653594771243,2.716678805535324,2.348890589135425,1.6457811194653298,1.5038232795242141,0.6976744186046512,2.3547400611620795,1.8032786885245904,2.927864214992928,9.999758965867157,8.834965934403924,9.064546304957904,10.185487395681623,9.993911757006046,9.503722084367247,9.92982948565013,9.981854802126618
2017-04-30,0.8256880733944953,9.994858253092517,9.606598136061969,9.672925777046585,9.617191178553519,9.992412286026466,9.871334976814563,9.96226741160858,9.957621390348951,9.913494809688581,9.993093350277647,1.1347517730496453,1.5325994919559696,1.8633034987794954,2.790194664744052,3.1365820178448867,8.362266622993777,9.965673250537213,9.970418087091518,9.921250851475168,9.088057197052601,9.088630667578036,9.088614055394038,9.99931592592846,3.055555555555556,9.091252762591601,8.844308740608565,9.971228817216675,3.5724386167887903,9.992580116195379,5.196926032660904,2.7588703837798696,1.8566775244299674,2.6632428466617752,2.3017705927636647,1.6107382550335572,1.5325994919559696,0.7493061979648474,2.2720247295208655,1.850040749796251,2.872416250890948,9.999759974845363,8.845802703822585,9.065420560747665,10.183992978827927,9.993934247240084,9.507389162561577,9.929725931131411,9.981914200969399
2017-05-31,0.8340971585701192,9.994877079737693,9.606305412513189,9.673694205788012,9.617488429024977,9.992413840189958,9.871696856651134,9.96239518689808,9.957681441167075,9.914310197086547,9.993138277433166,1.1347517730496453,1.4893617021276595,1.8099918099918098,2.779783393501805,3.1271477663230236,8.29001367989056,9.96565077892057,9.970472306534026,9.921325800779131,9.089255934946793,9.088273372112107,9.089278070726666,9.999316935224968,3.055555555555556,9.091965712625308,8.843901232170067,9.971579605524925,3.5637290143653906,9.992616493277318,5.100440960313572,2.7219796215429404,1.8233851185609156,2.6090169992609016,2.248062015503876,1.5325994919559696,1.4675767918088738,0.8256880733944953,2.2839506172839505,1.8367346938775508,2.831541218637993,9.999758607454684,8.847448250426444,9.066293183940243,10.18578909042564,9.993969800762217,9.506903353057199,9.931082012405238,9.98200565022583
2017-06-30,0.9420289855072463,9.994898682770367,9.606551701073721,9.674495060462542,9.617950226555516,9.992444390715669,9.87209317691247,9.962511902798074,9.957869785538115,9.920571882446385,9.993147822035235,1.2126537785588751,1.5895710681244741,1.8765231519090169,2.6900584795321643,3.0410577592205983,8.187749184487133,9.965661639733543,9.970544819402342,9.921370560898,9.090701072050988,9.088971083942203,9.090388131384337,9.999317862453786,3.006993006993007,9.093685708329936,8.84585732026536,9.971649703739404,3.55844507528706,9.992632703429477,5.278564683663834,2.737835875090777,1.7287014061207608,2.6308032424465733,2.254066615027111,1.474850809889173,1.401547721410146,0.9090909090909091,2.1875,1.7898193760262728,2.7953890489913547,9.999759768416753,8.85047693711879,9.047619047619047,10.189178410519817,9.993980979896472,9.508840864440078,9.931214747558123,9.98202570324436
2017-07-31,1.0313901345291479,9.994924526439284,9.606675503357025,9.674982774087027,9.618298757562455,9.992466078518529,9.87284277772409,9.962670618603845,9.958238046476042,9.917763157894738,9.993169725491267,1.1816578483245153,1.5540540540540542,1.8699186991869918,2.7007299270072993,3.050729673384294,8.234151509800459,9.965823906997281,9.970664903431796,9.921542905831089,9.092344836349774,9.089278070726666,9.090991728024724,9.999318717553923,3.006993006993007,9.091623405231342,8.843263339197987,9.971947148427638,3.5562858431599973,9.992662543015841,5.064165844027641,2.652461425422483,1.7081260364842454,2.5816023738872405,2.2360248447204967,1.5397631133671743,1.43101970865467,0.982867448151488,2.2360248447204967,1.7149958574979285,2.8160919540229887,9.999759853798992,8.848960611432124,9.032882011605416,10.191755289569663,9.994003322159523,9.508599508599508,9.931619256017505,9.982103869143492
2017-08-31,1.0394265232974909,9.994953541934992,9.608124365651317,9.67627482972056,9.61909840592683,9.992483802594592,9.874081479685936,9.96290226515362,9.958782227059183,9.914456800684345,9.99319334308954,1.1738746690203001,1.452991452991453,1.7491749174917492,2.6632428466617752,3.0118798043326342,8.277050310130944,9.966208223383024,9.970843484462394,9.921951998106211,9.094019691142835,9.09113217664755,9.091883252510943,9.999319343574943,3.055555555555556,9.087860055841208,8.842367497383751,9.972214504028898,3.5573318260765157,9.992694971218187,5.143273433705682,2.779783393501805,1.7627677100494235,2.5595238095238098,2.1813917122752153,1.4965986394557824,1.364421416234888,0.9338168631006347,2.1875,1.7355371900826448,2.7641099855282194,9.99976011763831,8.845450903376939,9.063670411985019,10.191145384265354,9.994027604412405,9.509322865554465,9.932102118413905,9.982111872350321
2017-09-30,1.0313901345291479,9.994982728607381,9.610037631368574,9.67711834581271,9.619499870629955,9.99255248635243,9.875364240904585,9.963188919256922,9.959348881558263,9.916036943744754,9.993231398190076,1.2816041848299913,1.6107382550335572,1.8896999188969992,2.6632428466617752,3.006993006993007,8.328318288197927,9.966686392278689,9.971041769752441,9.922502896421571,9.095641111860523,9.094202898550725,9.09288824383164,9.99931976953792,3.006993006993007,9.088823324665006,8.844267334834246,9.972070939812875,3.560526473839752,9.992715140124279,4.874423372629421,2.625368731563422,1.6666666666666667,2.598075499629904,2.2299922299922303,1.5540540540540542,1.4383561643835616,0.9502262443438915,2.1752738654147104,1.7355371900826448,2.769342010122921,9.999765404700351,8.847801490023112,9.048525214081826,10.18803374341875,9.99406595102036,9.51171875,9.931455205977105,9.982080137624543
2017-10-31,1.0313901345291479,9.995011744349105,9.610327870130073,9.678264170854595,9.62053080151484,9.992569199331228,9.876280496857524,9.963532504208349,9.959824949268954,9.921073401736384,9.99325977501129,1.3793103448275863,1.6736053288925892,1.922455573505654,2.647058823529412,3.016759776536313,8.376096135108803,9.967148531999301,9.971232434164707,9.923117729820325,9.09730998375158,9.095276438284282,9.094907952138733,9.99932044904727,2.9577464788732395,9.099012247126526,8.856447577269838,9.972307607100328,3.564993564993565,9.992745580244765,5.044598612487611,2.598075499629904,1.6036943744752308,2.598075499629904,2.242048099301784,1.5824915824915824,1.5182357930449533,0.982867448151488,2.2360248447204967,1.6387959866220736,2.826398852223816,9.999765572436946,8.861496494547707,9.096657633243,10.183520922302748,9.994097091046468,9.511957052220595,9.932106728223232,9.982136796413068
2017-11-30,1.0394265232974909,9.995037103765297,9.61132445080145,9.67890055550204,9.620947933408134,9.992620252977728,9.876484773029093,9.963890219842016,9.960090124782502,9.922057677318783,9.99327966021962,1.5110356536502547,1.7627677100494235,1.9484702093397746,2.6308032424465733,2.9922915206727394,8.499399759903962,9.967466954666271,9.971376377534295,9.923668351351163,9.098926036092212,9.096453580302688,9.095309178088389,9.999321504902127,2.9577464788732395,9.101117939618495,8.858468338477836,9.972508591065292,3.569651264327593,9.992759709229922,5.300751879699248,2.652461425422483,1.5824915824915824,2.657856093979442,2.3017705927636647,1.5682967959527827,1.474850809889173,1.1111111111111112,2.1875,1.6107382550335572,2.805755395683453,9.999768032568227,8.865188991425368,9.078341013824884,10.179162606615998,9.994120241070116,9.514327343370569,9.932327265344792,9.982122745231242
2017-12-31,1.1504424778761064,9.995060916336037,9.612109928046392,9.679926255009155,9.621705050994159,9.99268797391069,9.876394025374726,9.964245524184406,9.960251808709781,9.91575400168492,9.993301537966882,1.5895710681244741,1.8032786885245904,1.9354838709677418,2.598075499629904,2.967651195499297,8.526812021213907,9.96767008436802,9.97149915465202,9.924169268296698,9.100665382894144,9.09764394834914,9.096518887272662,9.999322176356156,2.9078014184397163,9.103035239054563,8.857670287090304,9.972405419575596,3.5750386392944007,9.992780773756667,5.247148288973383,2.6632428466617752,1.5038232795242141,2.6416482707873437,2.2779922779922783,1.6387959866220736,1.5682967959527827,1.1816578483245153,2.1691464369616287,1.5397631133671743,2.852037169406719,9.999769217809924,8.868569657074776,9.055712936732768,10.176282057798135,9.99414115138093,9.51526902569074,9.9318847489953,9.982143813724266
2018-01-31,1.235758106923751,9.995083229372316,9.613689305761051,9.680728449968552,9.622931780817785,9.99270780920712,9.876583586851215,9.964543080865887,9.96043158066339,9.923605805958747,9.993366324811271,1.7627677100494235,2.012779552715655,2.138364779874214,2.6199261992619927,2.9873772791023843,8.64314789687924,9.967776227814335,9.971622156965795,9.924596193766668,9.10255950030513,9.10071133733217,9.099155909086814,9.999322846482526,2.857142857142857,9.103019952424178,8.855459401428158,9.972592227155621,3.581514762516046,9.992790090700659,5.751911639762106,2.475545522949586,1.3494809688581317,2.7325581395348837,2.4127465857359636,1.7423616845582162,1.652754590984975,1.2510936132983377,2.2360248447204967,1.4383561643835616,2.932862190812721,9.999767990051414,8.869479101190665,9.053926206244087,10.176668769025017,9.994169674143087,9.51899951899952,9.932299776589263,9.982079174208348
2018-02-28,1.2434325744308232,9.995102737258115,9.614686605350462,9.681309435790226,9.623651260203756,9.99272658505895,9.87734289995352,9.964736963291557,9.960682730313723,9.922299922299922,9.99339585259543,1.8367346938775508,2.0948616600790513,2.2299922299922303,2.7641099855282194,3.108201240523776,8.615533711754118,9.96781601692017,9.971750814088477,9.924922634095646,9.10443057700818,9.102462841961657,9.100703250058453,9.999324616382106,2.9078014184397163,9.105000451974771,8.864924931810364,9.972425203364125,3.588450046158952,9.992808704344261,6.649916247906197,2.5760950259836677,1.4383561643835616,2.867332382310984,2.5261584454409562,1.7491749174917492,1.6943521594684385,1.371872303710095,2.383853769992384,1.4163090128755365,3.055555555555556,9.999769403007447,8.872664018930225,9.088422971741112,10.180595383714206,9.994190808697521,9.522216913521262,9.931436407267741,9.982079816497322
2018-03-31,1.311902693310165,9.99512375302499,9.61475785605042,9.682350101012668,9.62444276695547,9.992755303118116,9.878505697962627,9.964886030088422,9.960968235512917,9.924698795180722,9.993426501715684,1.850040749796251,2.038216560509554,2.1507064364207222,2.790194664744052,3.169398907103825,8.62505156056648,9.967844712900547,9.971910003507535,9.925265666791226,9.106496932585076,9.103332018220293,9.102487008499448,9.999325645694247,2.857142857142857,9.108689122352919,8.864945545762557,9.972760208112009,3.5961357178432203,9.992838574303372,6.66332999666333,2.711370262390671,1.5611814345991561,2.9078014184397163,2.51497005988024,1.701244813278008,1.6107382550335572,1.474850809889173,2.3605805958747137,1.5254237288135595,3.0747922437673134,9.999768937853524,8.877786456229183,9.102333931777379,10.18591071450291,9.994212360083804,9.522216913521262,9.932354731786512,9.982151462687632
2018-04-30,1.4456800684345594,9.99514348854485,9.615720121278729,9.683263651336627,9.62494843040918,9.992778949192687,9.87946186957051,9.964992319314858,9.96112235107139,9.922239502332815,9.993456225419946,1.9935948759007205,2.1813917122752153,2.2779922779922783,2.779783393501805,3.1833674164962504,8.688524590163935,9.967907522316308,9.972072616781844,9.925635408254173,9.108257535223826,9.105273517885582,9.103958710417377,9.999326308981649,2.857142857142857,9.117816489950606,8.872502593244036,9.97276169204369,3.602047344849648,9.99285709183637,6.143463170073274,2.5705794947994054,1.5182357930449533,2.9922915206727394,2.598075499629904,1.783073130649137,1.7355371900826448,1.5182357930449533,2.348890589135425,1.5254237288135595,3.141289437585734,9.999770119170222,8.889426899857401,9.080882352941178,10.187328009471303,9.994232554920496,9.5244888254874,9.932032896078297,9.98213392410491
2018-05-31,1.452991452991453,9.995163014256127,9.616552654989416,9.684351405267543,9.625671451833274,9.992813510600072,9.87989483235431,9.965088243113417,9.961066516692284,9.926847110460864,9.993489456174274,1.9354838709677418,2.1135646687697163,2.20576773187841,2.857142857142857,3.2569116655428183,8.749687421855464,9.968044568698875,9.972239343617055,9.92609032840434,9.109661244991004,9.106672264853806,9.10538557881553,9.999327798877424,2.7536231884057973,9.11016986857209,8.864522810033531,9.972721569055347,3.605262402306318,9.992883372712004,6.067636649626425,2.6632428466617752,1.5895710681244741,2.9922915206727394,2.5428784489187177,1.7149958574979285,1.6874480465502906,1.596638655462185,2.383853769992384,1.5611814345991561,3.131868131868132,9.999772779430177,8.880294527327532,9.074074074074073,10.18152931290603,9.99425762587284,9.530956848030018,9.931833674164963,9.982176911971768
2018-06-30,1.5397631133671743,9.995180011227466,9.616884659295527,9.684724591166614,9.626027023287298,9.992826604688531,9.879842937118651,9.965179689863064,9.9608899815973,9.916805324459235,9.993521511820001,2.012779552715655,2.1445404556166534,2.2178988326848246,2.836676217765043,3.2569116655428183,8.715808398613072,9.96821743967756,9.972383698252711,9.926544316353594,9.11074614408618,9.107373983522123,9.10612128146453,9.999328759951133,2.857142857142857,9.116807506429643,8.871735507724662,9.972739416078293,3.605470883194673,9.99291629182044,6.167113836719049,2.7060539752005837,1.659716430358632,3.0603747397640526,2.598075499629904,1.7423616845582162,1.7081260364842454,1.6247906197654942,2.3371647509578546,1.6107382550335572,3.1271477663230236,9.999771570589257,8.888486273916998,9.075785582255083,10.172565534648678,9.994285191788963,9.533146591970121,9.931801132101207,9.982238010657193
2018-07-31,1.6036943744752308,9.995194324689685,9.617172127068226,9.685584027668606,9.626446120456185,9.992849379326126,9.879468988576072,9.965282177779551,9.960715002665488,9.917898193760262,9.993556202799185,2.1073401736385162,2.2178988326848246,2.2839506172839505,2.790194664744052,3.2386747802569302,8.765127191899234,9.968391909972574,9.972497900214682,9.926949125179249,9.111790098236016,9.1082336784469,9.107190686213238,9.999329007669443,2.7536231884057973,9.117824272359407,8.872569965489365,9.972894587049034,3.6028659160696006,9.992935508254858,5.619798510731494,2.5705794947994054,1.5469146238377007,3.0362116991643457,2.598075499629904,1.7491749174917492,1.6666666666666667,1.659716430358632,2.3136049192928514,1.596638655462185,3.12242090784044,9.999772744833354,8.889581050034367,9.07321594068582,10.164407164206589,9.994317406919127,9.533364442370509,9.932226363944425,9.982272018153454
2018-08-31,1.6036943744752308,9.995204698412651,9.617829039642594,9.686524306905243,9.626713850036023,9.992869366799772,9.878922822009216,9.965398092251514,9.96065456391904,9.922958397534668,9.993583491607206,2.076069730586371,2.1507064364207222,2.2239502332814927,2.7953890489913547,3.229519295870007,8.718934153215475,9.968522040686107,9.972567967639845,9.927242729120099,9.112910235977372,9.10879794667047,9.107270389944293,9.99933013584845,2.7536231884057973,9.123256925174363,8.875375905603553,9.972880620491404,3.59803671149813,9.992954918523633,5.625546806649169,2.5871015567086735,1.6107382550335572,3.0216329378925333,2.5871015567086735,1.7218543046357617,1.652754590984975,1.7149958574979285,2.331288343558282,1.5824915824915824,3.1129476584022036,9.999772442308435,8.895931618420718,9.058380414312618,10.159939812189759,9.994341971257214,9.531396438612934,9.932350155594643,9.982300258416227
2018-09-30,1.6317991631799162,9.995212809082988,9.61858556270072,9.687032504804051,9.627377332617897,9.992871298421704,9.878332273433017,9.9655128999888,9.960682779378976,9.920634920634921,9.993596147442302,2.1935987509758,2.2720247295208655,2.3371647509578546,2.8469241773962803,3.279569892473118,8.753583447588184,9.968585440855644,9.972617901192137,9.927492466957696,9.114017312532711,9.110462737284065,9.10877411880041,9.999330526005718,2.7007299270072993,9.123604998255974,8.87588158986315,9.973201125552727,3.593610243527245,9.992970963048352,5.479204339963834,2.4698795180722892,1.5540540540540542,3.0699930699930698,2.652461425422483,1.7627677100494235,1.6874480465502906,1.783073130649137,2.3954372623574143,1.5824915824915824,3.2065217391304346,9.999772152475563,8.895895048199701,9.091734786557675,10.158774849727665,9.99435139944079,9.53183520599251,9.932345578783572,9.982302764308214
2018-10-31,1.7965545529122229,9.995221682171433,9.619441949675004,9.687891111450963,9.628138050030307,9.992904329068836,9.877754646240284,9.965620108386046,9.960744519444221,9.91876523151909,9.993622530324869,2.2299922299922303,2.295839753466872,2.3954372623574143,2.927864214992928,3.3642999336429993,8.761609907120743,9.968569490656025,9.972683917137209,9.927816179570247,9.11508340338923,9.11186109507527,9.110051083067832,9.999331260240078,2.7536231884057973,9.122265748088514,8.871320363299402,9.973188192079792,3.5922081250800972,9.992977429458278,6.797950688440602,2.7588703837798696,1.6874480465502906,3.188010899182561,2.7536231884057973,1.701244813278008,1.596638655462185,1.8633034987794954,2.5037481259370313,1.6107382550335572,3.270524899057874,9.999774741290372,8.89366334618159,9.079189686924494,10.16020326590378,9.994369305960651,9.534016775396084,9.932619095748265,9.98227390364094
2018-11-30,1.8032786885245904,9.995232694628214,9.619183987448304,9.688713046347514,9.628858480027018,9.992944280986954,9.877322657225626,9.965708409638047,9.96079142479188,9.916036943744754,9.993641791234573,2.1875,2.2118380062305296,2.3136049192928514,2.967651195499297,3.4296977660972403,8.50657108721625,9.968472790115438,9.97278547038017,9.928251393344373,9.115984657064198,9.112137086033917,9.111553360105193,9.999331693755346,2.7536231884057973,9.122903959737783,8.868947170784454,9.972968589501,3.5956338890830395,9.992976541649108,6.43747773423584,3.0020993701889434,1.850040749796251,3.2569116655428183,2.737835875090777,1.6457811194653298,1.5038232795242141,1.9159256265157638,2.51497005988024,1.7355371900826448,3.24780553679946,9.999775712840664,8.893758808445488,9.069767441860465,10.163558849912521,9.994383820911281,9.52896844088554,9.932272265492719,9.982299318523763
2018-12-31,1.850040749796251,9.995246896562035,9.619434708315733,9.68956825152422,9.629716029222811,9.992888433748648,9.877107377289546,9.965816900236463,9.960823608658211,9.90950226244344,9.993724505804833,1.9871794871794872,2.006394884092726,2.1197793538219067,2.867332382310984,3.3906146728354263,8.31989247311828,9.968349203352325,9.972922859393533,9.928736790880205,9.11690154389004,9.11269642682851,9.112964030691444,9.999332505640327,2.805755395683453,9.12315391016361,8.8725725076806,9.97343040093525,3.6012607736794466,9.993030776092775,7.1767363071710895,3.4768427919112854,1.9678714859437751,3.1926480599046974,2.6090169992609016,1.4602903501280955,1.311902693310165,1.9419822723609992,2.366412213740458,1.8699186991869918,3.1271477663230236,9.999770443709354,8.893291130835124,9.076638965835642,10.167526557385324,9.994451349431818,9.5260663507109,9.933297758804695,9.982423145202397
2019-01-31,1.9354838709677418,9.995263835839246,9.619136124557722,9.690400559755789,9.630677411491842,9.992906996538615,9.87722725113043,9.965985526841672,9.960847357157455,9.919093851132686,9.993723324127542,1.9678714859437751,1.9549477071600965,2.0823436262866193,2.8212491026561377,3.3862433862433865,8.370804822417726,9.968281085408568,9.97307880963111,9.929132798049736,9.117971334068358,9.112798765015881,9.114087776183135,9.999333653179807,2.857142857142857,9.117853066078098,8.863522715907955,9.973321238961661,3.604911428023278,9.993071337509006,6.236356793375988,3.0410577592205983,1.922455573505654,3.055555555555556,2.4981245311327833,1.5611814345991561,1.452991452991453,1.9484702093397746,2.331288343558282,1.9419822723609992,3.0843706777316737,9.99977214209219,8.885916762384985,9.011857707509881,10.169898417736036,9.994464096900447,9.521759923481588,9.933002813881817,9.982512590934528
2019-02-28,1.9354838709677418,9.995281358808896,9.620232493667377,9.691426596558788,9.631249400780277,9.99292060458037,9.877680677331535,9.96621085459581,9.960865979742929,9.91158267020336,9.99375331854952,2.012779552715655,2.012779552715655,2.1445404556166534,2.7483683828861496,3.311036789297659,8.460354118552733,9.968314190264916,9.973224758159827,9.929343641581577,9.119160636568004,9.11396218390601,9.11472304110341,9.99933367537997,2.7536231884057973,9.11367240091079,8.858480066208156,9.97351344192822,3.6041388678063666,9.993085231437304,5.964487489911219,2.8160919540229887,1.816693944353519,3.0410577592205983,2.5539836187639615,1.6317991631799162,1.5540540540540542,1.9614147909967845,2.3195084485407067,1.850040749796251,3.031358885017421,9.999772343879123,8.879888168034697,9.03660886319846,10.169300469370247,9.994493816555993,9.521988527724666,9.93292192111618,9.982505248425472
2019-03-31,1.9419822723609992,9.995303003338481,9.621609144950185,9.692355968755672,9.631766746327793,9.992982505385928,9.878505520229872,9.966499222643826,9.960876502863607,9.916736053288925,9.993771139196353,1.850040749796251,1.8233851185609156,1.9419822723609992,2.737835875090777,3.261455525606469,8.532648569332355,9.968402087436395,9.973384711920637,9.92949525891249,9.120584071155136,9.115482592697424,9.115427823333246,9.999334681711732,2.7536231884057973,9.113758805914065,8.856374340699809,9.97331340734415,3.601486428677859,9.993104114085536,5.782370307886968,2.882562277580071,1.8433931484502446,2.882562277580071,2.4012158054711246,1.5824915824915824,1.5110356536502547,1.9678714859437751,2.295839753466872,1.850040749796251,2.8876244665718347,9.999776134605785,8.87907833336883,9.07749077490775,10.167012360645462,9.994517393568902,9.52561669829222,9.932382175941578,9.982490238307857
2019-04-30,1.9484702093397746,9.995325961595764,9.62297300863769,9.693413291147001,9.632348886200951,9.993001266770715,9.879535343727827,9.966761142579076,9.96086654003079,9.921996879875197,9.993772264155643,1.850040749796251,1.8566775244299674,2.006394884092726,2.6953981008035064,3.197278911564626,8.646087191984837,9.968458029781297,9.97353212472192,9.929679479065582,9.121867261455241,9.117940213987705,9.11718487914261,9.999336042280827,2.7007299270072993,9.109328184062674,8.8500169047515,9.973588294332048,3.60122856411569,9.993129225526301,5.674740484429066,2.716678805535324,1.7627677100494235,2.8469241773962803,2.4299772899318697,1.6317991631799162,1.5611814345991561,1.9549477071600965,2.2720247295208655,1.783073130649137,2.9577464788732395,9.99977620775082,8.87265130992281,9.067164179104477,10.165283245898497,9.994527175310994,9.528524280999529,9.932917421345678,9.982465984008979
2019-05-31,1.9289749798224374,9.995350982839367,9.62306254146312,9.694217655872551,9.632646014025575,9.993031747359032,9.880702412292154,9.966965625420634,9.960826991680968,9.923254029163468,9.993773660091652,1.6317991631799162,1.6177703269069572,1.7627677100494235,2.68471104608632,3.1647300068352697,8.588168855004941,9.968416546145932,9.973671667363766,9.929996009292912,9.122933599364991,9.118367922698498,9.118018010072234,9.999336209757717,2.647058823529412,9.110459572166636,8.850953765826675,9.973637729681279,3.605081052304333,9.993170098692072,6.516893068617207,3.145990404386566,1.9159256265157638,2.779783393501805,2.295839753466872,1.4821124361158433,1.364421416234888,1.9354838709677418,2.199687987519501,1.8233851185609156,2.852037169406719,9.999777547415768,8.873059126079891,9.090909090909092,10.165717244494381,9.99453163449445,9.527633443552197,9.933056634087562,9.982596286047443
2019-06-30,1.922455573505654,9.995373760979426,9.622944576623318,9.695074539028935,9.633349099322063,9.993056134211038,9.881657989432727,9.967084126692736,9.960761020063112,9.920191540303273,9.99378696754312,1.4893617021276595,1.4965986394557824,1.6666666666666667,2.5484351713859907,3.0843706777316737,8.453448809155583,9.96827150927854,9.973792238082435,9.93036757710561,9.123747074674274,9.11870202434145,9.119609811068266,9.999337107401859,2.647058823529412,9.111446786769442,8.856002782201234,9.974062354100742,3.604567124997207,9.993226354898361,6.012759170653908,2.892679459843639,1.8765231519090169,2.625368731563422,2.1568627450980395,1.4456800684345594,1.3269731136166523,1.816693944353519,2.044550517104216,1.9289749798224374,2.716678805535324,9.999777490493281,8.873280062014667,9.075785582255083,10.168561390361155,9.994541633689037,9.5244888254874,9.933840555739332,9.98274523337072
2019-07-31,1.9354838709677418,9.995392614231607,9.623780106996938,9.695842470732442,9.634074941451992,9.993094781035508,9.882159266465003,9.967115388156804,9.96066700886369,9.92,9.993802946079434,1.5895710681244741,1.5540540540540542,1.680532445923461,2.475545522949586,2.997198879551821,8.515219005196734,9.968016917771175,9.97390039765354,9.930726910240086,9.124442926812184,9.11978029716217,9.120538933741404,9.99933750264999,2.7007299270072993,9.107188294881421,8.848953986935628,9.974113383380791,3.588510611014939,9.993267172077616,6.1715160796324655,2.8212491026561377,1.7559769167353667,2.6090169992609016,2.1630094043887147,1.4965986394557824,1.3494809688581317,1.7695473251028804,2.044550517104216,1.816693944353519,2.727272727272727,9.999779361958913,8.867021137986628,9.07749077490775,10.174137756896727,9.994547021037592,9.525391551969625,9.934249457558025,9.98280072924908
2019-08-31,1.7559769167353667,9.995405343888125,9.624111022568375,9.69639007802775,9.634872588789857,9.993120386359102,9.8820653792213,9.967057260870844,9.960564718106353,9.927797833935019,9.99384107510193,1.3043478260869565,1.2203687445127305,1.3043478260869565,2.295839753466872,2.790194664744052,8.457028236383275,9.967681780160056,9.973993750124833,9.930984934381332,9.125100248501811,9.120190742646995,9.121350308845367,9.99933847120696,2.647058823529412,9.113328970911871,8.856271008871905,9.974122091970086,3.553571184210149,9.993299877387756,6.549344375431332,2.9228591648973814,1.8433931484502446,2.4299772899318697,1.902834008097166,1.341991341991342,1.1894273127753305,1.659716430358632,1.7491749174917492,1.8300653594771243,2.6362297496318114,9.999780745989845,8.873615109777472,8.997995991983966,10.182338911041624,9.994575123687179,9.521988527724666,9.93414120126449,9.98287876453165
2019-09-30,1.6943521594684385,9.995417257320417,9.624666891866532,9.697369536006972,9.635552575185503,9.993134508705444,9.88208040359854,9.966970312233578,9.960532435744836,9.92429977289932,9.993861113839506,1.401547721410146,1.341991341991342,1.4383561643835616,2.3254029163468917,2.810927390366643,8.506348020911128,9.967397911522948,9.974084330416856,9.931118143884191,9.12590329255546,9.120910033932873,9.121952076144316,9.999339358384864,2.5925925925925926,9.110795740000231,8.849161959739083,9.974442201037647,3.5310378894662615,9.9933401264044,6.189024390243903,2.867332382310984,1.8032786885245904,2.4812030075187965,1.9935948759007205,1.3269731136166523,1.1894273127753305,1.6177703269069572,1.7763157894736843,1.8099918099918098,2.6686217008797657,9.999778878471608,8.869564725897707,9.031007751937985,10.19099943134838,9.994590032676204,9.520153550863723,9.934700274258848,9.982956385390214
2019-10-31,1.5469146238377007,9.995436371842596,9.625685463494975,9.697759186609522,9.636323962614103,9.993147868987254,9.883094807772792,9.966919446205065,9.960660014799702,9.925093632958802,9.993883717232015,1.3194444444444446,1.311902693310165,1.4456800684345594,2.3136049192928514,2.8160919540229887,8.43652282676673,9.967299839867316,9.974195845789213,9.931127342100824,9.127140687463994,9.122506822509454,9.123176206509541,9.999339794544063,2.647058823529412,9.103844685530138,8.840617348074497,9.974573469958555,3.55877616747182,9.993395678131769,5.693367786391042,2.932862190812721,1.7898193760262728,2.435703479576399,1.9743178170144462,1.3344887348353554,1.2587412587412588,1.4383561643835616,1.7965545529122229,1.8099918099918098,2.74310595065312,9.999779432037496,8.860132566582507,9.052132701421801,10.197571451715513,9.994611923812602,9.520613614573346,9.93501851972188,9.98305974826786
2019-11-30,1.341991341991342,9.995460911721503,9.626697128181007,9.698441849033959,9.637086823348382,9.993191999237503,9.885369628168698,9.966929613183293,9.960884417601502,9.926632428466617,9.993909049933608,1.3867355727820845,1.3941480206540449,1.5110356536502547,2.343032159264931,2.826398852223816,8.508130687751752,9.967415651952425,9.974334136436191,9.931069469223463,9.128787319115663,9.122783932910515,9.12331457226518,9.999340699912972,2.647058823529412,9.108332278193195,8.849905807285618,9.974755124709683,3.6411975862427686,9.993438793787849,5.579133510167993,2.867332382310984,1.7218543046357617,2.452830188679245,2.006394884092726,1.3867355727820845,1.3043478260869565,1.3569576490924806,1.8566775244299674,1.7559769167353667,2.6900584795321643,9.999780988486565,8.864985483164329,9.063670411985019,10.199031656315134,9.99463539459355,9.52153110047847,9.935182784547575,9.98312122337373
2019-12-31,1.341991341991342,9.995461179558994,9.627740758664334,9.699019103257518,9.63770741250634,9.993220936459839,9.887476495436934,9.966823001876948,9.960568202592672,9.93581514762516,9.993889472783712,1.364421416234888,1.4456800684345594,1.6107382550335572,2.3136049192928514,2.7953890489913547,8.568975386376646,9.967235386889746,9.97450745133101,9.931285432897548,9.130293347138066,9.12497156157575,9.124948590729705,9.999341247150893,2.647058823529412,9.106681043146413,8.85191150993154,9.97492603179379,3.6661813090764466,9.993465632494102,5.794785534062236,2.647058823529412,1.652754590984975,2.4184988627748294,2.0318725099601593,1.5038232795242141,1.4383561643835616,1.3569576490924806,1.8699186991869918,1.680532445923461,2.7219796215429404,9.999781307475129,8.862383692952807,9.08508691674291,10.197609041136648,9.994621863201713,9.52153110047847,9.935893326495288,9.983139721130987
2020-01-31,1.341991341991342,9.995395209166407,9.628122838464,9.700075281104443,9.638595147055634,9.993254955921136,9.887448986253018,9.966355137671412,9.958781600601128,9.937027707808564,9.9939641227456,1.1738746690203001,1.166077738515901,1.311902693310165,2.2720247295208655,2.737835875090777,8.518957345971563,9.966034004716517,9.9747069355859,9.932191023312049,9.130752247005441,9.126317077006412,9.126446822450315,9.999342343231067,2.647058823529412,9.101827601197083,8.849608119005739,9.974813620793874,3.4768427919112854,9.993505143926011,6.5325936199722605,2.872416250890948,1.7559769167353667,2.2660479505027067,1.8566775244299674,1.4163090128755365,1.3793103448275863,1.341991341991342,1.816693944353519,1.6736053288925892,2.598075499629904,9.999780908353964,8.855972680627614,9.089253187613842,10.196842256520892,9.994689748559594,9.522216913521262,9.935329496216776,9.983194971935603
2020-02-29,1.364421416234888,9.995249895984378,9.6285924396277,9.7010365064322,9.639512332283113,9.993252680372722,9.884447028188593,9.965445594606358,9.954928420837225,9.93535875888817,9.993994102208369,0.7918968692449355,0.8172635445362718,1.0152740341419586,2.1752738654147104,2.652461425422483,8.34819953749587,9.963400218915895,9.974906198049807,9.933792603282814,9.129797069562564,9.127026389992231,9.12788669503942,9.999343483084841,2.5925925925925926,9.104518777345758,8.851985319188262,9.975145399413432,2.9733894296292496,9.993521343932414,8.004390341249252,3.3598937583001325,1.922455573505654,2.1875,1.7149958574979285,1.235758106923751,1.1738746690203001,1.3344887348353554,1.6457811194653298,1.7423616845582162,2.5650557620817844,9.999780899233366,8.85914684719527,9.0990990990991,10.19858429711055,9.99471894209848,9.516207063376875,9.935279269950165,9.98322935533642
2020-03-31,0.6103286384976526,9.995070221297295,9.627074398657468,9.701032931222626,9.639077771521793,9.99275519814533,9.880229576554342,9.964298926009603,9.949287290397063,9.920760697305864,9.99389085399752,0.22482893450635388,0.35679845708775315,0.6542056074766355,2.3195084485407067,3.0020993701889434,7.449630196378474,9.95975603389581,9.97509021233079,9.93560629953415,9.128327851168738,9.124634534918329,9.127293037543852,9.99933734460731,3.055555555555556,9.07068379086668,8.803814873605099,9.976279709663645,2.159547164677872,9.993708000906047,8.426188227887945,4.6723494938732015,2.8212491026561377,3.145990404386566,1.7218543046357617,0.8003679852805888,0.4671115347950429,0.2912621359223301,1.2739965095986039,2.5484351713859907,2.5925925925925926,9.999767011644758,8.817305656708774,8.990918264379413,10.198825888143832,9.994620011405575,9.507631708517971,9.939780802119715,9.983853258412454
2020-04-30,0.04975124378109454,9.994980711627678,9.624238142834598,9.700984657522776,9.637413160451928,9.991828930488712,9.878760838781014,9.963562388660325,9.945095700938479,9.893730074388948,9.994655435956089,0.19607843137254902,0.34749034749034746,0.6015037593984962,1.9549477071600965,2.9228591648973814,6.233521657250471,9.957491812923168,9.975192660004243,9.936700527664401,9.12786387699392,9.121234489788746,9.124626872204276,9.999233311099355,5.967741935483871,8.94382411714258,8.617176329377536,9.979039154858723,1.3703831549879186,9.99409789235736,7.734994337485843,4.327850255246739,2.4414210128495846,2.5484351713859907,1.5540540540540542,0.9665763324299911,0.6716417910447761,0.13806706114398423,1.126885536823425,2.5760950259836677,2.4414210128495846,9.999734697342728,8.66127965600242,8.777506112469437,10.191888121549612,9.995183253134497,9.48849104859335,9.946800021279993,9.984942253542336
2020-05-31,0.04975124378109454,9.995061618502948,9.62384520477867,9.70162791807896,9.63697220296158,9.992459318020723,9.882702012106053,9.963656941666672,9.945638728591135,9.905926622765758,9.99437446909052,0.15748031496062992,0.2912621359223301,0.6103286384976526,2.0,2.831541218637993,7.406639004149378,9.958648488007462,9.975189893803618,9.93667139549017,9.129396030149218,9.121959785758188,9.125598964709173,9.99924840285607,5.689655172413794,8.958450507651223,8.668635311253093,9.993828950859935,0.9804522877011416,9.994385366017989,7.334044254865369,3.954050785973398,2.3547400611620795,2.331288343558282,1.341991341991342,1.0313901345291479,0.7663896583564174,0.12833168805528136,1.2126537785588751,2.4698795180722892,2.3954372623574143,9.9997746407774,8.679845330678942,8.784933171324422,10.175825311678551,9.994971640049881,9.496475327291037,9.984275987861063,9.985688115411037
2020-06-30,0.07936507936507936,9.995228903070759,9.625473775673772,9.701931187834022,9.637469683402275,9.992876021400432,9.889201246140239,9.964296361555308,9.949162049265079,9.920886075949367,9.994368259510601,0.15748031496062992,0.2818270165208941,0.6191369606003753,1.9614147909967845,2.6686217008797657,7.93003518940178,9.961627274964133,9.975120575972074,9.935908252875143,9.132080933034105,9.12433558962863,9.126843451762467,9.999273598953982,5.238095238095238,9.016469222863156,8.753734124130574,9.993955841377101,0.9896978841498437,9.994480992538302,7.526589166460549,3.9172749391727493,2.2660479505027067,2.1135646687697163,1.401547721410146,1.1816578483245153,1.0394265232974909,0.15748031496062992,1.2967798085291558,2.254066615027111,2.383853769992384,9.999788949835487,8.752090248833204,8.864926220204314,10.158986730111735,9.994982665107948,9.502982107355866,9.984517727202354,9.985854327868388
2020-07-31,0.089197224975223,9.99538269174296,9.627432863401985,9.702618149809082,9.639474642448977,9.993004595980441,9.89538731278252,9.965040636763826,9.952753904063021,9.934768427919112,9.994438357535747,0.10880316518298715,0.20568070519098924,0.5213270142180095,1.7627677100494235,2.4868519909842224,8.02800236639716,9.964442219317547,9.975037356595855,9.934969035506256,9.134895711678043,9.12695017504649,9.129776439567326,9.999281867145422,5.0495049504950495,9.047652606527198,8.792092554700089,9.9940436836243,1.1323933670302386,9.994538563205209,7.098084735925711,3.403693931398417,2.0634920634920637,1.902834008097166,1.235758106923751,1.341991341991342,1.2280701754385965,0.12833168805528136,1.158267020335986,2.1197793538219067,2.3017705927636647,9.999791721339815,8.791673664890025,8.787878787878787,10.145826376199969,9.995049872534217,9.507389162561577,9.984618934092133,9.98589403599842
2020-08-31,0.09900990099009901,9.995450703518337,9.628757898175717,9.703069371902641,9.64079169510399,9.993074024822695,9.899344673611076,9.965528597951666,9.954718683013704,9.929128277817151,9.994232055925986,0.13806706114398423,0.27237354085603116,0.6716417910447761,1.8367346938775508,2.4642049736247174,8.089415361100498,9.965984802575466,9.974996861285456,9.934441822526273,9.136884613378578,9.129443104754111,9.132162910378463,9.999289692010455,4.565217391304348,9.055975017322858,8.809519557807945,9.994078285071357,1.1862202315840908,9.994550171124626,7.25350178522384,3.3422103861517973,2.1073401736385162,1.922455573505654,1.3793103448275863,1.5254237288135595,1.4456800684345594,0.09900990099009901,1.1971830985915493,2.076069730586371,2.254066615027111,9.999792639962841,8.803361119288144,8.810939357907252,10.138610579320131,9.994899052243907,9.51052373959863,9.98467526894903,9.985897218931573
2020-09-30,0.089197224975223,9.995461895972037,9.629562402065561,9.703265855988985,9.641448547866618,9.993181043300375,9.901704732901992,9.965799866127153,9.955571216498088,9.932111337406653,9.994270358847425,0.12833168805528136,0.27237354085603116,0.6454630495790458,1.8765231519090169,2.51497005988024,7.985089663509974,9.966672614728953,9.975032511143676,9.934481742954638,9.138432466753311,9.130797580140463,9.133373775890458,9.99929493055066,4.382022471910112,9.055636246191852,8.811056697139282,9.994180565416265,1.1605328716175964,9.99462328012173,7.250481165795986,3.510707332900714,2.1568627450980395,1.9614147909967845,1.3941480206540449,1.401547721410146,1.3043478260869565,0.10880316518298715,1.2434325744308232,2.1135646687697163,2.248062015503876,9.999796498139993,8.804604186515219,8.893805309734512,10.135182369636395,9.99493796475811,9.51338199513382,9.984883527580005,9.986037224758793
2020-10-31,0.089197224975223,9.995461662804995,9.629970878708153,9.703603587582174,9.641936407906044,9.99320305862362,9.903539613869073,9.965994213575383,9.95607139452676,9.935608499678041,9.99425851605606,0.13806706114398423,0.36608863198458574,0.8088235294117646,1.902834008097166,2.5595238095238098,7.975708502024292,9.967073647360738,9.975175780299697,9.935124544655396,9.140376515086393,9.131371390848129,9.133974192430934,9.999298260387501,4.0476190476190474,9.061258514385274,8.821439894023875,9.99422739447677,1.1126910771418415,9.99465214903391,7.917534360683049,3.472584856396867,2.0697858842188737,1.9678714859437751,1.4602903501280955,1.452991452991453,1.371872303710095,0.09900990099009901,1.3569576490924806,2.0948616600790513,2.1935987509758,9.999795799597726,8.813377507333328,8.910675381263616,10.133216280628089,9.994941447251941,9.515738498789347,9.985035988447784,9.986134413000375
2020-11-30,0.089197224975223,9.99548307559269,9.630853282637185,9.703923019985197,9.642815046059,9.993190701221588,9.905302980265567,9.96619150603896,9.956655712026855,9.936020473448496,9.99419445105632,0.15748031496062992,0.34749034749034746,0.7749077490774907,1.8699186991869918,2.4812030075187965,8.036906164114646,9.96750745212968,9.975422177089639,9.936244630941301,9.143116897144278,9.131921838242315,9.134588756577125,9.99929957764532,4.0119760479041915,9.065008989938562,8.828661253519872,9.994309160544272,1.0912092415989305,9.994714336305638,6.728819103696434,3.0216329378925333,1.8633034987794954,1.7695473251028804,1.341991341991342,1.5038232795242141,1.4383561643835616,0.089197224975223,1.3941480206540449,1.9549477071600965,2.138364779874214,9.9997947863418,8.819997734395649,8.849252013808975,10.13148912652236,9.994903263949766,9.519923187710033,9.98520928856678,9.986258073381887
2020-12-31,0.089197224975223,9.995525533379304,9.632359699270234,9.704268004163907,9.643290290361703,9.993248626095411,9.907028149861288,9.966428470152255,9.957397932263536,9.939209726443769,9.994235613532473,0.12833168805528136,0.34749034749034746,0.8508691674290944,1.8433931484502446,2.4012158054711246,8.246229393195371,9.968036771490473,9.975707253098902,9.937467633778633,9.146669609147366,9.13574805327249,9.137179785848023,9.999298383475528,4.0119760479041915,9.0758188937737,8.837121410339154,9.994368830349751,1.091497106802668,9.994751207222338,6.9465648854961835,2.7849927849927845,1.7898193760262728,1.7081260364842454,1.341991341991342,1.659716430358632,1.6317991631799162,0.089197224975223,1.43101970865467,1.8233851185609156,2.1073401736385162,9.999798201165186,8.835382477863531,8.897464167585447,10.129652672247094,9.994945717000586,9.524940617577197,9.985304706902378,9.986299305374782
2021-01-31,0.089197224975223,9.995577214427923,9.633051761718493,9.704620037985864,9.643394598141374,9.993358703087539,9.908430191298487,9.966704035837113,9.958207765080832,9.939357186173439,9.994798141896286,0.10880316518298715,0.430622009569378,0.9990999099909992,1.9678714859437751,2.4471299093655587,8.387096774193548,9.968604846469852,9.975925948216714,9.938269394830185,9.150606042588613,9.139007275388522,9.13991072273302,9.999300337237452,3.902439024390244,9.08099638372077,8.848012533623635,9.994455871509278,1.0976586842339537,9.994820665544477,7.679275934091437,2.7745664739884393,1.783073130649137,1.7763157894736843,1.4383561643835616,1.7559769167353667,1.8099918099918098,0.07936507936507936,1.5397631133671743,1.7763157894736843,2.1445404556166534,9.999804574137732,8.843941327710265,8.876404494382022,10.127809083902829,9.995406712630162,9.534450651769088,9.985487686301827,9.986432583507447
2021-02-28,0.07936507936507936,9.99562362709239,9.634480212586308,9.70514434658513,9.643891130396385,9.993314703640811,9.909307591889766,9.966981208912872,9.958935238581775,9.929428369795342,9.994347663889487,0.13806706114398423,0.6976744186046512,1.2587412587412588,2.125984251968504,2.5484351713859907,8.551564310544611,9.969116629263613,9.976010652448178,9.938360448498665,9.154238041900026,9.141792966135151,9.141623533249213,9.999302907572515,3.82716049382716,9.052197385581268,8.80664127994883,9.9946335605239,1.0967607178826926,9.994992203958757,7.364953886693017,2.6308032424465733,1.7491749174917492,1.9159256265157638,1.6457811194653298,1.7695473251028804,1.9289749798224374,0.0398406374501992,1.6943521594684385,1.7763157894736843,2.289899768696993,9.99979928142751,8.810920977375392,8.847926267281107,10.12613332372438,9.99506514015002,9.546690843155032,9.985634660690685,9.98654231768205
2021-03-31,0.0695134061569017,9.995670502881977,9.636244589138263,9.705837363361455,9.644710990154941,9.993617401516506,9.91001560449739,9.967271740110021,9.959640863076517,9.940405244338498,9.99542712901441,0.15748031496062992,0.8424908424908425,1.4821124361158433,2.331288343558282,2.7219796215429404,8.617447808654777,9.969639301364568,9.976022532058513,9.937971446448678,9.158231203388825,9.145781012420345,9.144897173885159,9.999306922458485,3.788819875776398,9.075724932042677,8.839536975253125,9.9949930563984,1.0899405055267095,9.99535701559835,6.598639455782313,2.51497005988024,1.6874480465502906,2.0318725099601593,1.7423616845582162,1.9159256265157638,2.025518341307815,0.029910269192422734,1.8962722852512155,1.7559769167353667,2.406985573272589,9.999818502903045,8.841862054189274,8.946259220231823,10.124072646824725,9.995915333022898,9.555555555555555,9.985774439512916,9.98663816141101
2021-04-30,0.0695134061569017,9.995708589541266,9.63866566456611,9.706946825501488,9.647471489256693,9.993696459301189,9.910662757268925,9.967481313950028,9.960131883728625,9.933422103861519,9.99463723581683,0.15748031496062992,0.7918968692449355,1.4163090128755365,2.248062015503876,2.647058823529412,8.60568878973787,9.97006204043361,9.976020265753007,9.937439668380193,9.16200181007609,9.150107936292091,9.149616477031142,9.999308451415255,3.788819875776398,9.076909159553484,8.84075174930561,9.995502649615302,1.0825753522382735,9.995876247082208,6.5047186298497035,2.4698795180722892,1.6387959866220736,1.9678714859437751,1.6943521594684385,1.9419822723609992,2.044550517104216,0.01996007984031936,1.8699186991869918,1.6457811194653298,2.295839753466872,9.999819634579659,8.845514883044885,8.982706002034588,10.121658645306653,9.995308292124498,9.561211057481351,9.985940246045693,9.98676285657555
2021-05-31,0.05964214711729622,9.995739660838762,9.640871676267365,9.707853482678633,9.649729941785116,9.9937106918239,9.91146077570171,9.967590614539885,9.960412833268718,9.938157081014225,9.994506550938008,0.13806706114398423,0.7321594068582021,1.364421416234888,2.2839506172839505,2.657856093979442,8.669682054010908,9.97039971219799,9.97606128611741,9.93704069755675,9.165769588485473,9.15402641129544,9.15374004586729,9.999310601569071,3.6708860759493667,9.084137536897808,8.852721573882436,9.996136816481789,1.0784786161046387,9.996511527859301,6.263079222720479,2.5037481259370313,1.659716430358632,1.922455573505654,1.652754590984975,1.9484702093397746,2.044550517104216,0.01996007984031936,1.883116883116883,1.6666666666666667,2.2779922779922783,9.999816614371198,8.856448884980486,8.923573735199138,10.118726065611291,9.99521753061976,9.57428693060877,9.986085601380308,9.986876812640254
2021-06-30,0.07936507936507936,9.995768405631916,9.64370207792948,9.70913829310716,9.652276718187666,9.993795948754537,9.912298127393504,9.967646775090214,9.96067018728806,9.939320388349515,9.99450724494392,0.24390243902439027,0.8003679852805888,1.2663755458515282,2.1813917122752153,2.5595238095238098,8.771196854263946,9.970707243698907,9.976142730767675,9.936879114591791,9.169395548762344,9.157930192412952,9.157220513252707,9.99931427944484,3.710691823899371,9.087993156300644,8.854360590004296,9.99677260320077,1.0778241214340345,9.997131834049972,6.128532713898567,2.331288343558282,1.5754001684919967,1.8566775244299674,1.5824915824915824,1.883116883116883,1.9807538091419405,0.0398406374501992,1.7763157894736843,1.6107382550335572,2.3195084485407067,9.999817752044367,8.863144156731495,8.952879581151832,10.116115279107747,9.995225431262922,9.581414817915446,9.986015355140056,9.986796936889359
2021-07-31,0.09900990099009901,9.995805188419821,9.645382525869344,9.710484793213764,9.653514060399429,9.99381218751547,9.91311947982895,9.967730255918433,9.961179641983131,9.937888198757763,9.994566014769573,0.18645731108930325,0.6454630495790458,1.1032028469750887,2.044550517104216,2.4471299093655587,8.787731846284398,9.971100312261125,9.976255654419095,9.936965069823792,9.173259918814125,9.161636485580146,9.16051040967092,9.999318666494062,3.5064935064935066,9.091460821973566,8.86361182798265,9.99738112391744,1.079393398751115,9.997708656842219,6.458923512747875,2.4924924924924925,1.6317991631799162,1.7898193760262728,1.5038232795242141,1.9354838709677418,2.038216560509554,0.04975124378109454,1.6247906197654942,1.6107382550335572,2.1875,9.999814066605062,8.86919657547491,8.903508771929824,10.114380225031654,9.995275553350814,9.586520570601612,9.986066795781026,9.98682980152511
2021-08-31,0.089197224975223,9.995853714285145,9.64637945606088,9.71105698245249,9.653970857425612,9.993870896565252,9.913836098316443,9.967902364125122,9.962068683278392,9.937694704049845,9.994574505601822,0.19607843137254902,0.7149489322191273,1.1504424778761064,2.0318725099601593,2.4471299093655587,8.713495432908786,9.971630730924536,9.976383147538584,9.937289078565842,9.177352773407689,9.164857190579589,9.162885700413534,9.999320818278138,3.377483443708609,9.091249459293428,8.861474458887274,9.99790189129946,1.0820470847856853,9.99818892887627,6.22356495468278,2.4299772899318697,1.6247906197654942,1.8300653594771243,1.5254237288135595,1.8896999188969992,1.9871794871794872,0.04975124378109454,1.6107382550335572,1.6387959866220736,2.2299922299922303,9.99981554920225,8.870611620277039,8.7546699875467,10.113817850380538,9.995286864963967,9.589178974179898,9.986186700555296,9.98692468619247
2021-09-30,0.07936507936507936,9.995903212516053,9.64774716700659,9.712097656474924,9.654827241034138,9.99390574627184,9.914541544109966,9.968160369769572,9.963029222736616,9.93642720915448,9.994517934577031,0.27237354085603116,0.8925318761384334,1.3194444444444446,2.0191540303272144,2.4414210128495846,8.775260257195345,9.97223189624984,9.976505840259007,9.93768016184305,9.181532301228808,9.167332800426326,9.164466428261088,9.999323025264697,3.197278911564626,9.082530930176016,8.852510935570784,9.99831377067531,1.0845057348491058,9.998560049077607,6.982498491249245,2.3954372623574143,1.5611814345991561,1.922455573505654,1.6247906197654942,1.9159256265157638,2.006394884092726,0.0398406374501992,1.6247906197654942,1.5682967959527827,2.3136049192928514,9.999816761217879,8.861493902161339,8.792270531400966,10.112813975619316,9.995251932463487,9.592963146883319,9.98623025763188,9.986953515375282
2021-10-31,0.07936507936507936,9.995945606746641,9.650879434703981,9.713361099088202,9.657091518844537,9.993984528206548,9.915432974712768,9.968513953041711,9.963809106063206,9.937382592360677,9.99454773458372,0.4580152671755725,1.0554561717352415,1.341991341991342,2.1135646687697163,2.5093632958801497,8.90686488850022,9.972880730810067,9.976617201135095,9.937982880794415,9.186052190333555,9.172240248990134,9.16817089097216,9.999326943786345,3.103448275862069,9.0938269680719,8.867123819967848,9.99865224225409,1.0857550365484043,9.998859285950486,6.1919268849961915,2.3954372623574143,1.4456800684345594,1.9807538091419405,1.6457811194653298,2.006394884092726,2.242048099301784,0.04975124378109454,1.7081260364842454,1.5038232795242141,2.389649923896499,9.999819990747525,8.876384294549116,8.776009791921664,10.109374606935006,9.995285553994549,9.600742618729162,9.986236701212547,9.986944658406987
2021-11-30,0.07936507936507936,9.995971287272448,9.653738413221651,9.714660731609884,9.65916023899684,9.994030420974713,9.916519292361025,9.968924367775594,9.964195613163293,9.941656942823803,9.99456580806434,0.49429657794676807,1.0233393177737882,1.2510936132983377,2.076069730586371,2.4698795180722892,8.878295008412787,9.973488510676814,9.976703385923615,9.938059432952471,9.190623557713971,9.176914086292328,9.172034642070576,9.999329790157297,2.9078014184397163,9.101272239018446,8.876362831430828,9.998909237994734,1.0850779345619324,9.999083053399833,7.31110513578919,2.68471104608632,1.5325994919559696,2.0318725099601593,1.6666666666666667,2.0,2.1875,0.04975124378109454,1.6247906197654942,1.4675767918088738,2.366412213740458,9.999822122610885,8.886358447806405,8.708010335917313,10.10319959085747,9.995306860900051,9.605190949397324,9.986248813960204,9.986940566518225
2021-12-31,0.07936507936507936,9.995988565289549,9.656130505350609,9.715778284324035,9.661270709062025,9.994050876900745,9.91766313915103,9.969370499074198,9.964451497912743,9.94340690435767,9.99457532968434,0.6803355079217148,1.119005328596803,1.3194444444444446,2.0948616600790513,2.4812030075187965,8.776159588789621,9.974073786362393,9.976792872298526,9.938003293770945,9.195664036588223,9.181937172774868,9.176588771964495,9.999332322915345,2.805755395683453,9.100677369805064,8.87718541823159,9.999116807119012,1.0838711229667402,9.999261628658354,6.326230712711241,2.366412213740458,1.5611814345991561,2.0634920634920637,1.6874480465502906,2.038216560509554,2.2299922299922303,0.05964214711729622,1.5611814345991561,1.5540540540540542,2.372234935163997,9.999820839260567,8.886348526137956,8.759305210918114,10.096707793916403,9.995318987590636,9.602129403432826,9.98627806136451,9.986956578449659
2022-01-31,0.07936507936507936,9.996006248782903,9.657991039365232,9.71664083375601,9.663085263012489,9.99408235001716,9.91856743837591,9.969786392818587,9.964882893228193,9.941927990708479,9.99449047954866,1.0554561717352415,1.3941480206540449,1.5182357930449533,2.2660479505027067,2.6362297496318114,8.927268826432098,9.97460182648425,9.976912797790277,9.937953212999794,9.201163106516912,9.185860016771283,9.180146425848344,9.999333439982935,2.857142857142857,9.100837479971155,8.87155853564408,9.999278641747678,1.0841654778887304,9.999399525100744,7.128911857594028,2.6632428466617752,1.6177703269069572,2.3371647509578546,1.9614147909967845,1.9614147909967845,2.199687987519501,0.1477832512315271,1.7355371900826448,1.5397631133671743,2.6199261992619927,9.999824971339057,8.886998022195485,8.704663212435232,10.092620292920937,9.99530622207202,9.61006500216414,9.986243895728729,9.986918528596096
2022-02-28,0.07936507936507936,9.996028710356663,9.660481776359346,9.718104988977904,9.664752402887153,9.994121001546176,9.919000650061971,9.970106066003945,9.965590912722895,9.942922374429225,9.994527025547844,1.2587412587412588,1.4602903501280955,1.5469146238377007,2.452830188679245,2.841803865425913,9.016135379771743,9.975012937901813,9.977062593437587,9.938009433161884,9.2065135387415,9.190257174321436,9.183246757489627,9.999337247988548,2.7536231884057973,9.105911889404876,8.880396071085894,9.999394491644654,1.0870526508677694,9.99949752281386,7.5093399750934,2.737835875090777,1.8962722852512155,2.5539836187639615,2.0697858842188737,2.076069730586371,2.372234935163997,0.3006789524733269,1.8367346938775508,1.6943521594684385,2.800575953923686,9.99982597164382,8.893278882654359,8.626373626373626,10.092092655606548,9.995334994075444,9.619279677149168,9.986191850430124,9.986853349109314
2022-03-31,0.19607843137254902,9.996058250132592,9.663925418328835,9.71938961629336,9.665597693961697,9.994190639959102,9.918985298787574,9.97041594837626,9.966510075377247,9.940758293838861,9.994550765072583,1.8566775244299674,1.9484702093397746,1.883116883116883,2.5539836187639615,3.0020993701889434,9.156118143459915,9.975345399136216,9.977246410244966,9.938165273082552,9.212263348845925,9.196438615945873,9.186197916666666,9.999339410754393,2.647058823529412,9.112477501304658,8.889578583968401,9.999496912842224,1.0927895181957703,9.999583663891766,6.7277486910994755,2.5539836187639615,1.6177703269069572,2.800575953923686,2.3136049192928514,2.2118380062305296,2.5037481259370313,0.430622009569378,1.9419822723609992,1.7763157894736843,3.1833674164962504,9.999829328818512,8.901085617518454,8.559077809798271,10.094333768560208,9.995353267814409,9.629648833023474,9.986121712580669,9.98677895738858
2022-04-30,0.31945788964182,9.996086760128138,9.66528765179205,9.720862200834064,9.667237908257492,9.994226494616207,9.918423617994119,9.970700495483921,9.967258973660499,9.945593035908596,9.994572149700112,2.125984251968504,2.260061919504644,2.242048099301784,2.7325581395348837,3.178717598908595,9.10538557881553,9.975489228864179,9.97740458180852,9.938357789880198,9.216939171834868,9.19864731667054,9.188627807347787,9.999340595574077,2.7007299270072993,9.114279235870981,8.888979005036257,9.999576021866702,1.1000355998576006,9.999649878823279,7.695852534562212,2.841803865425913,1.701244813278008,3.145990404386566,2.652461425422483,2.2360248447204967,2.4812030075187965,0.7063197026022304,2.1935987509758,1.6036943744752308,3.377483443708609,9.999831124155833,8.90285674161618,8.670212765957446,10.098467161693911,9.995368504907068,9.636773092150667,9.986075138552371,9.98672419515433
2022-05-31,0.7149489322191273,9.996112401045757,9.668169857213488,9.722508962960497,9.668953097274821,9.994251155517741,9.917245524746326,9.97099532254624,9.967694587365232,9.935483870967742,9.99459655151918,2.0191540303272144,2.1935987509758,2.2178988326848246,2.9228591648973814,3.3862433862433865,9.163529903805939,9.975419590688116,9.977521942596791,9.93856807056745,9.22035474486356,9.2028442517099,9.191304910396584,9.999341836801854,2.647058823529412,9.114777114155688,8.886466334536692,9.99964183330938,1.1085518597013733,9.99970475121197,7.236805747444045,2.967651195499297,1.7898193760262728,3.141289437585734,2.6144756277695715,2.088607594936709,2.2839506172839505,0.9008189262966333,2.348890589135425,1.816693944353519,3.377483443708609,9.999830304840385,8.902742375979715,8.538011695906432,10.103861158566378,9.99538470769046,9.646956233164225,9.985928375430944,9.986586003836402
2022-06-30,1.079393398751115,9.996134021199774,9.672126847565215,9.724167606795406,9.671022331004172,9.994305239179955,9.915653642628117,9.971253464312175,9.967814000431732,9.93556701030928,9.99462527411102,2.260061919504644,2.3136049192928514,2.295839753466872,2.977528089887641,3.4512115258677145,9.198974687600128,9.975203271816785,9.977613042084627,9.938837124063003,9.222682336694719,9.209454919166767,9.195475353387451,9.999343651137453,2.647058823529412,9.113651189834643,8.88273524288777,9.999693523777182,1.1177714267606194,9.9997477144157,7.416688194265048,3.69880277252678,1.8765231519090169,3.3730947647448644,2.7536231884057973,1.8896999188969992,2.0508744038155804,1.3344887348353554,2.452830188679245,1.7559769167353667,3.6305732484076434,9.999831471088866,8.900343642611684,8.333333333333334,10.109188299033898,9.995402446817803,9.655470609920378,9.98570489178603,9.986393076797475
2022-07-31,1.4383561643835616,9.99615453227403,9.672106421139954,9.725754654629123,9.672190260772647,9.99430731396302,9.91372951615199,9.971454254443646,9.967684580827004,9.92867332382311,9.994674675954032,2.242048099301784,2.125984251968504,2.1073401736385162,2.8876244665718347,3.425378040762656,9.104103207310517,9.974915490286776,9.9777176401644,9.939258651845778,9.224685997829122,9.209554900364395,9.197006440008352,9.99934661021379,2.5925925925925926,9.115439560196549,8.882710276719145,9.999737244205399,1.128459900638751,9.999783960138172,6.808171082030003,3.2569116655428183,1.9093851132686084,3.215739484396201,2.5816023738872405,2.0191540303272144,2.1445404556166534,1.8699186991869918,2.366412213740458,1.8765231519090169,3.464052287581699,9.999830234836152,8.901164106745314,8.373983739837398,10.113375342676974,9.995438060263224,9.64573428654428,9.985659998566,9.986389372822298
2022-08-31,1.8896999188969992,9.99617447783359,9.672355664479094,9.727673295098663,9.67380915878644,9.994350984623381,9.911734647067057,9.971570618179449,9.967371472255227,9.934640522875817,9.994709078691873,2.5650557620817844,2.4812030075187965,2.3954372623574143,2.892679459843639,3.3993399339933994,9.035400790971352,9.974648579337405,9.97785688062961,9.939865801417954,9.226783207495078,9.211915832610924,9.20100992345675,9.99934764598052,2.647058823529412,9.116375939623735,8.8844900613642,9.999773198512333,1.1404732028740163,9.999813703490197,7.212155004181767,3.3466400532268796,1.7898193760262728,3.4123847167325425,2.857142857142857,1.9871794871794872,2.0508744038155804,2.138364779874214,2.383853769992384,1.8367346938775508,3.5691318327974275,9.999830794403357,8.90066037331375,8.533724340175953,10.114975636980324,9.995461621199675,9.64227712076009,9.985589739894804,9.986363574379883
2022-09-30,2.038216560509554,9.99619393478639,9.67356638517208,9.729461384670742,9.675623775479753,9.994386437633322,9.909940848160218,9.971658663518776,9.967057675078706,9.932432432432432,9.99473590010844,2.967651195499297,2.8876244665718347,2.769342010122921,3.145990404386566,3.6265137029955388,8.939104604286017,9.97445658142046,9.978013264110677,9.940546918810226,9.228991330723131,9.214540427604192,9.204366436993778,9.999348729371002,2.5925925925925926,9.119195719995842,8.88604583030245,9.999802118638469,1.1534694416785531,9.999837585835303,7.597308986064393,3.5191186001296177,1.8300653594771243,3.788819875776398,3.2249322493224932,1.7695473251028804,1.7627677100494235,2.435703479576399,2.625368731563422,1.783073130649137,4.0119760479041915,9.999830193036555,8.902228037974128,8.542274052478135,10.115035830238256,9.995481553441927,9.64015574059547,9.985426139675877,9.986260527870519
2022-10-31,2.3547400611620795,9.996214760126511,9.675180193787495,9.731390751246348,9.676742599829968,9.994421230564962,9.908463383980543,9.97179888430746,9.966929029697733,9.931034482758621,9.994772061898788,3.108201240523776,2.9922915206727394,2.9078014184397163,3.377483443708609,3.849938499384994,8.974884674525885,9.974365573580545,9.978177412399768,9.94123751444088,9.231449102716827,9.217784452683782,9.206896825207991,9.999350256973367,2.647058823529412,9.118509364075026,8.886114075285322,9.999827140875581,1.1684182637110305,9.999858219087049,7.212931995540691,3.1647300068352697,1.8566775244299674,3.8800489596083234,3.31997327989312,2.012779552715655,2.1073401736385162,2.790194664744052,2.8774928774928776,1.8566775244299674,4.14519906323185,9.99983217224498,8.899346321780506,8.569384835479255,10.115313121249441,9.995506062321926,9.636444279632519,9.98523374974159,9.986146706379442
2022-11-30,2.74310595065312,9.996235621553419,9.676006324356548,9.73304074599094,9.677722919056889,9.994414187962574,9.907565841186903,9.972029777718664,9.967114360378027,9.93006993006993,9.994785637560096,3.0458970792767732,2.7641099855282194,2.6900584795321643,3.288590604026846,3.777224642190417,8.940341210130338,9.974391807059316,9.978321332469697,9.941807863084403,9.233935849314559,9.219384250296635,9.208967148405673,9.999351344338857,2.647058823529412,9.115872041928885,8.878171689092015,9.999847549312635,1.1843642516200499,9.999875027059693,6.729888816219751,3.1271477663230236,1.7695473251028804,3.6346276257161043,3.103448275862069,1.8962722852512155,1.9419822723609992,3.016759776536313,2.857142857142857,1.7898193760262728,3.968636911942099,9.999830024187558,8.89393622657495,8.500749625187407,10.117074195148382,9.99551120627354,9.633910168877238,9.985069501470655,9.986067378159222
2022-12-31,2.9078014184397163,9.99625579229399,9.676178386850252,9.734986312043018,9.678893338000083,9.994430086445059,9.907027824035673,9.972324368703854,9.967401114531171,9.925925925925926,9.994807730251203,3.0603747397640526,2.852037169406719,2.7953890489913547,3.0699930699930698,3.585631815266196,8.843128181397502,9.97443500738275,9.978439571276828,9.942260267790559,9.236323906842532,9.220868264406146,9.211779172052841,9.999351916060167,2.5925925925925926,9.105758379491105,8.858752342410817,9.999865439370513,1.202006076527189,9.999889745607732,6.842437638143354,3.24780553679946,1.659716430358632,3.6708860759493667,3.1833674164962504,1.8699186991869918,1.8896999188969992,3.0362116991643457,2.679355783308931,1.6457811194653298,3.909866017052375,9.999828107515311,8.87928309981329,8.567335243553009,10.119902734967136,9.995520174892372,9.62672221040176,9.984904748965976,9.985996947334518
2023-01-31,3.0216329378925333,9.99627193977423,9.677789377360194,9.73684141274056,9.680213872961763,9.99451742362771,9.906612576671074,9.972612674197086,9.967477601824376,9.927060539752006,9.994941344894047,2.9627023223082336,2.6632428466617752,2.6035502958579886,3.055555555555556,3.5483870967741935,8.865183840217885,9.974362202091992,9.978512599137495,9.942550163760759,9.238176499268649,9.224872297711048,9.215446293376013,9.999353934217583,2.537313432835821,9.113063160546211,8.87589928057554,9.999880666411764,1.2203687445127305,9.99990226194723,6.598639455782313,3.006993006993007,1.596638655462185,3.4683213585891575,3.0118798043326342,1.8300653594771243,1.850040749796251,3.1926480599046974,2.679355783308931,1.6457811194653298,3.800371977681339,9.999834301564524,8.88584601054881,8.664886515353805,10.122596044806402,9.995562517472589,9.629940753514639,9.984663282364309,9.98586752215266
2023-02-28,3.1365820178448867,9.996281980027458,9.678981987679329,9.73867277127073,9.681654378525678,9.994537459372353,9.906177068139954,9.972825696562815,9.967191670985073,9.92927864214993,9.994973611460166,3.24780553679946,2.947813822284908,2.8160919540229887,3.131868131868132,3.585631815266196,8.848324311873776,9.97412155064111,9.978536840601786,9.942675229158143,9.239219033431649,9.227118853662684,9.218035235332296,9.999355129941318,2.647058823529412,9.113477535077477,8.874415117955667,9.999892525288127,1.2371512392858108,9.999912002535712,6.742671009771987,2.967651195499297,1.596638655462185,3.6868686868686864,3.2341001353179974,1.9549477071600965,2.0508744038155804,3.2386747802569302,2.7536231884057973,1.5540540540540542,3.9393939393939394,9.99983285529949,8.88403692944993,8.69960988296489,10.124036696528506,9.995586625710553,9.627794795826835,9.984452736318408,9.985764921920596
2023-03-31,3.174061433447099,9.996292125142178,9.679223978649148,9.74000311996256,9.682652517200234,9.994533308550999,9.905819040896471,9.973001155019622,9.96668871898556,9.92603550295858,9.995001874297138,2.8876244665718347,2.647058823529412,2.5816023738872405,3.150684931506849,3.6346276257161043,8.799231508165226,9.973773335800661,9.978559793806074,9.942781321779721,9.240088974628936,9.227978074577319,9.220449177184106,9.999355736522007,2.5925925925925926,9.11358755051443,8.867093017327813,9.999903907202421,1.2552913148735434,9.999921345450675,6.51567944250871,3.141289437585734,1.7423616845582162,3.5608499678042502,3.016759776536313,1.883116883116883,1.9354838709677418,3.270524899057874,2.737835875090777,1.701244813278008,3.872549019607843,9.999830685250654,8.88188451656041,8.61111111111111,10.124855137746112,9.995607851404829,9.62555511454269,9.98411790864621,9.985585170022919
2023-04-30,3.2569116655428183,9.99630628464982,9.680543842163102,9.741223598337621,9.684083161948449,9.994557467698572,9.905892273002753,9.973111926178255,9.966349895802452,9.92743105950653,9.995027028102264,2.8774928774928776,2.598075499629904,2.5595238095238098,3.0891499654457495,3.5608499678042502,8.882057015092231,9.973529924817045,9.978631601980252,9.942998149149902,9.241211330232417,9.230135573125573,9.222648901602897,9.999356888368684,2.537313432835821,9.116795805839923,8.872751703272177,9.999913453507434,1.2717116173518375,9.999929177139007,6.1210240496508925,3.117687543014453,1.7218543046357617,3.527508090614887,2.997198879551821,1.7898193760262728,1.8032786885245904,3.3642999336429993,2.6900584795321643,1.7149958574979285,3.913572732805843,9.999831924863692,8.883587168397478,8.64314789687924,10.125613464758516,9.995617130009073,9.62533906814333,9.983775452259268,9.985413810204498
2023-05-31,3.3598937583001325,9.996328943936314,9.680883314984124,9.742575888628032,9.685184135798972,9.994570469871537,9.906584879196467,9.973172746012914,9.966426359586915,9.937225360954173,9.995048377353259,3.055555555555556,2.7219796215429404,2.6686217008797657,3.1833674164962504,3.6588459099556117,8.774209365040452,9.973517717668596,9.978792780174697,9.943439980608792,9.243053835660943,9.230887555760653,9.224710041555543,9.999358139116927,2.7007299270072993,9.11489464148365,8.87063202819806,9.999922044176106,1.2869579658436572,9.999936221366278,6.420901932712956,3.1926480599046974,1.7763157894736843,3.6427209154481885,3.1129476584022036,1.7898193760262728,1.7149958574979285,3.4683213585891575,2.7849927849927845,1.8032786885245904,3.964996982498491,9.999832411035397,8.879113513295394,8.550724637681158,10.12697070964867,9.995630631024268,9.62073804376683,9.98371335504886,9.985462580682677
2023-06-30,3.3687002652519893,9.996354678039866,9.681531705111098,9.743610780653894,9.685776681487534,9.994593250213567,9.90755479655111,9.973210707370239,9.966761010269643,9.929824561403509,9.995054010208523,3.2750504371217213,2.9228591648973814,2.7588703837798696,3.174061433447099,3.6507936507936507,8.753894080996885,9.973658361358991,9.978992861832022,9.943978564901471,9.24511327876781,9.232074703772817,9.225940289033897,9.999359126361055,2.647058823529412,9.110169076773722,8.863235912651048,9.999929315237154,1.3002022817404681,9.999942180974376,5.76091564222128,2.882562277580071,1.5824915824915824,3.682880606443462,3.188010899182561,1.816693944353519,1.7898193760262728,3.5149156939040207,2.790194664744052,1.6666666666666667,4.0155595451825254,9.999832780393836,8.871291062431148,8.652291105121295,10.128574961466228,9.995639167255378,9.621011142272417,9.983581795494844,9.985419977546766
2023-07-31,3.3862433862433865,9.996379451970679,9.682164333752876,9.744800306239632,9.68646631864428,9.994625216335042,9.908458021137044,9.973266356645516,9.96711338744935,9.932569116655428,9.995062264840364,3.279569892473118,2.947813822284908,2.841803865425913,3.178717598908595,3.6467598475222363,8.838154990124318,9.973821866176333,9.979187609134975,9.944504194927905,9.246942586902826,9.232970016797957,9.226796152537656,9.99935988119395,2.5925925925925926,9.115609318647731,8.86479092286822,9.999935914652585,1.3126574580835721,9.999947588054084,5.768091409225561,2.7483683828861496,1.5038232795242141,3.6588459099556117,3.2203389830508473,1.9159256265157638,1.850040749796251,3.544222078760491,2.836676217765043,1.5540540540540542,4.05116002379536,9.999833253294915,8.876227721214574,8.773006134969325,10.129999961000012,9.995651493277208,9.620975230731329,9.983455213262301,9.985370920315404
2023-08-31,3.4768427919112854,9.996398219627746,9.683731462710359,9.745666798072154,9.687163700978552,9.994641402666439,9.908996889454238,9.973366693575091,9.96728293097206,9.923954372623575,9.995082708837355,3.265993265993266,2.9725931131412513,2.9027679205110006,3.311036789297659,3.7578027465667914,8.905788379472591,9.973902046542864,9.979329088936055,9.944891740298777,9.248071609547752,9.235491540713898,9.227494998030112,9.999360740518183,2.7536231884057973,9.115788394015302,8.864378389120747,9.999941721871531,1.3240872503321144,9.99995234447804,5.7573186253712345,2.779783393501805,1.5469146238377007,3.7185929648241203,3.2750504371217213,1.8300653594771243,1.7695473251028804,3.573264781491002,2.997198879551821,1.5611814345991561,4.179278230500582,9.999834380600007,8.87485330900016,8.740554156171285,10.130683178797433,9.995671838819279,9.626419605499104,9.98327059807612,9.985276145883947
2023-09-30,3.4768427919112854,9.996411999492258,9.684828925140566,9.747072362597061,9.688127643118225,9.994681275430152,9.909384485109054,9.973495100905524,9.967321900207995,9.927166788055352,9.995098639872564,3.3466400532268796,3.150684931506849,3.145990404386566,3.3906146728354263,3.8118811881188117,8.994267323745348,9.973935772384342,9.97942794519674,9.94515389531396,9.248820328919846,9.238193910122117,9.229833181867193,9.99936174422538,2.7536231884057973,9.117450561786844,8.864744527784811,9.999946695649419,1.3339912287836668,9.99995641709252,6.366279069767442,2.872416250890948,1.5110356536502547,3.87630128597673,3.464052287581699,1.902834008097166,1.816693944353519,3.573264781491002,3.0891499654457495,1.5110356536502547,4.222992489890237,9.999835612024652,8.87549731131407,8.7146529562982,10.130459300901299,9.995687089734412,9.62816155636699,9.983099829308276,9.985184307218205
2023-10-31,3.4768427919112854,9.996424357022518,9.685070119137974,9.747904455788744,9.688851551075018,9.994691242673916,9.909973982480937,9.973639084801746,9.967337980050038,9.927272727272728,9.9951013530063,3.3642999336429993,3.2523616734143053,3.279569892473118,3.593850096092249,3.9867708959711363,8.954412379757423,9.97399486242502,9.979515869874973,9.945355250977867,9.249750542055233,9.238437578536125,9.230857977925623,9.999362415679473,2.7536231884057973,9.111727769432953,8.856150649534854,9.999951260732987,1.3427408882347849,9.999960154110383,6.44633972992182,3.0651872399445215,1.5611814345991561,3.9975990396158467,3.573264781491002,1.9484702093397746,1.9354838709677418,3.5897435897435894,3.311036789297659,1.5469146238377007,4.382022471910112,9.99983514835,8.867126386778912,8.644986449864499,10.129243383384988,9.995689543695097,9.622914718392712,9.983010244822372,9.985158580566646
2023-11-30,3.4768427919112854,9.996436557791752,9.685558322642317,9.748994723869096,9.689777229028167,9.99471263152329,9.910930686405404,9.973773632570136,9.967409200879668,9.93421052631579,9.995112366689801,3.211133740665309,3.0118798043326342,3.0410577592205983,3.455497382198953,3.861264579496624,8.859619112783669,9.974125691364188,9.979605839539172,9.945522044409733,9.251166410468423,9.238362174019011,9.231490447426262,9.999363154676992,2.7007299270072993,9.114156836760365,8.859773847544922,9.999955197409491,1.3496000260575676,9.999963375981956,5.636998254799303,2.7745664739884393,1.43101970865467,3.7185929648241203,3.297587131367292,1.8233851185609156,1.7695473251028804,3.556701030927835,3.178717598908595,1.5182357930449533,4.192799070847851,9.99983499575114,8.868998339689563,8.597475455820476,10.127147691692832,9.995699202202008,9.61956356331984,9.982925246730185,9.985144028642313
2023-12-31,3.4768427919112854,9.996449848220042,9.686266635711641,9.7499868743109,9.690602675049272,9.994743399023323,9.912119560600713,9.973907625307863,9.967535442533585,9.936628643852977,9.995127061861949,2.9725931131412513,2.7745664739884393,2.7953890489913547,3.215739484396201,3.6061381074168795,8.778998778998778,9.974323001921237,9.979703826849919,9.945688739511054,9.253020066228526,9.239242894528635,9.232569740224857,9.999364328667506,2.7007299270072993,9.112144180682211,8.857809896163499,9.999958834002054,1.3552909697489703,9.99996635166324,5.5456570155902,2.5317401045556385,1.3867355727820845,3.4895833333333335,3.1129476584022036,1.7763157894736843,1.7491749174917492,3.523316062176166,2.927864214992928,1.3941480206540449,3.979530403371463,9.99983572625423,8.865459364158047,8.745294855708908,10.12433882121501,9.995712129527991,9.615186288317824,9.982888725381153,9.98514424933892
2024-01-31,3.4768427919112854,9.99646382882329,9.687192079703458,9.751523163010745,9.691774699634445,9.994747347410442,9.913225930174642,9.974040457427908,9.967687661177985,9.927849927849929,9.99515487443857,2.9922915206727394,2.810927390366643,2.852037169406719,3.2750504371217213,3.6224489795918364,8.8116458704694,9.974552693610105,9.979802015314515,9.945868552606294,9.254993406691648,9.242229059000046,9.23613392100097,9.999365361426667,2.7007299270072993,9.103002251464348,8.843445283974662,9.999962088835762,1.3599447036461034,9.999969014485444,5.893223819301848,2.6416482707873437,1.3867355727820845,3.4895833333333335,3.1365820178448867,1.8433931484502446,1.8300653594771243,3.527508090614887,2.9873772791023843,1.3941480206540449,4.008388256440983,9.999833868001483,8.853138672737387,8.876404494382022,10.12122740321204,9.99575731862537,9.617306912202551,9.982801025058906,9.985098424903512
2024-02-29,3.4768427919112854,9.996477527793555,9.688525917758383,9.752552421769447,9.692841675241503,9.994776976914238,9.913953531756482,9.97416707736277,9.967829574422472,9.93573264781491,9.995165952839036,3.169398907103825,2.9873772791023843,2.982456140350877,3.3466400532268796,3.6588459099556117,8.853868194842407,9.97477073887081,9.979889823766417,9.94606509098622,9.256704088269128,9.244524692710419,9.237944278485642,9.999366310533187,2.805755395683453,9.112898718759618,8.856539109792827,9.999964831237952,1.3636994771305146,9.99997125773078,5.726495726495727,2.475545522949586,1.341991341991342,3.618379068283344,3.2750504371217213,1.8896999188969992,1.9354838709677418,3.523316062176166,3.0458970792767732,1.3494809688581317,4.096812278630461,9.999835182041435,8.864548595616931,8.849252013808975,10.118314285578595,9.995769219378667,9.622536104421611,9.982681883518348,9.985027474584138
2024-03-31,3.4768427919112854,9.996492828885081,9.689662663315024,9.753556184261113,9.693906910969766,9.994811582622953,9.914167118674216,9.974308443115744,9.96795599222124,9.923605805958747,9.995189925780554,3.145990404386566,2.9627023223082336,2.9577464788732395,3.3377748167888077,3.6507936507936507,8.90446976336547,9.974981125379934,9.97997500653245,9.946322433264305,9.25813243192939,9.246885873085207,9.240288994066658,9.99936755293582,2.7536231884057973,9.111111901233865,8.857231666567628,9.99996747886721,1.367435186605777,9.999973423152037,5.65406345067362,2.3954372623574143,1.3043478260869565,3.573264781491002,3.243243243243243,1.883116883116883,1.922455573505654,3.535875888817065,3.0362116991643457,1.3344887348353554,4.044073853484217,9.999836084383759,8.861455014949096,8.881431767337807,10.115436913171564,9.995790643442243,9.622776740413814,9.98267438234173,9.98503710797223
2024-04-30,3.4768427919112854,9.996508276623963,9.69060076050333,9.754461435713093,9.694770192477916,9.99482206009517,9.913577718261633,9.97445441006292,9.968030026199393,9.927901946647442,9.995198793937037,3.351063829787234,3.2065217391304346,3.1926480599046974,3.455497382198953,3.75,8.951232302045096,9.975138583749535,9.980044787478983,9.946633650685225,9.258874972207812,9.248735998317168,9.242119942097963,9.999367984629387,2.805755395683453,9.111075554133276,8.850874541929864,9.999969794663066,1.3711277935973767,9.9999753169356,6.101364522417154,2.4127465857359636,1.2587412587412588,3.7382592360676266,3.4296977660972403,1.9419822723609992,1.9549477071600965,3.523316062176166,3.178717598908595,1.2739965095986039,4.175888177052999,9.999835652819868,8.860559875299673,8.853211009174311,10.113075867122287,9.99579996051963,9.625445719593683,9.982609602977236,9.985008844781579
2024-05-31,3.4768427919112854,9.996524892995104,9.690617990563847,9.755421689693714,9.695252026574023,9.994844404116227,9.911837344251387,9.974617955896191,9.96803198529694,9.924528301886792,9.995216295211991,3.3155080213903743,3.169398907103825,3.1647300068352697,3.4426229508196724,3.730407523510972,8.889135747611643,9.975229389798995,9.980099560565012,9.947034858870367,9.258720861018112,9.248944767398195,9.243009189868435,9.999368846250947,2.857142857142857,9.117180202942615,8.858212874791624,9.999971962948646,1.3753928630881214,9.999977089888464,6.061441512406459,2.4299772899318697,1.2510936132983377,3.7185929648241203,3.4080421885299934,1.922455573505654,1.9289749798224374,3.5316946959896507,3.1600547195622437,1.2816041848299913,4.869436674950289,9.999836070948493,8.867308600639065,8.735777496839443,10.111245138766975,9.995817299648653,9.623022754346547,9.982650635854196,9.985072398865503
