Date,FEDFUNDS,GDP,CPIAUCSL,CUSR0000SAH1,CPILFESL,PCE,PRFI,PNFI,EXPGS,HOUST,DSPI,DGS2,DGS5,DGS10,AAA,BAA,WTISPLC,IMPGS,GCE,FGCE,GDPCTPI,PCEPI,PCEPILFE,PAYEMS,UNRATE,INDPRO,CUMFNS,M1,M1V,M2,VIXCLS,BAMLH0A0HYM2,BAA10Y,BAMLC0A4CBBBEY,BAMLC0A1CAAAEY,T10YIE,T5YIE,DGS3MO,DGS30,BAA10YM,MORTGAGE30US,RSXFS,TCU,UMCSENT,NETEXP,PI,PPIACO,M1REAL,M2REAL
2003-02-28,0.016129032245057247,0.0019150735035422155,0.005476451259553799,0.0004728132387684232,0.0005197505197477888,0.0009680028642275487,-0.0035816864571759106,0.009817804043002613,-0.0010473344214769634,-0.12088505126814847,0.0008103531688437248,-0.11046511621484582,-0.10927152314262534,-0.07249999998187501,-0.035656401939115616,-0.039455782307557044,0.08894960534034763,-0.002530359552805575,0.004693651986364515,0.02098192680419788,0.0006919126899193864,0.004209790028572079,0.0013803680981419187,-0.0010491652626742145,0.017241379307372268,0.0012464764546386675,-0.0010420805929581764,0.011517725861777807,-0.005225429702878659,0.005997621632799783,-0.049406480588726216,0.010856453557194836,0.015822784805119314,-0.055462184864628214,-0.07159353347076373,0.07182320438020812,0.17449664417819016,0.0,-0.023346303497403464,-0.042424242411386495,-0.018644067793450212,-0.015125547281368053,0.0016150325704604868,-0.030339805824874513,-0.005367100056156753,0.0006566129535742033,0.016999260901574158,0.003422109805083369,0.000723520714712323
2003-03-31,-0.007936507930209127,0.004445157637905202,0.0016339869280957374,-0.00047258979205823127,0.0,0.008332670958852144,0.006709619611801247,0.008695805126017303,0.0009248825504434753,0.0595457335788462,0.004676906715650625,-0.013071895416292889,0.03345724905819428,0.03234501346837065,-0.010084033611750665,-0.015580736541702365,-0.06467800390117989,-0.0005612160786373687,0.004193921487518539,0.01370363261857808,0.0012231244954788092,0.0025668807883475375,0.0016082095267064452,-0.0016175647600867689,0.0,-0.0027386151308459467,0.0010418146516884916,0.0014536057498170888,-0.004589377298154851,0.0037689948775926794,-0.016199797501984498,-0.07875894987126993,-0.05295950154113409,0.0035587188605766644,0.009950248753743729,-0.07216494841640977,-0.05714285711020413,-0.033613445349904694,0.0019920318721132757,-0.006329113922047754,0.020725388597456772,0.01759958660729206,-0.0023733054388594597,-0.028785982477737487,-0.0034152909413063958,0.004044663410855457,0.026162790697484242,-0.0007413997627509766,0.001917515402992093
2003-04-30,0.007999999993600007,0.006000006099570955,-0.0038064165307026138,0.0004728132387684232,0.0,0.0030217434145696615,0.01445552904927906,0.006894533013907421,0.0033741822751310875,-0.04808806488989103,0.003548487983255521,0.0,0.025179856106050516,0.015665796340557248,-0.025466893034725397,-0.014388489206562884,-0.15797317436190836,0.001704739281223672,0.003393489565264293,0.006730461546679633,0.0015329721019162756,-0.0016982952717696043,0.001108647450096779,-0.00043000184286503754,0.016949152539500082,-0.006258200495312632,-0.007349989525016786,0.007418756551885031,-0.0030596437244113945,0.006041883565734258,-0.27238421954468656,-0.16580310878681298,-0.09210526312759704,-0.06560283686780094,-0.019704433492683547,-0.038888888867283984,-0.1212121211386593,0.0,0.019880715701812907,-0.07961783436954846,-0.02030456852448317,-0.0023261892315734364,-0.005859122870260757,0.1082474226790175,-0.0015145662518174007,0.0024213075060530486,-0.03116147308759785,0.01246475738238242,0.010228092743070837
2003-05-31,0.0,0.007287092663623246,-0.001637554585143807,0.004725897920582581,0.002077922077911313,0.0020695526884534823,0.020122259830904942,0.006229340391576421,0.006449554752782437,0.0657334144856569,0.006220858454493452,-0.11920529793430108,-0.1929824560726378,-0.13367609251062312,-0.09059233447899095,-0.06861313867611483,-0.0038938053095966593,0.004075900250841333,0.003174892364883886,0.003125718685523261,0.001829894351321224,-0.0011470106839386494,0.0014383727294530512,0.00015363815142576087,0.01666666666388883,-0.00034390823510552357,0.0005786824286065912,0.014087889217950893,-0.0015363424195494195,0.010687929425734042,-0.0820367751022143,0.05434782607851736,0.03260869564035928,-0.09297912711708163,-0.09547738691068404,-0.07514450862708404,-0.13103448266825204,-0.052173912998109494,-0.07212475632122327,-0.027681660890075573,-0.08290155438982709,0.0006175219033147804,5.6975527022878466e-05,0.07093023255731469,-0.0005234104458097507,0.006198965414047476,-0.0007309941520416063,0.01670819287700921,0.011894779340969544
2003-06-30,-0.03174603172083651,0.007472873432906611,0.0010934937124051128,0.0,0.0005184033177785169,0.006444191731042408,0.02162272784281087,0.0057860573194206105,0.009461772252375685,0.06624785836660979,0.0037165864582833436,-0.007518796986827978,0.06956521736105867,0.05044510384259787,-0.04789272029733856,-0.029780564258655006,0.09168443496475884,0.006160162822004831,0.003085950605855395,0.001978140434350828,0.0018988533906410916,0.0010838150288876077,0.0005592698985616297,-3.072291007404197e-05,0.032786885240526774,0.0013230088495427904,0.004785997724646702,0.010576998973864778,0.0002697531853401034,0.005824590851866386,0.0025680534153791814,-0.09720176729054468,-0.014035087714373664,0.0,0.019444444439043165,0.024999999984374882,0.15079365067397324,-0.13761467877283068,-0.029411764699703344,0.017793594299717518,-0.013182674197140627,0.01134791032383057,0.0016839946313338887,-0.026058631921541075,-0.00028197943261909047,0.004344408565601131,0.009509875640018301,0.00850511748593264,0.0050641458473988515
2003-07-31,-0.17213114739989246,0.007518137864094913,0.003276897869998457,0.00282220131701398,0.002072538860092918,0.007454932723776842,0.02178802355935641,0.006366292534196733,0.013436887983167015,0.01606855918585106,0.014989318775217692,0.3636363633608815,0.3739837396853724,0.2683615818450956,0.10462776657854582,0.06946688205662889,0.0013020833332910357,0.008616767696778526,0.003548417011262667,0.003693438465857236,0.001980553516920425,0.0029385987523466266,0.0025026042327993612,-6.14477080004911e-05,-0.01587301587049629,0.005162417863035699,0.0034725184832587333,0.004452081543384827,0.0022775023477638752,0.0076098928607177254,-0.0015368852458229638,-0.07504078302201618,-0.08185053377870087,0.154811715448784,0.1989100816896704,0.26829268276323626,0.20689655158145068,-0.021276595722046078,0.11038961036571648,-0.07692307689618065,0.13358778623404816,0.010932114380390202,0.005419140133045799,0.013377926421255572,-0.0008805033748829163,0.0038391166858795863,-0.0021739130434625903,0.0018582046883906466,0.004488960820837263
2003-08-31,0.0198019801784139,0.006782374039312522,0.004354926510591489,0.0018761726078711518,0.001034126163386528,0.01225989428902773,0.01903408304664222,0.006879657788527679,0.016933211236018625,-0.033737480231927394,0.010266244168234373,0.08333333328703699,0.023668639046251903,-0.00890868596683549,0.07103825135318058,0.05891238669804944,0.026983094927601273,0.010812227416444855,0.004172636437586948,0.007287893144119741,0.001919832928844074,0.0033797676569935647,0.0011277957295681535,-0.00023812450070669023,-0.016129032255463145,-0.0021277788340725505,-0.004383662220411462,0.00987558320372486,0.004157927946142989,0.01030176554373936,-0.04412519240409822,-0.03703703703050493,-0.04651162788894902,-0.007246376810281299,-0.013636363633264575,0.038461538443047366,0.13714285706448978,0.054347826027882726,0.062378167629166106,-0.030303030291551906,0.06397306396229407,0.016875676783048903,-0.0019352182086545913,-0.017601760175824054,-0.0014216038074648528,0.00497281807071452,0.002178649237457028,0.002568126694246683,0.005259317808717233
2003-09-30,-0.019417475709303435,0.005761720329045864,0.0032520325203075464,0.0018726591760212222,0.0005165289256171373,0.00020376714509484729,0.015434138956621123,0.00535474891762528,0.01761865908094857,0.05782869612653692,-0.008275367183249236,-0.23076923065088756,-0.1763005779837281,-0.1101123595258175,-0.02721088434911382,-0.03138373751335464,-0.1044634377934643,0.012315071276315329,0.004548237522525286,0.009175173138672431,0.0018581783563242828,0.0031250400235258487,0.001392334565320833,0.0007606432429525192,0.0,0.006482857215163638,0.0086418999978495,-0.002079002079000513,0.004445180195091411,-0.003672131147540322,0.2195383789468847,0.009157509155831925,0.04471544713629448,-0.1058394160390804,-0.11981566817515768,-0.0694444444122944,-0.06532663313300163,-0.010309278339887352,-0.031192660544735278,-0.015624999993896497,-0.053797468345918094,-0.005522277984638334,0.006636789033063544,-0.017917133258477907,0.0015198871059832033,0.004581289051033269,0.003623188405770847,-0.002703856553290717,-0.007832582332836908
2003-10-31,0.0,0.0051245312451262985,-0.0010804970286272726,0.0032710280373678393,0.0015487867836781757,0.0017444007283188908,0.012909297314425479,0.0018840006616875798,0.016974568058161756,0.014440433212988943,0.003909623509090877,0.23333333317777782,0.14736842100092332,0.09343434341074892,-0.0034965034958921453,-0.008836524299140365,0.07211028631770551,0.014362074215859638,0.0050565047417115375,0.009556108149852967,0.002015037872970068,0.00012767641688747164,0.0018454382283559843,0.0014356785308478838,-0.016393442620263314,0.0013459995907139013,0.0014904711985392362,-0.0010030864197522772,0.0033171514564101505,-0.0021883638278264433,-0.2913732394237951,-0.14156079852240264,-0.08171206222501474,0.055102040805081125,0.07329842930018361,0.19402985064973646,0.10752688166261992,-0.020833333311631966,0.0037878787871613055,-0.03174603173343414,-0.0066889632095837905,-0.006026842238541381,0.0015032375913956568,0.021664766248327555,0.00895899759582416,0.003955126532741527,0.0057761732851569336,0.0015696347031941397,-0.0004267251889781956
2003-11-30,-0.00990099008920695,0.004243076108768753,0.0005408328826363088,0.0018630647414911163,0.0,0.007016295091134773,0.01002941373982347,-0.0027887358009503547,0.013612828215970568,0.05897305541430657,0.007300542890688549,0.11351351345215482,0.03363914372059961,0.0023094688216374866,-0.008771929823022436,-0.010401188705735377,0.02505769864737698,0.015267832341555715,0.005082682411292268,0.007732263967104769,0.0021208703142074946,0.0012638351652399361,0.001362604087794944,0.00032965600778907895,-0.033333333327777805,0.0067930788405122945,0.008964409415730226,0.00671970340618933,0.0008435089301029749,0.00032979898751705393,0.013664596272443121,-0.05285412261039024,-0.012711864401393195,-0.0038684719528300003,0.019512195117192165,-0.03749999998437494,-0.019417475718729395,0.010638297861023098,-0.009433962262370917,-0.03278688523246442,-0.008417508416091447,0.012861946979953659,0.006940077114782693,0.04575892857091796,0.018717988562774995,0.007047524011474995,-0.002871500358916972,0.00042741131215221656,0.00036592059523066786
2003-12-31,-0.019999999980000016,0.00412043958849091,0.0027027027026880934,0.0018596001859513998,0.0010309278350461738,0.0035089490823714134,0.010284611689334741,-0.004043017989815489,0.01224794493241295,-0.012481997119533133,0.0029890708490573057,-0.10679611645301157,-0.038461538450159274,-0.016129032254348214,-0.0053097345123346035,-0.009009009007656379,0.03409456416744626,0.01723073395887294,0.005316629997049715,0.006419830010973511,0.0024044684781032396,0.002205732354113067,0.001247354097353548,0.0008583559418157227,-0.017241379307372115,0.0005069116920700818,-0.00042561737795183415,0.00023016725487166206,-0.0006816891578045215,0.00036265928160484235,0.12193627450233224,-0.06696428569933847,0.004291845491720146,-0.04466019416608548,-0.03349282295849446,-0.01731601730852122,0.004950495047054105,-0.04210526311357333,-0.007619047617596379,-0.012711864401393195,-0.006791171475926803,-0.0024649835787537012,0.0006505302275732619,-0.011739594450248334,0.027565827431930038,0.002580458702338661,0.004319654427614649,0.0028481913984579202,-0.002987258428335286
2004-01-31,0.020408163244481484,0.004426785762850808,0.004312668463588672,0.0018561484918707637,0.002059732234798898,0.007131716643186958,0.013116464406997862,-0.0002848645831528902,0.012117932010284578,-0.07097715119102042,0.00332535554839579,0.0,-0.02461538460781067,-0.02576112411574668,-0.014234875442306973,-0.024242424238751035,0.06594090201972205,0.018788982791287365,0.005257374306619089,0.005224147340506575,0.00264524257271396,0.0038674384580641764,0.002567103325876661,0.0013170589766757944,0.0,0.0016664279855570284,-0.0004111617781827638,0.0007670476336574618,-0.0008242418301305864,0.0003954848809424472,-0.09175314035544767,-0.03110047846145919,-0.0641025640751698,-0.022357723572691585,-0.014851485144838755,0.017621145366686734,0.06403940883544873,-0.010989010976935162,-0.015355086369413625,-0.017167381966880967,-0.02905982905486156,0.004686396841635071,0.001815369523049378,0.12095032397277594,0.03241907965354168,0.00191491990281232,0.01362007168449022,-0.004544163589882848,-0.002965635318575672
2004-02-29,0.009999999990000008,0.004788035354567664,0.00214707461083108,-0.0004631773969408575,0.0015416238437742538,0.004158809056961335,0.01635361302105713,0.0063887109437774795,0.012078904381894982,-0.034013605442159076,0.003922153285089508,-0.09782608690335547,-0.05047318610395172,-0.04086538460556119,-0.007220216605194913,-0.02639751552385144,0.013714619200066655,0.018586690738013528,0.004789693030226198,0.004238230758750053,0.002674146210517472,0.002129034710842402,0.0016191587905055981,0.0004282458743098326,-0.01754385964604503,0.006202965985973677,0.008050903862942233,0.012110063616147655,0.00012918537728367666,0.006094648239963417,-0.12507516535627922,0.07160493825392472,0.009132420087154154,-0.029106029099977893,-0.03768844220158579,0.030303030289912037,0.1018518518046981,0.04444444439506164,-0.00974658869205716,-0.043668122251673346,-0.017605633799717257,0.007238816405115548,0.006375309083243267,-0.09055876685847238,0.031621249653524676,0.003452598697054698,0.00495049504946986,0.009700427960043159,0.004231700959797599
2004-03-31,-0.00990099008920695,0.005569594510829743,0.0021424745581031775,0.005560704355859258,0.0030785017957768897,0.007263320232823402,0.01898952181283336,0.011758671330844685,0.011832371449402074,0.08234019501620675,0.005586081632186117,-0.03614457829147907,-0.06976744183728656,-0.032581453625919514,-0.030909090903471062,-0.025518341303744963,0.058146229129011226,0.018522692338217482,0.005068895548454646,0.004697041078798479,0.0028689474738090447,0.0015428000556224576,0.0016791979949664303,0.0024231398388650043,0.035714285707908196,-0.0039042190754105194,8.583486955631005e-05,0.005149564558875278,0.0010009109293201987,0.006123217472452794,0.1505154639071809,0.016129032254348214,0.03619909500624478,-0.017130620981342496,-0.04438642296491214,0.0,-0.0378151260345314,0.010638297861023098,-0.03543307085916666,0.04109589039219359,-0.03225806451034797,0.01878390500192211,-0.003714462593408872,0.014830508474419076,0.03166898353642054,0.00516107891125755,0.007037297677642243,0.0033907883582886414,0.00372530458945192
2004-04-30,0.0,0.0054411843068210295,0.0016034206306702724,0.0036866359446835243,0.002046035805616162,0.0010371906949175926,0.016112757766623843,0.012668112881991106,0.007936252881791837,0.00250250250250125,0.005248330076793234,0.44374999972265616,0.2964285713227041,0.1735751294887112,0.07504690430111696,0.05728314238015,-0.0019042437431473355,0.01385588821883128,0.004975720954010469,0.005631917731100369,0.0025434662114910103,0.0018560840414418047,0.0026021467710535726,0.0020588840848260086,-0.03448275861474438,0.003878457003009906,0.003619279761959203,0.0008287500941756255,0.0014118636909946788,0.0061510422599375175,0.02688172042850186,-0.11337868478154678,-0.10480349340401603,0.13507625269388318,0.18579234967601294,0.016806722682013997,0.021834061125836576,0.010526315778393362,0.0775510203923365,-0.07456140347606953,0.11296296294204378,-0.011379795883427805,0.004080989358887012,-0.016701461377696167,0.02526474762584162,0.0050938283176098645,0.011879804332551624,0.0014080540692742774,0.0050500441118295335
2004-05-31,0.0,0.005378297005168066,0.004268943436476596,0.003213957759397496,0.0015313935681391096,0.008547957371224544,0.011706623370233232,0.011555049013712924,0.0032438364143198713,-0.010983524712925121,0.00824951971974141,0.09956709952399691,0.04958677684584391,0.02869757173759433,0.05410122163104683,0.0448916408599239,0.09784682474522097,0.008724097646541848,0.005278456807577878,0.007391206403182723,0.002227277735000186,0.003251581680194893,0.0013725636994163719,0.0021611913948055145,0.0,0.007414767314230753,0.007504532453320173,0.0057964468533529215,0.0015198917314137098,0.01322960974268345,-0.09831297265280327,0.09462915598602838,-0.009756097556216547,0.04414587331206421,0.0529953916928583,0.09917355367802755,0.08974358970523777,0.08333333324652786,0.04356060605235586,-0.03791469192515895,0.051580698826692147,0.018731092199383577,0.007602581455212934,-0.04246284501016494,0.019108692053996984,0.008534533438747207,0.013812154696037209,-0.003937007874010308,0.008142385809847125
2004-06-30,0.029999999970000024,0.005083351847722427,0.0037194473963671503,0.0018306636155522886,0.0020387359836797504,-0.002311502476609469,0.008080716322066786,0.009799045794413533,0.0014053997898105886,-0.077233720343222,0.0034633490248818844,0.06299212595945197,0.0,-0.008583690985282477,-0.004966887416396251,0.004444444443786045,-0.05610724925382053,0.006593662449682634,0.005066165971623729,0.007210506150551796,0.001961554234469266,0.002851615496672934,0.0015825150774862562,0.0007289681304245426,0.0,-0.00768717041809616,-0.006467931959308473,0.00561335229398577,0.0012657034804191348,0.0009098309629842165,-0.07483870967259106,-0.042056074756529095,0.02955665023174552,0.0036764705875593938,0.00656455142088289,-0.052631578927582155,-0.04705882351095719,0.2403846151534763,-0.005444646097015375,0.009852216743915173,-0.011075949365336128,-0.014289579950876267,-0.007540110707371579,0.05986696230532288,0.016272331928411887,0.0038592964824116357,0.0027247956403082594,0.0033879164313898777,-0.0033327328409285344
2004-07-31,0.2233009706569893,0.005346530774515613,0.001058761249332609,0.0018273184102246614,0.0010172939979603245,0.009720996371480526,0.007488156381315821,0.009487321215513813,0.0039021449011333877,0.09518599562358031,0.0031386478124403516,-0.007407407404663929,-0.026246719153216108,-0.025974025968403914,-0.031613976700230535,-0.023598820055516417,0.07022619673671143,0.009715116285527813,0.004955905042638144,0.005553891676271166,0.00211572004369259,0.0009269581991841653,0.0011819007452048042,0.0004628610885582222,-0.017857142853954018,0.007377367816247742,0.008837774783835607,-0.003423637987493663,0.0008504853803485041,0.001706375785410983,0.06834030682926501,-0.019512195117192165,0.004784688992926097,-0.02380952380516307,-0.02391304347306226,-0.011904761900037714,-0.008230452671510109,0.054263565849408134,-0.031021897804558194,0.03414634144675802,-0.027199999995647987,0.011350318336835174,0.007475168545012195,0.011506276150507345,0.020399994162703414,0.0044651796083452705,0.0013586956521647988,-0.002532357906580504,0.0011447507154689071
2004-08-31,0.13492063481355498,0.0056353446066318875,0.0005288207297697806,0.0013679890560812356,0.0005081300812982022,0.00421274994233225,0.008618371672183836,0.00943616917559145,0.009385129969884094,0.0109890109890055,0.0035519429907578315,-0.10074626861912453,-0.10242587598317358,-0.08222222220395065,-0.029209621988108298,-0.0241691842863793,0.1044482673849976,0.015685663035751828,0.004550799417111852,0.002516978223494906,0.002422603463298922,0.0005131093173078494,0.00038521758579922064,0.0006522563519150501,-0.018181818178512332,0.0008540868966516467,0.004471375768785114,0.010903659447340557,0.0004064572849908478,0.004250712432139137,-0.0019582245429531926,0.009950248753743729,0.04285714283673462,-0.06378986865594934,-0.07795100220981058,-0.056224899575813336,-0.05809128628294972,0.10294117639489611,-0.030131826736321553,0.028301886779102906,-0.04276315788770339,0.0020288281516435873,0.0008786156694862059,-0.008273009307049887,0.027078377888468567,0.0045051330608986565,0.004070556309334625,0.009590973201678933,0.003640959287454117
2004-09-30,0.12587412578610213,0.00582178559774156,0.003171247357277228,0.0036429872495280895,0.0030472320974959223,0.008450602060059865,0.009654164358433175,0.009007518771911452,0.012323707141228336,-0.05879446640313301,0.00240766013158898,0.09128630701606366,0.015015015010505948,0.002421307505466944,-0.033628318578118946,-0.02941176470132951,0.022474410324377633,0.01725227033469117,0.00433285725232538,0.0016103410808433406,0.002562134726671651,0.001976334025442485,0.0018756598968776449,0.0011141765704583957,0.0,0.001123570304836509,-0.0002633009114328716,0.005910165484629204,0.000999969471009686,0.005627774254913502,-0.12753433615908863,-0.056650246291465346,-0.03652968034861662,0.0,0.009661835746458503,0.0085106382942508,0.0264317180500301,0.11999999991999995,-0.03300970873145441,-0.018348623844794222,-0.017182130581240275,0.018052309327257952,0.0010322327104079108,-0.01772679874851174,0.026010040683095096,0.003204937389612834,-0.002027027027013408,0.0029337803855784984,0.0023385500989378753
2004-10-31,0.09316770180548584,0.006469170404017908,0.005268703898813126,0.0013611615244946541,0.0020253164556859765,0.006665467841514559,0.011151038277701709,0.008946039099567241,0.012854728570199052,0.08766404199470464,0.004560246164743801,-0.026615969571628848,-0.023668639046251903,-0.02173913042953158,0.0018315018311663525,-0.009569377988904344,0.15625680086711083,0.01481606530116937,0.004835780616834068,0.003734560489637016,0.002723359964221598,0.004294417257511481,0.0021697083911652875,0.0026649909526585357,0.018518518515089098,0.008899528779351112,0.00863802547544645,0.0021298472385413935,0.0029855373204885445,0.0036572869866786724,0.21964017989358017,-0.05221932113519082,-0.009478672981289737,-0.018036072140674105,-0.01913875597628261,0.021097046404600327,0.06866952786752387,0.06547619043721661,-0.008032128512443355,-0.014018691582234372,-0.013986013983568892,0.006740829435864874,0.008673795196353069,-0.026539278131353084,0.018254345945691582,0.004826665347905093,0.015572105619393633,-0.0054325114918436345,-0.0008674324000953485
2004-11-30,0.09659090903602785,0.006639762774648214,0.00471698113205063,0.0009062075215183999,0.0020212228398079055,0.005644805944908836,0.01168186919793356,0.008142265258281515,0.010346699960674404,-0.1399613899613224,0.0006060071839396411,0.17968749992980954,0.1272727272341599,0.07654320985764378,0.009140767822826152,-0.0016103059578727022,-0.08789760963508572,0.0081498395968111,0.0052514191288762346,0.007414388850714064,0.0025877046081089947,0.003853420843229774,0.002152639457607103,0.0005587646770113598,-0.018181818178512332,0.002453222233357965,-0.0008682386717250965,0.00469036277024214,0.005559100815278172,0.005041858419588692,-0.18623232942924198,-0.12672176305048988,-0.06698564590096376,0.0571428571311952,0.07804878046876866,0.07851239666177172,0.10843373489621116,0.17877094962079826,0.0020242914975658896,-0.04739336490644869,0.014184397160605617,0.003598597157040464,0.002082511954198853,0.011995637949705547,0.004318123550089204,0.0012008701386906112,0.00933333333327115,0.003921568627445424,-0.0005688111846239924
2004-12-31,0.11917098439421203,0.006663668660050224,0.0,0.0018107741059221138,0.001512859304077005,0.007093374385693948,0.012464982102175516,0.00795498340298387,0.009516722032937682,0.1459034792367307,0.03727439903978095,0.01986754966229553,-0.024193548380593212,-0.027522935773503936,-0.009057971012851785,-0.008064516127731501,-0.10586050350586344,0.004543468754872896,0.005479954809156414,0.009270094456778828,0.0025878572697918293,0.0005324549889729057,0.0012838713659492048,0.0009357854938155074,0.0,0.007805783663678202,0.006536115999560529,0.0024071777664290226,0.007271476973648773,0.00336000500093715,0.003776435045031911,-0.022082018920478806,-0.046153846130177444,-0.021235521231421604,-0.02941176469922808,-0.019157088115265414,-0.0434782608538121,0.05213270139709366,-0.008080808079175602,-0.04477611938070833,0.015734265731514964,0.012107624832448123,0.007287515762833696,0.04633620689605238,-0.004182267900708714,0.03434105097576217,-0.007926023778019096,0.0013950892857123396,0.002905583513059224
2005-01-31,0.05555555552983523,0.005739748667609661,-0.0005216484089696019,0.0018075011296799356,0.0020140986908257384,-0.0007878274775408166,0.012273226797992436,0.0076184651163049245,0.010099056804293155,0.04995102840350149,-0.03583940211044424,0.06818181815968122,0.022038567487041735,-0.023584905654815004,-0.020109689210217503,-0.02113821137867684,0.0810062312466882,0.00453082401618997,0.004798673839158444,0.00753075976355485,0.00248600331596796,0.0013118649521501303,0.0036000937010245656,0.0011007818567023207,-0.01851851851508926,0.0035272630217913267,0.005057313663379597,-0.010697132877302683,0.007064338186554631,-0.001993676307960405,-0.035364936039475846,0.06129032256087407,-0.059139784914441024,0.007889546349528695,0.011655011652294827,-0.027343749989318784,-0.02272727271866393,0.06756756753713168,-0.02851323828339864,-0.06249999996744786,-0.025817555933594135,-0.010231416152093454,0.002875638943902288,-0.01647785787830604,-0.005373211681772649,-0.026024636909738164,0.004660452729662827,-0.005990526609074902,0.0014933843075172505
2005-02-28,0.09649122802785481,0.004020854801245802,0.004175365344445909,0.0036084799278141766,0.0020100502512462094,0.007225484542875414,0.010614892658818077,0.006738696704687438,0.010457073288267052,0.02938432835819525,0.003005879632687704,0.09118541030663052,0.07816711588189566,0.053140096605521873,-0.02985074626308757,-0.03322259135660743,0.02412467976037299,0.00656592654609455,0.003369828421279255,0.0033639744745242164,0.002171641087726221,0.0027809707441535042,0.0016584562843005204,0.0019129531025237282,0.018867924524742,0.007221639887907826,0.007005670711753159,0.008532548731144816,0.005062405208108727,0.003964104564962258,-0.05772230888785319,-0.13981762913683354,-0.09142857137632648,0.03718199607882926,0.0529953916928583,0.06827309234205896,0.09302325577789787,0.08860759489932167,-0.0440251572234748,-0.08333333328703711,0.005300353355954045,0.013013320031277763,0.006377672031038437,-0.0146596858637209,-0.00046293133801081506,0.0034839465209326867,0.004638833664647779,-0.001261387526277107,-0.002863022277891219
2005-03-31,0.051999999979199955,0.00389135988718645,0.0036382536382346693,0.005393258426942002,0.0035105315947666907,0.004591604257456354,0.011787877094700389,0.007681936248548089,0.010979510016003606,-0.15541458994102608,0.006553597892309586,0.05849582171072539,0.04499999998874993,0.03211009173575449,0.03846153845414205,0.04123711339497632,0.13216593704123072,0.00895511466827124,0.0033935422013936342,0.0018272347174693568,0.0024684969832103687,0.0029951190651900587,0.002465168759781302,0.0009095487585786918,-0.037037037030178355,-0.0014124337662648097,-0.00646407101244582,0.0005834731237689435,0.0044234059269567475,0.001259152170871474,0.16059602647677182,0.24381625433080695,0.03144654086072533,0.07169811319401921,0.05470459517402525,0.018796992474136402,0.017730496447613393,0.08527131779640637,0.046052631568848104,-0.05454545451239661,0.06151142353927736,0.0024986940913038044,-0.002395231863624428,-0.015940488841488413,0.00525829768599474,0.006340747080046346,0.013852242743971914,-0.003788941902885569,-0.002243158366980038
2005-04-30,0.060836501878008986,0.0042081605377432985,0.00310719834281143,0.0,0.0004997501249350054,0.009304056568662856,0.012174561853534424,0.008067142739020981,0.007253476029539728,0.10568669527891326,0.0059438118919855655,-0.03684210525346252,-0.06698564591698904,-0.06444444443012347,-0.012962962960562466,-0.0016501650162293105,-0.023384275455286666,0.00833051804445551,0.003959504445834445,0.0027864362917151696,0.0026296841758944745,0.0028018433179378506,0.0011500299741715291,0.0027111464920317628,0.0,0.002076020511309949,0.002480341702016999,-0.009913258983883826,0.003759344810182308,0.001956217978574508,0.0920114122616255,0.19034090903683507,0.07317073166270084,-0.010563380279830323,-0.04149377592500132,-0.040590405889080985,-0.0487804877878814,0.014285714280612259,-0.025157232699128302,0.096153846092209,-0.04304635760876712,0.008137852297317004,0.0009884936848187466,-0.05291576673808937,0.010308630743199095,0.006204157365261987,0.008458035133321754,-0.012114382307350203,-0.0009292565947239148
2005-05-31,0.07526881717732299,0.00551364527060632,-0.0005162622612260097,0.00044702726866149183,0.0014985014984940704,-0.0007835545722712123,0.013657027996707984,0.009091398603820008,0.0023977969622459585,-0.017467248908288466,0.004867894662661921,-0.01639344261847175,-0.03589743588823146,-0.04988123514254601,-0.03377110693550255,-0.006611570246841069,-0.060520361989809215,0.00703768916477927,0.0054861092329342226,0.005980785145817504,0.0030787936728305094,0.0005637047657493325,0.0020530116948092917,0.0012882447665056266,-0.019230769227071107,0.0009354817679267075,0.0008488425796586754,0.005153500699399872,0.003912484782388966,0.0028201313995284798,-0.1319399085478812,-0.014319809065794912,0.07954545450025821,-0.05693950176922789,-0.028138528132437522,-0.08846153842751478,-0.0952380952032094,0.0211267605559413,-0.03440860214313796,0.0935672514072707,-0.0224913494770776,-0.006531472214906484,-0.00026582232882388574,-0.009122006841401084,0.015533531752922674,0.0049941894526555645,-0.004516129032228855,0.006131470126898527,0.0032104173542550356
2005-06-30,0.0133333333288889,0.0058353131513167265,0.0005165289256171373,0.0008936550491469838,0.0004987531172044666,0.009433091932283528,0.012759371021995522,0.008396288874832836,0.00046239375399177805,0.02123456790122408,0.0026433334052604874,0.01666666666203705,-0.010638297869510982,-0.014999999996250013,-0.03689320387633149,-0.024958402658076716,0.12903873168514873,0.007333761400375078,0.005933677752683135,0.0068645433643689325,0.0031574748105879904,0.0006246249188523718,0.0006951304284114079,0.0018850000374007803,-0.019607843133410158,0.0043752862493358306,-7.606481229009804e-05,0.010693620449710279,0.0038710677163411346,0.004959980221884868,-0.094055680956053,-0.06779661015307584,-0.015789473675900174,-0.011320754714845067,-0.004454342983417844,-0.04219409280920084,-0.06477732790899708,0.048275862052318715,-0.04677060132588627,-0.005347593580028029,-0.021238938049338258,0.030529266740893807,0.003067709530486731,0.10471806674217808,0.019752607862874586,0.003239647939143968,0.0,0.009778911564611959,0.004516090441438986
2005-07-31,0.0723684210288261,0.005578656961601061,0.006195147134712556,0.0026785714285594456,0.001495513459613738,0.011469828866496237,0.010799315076419715,0.006815013137813933,0.0028932384555294174,-0.006769825918758816,0.005272729229212504,0.09836065571083026,0.107526881691525,0.08629441622175277,0.020161290318515795,0.015358361772123122,0.043370067542777016,0.01099792752436606,0.005687971285533762,0.005266113353899869,0.0031994982493864874,0.004235006119899249,0.0014624159110673458,0.0026728585400816593,0.0,-0.003176586723564242,-0.005581046249585394,-0.006377273715482139,0.00402801472869384,0.003966850658834886,-0.03903654484725601,-0.14285714282003717,-0.10695187160056058,0.043893129762615724,0.07158836687436508,0.03964757707504506,0.004329004327130208,0.08223684207821157,0.023364485975849333,-0.048387096748179016,0.04339963832849904,0.008138551524330417,-0.004543517683492888,0.00520833333327908,0.025368325667924383,0.00574395122880487,0.012961762799656761,-0.014175438596471366,-0.001339804090868092
2005-08-31,0.07361963187925785,0.004513957132905051,0.006157003591553779,0.0013357079251944599,0.0009955201592782136,-0.0004178996589033512,0.007163922766209788,0.004275097473751645,0.00862055607733668,0.019961051606611508,0.005641129938664033,-0.04477611939184667,-0.06067961163575737,-0.060747663537208646,0.005928853753769051,0.0016806722686250612,0.1068143100492876,0.016071690089268318,0.004534319331121072,0.0016947116727596078,0.0029344653579369286,0.004034322209442928,0.0008153232087127353,0.0014743441774574156,-0.01999999999599993,0.003291005651573847,0.003191222162825242,0.003500838742612998,0.004069305100430204,0.005865506837985561,0.08902333620665306,0.10909090905785133,0.059880239485101704,-0.04570383911413093,-0.04592901877955548,0.004237288133797857,0.05172413790873964,0.06990881456841677,0.013698630133858873,-0.03954802257652657,0.0,-0.011080632814493459,0.001876471437293913,-0.0766839378230396,0.028993155033300102,0.005805858897738773,0.008317338451642134,0.0002847380410019373,-0.0011329079959449628
2005-09-30,0.034285714275918394,0.00411816763341515,0.01376848546652855,-0.0013339261894116383,0.0009945300845301966,0.0056835515982863,0.004781296931482789,0.004029772781227769,0.012703140829596013,0.026730310262517074,0.006109762847532183,0.08854166664360891,0.08010335915242797,0.07960199002994983,0.007858546167414831,0.011744966440982435,0.009235031552882241,0.01732334949119426,0.004051065090648519,0.0011222753808789463,0.0025771146350431506,0.009650752030182588,0.002212954293955585,0.00042380757648982924,0.020408163261141116,-0.019370430142742517,-0.013052175658988065,-0.0006541173050362939,0.0042635117165384555,0.005054811205845731,-0.05396825396397075,-0.0327868852369435,0.02259887004372947,0.06896551722816759,0.06783369801579123,0.0801687763374815,0.11475409831362547,-0.008522727270305988,0.00225225225174494,0.07647058819031148,0.024263431538256004,0.0020222805648194074,-0.02078634380904791,-0.1369248035899334,0.02517652306218755,0.006412670910391535,0.029187817258698012,-0.012951892968953986,-0.008446752626549587
2005-10-31,0.04419889501541458,0.005119722884153608,0.0015090543259480577,0.005342831700777713,0.0034773969200025396,0.004280706485101353,0.004654035448550936,0.007161202632442642,0.015422332785546378,-0.03998140399812181,0.007172933285371881,0.05263157893477729,0.06459330141995387,0.0529953916928583,0.04288499024505161,0.04477611939555944,-0.04880280616060993,0.0156016250539533,0.0049813082039213636,0.004755590428370998,0.002427899604996131,0.0015990958495456485,0.0028753412192554883,0.0006986146619894116,0.0,0.012224433332785308,0.012342706149431837,0.002763636363634321,0.005105164291340427,0.005302066290976595,0.28523489930493,0.019774011293849102,0.011049723750801266,0.04838709676552195,0.04713114753132567,0.0039062499984740375,-0.029411764695069228,0.08595988536218908,0.04269662920388828,0.005464480871330889,0.04060913704896634,-0.0006244507890933534,0.010748242026834392,-0.03511053315949144,0.015902178741043094,0.0074478138420793144,0.02466091245360875,-0.0030281182408031645,0.0036723759068049127
2005-11-30,0.058201058185661146,0.006469136654665049,-0.0050226017076593545,0.003100088573945476,0.0024752475247402216,0.0008614420764110159,0.005198391209255575,0.011696906652302186,0.015357324265611877,0.03970944309925438,0.00415966386554582,0.00454545454442139,-0.006741573032192961,-0.017505470455688094,0.013084112147087136,0.01428571428344669,-0.06525573192135233,0.010148590486531836,0.006302872404876408,0.010533066949124568,0.00218500012722542,-0.0020887101614299004,0.002552563451131668,0.002636543231882101,0.0,0.01099634906682933,0.006811616509083902,-0.0017406440382928075,0.005753703405384995,0.0027274645128232476,-0.2127937336675722,0.01662049861035445,0.032786885227985216,0.008547008545547642,0.0,-0.0778210116428711,-0.10984848480687558,0.0474934036814002,0.012931034479971867,0.0054347826057419705,0.021138211378676695,0.009095623214452479,0.009508308632777395,0.09973045821968006,0.001406108998463621,0.0044672294818567234,-0.015042117930114068,0.004628290425217555,0.0075278169330871185
2005-12-31,0.039999999990000035,0.007340201568819235,0.0,0.002649006622504836,0.0014814814814742218,0.0039010976727544356,0.003495113364928553,0.014466808197111868,0.01565688575048489,-0.0712622263623329,0.003054521109669427,-0.002262443438402114,-0.015837104068815198,-0.022271714917088823,-0.00922509224922043,-0.010954616586704973,0.01938250428783225,0.0068614578774405435,0.00723269792646384,0.013285670017915134,0.0022779111736814313,0.0,0.001037732433952684,0.0011777690535625576,-0.01999999999599993,0.004827613085274296,-0.0009551339714249867,-0.001816332461492432,0.00605970302216526,0.0035616067805774093,0.0008291873962828026,0.010899182558338107,-0.037037037017440634,-0.04067796609480038,-0.011741682972261998,-0.016877637123680334,-0.021276595735627093,0.0,-0.017021276592123148,0.0,-0.009554140125867253,0.00054260572034101,0.003343862148309132,0.12132352941027796,-0.008106306877970225,0.0034857702905114227,-0.004276114844201055,-0.0012957097610116347,0.004048341965825999
2006-01-31,0.031249999992487953,0.0066863547279335505,0.006057546693558605,0.0017613386173414547,0.001972386587761365,0.010076716660541572,-0.0019412688287624425,0.013253486670041203,0.015080109611709063,0.13991975927776332,0.015007091606873274,0.02947845804320214,0.027586206890210095,0.03189066058499087,-0.01489757914061499,-0.012658227846098392,0.10230523304556118,0.005673947528800192,0.006756345988289681,0.010468051672863637,0.0025220665477535546,0.004847770386440173,0.0022420713846327796,0.001960639242379388,-0.04081632652228241,0.0015790177427539433,0.005908270060475003,0.003857631559790448,0.005227923494432124,0.006319257262652515,0.0729080364479777,-0.07816711588189566,-0.02197802196594616,0.014134275615877349,0.021782178213508543,0.08583690983440465,0.12173913038185266,0.09319899241984902,-0.010822510820168248,-0.016216216207450708,-0.01607717041542162,0.028311848229352995,8.672500368480017e-05,-0.0032786885245543003,-0.01071649529139463,0.017091890796176474,0.007975460122650527,-0.002162318004898137,0.00029647198339748104
2006-02-28,0.04662004660917952,0.004627348841673756,0.0005017561465102487,0.0035164835164681095,0.0019685039369982146,0.002689712950306114,-0.00857675931016597,0.008723384853301935,0.012672893604561667,-0.06775186977559712,0.0049832009617059,0.03303964756981513,0.031319910507534826,0.004415011036552883,0.011342155007307647,0.004807692306921741,-0.05922759883896771,0.005841132372585068,0.0048808230321066605,0.003791181600182224,0.0026181787005428005,0.0005985586707137045,0.0016116423116048913,0.0022669374192357226,0.02127659574015384,0.0004249594912672443,-0.004393860915074806,-0.0005075406032479248,0.003497762307378691,0.004032618076842405,-0.04710424710060967,-0.014619883036660801,-0.07303370782413843,0.006968641113768536,0.017441860461736045,0.0,0.03875968990745752,0.04608294929813761,0.0,-0.06593406589783848,0.02287581698972612,-0.006753570675170913,-0.0010814908965090953,-0.049342105262616856,-0.006373735256342944,0.005797836682187433,-0.01521606816789278,-0.0013002022536821593,0.0031120331950198247
2006-03-31,0.022271714917088625,0.0037973926112039153,0.0015045135406142349,0.00438020148924932,0.0034381139489026474,0.004056728232189487,-0.015309885015384486,0.007190343638430953,0.011736615917483043,-0.07078810759789014,0.005766163660899876,0.027718550100699645,0.04555314532634421,0.0681318681168942,0.03364485980679547,0.02232854864077704,0.020606847314285075,0.007656397687503673,0.004061963656810007,-0.0006937806293935848,0.003139292499222885,0.0019381699846627793,0.0027618006940194066,0.0022765449562372744,-0.02083333332899298,0.0022675251887590685,-0.001875158630820074,0.0010881392818272847,0.0033207086130655748,0.0021638284943603053,-0.0769854132838747,-0.07121661718955002,0.024242424227731887,0.05017301037194239,0.043809523801179216,-0.007905138336796395,-0.037313432821898,0.019823788541889,0.03501094091137619,-0.005882352937716268,0.014376996802815154,0.002180085017068997,0.0007242548484058646,0.025374855824390172,0.00022127134476590332,0.00623277430511706,0.0024721878862639375,0.001880514971789654,0.0005909292362237876
2006-04-30,0.04357298473996235,0.0028770396300204846,0.005007511266875276,0.003488879197542495,0.0024473813019948733,0.006427312244740914,-0.01781751222011827,0.006447945085309794,0.0076458528350709,-0.07516505840524369,0.004381149873952588,0.010373443981250285,0.02074688796250057,0.043209876534318944,0.05605786617431134,0.042121684860823384,0.10794912559446822,0.008577329830144961,0.0028252381895043175,-0.0029882374746876507,0.003069681048065466,0.004644997969996955,0.00305356308897175,0.001242272550187067,0.0,0.002960627616435924,0.0017736777118574976,0.0044927536231851835,0.003801682679679412,0.004717608956062028,0.01755926250943284,-0.028753993601037017,-0.011834319519624673,0.018121911034905687,0.020072992697066867,0.0677290836383551,0.03488372091671168,0.01943844492020765,0.06976744184571494,0.0,0.03622047243524094,0.005273180020506795,0.0013669091494755217,-0.01687289088844912,0.010294013675082795,0.005164789917470378,0.012946979038144735,-0.006208489748763875,0.0005019932083269795
2006-05-31,0.03131524007696975,0.002669000811142977,0.0029895366218088354,0.003911342894376769,0.0029296874999856673,0.004373558466425272,-0.01879049394097048,0.0076587287662382006,0.0035428442930789325,0.06644700713889816,0.0020443895675404436,0.03490759752876639,0.024390243897481678,0.009861932936910825,0.01883561643513094,0.010479041914598988,0.01793657626606491,0.009525463669797448,0.002148237944283778,-0.002956663067225746,0.002979796208831603,0.0026861591489548095,0.0025070435986521765,0.0002716393803685466,-0.021276595740154027,0.00025131076805598907,-0.004181347477373556,-0.0003606983119316399,0.005346960141131151,0.0018693514675141964,0.4184641932339549,0.026315789465027724,-0.005988023948510171,0.02427184465626675,0.019677996418662313,-0.014925373128759202,0.0037453183506572707,0.025423728808172962,0.027667984184255454,-0.029585798799061685,0.006079027354699241,-0.002377844810748967,-0.0014343473595578645,-0.0949656750561218,0.020523295970910863,0.0019235050536531848,0.009129640900735668,0.0011622838878380154,-0.0019774511540044393
2006-06-30,0.010121457487829628,0.002649644387619002,0.0024838549428589972,0.0038961038960870545,0.002434274586161469,0.003011330401438298,-0.017486218765256436,0.007891502202700807,0.0021957888172669734,-0.0720906282182945,0.0037572341908308307,0.02380952380479972,0.011904761902399771,0.005859374998855639,-0.010084033611750665,0.004444444443786045,0.00028192839018486177,0.0074182671412784265,0.002144249082375969,-0.0010668447895412886,0.002465222064680663,0.0024655942911716647,0.0025245909447862277,0.0005945085029395099,0.0,0.0033675286756274115,0.00114769212428121,-0.00930937432343998,0.005854433760608101,0.0049952251524270925,-0.20437956203136384,0.07371794869432116,0.0060240963819132,0.017377567137855095,0.014035087716835962,-0.011363636359332048,-0.018656716410949084,0.016528925616419658,-0.009615384613535468,0.01829268291567521,0.0241691842863793,0.004319533614672728,0.0015578640531043405,0.07332490518238542,0.016858962199166848,0.0037063042724707093,0.0018094089264063542,-0.010883761427933705,0.0030755581842368818
2006-07-31,0.05010020039076148,0.0031473342413150212,0.005450941526236587,0.00344976282879057,0.0019426906265083196,0.009093265367833362,-0.01657240234695402,0.007684052335278131,0.004946054501201241,-0.03607103218643947,0.0029985610931663265,-0.036821705419220675,-0.03725490195347934,-0.031067961159015955,-0.006791171475926803,-0.0029498525069396177,0.04861894024734194,0.0028557422899088123,0.0032409848273696256,0.0023077482591736215,0.0018701287316449922,0.003417327862415118,0.0009740336872997837,0.0014230385540754547,0.02173913043005683,-0.0006532727246960182,-0.005234063467386784,0.0012383449883441194,0.005676523829026538,0.006315327826912287,0.1429663608453389,0.02985074625974607,0.005988023948510171,-0.02639751552385144,-0.029411764700793798,-0.011494252869159215,-0.034220532306379975,0.03252032519664224,-0.0038834951448770806,0.0,-0.008849557520818722,0.0031560968364770436,-0.0025787898248852336,-0.0023557126030347127,-0.0008687171066163196,0.0025945735335787846,0.004214328717614707,-0.007629107981209531,0.0005896400247647072
2006-08-31,0.0019083969462006468,0.0037913468633174606,0.004435682602245293,0.0034379028792289367,0.0024236548715345437,-0.00017123654187786272,-0.014536952893740336,0.006546535273944665,0.010412097316664828,-0.05008635578580882,0.0023074067757499267,-0.03621730381565039,-0.04276985742509778,-0.05010020039076148,-0.02905982905486156,-0.025147928990362722,-0.018277113290978662,-0.0035983514865868837,0.004921731484374786,0.006456233138401432,0.0011145460286897042,0.0031464328642773747,0.0020411069444861147,0.0012159212434625832,0.0,0.004340485637252877,0.0051762866223212176,-0.0016733357584563704,0.004549750101506123,0.004561500355912661,-0.17658862875072978,0.011594202895190095,0.02976190474418937,-0.03349282296116542,-0.039215686267519596,-0.031007751925966012,-0.03937007872465748,0.001968503936620331,-0.025341130599348685,0.023952095794040684,-0.04166666666046617,0.003454614995496652,0.002260414094931789,-0.03187721369501919,-0.028705900772692312,0.0021815740896120616,0.00659472422058393,-0.004435245416906512,5.8929255428786694e-05
2006-09-30,0.0,0.004071766365683671,-0.004906771344431272,0.002141327623117168,0.0019342359767797052,0.0035537667787025914,-0.012783192484695685,0.005742352032231796,0.013284804024403747,0.04242424242421671,0.0027324865627719585,-0.016701461374383844,-0.023404255314169373,-0.021097046409051367,-0.02992957745951943,-0.024279210921960687,-0.12566735112764316,-0.005914221067403385,0.005751639580448913,0.00754234311047947,0.0009707161378336782,-0.0026196769456373484,0.0015750828990812467,0.0010022825705255692,-0.04255319148030787,-0.001811785559417194,-0.001259220879234429,-0.004955545838795364,0.0038352080868142135,0.003644198926985318,-0.02680747359652255,-0.014326647560364933,-0.005780346817468012,-0.0165016501622934,-0.020408163261519716,-0.051999999979199955,-0.07786885242710291,-0.031434184669659325,-0.02999999999400007,0.0,-0.020186335400592306,-0.006418216916059048,-0.003993221673266522,0.041463414633640755,-0.04170567934233272,0.0032696443050020353,-0.014889815366200775,-0.0008910008909996017,0.008868330337936726
2006-10-31,0.0,0.004298806900384993,-0.004437869822463352,0.004273504273486011,0.001930501930492641,0.0019412505066449203,-0.012906938442301659,0.006102146201541921,0.0138668930372946,-0.13313953488364352,0.002166057774849448,0.0,-0.004357298473996138,-0.006465517239985743,0.0,-0.0015552099531018005,-0.07812744637422683,-0.0033758193064831895,0.006028218569579509,0.005594923961545302,0.0016977236713958753,-0.002355657110523276,0.001809088006789362,0.0001754065412022644,-0.02222222221728387,-0.001024947442458513,-0.006682031449096778,0.003295737512814343,0.004203004061303299,0.006930536143969644,-0.07345575959320075,-0.0436046511501149,-0.04651162787993514,-0.008389261743558819,-0.0037878787871614738,-0.04219409280920084,-0.06666666663703699,0.0243407707861378,0.0,-0.011695906425908837,0.01426307448268426,-0.0017262928634186733,-0.0033107850313328943,0.09601873536187318,-0.037365096730438065,0.0029778898268604482,-0.019347037484768258,0.00876932223542111,0.011535541148294044
2006-11-30,0.0,0.004023540001563898,0.000495294700344225,0.0034042553191344985,0.000963391136796983,0.0007026060296371636,-0.013014582790262704,0.006662688775687265,0.011273045358242348,0.052984574111299136,0.004412394545762077,-0.01910828025072008,-0.026258205683532144,-0.032537960947388804,-0.03266787658209289,-0.03426791276724795,0.008322010869423793,0.003166796121041351,0.005282582625926873,0.0011416460416494706,0.002833248427732808,0.000342376803377181,0.0004721100960689061,0.001600303984683837,0.022727272722107356,-0.00026835373056814925,-0.0009385594708191916,-7.299802905326185e-05,0.004802423813374395,0.005337416289851017,-0.01711711711557499,-0.027355623091989127,0.0,-0.027072758032644226,-0.02661596957668892,0.013215859025014954,0.06666666663492068,0.003960396038819815,-0.032989690714847336,-0.0532544378383109,-0.04062499999365245,0.0020608780270114416,-0.002626003922763232,-0.01602564102546981,-0.013663439137087178,0.005386326612832123,0.014796547472165286,-0.00014734050390433976,0.004532725120534613
2006-12-31,-0.0019047619043990524,0.004137734784248698,0.00544554455442846,0.0029686174724216285,0.0014436958613981677,0.009372141018275054,-0.013871413425256838,0.007706439691457633,0.009804467023422369,0.05031847133754757,0.008329862557266978,0.043290043280673186,0.0561797752682742,0.05605381164662471,-0.0018761726075278826,0.003225806451092543,0.04480377294854641,0.00813765875494355,0.005293867337254525,-0.0005120424890557394,0.003625288337059799,0.00355241883131852,0.0013448788429163252,0.0013351037441269931,-0.02222222221728387,0.010254671465935086,0.012142437178709328,-0.0009490436560074504,0.0050649136201141075,0.0053517798938177,0.05957836846383336,-0.09687499996972657,0.0,0.03999999999304355,0.042968749991607616,0.0,0.008928571424585268,-0.019723865873821828,-0.002132196161592426,0.03749999997656239,0.006514657979395013,0.010842974797660655,0.007846245591389567,-0.004343105320256769,0.004588859458977044,0.009434373176064017,0.006075334143340977,-0.008399646330668503,0.0006897740989824111
2007-01-31,0.0019083969462006468,0.004329160418151039,0.0016592811422863527,0.003192389006328977,0.002402691013924062,0.005311805065185138,-0.01391770187574932,0.008428448393707096,0.008957820360508992,-0.14554275318365947,0.0031667355087425246,0.024896265555000796,0.02553191488818472,0.025477707000960168,0.015037593982135803,0.01929260449850603,-0.12026438819731963,0.009741336284267649,0.005799871276245719,0.0018002037620640909,0.003519508985754173,0.0033399190892448266,0.00405278039580532,0.0016320463967475528,0.04545454544421471,-0.0035749781495460187,-0.005968075971031366,0.0010960906101563053,0.004207542214307951,0.0062152251780319984,-0.09861591694648655,-0.058823529391410515,-0.04268292680324202,0.010033444814375611,0.018726591756792872,0.05652173910586026,0.07079646014566535,0.028169014078839347,0.036324786317024606,-0.04819277105530547,0.011326860839591169,0.0010157595709333637,-0.005943070077542234,0.05670665212588109,0.011417378609182917,0.0051347992681827865,-0.009661835748733893,0.002080546886607069,0.0037049801826629703
2007-02-28,0.0019047619043990524,0.004176289878741494,0.0038783505458501104,0.00359107289623575,0.002564717162020287,0.0028620252235625828,-0.012466867209265622,0.008033688115279458,0.008135297612460561,0.05039034776433613,0.006411513273988591,-0.05870445342941206,-0.06224066388750208,-0.05590062110643889,-0.001851851851509041,-0.009463722395983578,0.08594465823555164,0.007885478463891683,0.006018556377678453,0.006050190061012296,0.0025412234465702565,0.003106099676460388,0.002159016239531569,0.0005891980360065425,-0.021739130430056635,0.009643665555175998,0.000838463629723841,-0.0045255474452522045,0.0025188173297180753,0.0024763619990992073,0.4798464490902259,0.03676470586883637,0.019108280242606208,-0.046357615886364674,-0.04779411763827326,-0.02880658435028547,-0.008264462806502296,0.009784735810218216,-0.006185567009033772,-0.012658227840089738,-0.00479999999923204,0.0023595502183806445,0.007281389840654481,-0.057791537667102336,0.007352483869398239,0.007478256390002051,0.017073170731603284,-0.010232834050110847,-0.0016596560505903418
2007-03-31,0.0,0.004666801539549811,0.005200121434072115,0.0018101105805297681,0.0013531929136618083,0.004777336399748688,-0.01446596746665941,0.008642771132294247,0.009615135159844057,0.010135135135128287,0.006935650412047166,-0.015053763437622906,0.004424778760083116,0.019736842100935067,-0.016697588123061647,-0.0015923566876446366,0.02193722578430758,0.007548708684066763,0.006866611086994501,0.009511303363151521,0.0021603538711019907,0.0036573538518636733,0.001006931434982573,0.0016429672278926283,-0.02222222221728387,0.001773292585315923,0.005543186589657694,0.0001466490687783391,0.0020264565862704326,0.0034386930159438244,-0.0505836575842682,0.010638297868568068,0.09374999994140619,0.026041666662145607,0.015444015441033989,0.033898305070382106,0.04583333331423606,-0.015503875965987634,-0.020746887962500755,0.096153846092209,-0.009646302249252944,0.008007244940585974,-0.0004980221582632736,-0.03176341730523798,0.00313510785142735,0.007431269281245544,0.014988009592236283,-0.0025471980821057606,-0.00045859726561364624
2007-04-30,-0.0019011406840491723,0.004214555914834838,0.003000662483910335,0.0025237069146108867,0.0015710206381420733,0.0033188717916701844,-0.01577290174405939,0.007277679658050992,0.010360058449485367,-0.0033444816053489336,0.0038212247267095075,0.00436681222612069,-0.006607929513963066,-0.004301075267892341,0.03207547169206122,0.019138755977808827,0.05630779392245193,0.00654521249613628,0.005929057883079049,0.008723237096961345,0.0016595301863383306,0.002351735860451794,0.0014270007251803972,0.0004354705259032353,0.022727272722107356,0.006710923809985855,0.00354969381992813,0.010263929618760805,0.0021711586985619894,0.010854209503026672,-0.02868852458820433,-0.038596491214527504,-0.03999999997714289,-0.008460236885201283,-0.0019011406840491723,-0.004098360654057961,-0.02390438246059571,-0.013779527556342668,0.03177966101021625,-0.005847953212954418,0.0,-0.003082470453356072,0.004567477822576477,-0.014705882352774948,-0.0016561748954729853,0.003950462720151317,0.012404016538615418,0.005257623554145625,0.007082843460554794
2007-05-31,0.0,0.003824633514661434,0.004132994016609032,0.002078280505134799,0.001482738728079524,0.004375959185365893,-0.019101493862562567,0.005848053573912244,0.012089238989036159,-0.050335570469764876,0.0034886522430489313,0.06956521737618154,0.07760532149055327,0.05831533476062314,0.0,0.0,-0.007972487103205026,0.006405823008567282,0.004798966242762638,0.006086781213037672,0.0014852422124943029,0.0029037353651400325,0.0011796860399787353,0.0010954571175693832,-0.02222222221728387,0.0005375481307351533,-0.0032994001204628342,0.0018142235123354033,0.003257737515571656,0.002366159764213978,-0.08227848100687211,-0.10218978098460235,-0.04761904759070286,0.04607508531636936,0.055238095227573704,-0.02880658435028547,-0.048979591816743065,-0.027944111770869376,0.006160164269782358,-0.03529411762629761,0.04220779220094026,0.014085447263017314,-0.0013930085529812507,0.013777267508452647,-0.005960630437124206,0.0034209351117699496,0.011085180863412605,-0.0019426180514018612,-0.002192482915716864
2007-06-30,0.0,0.0035051201881895317,0.0023167517109511098,0.0029544686337963,0.0015900370373821192,0.0021681224059961835,-0.021209901678252995,0.004664715221133332,0.012661253088445077,0.02332155477030154,0.0015749997599083868,-0.010162601623950655,0.012345679009805334,0.026530612239483525,0.058500914066087636,0.04851330202683681,0.06334699022906802,0.006195228368573821,0.004161677714081879,0.004369795506305287,0.0013474924728956118,0.0021193801681360265,0.001656614207197397,0.0005724928076061788,0.04545454544421471,0.00027354962120979394,0.0008480886454453301,-0.008620065193764195,0.004019746432697468,0.003975704030921619,0.24367816090086752,0.21138211373521051,-0.006249999996093755,0.026101141920701305,0.01985559566428605,0.008474576267595527,0.0,-0.02669404516905664,0.061224489783423534,-0.02439024388756681,0.038940809962781806,-0.009353624454671099,-0.0013900094767586874,-0.03397508493732757,-0.008129928690605366,0.0017214305507736592,0.002885170225026629,-0.01152867195686241,0.0022829095682440764
2007-07-31,0.0019047619043990524,0.003879159089897329,0.0017805958481630388,0.0020720214691294534,0.0018109053576095544,0.0045638109366626005,-0.024471750968802136,0.004716389506360541,0.013548413499151325,-0.06491712707177837,0.002608086987371518,-0.0636550307877506,-0.06504065039328448,-0.04970178925453245,-0.01036269429872831,-0.007462686566050318,0.09928867812538106,0.0067352423223613215,0.004967762676267076,0.005180254771847422,0.001418733439448661,0.0015255001213290284,0.0015024633410417362,-0.00021727794194333235,0.02173913043005683,-0.00156805342004292,-0.0029405756567376755,0.0029957620926473337,0.0047106111676961685,0.004661203387965429,0.44916820699635435,0.40604026832012086,0.1635220124757723,0.012718600951873047,-0.026548672561672863,-0.016806722682013997,-0.06866952786752387,0.046413502099912705,-0.017307692304363877,0.031249999980468637,0.002998500749175706,0.0038238954197827575,-0.002865549316860154,0.05978898006963915,-0.008675409763913167,0.0022214398283202375,0.0074798619101985216,0.000908815510449864,0.00239159525097436
2007-08-31,-0.04562737641718115,0.004323170643745739,0.000308280708851436,0.0025203140635080908,0.0016415764827485593,0.00490201105516243,-0.026797700053698303,0.0052502226626965276,0.013502561011771488,-0.017725258493339936,0.0010519973604428859,-0.08991228068203662,-0.07608695650519841,-0.05020920501041653,0.01047120418665417,0.0,-0.024130493394120725,0.007476445316421078,0.006419234772939667,0.007458397081269798,0.00153635582570676,0.0006808137455062448,0.0014885798018155036,-0.00018110430158937006,-0.021276595740154027,0.001960681923183018,-0.005023333459738395,-0.0015298317185099487,0.004787230695902047,0.010018202471702656,-0.005952380952127899,0.08591885439476862,0.10810810804967114,-0.021978021974571688,-0.030909090903471062,-0.05982905980349172,-0.09216589857503873,-0.1290322580385015,-0.03522504891678582,0.19999999987878792,-0.03587443945652104,0.0054973491162717755,0.0010770486880471645,-0.0774336283177275,-0.006459313786216832,0.0006189516297664727,-0.015419760136976409,0.002875302663434043,0.010083222086514023
2007-09-30,-0.015936254976904967,0.0037426999929061704,0.004237553390744595,0.002431145164620362,0.0020604493200419758,0.004714814928205821,-0.027795988389880306,0.005141864616894979,0.012561062979594684,-0.11052631578939058,0.0054264232419053305,-0.0433734939654522,-0.004705882351833809,0.01101321585660498,-0.008635578582273618,-0.009022556389620743,0.1041580328760305,0.00857252526538335,0.006861510815114956,0.008545238714880004,0.001574512837796341,0.0038514760147157715,0.002728877328223217,0.0006231116456668337,0.02173913043005683,0.0024435981170779822,0.0010448205120250382,0.009338975631103781,0.0036953901230935807,0.003075922437973096,-0.23011120614926808,-0.07692307690617067,-0.024390243890541258,0.0,0.0,0.054545454520661,0.07106598981164158,-0.07638888887120629,-0.028397565917160673,0.04545454543158854,-0.004651162789976602,0.0038094497095780763,0.0019237109772757902,0.0,-0.0008362973903637583,0.005216039320911337,0.006380510440798224,-0.004526935264818881,-0.001771553905853989
2007-10-31,-0.036437246956186914,0.0022635513130066366,0.003083237831265458,0.0022475902444573977,0.0024721820433436566,0.0038191587693366794,-0.03018320410606355,0.004652070222178421,0.012013411841022547,0.06846999154685675,0.0022614760407062844,-0.00755667506106891,-0.016548463353061895,-0.02396514160697915,-0.013937282227537071,-0.01669195750884787,0.07844363818242903,0.010939712320729864,0.006645279294071821,0.00874866574534266,0.0016638997444226834,0.0030326004548551838,0.002605644404782674,0.0005213500068789199,0.0,-0.002925169801075537,-0.003185789019208894,-0.004409426051753453,0.001678904775534892,0.001756139734687575,0.029444444442808707,0.03809523808616783,-0.004999999997500004,-0.004815409309018433,-0.015009380860223394,0.008620689651456606,0.07109004735967292,0.0025062656635322107,-0.004175365343596054,-0.05797101446474825,-0.014018691586601427,0.006224623034682579,-0.003089100189736754,-0.02997601918429285,0.00837326448258445,0.0017712361232379112,0.006916426512928371,-0.0004547521600721744,-0.0011831319192087354
2007-11-30,-0.05672268906371363,2.2597929971181813e-05,0.007858884267852893,0.002984570102345334,0.0027490015418798336,0.007406882734474536,-0.029938043616403242,0.003371528492467308,0.010619017827476034,-0.05300632911388212,0.004446382692289004,-0.22842639588111002,-0.18028846149512295,-0.11383928568887519,-0.03886925794366263,-0.012345679010440492,0.09767981438401765,0.012879629553617506,0.005277983727978197,0.007461156007013804,0.0015842206839310241,0.005302457683349431,0.0019635926815519096,0.0008395151076533322,0.0,0.005628434761850385,0.004095275338747483,-0.005445436724021313,-0.001094178729757554,0.003101569663951251,0.23421478681952426,0.31880733937642025,0.2412060300295448,-0.011290322578824187,-0.08952380950675733,0.0,-0.008849557518207972,-0.16249999995937497,-0.05241090145651763,0.1538461537672584,-0.03633491310642425,0.010674606701626491,0.00578658747692398,-0.0593325092699713,0.018303921904131614,0.004648537370919693,0.024613623354180873,-0.01319381255684977,-0.004512508108411735
2007-12-31,-0.05567928729272176,-0.000832486106578007,0.00289801455171885,0.0027701855695412606,0.0023887896172181933,0.0016974859128755751,-0.029732398986170378,0.0026272716360966333,0.01132363593348952,-0.13366750208844305,0.006512628836787244,0.003289473683128392,0.011730205275152441,0.017632241809160603,0.009191176468898648,0.03906249999389648,-0.03054322553339101,0.014465218883547643,0.004894843420681896,0.007541841857473619,0.0015015280317963947,0.0023125733358890436,0.002005856177783422,0.0007592684990346389,0.0638297872204617,0.0005840532906991544,0.000970484582603148,0.0035771645495667353,-0.0026217888552885656,0.004194337644179768,-0.0161783996494894,0.029565217386162558,0.0202429149715615,0.02446982055065751,0.02092050208767346,-0.012820512815033885,0.0133928571368781,-0.083582089527289,0.002212389380041656,0.13333333327407398,0.011475409834184406,-0.014492881075709433,0.001008029690595217,-0.007884362680579632,0.02194626472085707,0.006601778100934896,-0.002234636871495928,-0.0018441678192687894,0.0011049097657021803
2008-01-31,-0.0707547169644447,0.0002310954176515622,0.003447705076954129,0.0023977473470978314,0.00282875478494498,0.0023664367078451384,-0.02603138677627599,0.0022785924091419055,0.013402246086107888,0.04532304725164386,0.003910425926967574,-0.2885245900693362,-0.18260869559924395,-0.09158415839317226,-0.029143897991048495,-0.016541353380971274,0.01329990188582469,0.014072406317670325,0.005308148885780312,0.008693426256935513,0.0012422663262824075,0.0025231860337957494,0.0019903359410723825,7.2256423596057174e-06,0.0,-0.0012427109284131623,-0.0024511077511218927,0.0015276060231311423,-0.0022749802254328436,0.0038956866315022565,0.16444444443713577,0.1739864864570969,0.1746031745338876,-0.02866242037760162,-0.07581967211561075,0.012987012981390818,-0.0528634361000602,-0.08143322472917484,-0.044150110365529814,0.09803921564782776,-0.07941653159166673,0.0036378346703788535,-0.0005928690548163284,0.03841059602598139,0.01565175362486953,0.0037019708274844522,0.013437849943933752,-0.00030792917628904936,0.0010753905365630254
2008-02-29,-0.24365482227318405,0.0024437314004672204,0.002417826877928433,0.00148018514580443,0.0007858877022571841,-0.0014705293905803527,-0.019257044259019602,0.002132675939380289,0.015339667346443204,0.0175276752767366,0.0023912941945726934,-0.23963133629510078,-0.11347517726472506,-0.038147138954183375,0.03752345215055848,0.04281345565094599,0.025820333512363323,0.011889733343059875,0.0060147125665608765,0.00991205670161247,0.0009075847735880723,0.001995329115910557,0.0009759682178707562,-0.0005130169006553574,-0.01999999999599993,-0.0036583706398021438,-0.006654834156315415,0.0009442184776285665,-0.0005464593819091302,0.011321660510206727,0.012977099236145907,0.10359712228725217,0.08783783780816297,0.013114754096210709,-0.03769401329541151,0.038461538445102035,0.0697674418280151,-0.23049645381897285,0.043879907611113066,0.09999999996428581,0.09859154927841707,-0.008381444643344017,-0.0029032051186825007,-0.09693877550896772,0.003778115579664036,0.003034069906278916,0.009392265193318212,-0.0004620360388102457,0.008904845366650956
2008-03-31,-0.1241610737838386,0.00415937696331358,0.0035780278061020073,0.002992740664515043,0.002248304423212908,0.005369826783012229,-0.016469048066984796,0.001943092195239078,0.01786480316832846,-0.08884859474153323,0.0031963172461346996,-0.01818181817079878,-0.015999999993600012,-0.02266288951199341,-0.0036166365273750133,0.010263929617263265,0.10707918196007267,0.012321517686833029,0.00739961090640867,0.011388470616733898,0.001088050581484528,0.0028625738272175048,0.0019615040491642957,-0.0005060509231814662,0.04081632652228223,-0.0031913346617146432,-0.003899680121301971,0.00870764095493164,0.0005379846147919059,0.009019225190536486,-0.03504144687132473,0.07040417208990832,0.07142857140638863,0.04692556633544894,0.027649769578882568,-0.03703703702179558,-0.047826086935727735,-0.4101382486589224,-0.028761061940539567,0.09740259737097312,-0.06249999998998406,0.0018201707194605784,-0.002383502747121174,-0.01836158192064457,-0.0008622803801333744,0.004060367389868407,0.028461959496286566,0.0024653312788868375,0.0050435708481590845
2008-04-30,-0.12643678156075222,0.004181674169370442,0.0023143810201907977,-0.00020760485062537958,0.0006529241675187103,0.0034876884597367804,-0.01427277234504676,0.001050630388589524,0.01667729020498571,0.007960199004967203,-0.0018578037044604141,0.4135802466582837,0.2317073169789807,0.09275362316152064,0.007259528129353994,0.011611030477269817,0.06640773020020446,0.012904041546756239,0.007746082185997035,0.01027578537725491,0.00165167794480526,0.0018502848761567233,0.0005838647265500242,-0.0015840180534660226,-0.019607843133410158,-0.006854554128633307,-0.009565876144251341,0.0007913099776989751,0.0005727365544468053,0.006259637751234192,-0.1882077313475905,-0.16443361751955746,-0.10144927533291327,0.0030911901077139525,0.08295964123700458,-0.02991452990174586,0.03196347030503944,0.023437499981689473,0.011389521637496855,-0.026627218927033326,0.030769230763971176,-0.0010441745501845174,-0.0060889198024902955,-0.09928057553813982,0.0037617348033756708,-0.0009825655517389283,0.015965939329345577,-0.000307408545957175,0.0032897488081620446
2008-05-31,-0.1315789473107109,0.0031548082256193494,0.005917491656589513,0.0011970294127177684,0.0017524235644959562,0.006156718270557366,-0.0156794946372061,-0.00034823988011742157,0.013853272752549614,-0.0394866732477399,0.053706702402883714,0.1615720523311913,0.12541254121273526,0.07692307690267282,0.003603603602954389,-0.005738880917397583,0.11388469396718595,0.01383548892538195,0.008058760876852264,0.008641300467940089,0.002603900291227696,0.004290588857934319,0.001819221967942478,-0.0013764425480124794,0.07999999998400006,-0.006171381384956259,-0.005429371499618348,7.188039102921016e-05,-0.0009404519938867983,0.0008960922585419331,-0.14237614236929413,-0.0481049562612092,-0.03225806450572323,0.016949152539761213,0.0559006211064387,0.09251101317510527,0.06194690262745718,0.34351145011945683,0.03603603602791964,-0.07294832824530452,0.00829187396214062,0.009270016097096224,-0.005598550963210323,-0.04472843450407789,0.013791762404298184,0.046876270056732075,0.02985856469340037,-0.0044587945879389895,-0.004334898713423062
2008-06-30,0.010101010095908589,0.0010137204461694326,0.010478235009802226,0.002049596993916152,0.002270443294737639,0.005408446256032261,-0.018663894240976114,-0.0024735572438540345,0.004909537643322393,0.0750256937306526,-0.018096710090526078,-0.011278195484481973,-0.02052785923151684,-0.017241379306098033,0.019748653497352022,0.02020202019910513,0.06810750458514953,0.006442788229012853,0.006693690312033138,0.006538944015959555,0.0028016294331674836,0.007254989907969683,0.0022955949702225015,-0.0011461983213272603,0.037037037030178195,-0.002604520360771996,-0.006138128085929389,0.00963128009774345,-0.005690417478545167,0.0027896717270010653,0.3432417274064363,0.12557427256882467,0.01666666666111105,0.02424242423875117,-0.005882352940022943,0.012096774188670577,0.09583333329340277,0.07386363632166833,0.019565217387051203,-0.02622950818812135,0.06085526314788566,0.0010770919700426366,-0.002333318279637652,-0.05685618729001911,0.010205683307875942,-0.016949678942177162,0.019837232960224663,-0.00247104247103869,-0.008093550277690242
2008-07-31,0.004999999997499893,-0.0019237800016756164,0.007141444751488097,0.0018546626299608734,0.0025113265002854163,-0.00019632672693895256,-0.025748672011233743,-0.005609746620846745,-0.00975964314595385,-0.1175908221796199,-0.010604806792831998,-0.0418250950411311,-0.026946107776363398,0.0,-0.0017605633799716942,0.012729844411212166,-0.00365862764127791,-0.009770846066383475,0.004440414579816198,0.00526318645318826,0.0023642453354306312,0.0046533892926998895,0.0018003646307908029,-0.0014307606272105876,0.035714285707908196,-0.0045397745932372205,-0.009827362114491821,0.01146152203316612,-0.014797085971840797,0.005861422009444823,-0.04217118997736229,0.08843537413762789,0.05573770489975825,0.031065088752801017,0.00591715976214639,-0.06772908363835492,-0.17870722426665114,-0.12169312162873379,-0.02558635393910741,0.060606060585654424,0.010852713176611888,-0.004552024616403237,-0.004671263743390146,0.08510638297721451,-0.009798206788003977,-0.011547271147617817,0.024937655860224752,0.0046446818392868175,-0.0010973242171010927
2008-08-31,-0.004975124375634161,-0.005356018890939713,-0.0014884757277938824,0.0013975362853023796,0.001981802606894707,-0.000922916809849556,-0.034301214725480436,-0.009629996176061757,-0.02894699379684071,-0.08559046587206329,-0.00638199223615138,-0.06349206346686828,-0.04615384613964494,-0.04010025061651626,-0.005291005290072177,-0.001396648044497645,-0.1261241007184793,-0.03321454509704102,0.001061764357026991,0.004038008087976376,0.0012253573176130125,-0.000808909080826623,0.001228417388916507,-0.00205830157390974,0.0517241379221165,-0.01579470405156533,-0.0117196709801486,-0.008375563063057073,-0.026136015882182746,0.002238287581362705,-0.09982563207934511,0.04499999999437493,0.021739130428031276,-0.005738880917397583,-0.025490196073433277,-0.08119658116188178,-0.12499999994212972,0.054216867437218805,-0.015317286648727132,0.03492063490954896,-0.018404907972637167,-0.008094521202835138,-0.016347197289241343,0.029411764705401723,-0.04363350923213683,-0.0070955988110071415,-0.03163017031614779,-0.008167668361830463,0.0033800912624631346
2008-09-30,-0.09499999995249997,-0.007044083887918466,0.0008550916822861436,0.0020832659137161075,0.001478790903580589,-0.005827608911425775,-0.038665774448096754,-0.014164202515270586,-0.041611192884236356,-0.02843601895731228,0.0031657440871034536,-0.15254237281671928,-0.03870967740686788,0.0052219321135190825,0.00177304964507582,0.022377622374492534,-0.1089957979580739,-0.050413942899207934,-0.0012403692158570246,0.0026958142583721274,0.0003857932653541821,0.0008317437785473439,0.0010224251925451684,-0.003279668243336784,0.0,-0.04385834923321885,-0.033210386504710955,0.031159060259754918,-0.030714264596162742,0.006930896395932984,0.9075060532248183,0.3110047846517939,0.21580547105902567,0.1385281385081489,0.29778672026201486,-0.2558139533693888,-0.48677248651493515,-0.3428571426612245,-0.05111111109975318,0.11042944781888678,-0.048437499992431715,-0.017069556496879114,-0.04469628181640516,0.11587301587117659,-0.07223518237339067,0.001529051987767461,-0.01055276381904242,0.03791174642629283,0.008028746280386372
2008-10-31,-0.46408839753365283,-0.007244604568842339,-0.008598436564789386,0.0010980005893634962,0.00034607983830998133,-0.008135305049226122,-0.04109086904872207,-0.020815055509779686,-0.04952664972689867,-0.05243902439017995,0.0008755848633266285,-0.21999999988999996,-0.060402684543489085,0.041558441547647075,0.11150442475902574,0.21477428177636484,-0.2622714148194199,-0.06381080564423981,-0.0021994517292099874,0.0014005967443393827,8.581988529007587e-05,-0.006604097643061814,-0.0014185845930203527,-0.0034001418553806085,0.06557377048105355,0.010056906119758914,-0.00527904200906801,0.009636563876645349,-0.0290923322511063,0.015041044205372068,0.5204366590373081,0.47536496346027696,0.38249999990437505,0.29657794673047183,0.07751937983294273,-0.45624999971484376,-1.989690719598257,-0.39999999965217387,-0.023419203741587926,0.40055248607719546,0.06075533660742936,-0.04115513350368352,0.008910626203950812,-0.18065433854650556,-0.10038844052095793,0.00012053033346724623,-0.053326561706179144,0.016766467065843234,0.022251308900517262
2008-11-30,-0.5979381437134659,-0.005437033506558555,-0.01770547708464392,0.0019798786265771712,0.00073343543000193,-0.014839397653998344,-0.03704489814095636,-0.026477421126739592,-0.046777325487764296,-0.16087516087495382,-0.0032987962127630083,-0.3589743587442472,-0.3107142856033163,-0.26932668322460673,-0.02547770700231249,0.03716216215797724,-0.25061969993149885,-0.06575042187779412,-0.0017250950337358564,0.00023536902091246905,0.00015983649833127962,-0.011801318445842115,-0.00044322714822604865,-0.005488135941420712,0.04615384614674553,-0.013088038434334029,-0.02371173531571693,0.03129260976272757,-0.018992122525192796,0.003892907373919543,-0.06762397729057228,0.22943722942304018,0.10307414103018539,-0.021505376341983896,-0.1453237409862843,-0.6206896544589775,1.3333333347222225,-0.7246376801092208,-0.04076738608135073,0.1203155818303124,-0.07585139317711281,-0.04287393196328164,-0.01437520237595426,-0.03993055555486239,-0.11708151306795969,-0.004772425983207718,-0.05150214592247045,0.046230859835032015,0.02449124145257733
2008-12-31,-0.5897435882314267,-0.003986044353602506,-0.008233522399364597,8.853617507598516e-05,-0.00010140725614961236,-0.008467203496134853,-0.0357421970903133,-0.030161573632007672,-0.04101555334546842,-0.1411042944783112,-0.010185142857141892,-0.23999999975999997,-0.19689119160782834,-0.23208191118358984,-0.17483660127862152,-0.08469055373673295,-0.28586350974432684,-0.0641383952238219,-0.00032624640001784646,0.000820346101945289,0.00016446918291609483,-0.005587348887546614,-0.0004889030380150906,-0.0051495433284641,0.07352941175389273,-0.028254899921101088,-0.032380185604251925,0.04931579295296529,-0.012402191397488056,0.02196592529583678,-0.28366762177142435,-0.08853118711828305,-0.045901639336737333,-0.033966033962640745,-0.14646464643998913,-0.6666666646464646,-0.8839285718231824,-0.8421052587257618,-0.28249999992937497,0.058098591539067164,-0.14572864319167025,-0.024249001101774706,-0.02961586975791112,0.08679927667112487,-0.1316774410944063,-0.011996351042615976,-0.03337104072379318,0.06628201519833062,0.030473860554158762
2009-01-31,-0.06249999960937506,-0.0027620522093460376,0.0025307713412495193,0.0018309269721624782,0.0019407629364898075,0.004662551650257212,-0.03497749804326394,-0.02770702963036431,-0.02735884061819591,-0.12499999999977679,0.006040956577160158,0.23684210495152347,0.19354838697190427,0.27555555543308646,0.0,-0.03440094898761545,0.01755241345642239,-0.0507615159246275,0.0021282778425822393,0.0035589876298349546,-4.186762158962399e-05,0.0001135099548218076,-0.0003071357881410764,-0.005799121974371101,0.06849315067554888,-0.024886733033955902,-0.031249354565084167,0.001008001008000459,-0.01032334520096856,0.012215721315085798,0.1209999999969751,-0.10264900661685156,-0.07560137455745687,-0.053774560490819544,0.11637080865554812,9.363636278512395,-2.4615384710059174,3.3333332222222265,0.09059233446320816,-0.06489184691099964,0.0,0.015808179576566564,-0.026308053471173612,0.01830282861866387,-0.12625473933639145,-0.009224986722228247,0.0017554125219322852,-0.014385640754897327,0.007406069364160009
2009-02-28,0.46666666355555564,-0.0017628503216983937,0.0036426606521701536,0.0004980659776733778,0.002052027642551259,-0.0023052238199689676,-0.03153753100300697,-0.018969388684915985,-0.00888119739195763,0.18775510204043316,-0.007905247211127252,0.06382978716613859,0.07567567563476985,0.052264808344158566,0.04356435642701691,-0.007371007370101902,-0.06181121226493039,-0.02656980881558534,0.0044480634329999436,0.006697088699318105,-0.0003317199315573395,0.0017932537340333225,0.0007965226098540845,-0.0056091775692568915,0.06410256409434593,-0.005977060399700594,0.000287821934159047,-0.013908993643392426,-0.011199876903791444,0.003337525394214596,0.033675289918963486,0.0688806888026517,-0.02973977694614505,0.02622950819385472,0.07950530033931004,-0.15789473670360105,0.5263157880886425,1.307692297633136,0.1469648561830783,-0.0729537366418232,-0.005882352940022943,-0.00348876530519999,-0.007264459522390552,-0.08006535947581601,-0.09008857709123072,-0.009747971234412399,-0.011098130841056538,-0.013390465988198461,-7.684623069241145e-05
2009-03-31,-0.18181818099173558,-0.001222000121462496,-0.0009872828565337941,0.0010960026014963792,0.002116698501312572,-0.00522163977810515,-0.029192115028803544,-0.01478942838183536,0.003988670048568572,-0.13230240549805447,-0.001027264145704864,-0.18999999980999993,-0.1608040200196965,-0.10264900658852684,0.04364326374883438,0.04207920791558424,0.2252298263476704,-0.008633916426146604,0.006204313440636009,0.009188290692785771,-0.0005382454484290615,-0.0010989508984083278,0.0007162997998827324,-0.006150891879322456,0.048192771078530816,-0.015642680691510487,-0.017083177918427027,0.005488894562161506,-0.0134498275268833,0.007978595188737276,-0.047680690398108315,-0.02013808975718411,0.09961685821846429,0.004259850904764568,-0.22749590830973887,0.3333333329861112,0.2586206892092747,-0.2666666657777777,0.013927576597791836,0.07485604605089129,-0.04339250492240791,-0.01791144067654237,-0.016805874849319204,0.01776198934249091,-0.058005689065981275,-0.0035061711944298396,-0.007088009450637501,0.008414766558077675,0.008966082590427051
2009-04-30,-0.16666666574074074,-0.0004603188608937263,0.0010070825195839506,0.000878248315684616,0.0020755728443500317,-7.162444235262308e-05,-0.014717700735014197,-0.010259638624041546,0.011151178473352388,-0.0534653465345476,0.007754092437674789,0.12345678997104097,0.20958083819785583,0.16605166045533154,-0.019999999996363694,-0.003562945367747793,0.03772405168741722,0.007665282506408279,0.005280914856524691,0.007770949133571966,-0.0004634074133969271,0.001429073710698496,0.0022268931431889,-0.005049285250652822,0.03448275861672621,-0.007847908323017351,-0.005610076453080916,0.024057382252111084,-0.011612852759917417,0.0005619724035679467,-0.1730856366068626,-0.21021726364003432,-0.11498257837718076,-0.0699893955387074,0.006355932202043287,0.14843749988403315,0.12328767106398945,-0.2727272714876033,0.032967032957976,-0.02499999999553566,-0.014432989687745652,0.004495381457406759,-0.008910129077997894,0.13612565444788607,-0.006865696948955795,0.0036856576934967515,0.005948839976169252,0.019784656796743287,-0.000583963845020856
2009-05-31,0.19999999866666668,0.0003292288425421661,0.001471493918915122,0.0002564318312026914,0.0009053249567872038,0.0019544640573034952,0.004408994633797104,-0.00835667054230664,0.013415338291200127,0.12970711297043994,0.015664644236071334,0.010989010976935162,0.15841584150573465,0.09810126579174011,0.027829313538436186,-0.039332538731903156,0.1881903996748706,0.018803481828294243,0.0032263435505370595,0.004826380555759097,-0.0002021267393954697,0.0010419616059681384,0.0007708789153192568,-0.0026929641570263407,0.04444444443950621,-0.009869414141110696,-0.0092414042322415,0.0024793900700412325,-0.008391232974865732,0.006954983807553919,-0.20767123287102268,-0.13011152415389507,-0.15551181099300948,-0.10718358037546362,-0.07368421051080325,0.22448979576565323,0.6585365845627605,0.12499999921874994,0.1249999999667555,-0.12637362635048108,0.02719665271397557,0.009832637408297937,-0.010658706903152288,0.05529953916965759,0.041675070327257056,0.014172231751793309,0.010053222944943607,0.0021116536887921308,0.005436577496632421
2009-06-30,0.16666666574074074,0.0014068042939301081,0.008299612246583456,-0.0006048637454260908,0.0009501882103527036,0.0062094039789199985,0.0161640865087809,-0.005826655364302426,0.015027605364561249,0.08333333333317901,-0.012318525759384892,0.20652173890595468,0.08547008543355987,0.01729106627743762,0.012635379059091139,-0.06947890817996545,0.17782285327623712,0.024762413883090504,0.0018176230064460056,0.0031414782960986335,0.00017876601620298648,0.005939787525247671,0.0012800326238258195,-0.003552141172891127,0.010638297871208654,-0.003166807152002489,-0.0011571071691726684,0.02120818648363244,-0.004789081794418773,0.0017445379347992575,-0.08886583678807518,-0.09829059828219727,-0.15151515147983327,-0.07918263089665613,-0.09999999997727281,-0.0277777777623457,-0.01470588234212804,0.0,0.06855791960554165,-0.2075471697678098,0.10386965374666601,0.01911629303105211,-0.0036106156585058993,0.03056768558907462,0.06496195055964306,-0.011223685506912337,0.019320843091221673,0.01712103252993926,-0.007074816181113507
2009-07-31,-0.2380952369614512,0.0029621281385560174,-0.0002979654546286838,-0.001374793580550136,0.0006891452772980089,0.003440786001379988,0.01821261950501255,-0.0030777609878549056,0.019212421476232047,0.015384615384589087,-0.004343722221712682,0.01801801800178538,-0.003937007872465836,-0.002832861188999129,-0.0356506238795632,-0.0546666666593778,-0.08022388059586365,0.028796763123406493,0.001976934966395908,0.0041512447392618975,0.0006567674220380333,0.00011247075760165594,0.000859806317304143,-0.0026106272375441583,0.0,0.01193628313553372,0.017098120198115168,0.004904335190115786,-0.002297331905648844,0.00040279587726563596,-0.016318785578128308,-0.12606635069895106,-0.14560439556439445,-0.09292649097185485,0.007575757573844568,0.03428571426612248,-0.014925373123190032,0.0,-0.024336283180456452,-0.06613756612006944,-0.03136531364734956,0.0020948542041043187,0.011906441031803062,-0.0677966101685339,0.06651808219108797,-0.0036951232676511723,-0.009190120620280323,0.0024601838663701036,0.0008397587602105357
2009-08-31,0.0,0.004585370073550522,0.003348453377777473,0.0014850551276485938,0.001062650789230018,0.011915478996185547,0.010977759054584351,4.761516291898221e-05,0.02337696859158095,-0.013468013467990795,0.0009480068845548641,-0.14159292022867875,-0.055335968357574594,-0.034090909081224204,-0.027726432527222535,-0.0719322990025483,0.10875331564817046,0.028802162348520725,0.003096784176997152,0.006813810931985604,0.0011475689090254967,0.002901419221307532,0.0014807614052371417,-0.001385264156863935,0.010526315788365614,0.011133765068090723,0.01239561990460467,0.0015062963186108897,-0.00044380860148469865,9.473734072296393e-05,0.003472222222088257,-0.010845986983639417,-0.04180064307337596,-0.06574923546395267,-0.0776942355695002,-0.09392265188181076,-0.15151515140036725,-0.05555555524691348,-0.00907029478252375,-0.15297450420595612,-0.020952380948390085,0.02054477843607367,0.011523159756702322,-0.004545454545385632,0.04920566170385906,0.0010668089078543826,0.014492753623104392,-0.004779126840603547,-0.003356216628526942
2009-09-30,-0.06249999960937506,0.004973155436530202,0.001930887233391659,-0.0004168019269057531,0.0019316980719377413,-0.007626872982076694,0.0019117411521707567,0.0013607344994350347,0.023131681174952873,-0.001706484641635313,0.004551640429600876,-0.020618556679774705,-0.03347280333327501,-0.02647058822750861,-0.024714828892639748,-0.041033434644219914,-0.022516183506578837,0.02554848043995988,0.0033864579058823273,0.007972455366554802,0.0013074322430724227,0.0016147118187752468,0.0017607422205468566,-0.001831698344573867,0.020833333331163308,0.008573476470740355,0.011319064636959803,0.0017446757309578383,0.0005333541062555907,-0.00015393359541525804,-0.015378700499216587,-0.13048245612604353,-0.04026845636232606,-0.05564648116928875,-0.04347826085775051,0.0670731706908091,0.2232142855149872,-0.2941176453287198,-0.04118993134068873,-0.02675585283386094,-0.0194552529145028,-0.025855680645129893,0.009354220173665903,0.11872146118540754,0.034412814416427004,0.004154455841214489,-0.005142857142827788,0.0010382868267344793,-0.0020154089494357048
2009-10-31,-0.19999999866666668,0.004382401801337429,0.003001931798689871,0.0009141390854563459,0.002641869770813821,0.004925562561695092,-0.007454511528108884,0.000575030846997813,0.02021382238536277,-0.08717948717933816,0.0007139784158831416,-0.05263157889196669,0.0,0.030211480353410456,0.003898635476822968,-0.003169572107263075,0.09156348977697144,0.02198981331943857,0.002782336598591947,0.007771479812738295,0.001202637017833796,0.003795172629933763,0.003684299476044323,-0.0013820532704754925,0.020408163263223582,0.0022750654882147552,0.0018243348432564605,0.006426040478045535,0.0007160581575177688,0.0027949170407036523,0.19836001561115352,-0.04161412357608903,0.0,-0.022530329285523322,0.019886363630714055,0.1428571427755102,0.17518248162395436,-0.4166666631944444,0.0,-0.0034364261156576647,-0.001984126983733266,0.010367634113203501,0.003398529917906565,-0.03945578231238843,0.028432915221074766,0.0006881627712230712,0.006318207926442713,0.004667444574089661,0.00017894117947791078
2009-11-30,0.0,0.0026944289233257293,0.00334859058975227,-0.0017304711127420255,0.0007482959260921436,0.0009021018974209004,-0.01512704078464188,-0.0014568709629497682,0.013425769760141155,0.10112359550542861,0.00506745941001551,-0.2555555552716049,-0.12987012981390914,-0.05865102637576221,0.007766990289753989,0.004769475356952428,0.029807438670142412,0.01597152795528186,0.0013284359755894684,0.005848754245009514,0.0007987435008681032,0.002498243422565668,0.0008755977638482225,-1.53773998354617e-05,-0.009999999998999965,0.004086507446211608,0.011318340781159746,0.004296455424272437,0.0002768636920318049,0.0036138175376435487,-0.2013685239426077,0.0065789473675554955,0.04545454543865238,-0.042553191481816695,-0.08635097490630894,0.039999999980000034,0.08695652168512011,-0.28571428163265317,0.0286396181315894,0.006896551721759816,-0.04970178925453245,0.008288564345693273,0.005510419425777155,-0.04532577903618503,0.025135368611562976,0.004987820438463862,0.012557077625499203,-0.00025809781907300776,0.0001533507130807534
2009-12-31,0.0,0.002133976895098546,0.0005201763996403849,3.2101311739647344e-05,0.0009743231852620209,0.0066995803999712516,-0.0145398934162252,-0.0010724749458872961,0.009915197780036463,-0.011904761904741658,0.005151120778310252,0.7014925362664288,0.3383084575431302,0.1993769469783873,0.01348747591262272,0.00791139240381146,-0.04841188524528162,0.013188427255354202,0.0009345249107194633,0.005375033879999033,0.0007054247540416034,0.0005785041218353488,0.0008524001794431945,-0.001937582174243982,0.0,0.0034296578984084813,-5.0722043202477315e-05,0.0048722519310725925,0.000191739171814935,0.000305950741930556,-0.11546307629067885,-0.16470588233141106,-0.1505016721904677,0.03333333332716044,0.1371951219093918,0.1394230768560466,0.21714285701877545,0.0,0.04176334105759565,-0.047945205463032506,0.07531380751562461,0.00566723730333413,0.005110266597496393,0.07566765578522738,0.02483705153421316,0.00483115683946672,0.003945885005614672,0.0052923712404732365,-0.001073290401716944
2010-01-31,-0.08333333263888885,0.002889170202027021,0.0006487322116217035,-0.004754854164390546,-0.0011227765176672856,0.00034816863299043545,-0.001340534454325448,0.0029208662375684916,0.0093953199447497,0.056798623063585546,0.002643849880030611,-0.28070175413973525,-0.13011152411520022,-0.05714285712801489,0.0,-0.018838304549632937,0.05275908479067621,0.012662663181855946,0.0019044593939748198,0.006339057810236806,0.000971339963358813,0.002190373475331195,0.0014792236317014609,-9.24449374841103e-05,-0.01010101009998976,0.010758110797200035,0.011427957617920967,-0.007154683065274942,0.0006807146132650196,-0.00567012128412896,0.1356088560823059,0.023474178400082344,0.011811023617397158,-0.07706093188583132,-0.0723860589618268,-0.016877637123680334,-0.10328638492803455,0.19999999599999996,0.024498886408797448,-0.09352517982247288,-0.031128404663204448,-0.0005966026075424817,0.012680635320558034,0.02620689655136274,0.024120931432852814,0.0065227022858168945,0.021336327905551237,-0.011299435028234021,-0.00511639805576743
2010-02-28,0.1818181801652893,0.00410304144185962,-0.0009517766497417875,-0.00014917309723597793,0.00044417652844107905,0.0037091914360433526,0.016229577161990225,0.008122765612473392,0.01020924126181372,-0.01628664495111354,0.00047861148486944683,-0.01219512193634729,-0.017094017086711974,-0.005509641871760434,0.01711026615644289,0.014399999997695976,-0.023012017386563346,0.012706180512039067,0.003315427035025391,0.007357482561832309,0.0013325212021550292,-2.218869264193164e-05,0.000872795631536234,-0.0007165145036403504,0.0,0.00353067674850867,0.0007670227422128823,0.009290691441838394,0.0013360883208784194,0.005832593907127292,-0.20796100730268235,0.02599388378807432,0.019455252910717903,0.001941747572438454,-0.028901734095693167,-0.08583690983440483,-0.0418848167319974,0.8333333194444448,0.004347826086011443,0.05158730156683039,0.014056224896775736,0.0007397097612489392,0.005567938179826266,-0.010752688171898638,0.02133630121189957,-8.151487238875718e-06,-0.004947773501896965,0.01597402597400517,0.006788377474927566
2010-03-31,0.23076922899408284,0.005443035317069502,0.00033136813619079146,-0.00033468146791974156,0.00023558086539614699,0.006202072641527548,0.022099708450721903,0.01268587518227539,0.012292509275547175,0.05298013245024341,0.005343442548966096,0.25925925893918605,0.10869565212665407,0.06371191133969199,-0.014953271025242394,-0.011041009461980958,0.06307249411066371,0.014627308784031227,0.0041553633799505585,0.008098946513036182,0.0017346310635693411,0.0014090132469277556,0.0014869306620587687,0.0012567269587207503,0.010204081631611791,0.007049916987428024,0.014208523345101894,0.009323184044368106,0.0016546444744431985,0.00025876873132753877,-0.09794871794369495,-0.12965722799856078,-0.057251908375094654,-0.005813953487245406,0.04166666665426591,0.05164319246401743,0.0,0.3636363603305785,0.004329004328067223,-0.041509433946600165,-0.011881188116459093,0.023620796415707787,0.009213511274502314,0.0,0.02260878404460385,0.005159933483321441,0.012707182320371846,0.006774894541727334,-0.0006640445420644749
2010-04-30,0.24999999843750007,0.004985223446160151,0.00023004053314080279,0.00018151455746684094,0.00017664403509255264,0.002589602205592426,0.005649210086839446,0.012433279873810809,0.01113677140338647,0.08018867924515694,0.009202564148604871,-0.04901960779507886,-0.04705882351095719,-0.03906249998982745,0.0037950664129422006,-0.0031897926629680675,0.03988183160955351,0.01318573526650774,0.0026902068973578626,0.005280381745250699,0.001565242955235649,0.0005428701210873325,0.000513513211796213,0.001925076040503585,0.0,0.003606787994936511,0.00981534821655668,-0.009704764688681792,0.000908792162379511,0.003022107243649777,0.2535531551874046,-0.03938356163709178,-0.036437246948810946,-0.040935672506640215,-0.06285714283918373,0.07142857139668353,0.09836065568395576,0.06666666622222228,0.010775862066643287,-0.055118110214520476,0.014028056109413094,0.009352543049252052,0.005857251955122833,-0.01902173913017622,0.020119597894998183,0.008993666317948458,0.006001091107441316,-0.007745048247831739,0.0033735432426897473
2010-05-31,0.0,0.0039817271000557805,-0.0005197720362620561,0.0006815642908678497,0.000633994801239697,0.002798974691375937,-0.02333130623610526,0.010294627673570833,0.009691206631532818,-0.1513828238716865,0.007802005213197675,-0.21649484513763415,-0.1358024690799167,-0.10298102978238993,-0.062381852540192476,-0.03199999999488003,-0.12594696969547883,0.01145528517490626,0.00012066250236867887,0.0011512608268650026,0.0012354116813027604,0.0003211161554609151,0.001104602510447968,0.004073319755600783,-0.03030303029996946,0.013715348211834405,0.014566963129053706,0.010803471279289894,-0.0006053210809214728,0.006741151505913837,0.4544217686868743,0.2442067735750077,0.21428571419567838,0.048780487794963356,-0.021341463408127554,-0.17083333326215275,-0.15920398002029645,0.0,-0.08528784646369136,0.09583333329340277,-0.055335968368510555,-0.010313904159449726,0.015974507290832066,0.019390581717182834,0.01737306508736844,0.008190133260460164,0.002169197396951391,0.0070377479206563814,0.0069281711665799516
2010-06-30,-0.09999999950000009,0.0032232367285746563,-0.00041879515854186097,0.0006730397214313925,0.0010499542907782759,0.0020076781447093267,-0.03700911245940412,0.008262217627045465,0.009393177193908574,-0.08061749571169706,-9.710109106319222e-05,-0.19736842079293632,-0.14761904754875285,-0.10271903320159541,-0.01612903225481271,0.029752066110784882,0.020449620801456406,0.009236352121454064,-0.0013411515133807544,-0.0011178422480656361,0.001060243649814098,-0.0004206378197630709,0.00047924747001374106,-0.0011022235829920694,-0.02083333333116312,0.0022017112061298205,0.0016298288466709214,0.01185609157807972,-0.0025269992941149393,0.0027249860257123285,0.07701902088939758,0.021489971343626,0.0657439446139294,-0.03488372092347209,-0.09345794389611896,-0.08542713563546371,-0.08875739639718491,-0.24999999843750007,-0.03729603728734361,0.1520912546950223,-0.018828451878906152,-0.002025940921153163,0.004346077007461378,0.03260869565173094,0.00871504064912709,0.0005580490604845014,-0.00703463203459403,0.012960609911038227,0.00263078012749101
2010-07-31,0.0,0.003531871363724655,0.001869253541674263,0.0005437080891660147,0.0007640351908245573,0.0035968058799954548,-0.030941099505813217,0.008372703563127703,0.012195233845957177,0.01865671641787564,0.0016420506210658077,-0.09836065557645786,-0.10614525133734898,-0.01010101009760917,-0.03278688523918304,-0.03531300159946832,0.013536828135188765,0.008215671567998245,-0.0011394093488035027,-0.0005730890925884273,0.0013229009832669706,0.0008527037352758604,2.2279902413885613e-05,-0.0006206848989662866,0.0,0.003825760337182441,0.006974626521042384,-0.005598845598842393,-0.005006595150544108,8.129514784089694e-05,-0.31962941516156257,-0.07573632537507205,-0.05519480517688478,-0.06224899597143604,-0.07903780066012446,-0.01098901098297308,-0.0714285713821893,0.33333333055555564,-0.03389830507653786,-0.009900990095742183,-0.03198294242388431,0.00290370746894557,0.005800470337684767,-0.10789473684068562,-0.005040514609507346,0.003027719569426165,0.003269754768374521,-0.0061465127947741395,-0.0007064284993437836
2010-08-31,0.055555555246913635,0.004245568805466714,0.0014613634796927953,0.0,0.0006595501506544772,0.003798171034562986,-0.0047921095443219375,0.00911651508146611,0.01617273647079781,0.09706959706941928,0.004336368203491692,-0.14545454519008277,-0.16874999989453124,-0.15986394552385572,-0.04872881354899804,-0.05823627286884582,0.0058923661122704755,0.007599434008167327,0.0003754510349958286,0.002040306471783454,0.0018030880423931923,0.0013720153134460069,0.0009580144593238256,2.3002606962122196e-05,0.010638297871208654,0.0036713497060461534,0.0030658626043087696,0.01340840492221194,-0.007638219149522181,0.0063056681337306545,0.1085106382932549,0.050075872526543885,0.03436426115657573,-0.051391862944027485,-0.10447761190131441,-0.1555555554691358,-0.16783216771480267,0.0,-0.047619047607113114,-0.0133333333288889,-0.039647577083778,0.004194067485206713,0.005434929343145152,0.016224188790321302,-0.021454762731197206,0.0050998117359214055,0.004345464421486507,0.012747696579562382,0.004367804483941466
2010-09-30,0.0,0.003979525730344328,0.001615249422953927,0.0005554884675741647,0.0009119268291541865,0.001940410008634636,0.012496712152162817,0.007965979414564298,0.017208572326376084,-0.00834724540900109,0.0008687944818385768,-0.10638297849705747,-0.04511278192096787,0.024291497965873727,0.00890868596683549,0.0,-0.019656339494667205,0.008089963207804925,0.001045389047819207,0.0029354881427054863,0.0019806365247441505,0.0009944531612451543,0.0005675811028816911,-0.0006363908206374594,0.0,0.002804729484513019,0.0023764924933349246,0.010653531130070023,-0.009278554019253815,0.003600443131461792,-0.09021113243415702,-0.09537572252957001,0.013289036540435548,-0.022573363426055596,-0.012499999994791585,0.17105263146641272,0.09243697471223791,-0.06249999960937506,-0.00789473684002765,0.01689189188618511,-0.009174311924501312,0.009482410538535276,0.0043112823748397535,-0.010159651668938216,-0.02400098472572951,0.001620181934576135,0.0,0.008474576271175965,0.0019355973957412677
2010-10-31,0.0,0.0028212294346586877,0.0034818462947955975,0.0004988574555031072,0.0005367347583090737,0.005742173504661863,0.014542673852528006,0.005161471001615223,0.01632380803821496,-0.08585858585844132,0.0034020166593595677,-0.19047619002267563,-0.0787401574183149,0.03952569168398198,0.03311258277414721,0.010600706711907933,0.08750497941724204,0.010614970940402714,0.0004829027190757625,0.0015539986157898883,0.0019431866510239704,0.003190127163511252,0.0015238137610223636,0.00214822771213747,-0.010526315788365614,-0.0026924191170083086,0.002295326402096279,0.01042788325304033,-0.010666268976387352,0.005530769938367541,-0.1054852320630597,-0.05271565494365566,0.03278688523515187,-0.016166281751462817,-0.03797468352828085,0.19662921337268013,0.13846153835502953,-0.1333333324444444,0.026525198931956203,0.05647840529685116,-0.020833333328510766,0.012424456430031148,-0.0014438483370819055,-0.007331378299012736,-0.01032486302366283,0.00396105228273366,0.009194159004817709,0.004448838358867351,0.0021827487580906306
2010-11-30,0.0,0.0008538917337145388,0.0025338416234732945,0.0012103324594228096,0.0014380381373058214,0.004544404220903892,0.0042025669195639315,0.0008858837011343668,0.012422874073231891,0.0036832412522952427,0.0029972561561717346,0.3235294108131487,0.25641025619110236,0.06844106461276012,0.04059829058961584,0.034965034958922225,0.027350427350093336,0.013318919755592847,-0.0009249490848839489,-0.0014631002211453476,0.0015596087894703718,0.0019916154091394874,0.0012993791854857216,0.0010258765885775454,0.0425531914848348,0.0007051584554685234,0.0026836103001138673,0.019799203544775452,-0.010456042411153815,0.002618669167171382,0.11037735848535955,0.04890387857522701,-0.038095238083144405,0.046948356796491036,0.07894736838642667,-0.028169014071282177,0.040540540513148315,0.07692307633136101,0.08268733847992582,-0.006289308174122864,0.04018912528600728,0.010342911818265963,0.0017003136877703161,0.05760709010254629,0.016692993496871016,0.003293093149737208,0.005894962486570737,0.024360236220442557,-0.00017524095631484362
2010-12-31,-0.05263157867036016,0.0002957289168138438,0.0040165763468099115,0.001168707554022917,0.0008732877483090859,0.003584572918263691,-0.002671976491490171,-0.000625317133985041,0.01080734048800509,-0.011009174311906405,0.008267918906438467,0.355555554765432,0.3673469385256142,0.17437722413723222,0.030800821348911427,0.03040540540026931,0.058236272877843706,0.015632902741381786,-0.0014054314950124767,-0.0027050629857398264,0.0015189450944521215,0.0022621949880053246,0.00021073646849816683,0.0006271318659467348,-0.05102040815805914,0.009960223851337362,0.006469077724876688,0.008634913650858767,-0.009708799033205514,0.003832204201737783,-0.2459643160473252,-0.13022508036491554,-0.11551155111699278,0.05829596411248965,0.17886178854517812,0.11111111105743424,0.188311688189408,0.0,0.05489260141887993,-0.11075949363583562,0.1045454545216942,0.007114904640726316,0.010703149329373008,0.04050279329552378,0.03373162442850474,0.008428968704711286,0.01065530101219683,0.0006005284650485221,-0.00037558215233602694
2011-01-31,-0.05555555524691348,0.001589999519755554,0.003243042200355421,0.001351871760717357,0.0020688755661205397,0.004135230636996957,-0.0029284389862861584,0.0015532750037734726,0.011006650214846795,0.1688311688308556,0.007716236066706261,-0.04918032778822902,-0.029850746253805516,0.036363636352617114,0.0039840637442263745,-0.0016393442620263022,0.004267744833734588,0.015731985891570995,-0.00037347809694136136,-0.0010990472072190448,0.0017878350646284983,0.0030021475215518995,0.0021401878485884478,2.292946895349886e-05,-0.021505376341773727,-0.002165792656582719,0.0016718684962492884,0.01046949124815385,-0.0072338122940889555,0.003726679846387775,0.10028169013519546,-0.06099815155988945,0.0,-0.010593220336738688,-0.006896551721759816,0.017391304340264667,0.07103825132730143,0.07142857091836721,0.02262443438402154,-0.03914590745937863,-0.012345679009805518,0.007495374162040806,-0.0016926761341698076,-0.004026845637529803,0.03306221086853236,0.01612665170005548,0.015814443858640937,0.0019205377505678817,-0.0008265911880368096
2011-02-28,-0.05882352906574399,0.0036476901500202994,0.00321447463004955,0.001213840181710607,0.001840190661697358,0.002501355297071473,0.0017478022721653314,0.005819265966248941,0.01143967123011873,-0.17936507936479465,0.00565068639976641,0.18965517208680144,0.092307692260355,0.0,0.03571428570719949,0.009852216747150784,0.0017893088794252658,0.012949858747678141,0.0013596528274188004,0.0019503181900245587,0.0020639844378114664,0.0027856066067729547,0.0017483291284717934,0.0016432409296922045,-0.010989010987803367,-0.004116120866568698,0.00257471505562813,0.010522907560298677,-0.0040186642905888584,0.005648502411083514,-0.06041986686838606,-0.05905511809861116,-0.04104477610408788,-0.004282655245335529,0.03472222221016592,0.02136752135839006,0.09693877546074549,-0.1333333324444444,0.02876106194053976,-0.04814814813031562,0.03124999999348966,0.007508859189320176,-0.003923599750384813,0.04447439353039788,0.01837058680596995,0.0057259932572411186,0.016087182148333865,0.009704085300096088,0.003985961393832065
2011-03-31,-0.12499999921874994,0.00525855307961377,0.005173548206810439,0.0009362846305238559,0.0010796862189878466,0.0075043166423156985,0.0059301372247166926,0.011092927430049205,0.013313226589406531,0.16054158607319044,0.0013727596732659036,0.15942028962402874,0.05164319246401743,0.014619883036660931,-0.017241379307041855,-0.01951219511877852,0.14914043313073072,0.012018458307421875,0.002031841765494978,0.0029876445489003373,0.002595006560084527,0.004019739207119841,0.0015133105047883259,0.0017092191005234352,0.0,0.010364014644341354,0.007051611295149217,0.009772508811273315,-0.005224145038640079,0.004705034837518101,-0.03324250681017768,-0.0020920502087674944,0.00389105058214365,0.00430107526789215,-0.0067114093937210096,0.03765690374993429,0.027906976731206082,-0.23076922899408284,-0.030107526875245812,0.019455252910717903,-0.018181818178145057,0.009732992663648424,0.01028649244557484,-0.12903225806285118,0.007403503658597735,0.0017178996016904318,0.017364657814007214,0.008898908400558972,0.0011985317985464129
2011-04-30,-0.2857142836734694,0.004459628500796613,0.004694098975078249,0.0010153582935544887,0.001221727961901664,0.0030509336421929603,0.007249169071537606,0.014297035957702113,0.011910854756995857,-0.07666666666653889,0.002545915891113043,-0.23749999970312508,-0.12053571423190379,-0.04322766569359443,0.005847953215234365,-0.0016583747924282422,0.0689722168246652,0.008523132696733209,0.0005626159194586313,0.00022442280517493454,0.0025226517217477483,0.004242345333374161,0.002294109212808456,0.0024832797574612466,0.011111111109876504,-0.0033128157976159,-0.004877361766995726,0.0030673224390485414,-0.010497169306008799,0.006016200047053486,-0.16854565951699285,-0.0020964360582606608,0.0,-0.044967880076024,-0.06756756754474075,0.03629032256601191,0.10859728501873435,-0.3999999960000001,-0.0022172948997300425,-0.022900763350037896,-0.016460905346407234,0.005383376937009443,-0.003651479810190822,0.03407407407356923,-0.0036235413395189226,0.0026255482539342184,0.019578313252913794,-0.004469010937310933,0.002169738384417314
2011-05-31,-0.09999999900000009,0.0025971750754712826,0.0031817147344934496,0.0009903678737400766,0.0020024404743191706,0.001886951868645476,0.00690843168985625,0.01706578925298066,0.009841700903858606,0.012635379061349034,0.0017835606665419488,-0.26229508153722114,-0.14720812175268624,-0.08132530118032372,-0.03875968991496909,-0.03986710962792894,-0.07915303525918624,0.0052024046323530665,-0.002261266869543636,-0.0049374442563168575,0.0023225843931523296,0.0030359670256917977,0.002376891334224122,0.0007598553235463911,-0.010989010987803367,0.0012300188666825205,0.00023221590307611007,0.02050930563609393,-0.019645090355581037,0.006759766582029505,0.04745762711542655,0.06932773107787234,0.027131782935220176,-0.03811659191970478,-0.07246376808968695,-0.12451361862859386,-0.18367346931278639,-0.33333332777777785,-0.04666666665629629,0.019531249992370533,-0.037656903757812485,-0.002169491126280862,0.0006222602712497008,0.06446991403919097,-0.011691437089517122,0.0019904940663598254,0.004923682914796043,0.02031896042525662,0.004628707943458909
2011-06-30,0.0,0.0014218246628244038,0.0,0.002066544322979072,0.00232853797255565,0.002117651468300484,0.005853256363332824,0.016568206559262135,0.006420011912131451,0.08377896613175798,0.003857501356483666,0.0,0.04761904759070299,0.04262295080569751,0.006048387095554811,-0.005190311417787186,-0.049738478238924834,0.002705954426262157,-0.003821734921900477,-0.007281776158985351,0.001764164063719366,-0.00020465757555943243,0.0010978032955935354,0.0017615258458361042,0.011111111109876504,0.002953964017060977,0.0013737395939038216,0.008524488530683756,-0.02333513915941195,0.007853721668527831,0.06925566342593817,0.06483300588117231,0.02641509432965479,0.041958041948261464,0.031249999987792994,0.07999999996444451,0.014999999992499902,0.0,-0.013986013982753752,0.053639846722743405,-0.01956521738705101,0.007873760229398102,0.0020834736178887087,-0.03768506056476867,-0.011113392784365508,0.004275215082595953,-0.0009799118079324288,0.011230751418303462,0.00832301213772395
2011-07-31,-0.22222221975308634,0.001764250287756819,0.002620036831745499,0.0026116936992785765,0.0023186780419750504,0.0034409245614689054,0.005352891738353328,0.01485262575513408,0.0028434590534952087,0.02467105263153837,0.0055233221008888075,-0.19999999955555559,-0.23295454532218485,-0.11320754713421155,-0.012024048093782855,0.0017391304344801142,0.009346764980690047,0.0019533688440174324,-0.0038405150238895332,-0.00623160568259815,0.0011254818375032616,0.0017022376883859879,0.001480409250896585,0.00042444821731748406,-0.010989010987803367,0.004747510082427544,0.005638324141827352,0.017673274934676672,-0.021936583759962804,0.017834996103737354,0.5284503631641374,0.029520295197505507,0.018382352934418186,-0.06711409394471717,-0.07575757572887977,0.0041152263357549625,0.019704433487830346,0.0,0.009456264773177986,0.0036363636350412445,0.008869179598920368,-0.000942504310054645,0.003636521745956991,-0.10909090908938329,-0.0014171079162751594,0.0060245041629995045,0.003433055419306305,0.013968399358811629,0.015452267478991952
2011-08-31,0.4285714224489796,0.0031694560496799075,0.0031544621664048884,0.0019655805014336387,0.002859451731198865,0.0017425174251739874,0.0053044097942363585,0.01105585675813286,-0.0009640415085593089,-0.060995184590592305,0.001889787587874964,-0.44444444320987647,-0.28888888867489715,-0.20921985808183688,-0.11359026366864287,-0.06944444443238802,-0.1117398909341317,0.002440680231117863,-0.0022379934938958463,-0.0018865127002090692,0.00036914791485387436,0.002355421233182816,0.0019928607406216117,0.0009924843929935074,0.0,0.006366420518093123,0.004042016233489475,0.059649652672878466,-0.014151189369152044,0.02607345424744711,0.25227722771278116,0.30824372754332546,0.17328519849339882,0.035971223012956625,-0.07377049177304494,-0.15983606550826396,-0.1690821255221825,-0.4999999875000003,-0.1451990631978456,0.10869565213453067,-0.07252747251153244,0.0019102252718115737,0.005045114588231097,-0.12401883830260577,0.015388993655001147,0.0018316661433333459,-0.006842619745812136,0.056458897922248806,0.017273497036405554
2011-09-30,-0.19999999800000004,0.004209904563726913,0.0021715478580747187,0.001343484102099462,0.0011334354605859632,0.0030603797103335158,0.007557778827410042,0.008459969996169539,-0.0020626355710039205,0.11111111111092117,0.0,0.24999999874999992,0.0,-0.13901345285246036,-0.06407322652996042,-0.016791044772986884,-0.008340090350882182,0.0032661855165168675,-0.0005516164598372968,0.0014150921489920188,0.00016666674488244486,0.001405639727011831,0.0006775363902535306,0.0016878211969149832,0.0,-0.0007676340257380923,0.0020244207642796594,0.006793026459547475,-0.007424803219454441,0.0033839169363987054,0.35863377607973956,0.15205479449971857,0.015384615379881601,0.06481481479981123,-0.017699115036416142,-0.146341463343248,-0.1279069766698215,-0.49999997500000126,-0.1287671232523925,0.07516339866824724,-0.04976303316356326,0.010471586938150057,-0.0022414671421000887,0.06630824372641031,0.023205328225762524,8.95502339500338e-05,0.0024606299212477332,0.0,2.3781778401469717e-05
2011-10-31,-0.12499999843749995,0.0050052999193641555,0.000675207527016317,0.002042205582020473,0.0017159182373729174,0.0018269159433189665,0.013283075482944204,0.00848771130311277,-6.807183025566305e-05,-0.06153846153836687,0.0008215549184312032,0.0,0.031249999967447945,0.13020833326551648,-0.02689486551909658,0.018975332064710665,0.00934470272153548,0.004541513001965162,0.000827932002422773,0.002842253776171795,0.0006723871926655968,2.1430025608601035e-05,0.0004805067161682935,0.001594305834705986,-0.022222222219753007,0.006995045482981226,0.004653540392315104,0.011465509106345315,-0.004376394347736995,0.0035819769999368596,-0.3026070763430492,-0.15933412602148225,-0.08484848482277313,-0.04782608694612471,-0.004504504502475552,0.19428571417469379,0.25333333316444434,0.99999990000001,-0.01572327043530723,-0.021276595738213753,0.0224438902687172,0.0061842722121578505,0.005374063629890331,0.021848739495431067,0.02136320379384401,0.00036563071297983585,-0.01276386843390884,0.003313381787084982,0.002853745541021913
2011-11-30,0.14285714081632647,0.005000222356669828,0.0018478500551186916,0.0017181180485270956,0.001735053376061851,0.000361014172120382,0.019344642195862266,0.009463836370594204,0.004137388918615625,0.16557377049153185,0.001340213093881815,0.0,-0.03030303027242121,-0.04147465435876738,-0.02763819094782957,-0.04283054002926814,0.12498553408025705,0.005455693517792972,0.0017558005325667252,0.002416893329296071,0.0015926236206384942,0.0020465235885732836,0.00211758028246649,0.0010863251280581103,-0.022727272724690203,-0.0001180907752280389,-0.0028922914965161086,0.011102299762088484,-0.0036726979295619157,0.004257983719473493,-0.07209612816848812,0.10183875528969745,0.0728476820950836,0.06621004564698402,0.03619909500624478,-0.01913875597170396,-0.06382978720009048,-0.49999997500000126,-0.035143769956823036,-0.027950310550326082,-0.029268292675788142,0.004000678763614807,-0.001833431211798615,0.047697368420268234,0.010165037693049935,0.0009920634920634994,0.0014917951267952242,0.023223607116199776,0.0034384633625792176
2011-12-31,-0.12499999843749995,0.004927248310750519,0.0002377084901538693,0.002093691718672151,0.002230067122366208,0.001017877632601601,0.021552068241077024,0.010882003394546898,0.007040564371065991,-0.023909985935268763,0.009628254031987447,0.0,-0.13541666652560766,-0.0913461538022375,0.015503875964986091,0.02140077820595322,0.013990330212797131,0.005454218728877647,0.0018119288117266577,0.0013539499678847954,0.002201425335385076,0.0005774165953745149,0.0016556291390546702,0.001514683385957894,-0.011627906975392063,0.005258273078966394,0.005693077347809862,-0.004567474048440841,-0.003556615765221314,0.0026811323107617754,-0.15827338128927082,-0.07188703465059211,0.009259259256401402,-0.025695931472013742,-0.09606986895368136,-0.04390243900297435,-0.09659090903602785,0.0,-0.01324503310819702,0.044728434490502136,-0.007537688440317114,0.001615666233148654,0.0034609569356316193,0.09733124018685513,-0.0001804330805086049,0.00962763698145184,-0.007944389275035005,-0.00770432066631158,0.0047028240576615695
2012-01-31,0.14285714081632647,0.004305153715046227,0.0027241960540846464,0.0014243556954498147,0.0020755920054437364,0.007302778753535164,0.01665678135725808,0.011369829497614708,0.007249218694047433,0.04178674351578993,0.008790753552341983,-0.11999999951999998,-0.14457831307882132,-0.03174603172923481,-0.020356234091512427,-0.003809523808798105,0.016942274525545902,0.0036797074972054885,0.0006617932137698022,-0.0003740844718449883,0.0021106242850155383,0.003419753350253143,0.0029904306219771123,0.002565800364178097,-0.02352941176193763,0.006015747409246461,0.007425322813689557,0.020439377085641208,-0.0030249534402117524,0.009338142321164833,-0.16923076922353705,-0.08575380358426643,-0.009174311923799845,-0.07692307690617067,-0.04830917872062352,0.07653061220585168,0.18238993699220746,1.9999998000000199,0.01677852348430245,-0.0030581039746000386,0.0075949367069379405,0.008345583819062686,0.004164044908708731,0.07296137338951406,-0.009089424635845247,0.006103816545992267,0.0045045045044818455,0.013954464379378868,0.0048454626711190475
2012-02-29,0.24999999687500007,0.0032343810281431906,0.0021374461249368303,0.0017248695542774726,0.0006889681714227118,0.008296013508552342,0.00737776468984768,0.010361887105890644,0.005133455700249569,-0.026279391424583295,0.007030454351325054,0.36363636198347105,0.22535211235865907,0.08196721306996321,0.0,-0.017208412998621858,0.020051875498602885,0.0007696010562934439,-0.0010782555425228248,-0.0020762719029666305,0.0014649741672585306,0.0022365646366941144,0.001398601398586288,0.0020864135451768417,0.0,0.00316971460163418,0.0030286634201981953,0.003406458645590496,-0.002358422264806318,0.004394837093246005,-0.05195473250761557,-0.09531013614291826,-0.04320987652987353,-0.03809523808616783,-0.0050761421294029776,0.07109004735967292,0.058510638266749716,1.9999999333333356,0.026402640255312686,-0.027607361954721625,-0.007537688440317114,0.01357484031268078,0.0013179580195244122,0.003999999999946629,-0.015097935213757735,0.007299216526305987,0.004484304932713111,0.00020695364238393888,0.0032303370786509714
2012-03-31,0.299999997,0.002846848723936719,0.0020934703870199877,0.0020513745778519984,0.001947078067297288,0.0006098004951214411,0.0026236095437924614,0.009285911129190137,0.0038314757423543976,-0.01278409090907275,0.004746680585912811,0.09999999966666676,0.1954022986259744,0.12626262619885725,0.03636363635419129,0.017509727623052727,0.03853300733458645,-0.0016330888457889861,-0.0019642228272171588,-0.002620567312412065,0.0012881009962291837,0.0019127773526958901,0.0016997964574758202,0.001677638723496666,-0.012048192769632917,-0.00520572557692364,-0.006422636664085835,0.006880318667387921,-0.003295574651995963,0.004150692634053694,-0.15897992402827021,0.0016722408023959105,-0.00967741935171704,0.019801980193118338,0.005102040813723453,0.026548672554624505,0.015075376876846557,-0.11111110987654317,0.05466237940364552,-0.03470031544646674,0.01012658227591733,0.003573527354134592,-0.007040113779525606,0.011952191234901108,-0.021910845499028397,0.0049085652278400655,0.012896825396761397,0.007345334160969043,0.0024966167343313545
2012-04-30,0.07692307633136101,0.0025016867468908043,0.0016607883499996203,0.0022781183212292272,0.001868888908333072,0.0022376044897623342,0.00246342837288529,0.00561339939403335,0.002683174851556352,0.08345323740995186,0.005154471808691563,-0.1818181812672176,-0.21153846133505924,-0.12556053806028677,-0.007518796990596855,-0.007648183554942992,-0.02693285620089525,-0.0032300846545802496,-0.001284759529424565,-0.0010996197208071913,0.0014143399000957364,0.001315175427418014,0.0015131699830145306,0.0006205839470634371,0.0,0.007146785085814799,0.0036261997961870903,0.01056464664628189,-0.005535913506368629,0.005894869732541283,0.10645161289635786,0.008347245407621464,0.04234527685917103,-0.029126213585163565,-0.03553299490582085,-0.03017241378009803,0.01980198018821686,0.0,-0.03048780486875361,0.026143790841129503,-0.027568922298854985,-0.005632593195715868,0.005308731998159881,0.0026246719159760913,-0.025750452095119128,0.005044026524621902,-0.002448579823690262,0.0025675259320092764,0.0038170603979973973
2012-05-31,0.14285714183673462,0.002580302902553675,-0.002068180132372036,0.0015426312993973821,0.0013935912277957879,-0.0010618505241184976,0.006819277352523707,0.001413757064511368,0.0022396360367826313,-0.05976095617521944,-0.0014374661832040826,0.0,-0.1829268290452111,-0.18461538452071,-0.0404040403938374,-0.023121387278782025,-0.08351882318703645,-0.004191601478730912,0.0003571826496695925,0.0015068727566314695,0.0019558852716854754,-0.001122786204546985,0.0010144505239418917,0.0007995337298622052,0.0,0.0021439368232497027,-0.004397160278570562,0.003959250856353099,-0.00931773994346751,0.003380566801619054,0.40291545187155015,0.15231788076948377,0.062499999980468665,0.012499999996874955,-0.015789473675900174,-0.07111111107950624,-0.16504854360919977,0.12499999843749995,-0.07861635217653573,0.04140127387216516,-0.03350515463053988,-0.002075113500295838,0.0003536008351670587,0.03795811518274912,-0.02939985454933182,-0.0012835211744939687,-0.008836524300398363,0.010551116574461589,0.006515337707805386
2012-06-30,0.0,0.0023405780507832754,-0.0008263631713071255,0.0014115757006155358,0.0017406554287433267,-0.0015444997637822488,0.011257500694456019,-0.0009233849106737402,0.0017742730857150532,0.06920903954792484,-0.0016578919701416357,0.2222222213991769,0.07462686556025831,0.05031446537716061,-0.04210526314681433,-0.009861932936911,-0.12977824709472258,-0.0038897775819193765,0.0012808976333750844,0.002179953877131324,0.002145313471399606,-0.0005090029903871902,0.0010242035469675453,0.0005450405047224359,0.0,0.00017750963220429148,0.0018178817853366758,0.007311237149943587,-0.01166271101642832,0.0060120644783822254,-0.2901080631633372,-0.07471264366742628,-0.002941176469723121,-0.00493827160371884,-0.010695187160056059,0.01913875597170396,0.0,0.0,-0.07849829348856713,0.03975535166979955,-0.02399999999359996,-0.010717487151098555,-0.0015589191148659858,-0.07692307692210683,-0.026814981582383608,-0.0009530479484197422,-0.010401188707229288,0.009325899645200933,0.007970513706517482
2012-07-31,0.0,0.0020000554371265747,0.00028880992805881963,0.0013239205180372799,0.0015111726612686764,0.0024568236000652916,0.016025948545784294,-0.0005927195539397355,0.0014592279492815553,-0.022457067371172448,-0.007088119501643869,-0.30303030211202936,-0.16666666643518518,-0.0958083831761626,-0.06593406591595223,-0.029880478081697012,0.06698216235812436,-0.002748848682829649,0.0011304681510340604,0.00034171167143351726,0.002108963689465488,0.00036072739618086327,0.00103392568658018,0.0010820249537340973,0.0,0.001996372470146865,-0.0032702670851598166,0.017683543746967904,-0.013376504303487788,0.00788127945452647,0.10831381732386931,-0.04347826086281397,-0.03539823007805365,-0.0843672456366335,-0.12972972965960552,0.03286384974982931,0.06395348833491082,0.11111110987654332,-0.04074074072565169,-0.017647058818339115,-0.046448087419003234,0.004644187096829158,0.000326794842861884,-0.012295081967045226,-0.020281783747369237,-0.006085090083904477,0.001501501501493901,0.017073415687438913,0.004959319864703093
2012-08-31,-0.187499998828125,0.001517640508613627,0.00580952797582656,0.0019210353369319055,0.0011436274296597888,0.0035582020187347662,0.01970848785708121,0.0019043955719168894,0.00118643790798041,0.018918918918893354,0.00040792683424297686,-0.04347826068052934,-0.016666666638888904,0.03973509931143374,0.023529411757785487,0.00821355235970975,0.07085181394210323,-0.0006938045691432375,3.303112935979665e-05,-0.003599196086899725,0.0017193991973174134,0.003362039708092708,0.0006347771824431683,0.0013119348803232033,-0.01219512194973226,-0.004074887838158718,-0.0022236075916755795,0.010244218716226312,-0.01316303313458463,0.0069541167575304106,-0.07712625461821841,-0.02922077921603554,-0.018348623847599825,-0.018970189696756002,-0.012422360240731463,0.022727272716942064,0.06557377045597054,0.0,0.06949806947123632,-0.03293413172666639,0.02865329512072961,0.013602384022075916,-0.00568463191838917,0.027662517288690697,-0.008702281644904561,0.0011343062190519258,0.01299350324831085,0.011059543793807516,0.0010915789234300797
2012-09-30,0.07692307633136101,0.00171186984636467,0.00477126627752159,0.0022744297430117113,0.0018502994792151317,0.0044591172214177655,0.020704038488205668,0.0038130809164400024,0.001273729966325706,0.12334217506614942,0.010128770765202435,0.04545454524793392,0.050847457540936565,0.050955413980283075,0.0028735632175651343,-0.01425661914169932,0.005947323704269912,0.0006404341671895266,-0.0008490224034796115,-0.006578861250803501,0.0013724987794884289,0.0030442365625173344,0.0012257405515701154,0.0013623268244384954,-0.03703703703246454,-0.0005314916513606521,-0.0029584006053750855,0.025201095327731855,-0.010690717666587548,0.007380329002617532,-0.09959931310248421,-0.04013377925750274,-0.04361370715152225,-0.03867403313848787,-0.012578616344290187,0.07555555552197528,0.08205128200920443,0.09999999899999995,0.039711191321403855,-0.03405572754363596,-0.052924791071608676,0.00773502854959147,-0.002096498924995381,0.05383580080681244,-0.0020843607421351337,0.010574862911718037,0.008386778490338581,0.008985252466052297,0.003066718157242437
2012-10-31,0.14285714183673462,0.00293981369811835,0.002696794580426908,0.0022576510360709607,0.0015824225371584317,0.0028905117376385576,0.021000286742867517,0.004911553392886426,0.0019165320584577882,0.08028335301053095,0.00979307783599552,0.30434782476370503,0.16129032232049945,0.0424242423985308,-0.005730659024145947,-0.0537190082533638,-0.05437077702645307,0.0009830461354459104,-0.0013525763632909295,-0.008653702877884438,0.0012887049917703235,0.0029612300169353342,0.0024270020081570043,0.0011894849530153357,0.0,0.0031824170940933367,-0.002871289000736564,0.007762614248149972,-0.006857421441982616,0.006796649732252453,0.18245390971503794,-0.01916376306286351,-0.11074918563167775,-0.04597701148104113,-0.012738853495070803,0.03305785122600918,0.004739336490644974,-0.09090909008264458,0.006944444442033185,-0.0929487179189267,0.0029411764697232514,0.0011431829757080506,0.0016579891165668028,0.05491698595076731,-0.0030460493541117554,0.009709575179134162,-0.004403131115438369,0.01132513793436136,0.0038273394329186986
2012-11-30,0.0,0.004467809674707373,-0.0016793444944194417,0.0015454995054343188,0.001324537710362071,0.0036812900676994917,0.018505299117382426,0.0047671794749762405,0.002684541014232327,-0.08961748633869987,0.012536377882246532,-0.16666666611111106,-0.15277777756558641,-0.058139534849918795,0.00864553313871881,-0.015283842791422803,-0.032488556435944047,0.0004855941710796331,-0.0013629493272443649,-0.008880917054095848,0.0012439978931297533,-0.0006829596318251725,0.0010712946595845842,0.001180646311037178,-0.01282051281886912,0.0038685096343231726,0.005318918391710316,0.0012423903590502994,-0.0014395204015858682,0.005932492328673099,-0.14677419354049612,0.0035523978679303844,0.08058608055656194,0.006024096383727687,-0.012903225798126961,-0.03599999998559994,-0.051886792428355435,-0.09999999900000009,-0.03448275860879908,0.010600706710035017,-0.02639296186909306,0.003049614996474825,0.0023948221752916384,0.0012106537530120808,-0.009051494689381453,0.012918885061070173,-0.008353808353767247,0.010432618682991633,0.008527918781724004
2012-12-31,0.0,0.0051663454093445514,-0.00012108160467664944,0.0016511326461265746,0.0017075173993786983,0.00025048307450089826,0.017664648793457964,0.004347746698313667,0.0030391757469776124,0.17166866746678072,0.02438331069770196,0.0,0.18032786855683955,0.09876543203779906,0.04285714284489793,0.0266075387967611,0.01834756519711119,0.00012378213220253355,-0.0010849164880361154,-0.008366637290339016,0.0012338757885395298,-0.00015771378102853416,0.000738402268706343,0.0018022561577085256,0.025974025970652747,0.0028598159095352526,0.006639406656831908,0.018281838110593536,0.0012550170737253771,0.011707855593429262,0.13547574038213767,-0.05486725662745721,-0.033898305073254836,-0.0029940119751514296,0.3071895422828826,0.016597510366557062,0.03980099500507417,-0.22222221975308634,0.028571428561224518,0.017482517476404807,0.009036144575591598,0.00369086077819552,0.0014534997202116555,-0.11850060459348846,-0.012670071677324746,0.024643903673043085,-0.0014866204162464062,0.008051529790652599,0.011945507012949396
2013-01-31,-0.12499999921874994,0.004173601422278624,0.0019807889421722836,0.001918010814800544,0.0021749919085029415,0.006367831717525179,0.017016613069324074,0.0032592792514620247,0.002491171162486174,-0.09016393442613713,-0.05663984213609166,0.07999999968000006,0.22222222191358032,0.13483146059840928,0.041095890399699735,0.021598272133564203,0.07297450424846486,8.202905855857201e-05,-0.00038121513410550856,-0.0061609073245643955,0.0010867003375300065,0.001903379813638171,0.0020210877515450744,0.0013992330130150777,0.012658227846498914,-0.0001507306362040466,-0.0032375800193098895,0.004671188919125605,0.0003350049455368432,0.0034841538005032854,-0.20754716979980317,-0.07303370785149176,-0.010526315785780326,0.02702702701891076,0.054999999972499936,0.05714285711953339,0.11483253583022378,0.0,0.06944444442033185,-0.03092783504091837,0.053731343267542794,0.007799476556256449,-0.001482574872610632,0.01234567901217621,-0.010658365041036334,-0.04807494479267779,0.004962779156302915,0.004510430370226878,0.00024316378186000853
2013-02-28,0.07142857091836721,0.0020170430490197024,0.005429926752077573,0.0022180193894018657,0.0014640721012384797,0.003385944331875598,0.015283219900923562,0.0018205279073035402,0.0012762443045716428,0.08333333333323949,0.001086743365145771,-0.0740740737997257,-0.12499999985795453,-0.06435643561170479,0.026315789466759026,0.02536997885298715,0.006653289682050292,0.00027954097765887936,0.0004585977242527064,-0.002898576809024247,0.0008200012837563534,0.00355812122798678,0.0010885457242448514,0.002107006350591055,-0.03749999999531248,0.004785400555701543,0.0035676688902015687,0.0,-0.00279476129008231,-0.000801243835668767,0.08613445377548082,0.006060606059381746,0.02482269502665872,-0.017543859643993038,-0.04739336490644869,-0.023166023157078778,-0.06437768237580353,0.4285714224489796,0.029220779211291906,0.017730496447613393,-0.005665722377998384,0.014091185310940727,0.003521300877286444,0.05149051490445131,-0.004223063599511686,0.0015561511195641919,0.008888888888845049,-0.00851262862487502,-0.003668670438471688
2013-03-31,-0.0666666662222221,0.0012221570476695803,-0.002811919102577904,0.0017528450170422594,0.0009674548198558505,-3.542801470259074e-05,0.0164835223359344,0.0017106977684730848,0.000672092335148824,0.04989604989599803,0.0016650750508091098,0.0,0.0,-0.010582010576411527,0.007692307690335369,0.0,-0.023814519512968754,0.0005706367044651247,0.0010230738501177414,-0.0015274759943343505,0.0009132788977343592,-0.0013177986487197164,0.0009167954799752862,0.0010475993743913519,-0.025974025970652747,0.004091505361695823,-0.0013553634528002969,-0.0008086035416831856,-0.00503589386792593,0.005737305852815159,-0.1811734364809044,-0.02409638553733006,0.02422145327881605,0.002976190475304774,0.009950248751268542,-0.007905138336796395,0.027522935767191337,-0.09999999900000009,-0.0031545741314969126,0.006968641112554486,0.01709401708914702,-0.008534468396132595,0.002912450140786971,0.012886597937978266,0.00010967809398737252,0.0021723493022585637,-0.0014684287811969796,0.00584960845362201,0.008273812164498448
2013-04-30,0.07142857091836721,0.0015884262516520167,-0.002087979266572208,0.001925904370991439,0.00016323444762244413,-0.0007971585725546454,0.014926826704662886,0.002575662030323887,0.00047637187035037896,-0.17326732673250173,0.0021838153209309806,-0.11999999951999998,-0.11688311673132058,-0.0909090908604765,-0.050890585228781066,-0.053608247411627126,-0.010531972057920173,0.0007844030511333747,0.0009781074046043667,-0.0016481793193070748,0.0011301315821854417,-0.0010158344503914457,0.0004899298122237736,0.0013707716117620948,0.013333333331555508,-0.0010348622371092228,-0.003453967641448538,0.01760135955328251,-0.004254121490777863,0.00522998652163137,0.06456692912877428,-0.06378600821732808,-0.04391891890408141,-0.04747774479303335,-0.04926108371957576,-0.06772908363835492,-0.0803571428212692,-0.3333333296296297,-0.0727848101035491,-0.020761245667556678,-0.04761904760570893,-0.005209208536380426,-0.0021114067683696944,-0.027989821882595405,0.002184306750230925,0.003064842594851914,-0.0024509803921448484,0.013600975518231312,0.004751952480474229
2013-05-31,-0.26666666488888885,0.0032300949138636017,0.00041415548949981875,0.0022317419433648534,0.0007043705332570752,0.0035900754359057545,0.013689464884263699,0.004636486968400196,0.0010744211864102161,0.1137724550896841,0.005447641659009713,0.36363636198347105,0.5441176462586504,0.2705882351349482,0.04289544234774925,0.030501089317973743,0.029651352231675386,0.0009869922669984406,0.0005862950059304931,-0.003287482417541668,0.0015997461380208215,0.0007338218490136318,0.001170997583474333,0.0015749654096381882,-0.013157894735110757,0.0009480062054894779,0.003076054368681931,0.0025050697840857377,-0.0018130827814744294,0.0026910910721870836,0.20562130175993934,0.015384615381234213,-0.014134275613380126,0.10280373828573094,0.1917098444602539,-0.05555555553181382,-0.09223300966396453,-0.33333332777777785,0.06143344707800896,-0.010600706710035173,0.12058823525865056,0.006702266782911926,-4.664511489545891e-05,0.10602094240698917,0.0005902082154648555,0.005552812542486516,0.002948402948388432,0.007033129742729136,0.0028464452278244732
2013-06-30,-0.1818181801652893,0.004521885291880105,0.0023804082054982778,0.002036124043414483,0.0015193393877940638,0.0020138496325605264,0.010535951717753324,0.006343032756441145,0.0029183697009106334,-0.09784946236548618,0.0023370721095914812,0.19999999933333332,0.34285714253061206,0.1666666665895061,0.09768637529622444,0.09725158560311804,0.010548523206639784,0.0009449393439424252,0.00031996520826630624,-0.003894488460925573,0.0018410420739472335,0.0022208022123985974,0.0017225429838089849,0.0013153060474685775,0.0,0.001855847687189047,0.0020640720119599874,0.007496430271296445,-0.0005276439235025398,0.00439777756850893,0.0343558282187511,0.12770562767798577,0.014336917557585347,0.14689265532573642,0.17391304340264666,-0.09954751126717305,-0.05882352938030832,0.2499999937500002,0.09324758839445417,0.03214285713137766,0.17060367449590452,0.0033288227334235363,0.0009420161218099374,-0.004733727810594934,-0.00801382791713415,0.002234477850916022,0.000979911807932568,-0.003308215401577677,0.0030567018187369144
2013-07-31,0.0,0.005648520144889801,0.0019574523005358477,0.0016819065666589363,0.0022712663381089775,0.0024858079757411797,0.006951168888888209,0.008150832581104621,0.006464211265842428,0.048867699642373225,0.0001774937877174743,-0.1388888885030864,-0.021276595729591084,0.03174603173343414,0.016393442619111673,0.02504816955201382,0.09196242171093988,0.000747062009942119,0.00038633999579975936,-0.0033378126661146148,0.00200061227319199,0.001243820095520742,0.0012737636531405339,0.0008952879965362563,-0.026666666663111134,-0.003259354518768833,-0.008023936717930084,0.0011810558639418997,-0.001424091485717463,0.005981792099908425,-0.20225385526677025,-0.09596928980883507,-0.0530035335501754,-0.02216748767926895,0.01851851851165974,0.11557788938915693,0.06249999996448869,-0.1999999960000001,0.06176470586418684,-0.05190311416889162,-0.0336322869879749,0.006365818789954937,-0.004081680207487688,0.011890606420786081,-0.025493073781924,-0.0008449364167594766,0.0004894762603989468,0.006453992255203344,0.0017413639232925398
2013-08-31,-0.11111110987654317,0.006013091357533469,0.0023872906826861136,0.002359072933713009,0.0019497178039937898,0.0029896417705711103,0.0024587186303313404,0.009288894703874282,0.010432421077434379,0.042045454545406764,0.0036218439945144803,0.2580645152965661,0.1739130433522371,0.0692307692041419,0.04608294929813761,0.01879699247766967,0.018736258483713387,0.0005652157728746473,0.0006489039236815614,-0.0015760739918840292,0.0019176377199360214,0.0014823784867057114,0.0010813217568183967,0.001781642483741583,-0.013698630135109729,0.0059758116132367575,0.00886280252240165,0.0007077975698948033,-0.004082599856334392,0.005237895521692109,0.26468401485020954,0.010615711250400024,-0.0447761193862776,0.037783375305344216,0.0399999999854545,-0.05405405402970542,-0.04812834222025226,0.0,0.04155124652588606,-0.02189781021098622,0.04640371228621728,-0.0023586802112090855,0.005212375036165354,-0.03525264394788187,-0.04620772872781135,0.003219158612847929,-0.0009784735812086037,0.0010993037742753264,0.003042089480888498
2013-09-30,0.0,0.004995888670358965,0.00037694469193186444,0.0017471386341175836,0.0015533251399632263,0.0034453737309974772,5.400603929161186e-05,0.009044075449544709,0.010485728296960593,-0.07306434023983308,0.004910825517002664,-0.15384615345167652,-0.14197530855433635,-0.05035971221210071,0.02202643171320996,0.00922509224922043,-0.0026273810640645543,0.0014449719613122286,0.0006615443729129245,-0.0003400420874263862,0.0016928549061323347,0.0004378009881748263,0.0011860511908041102,0.0013539821713482636,0.0,0.005340251302342468,0.0010732252356139812,0.015324767181415644,-0.006586752985586686,0.005266232140704266,-0.02410346854649598,0.014705882349851766,0.07421874997100827,-0.02184466018887262,-0.03496503495280946,0.04285714283673462,-0.022471910099734902,-0.4999999875000003,0.007978723402133384,-0.007462686564379601,-0.0421286030948716,0.0002471722952096928,0.004617674404110325,-0.05602923264243563,-0.04395536649297094,0.004561778810395535,-0.0014691478942140735,0.01308565153732327,0.005242520742617052
2013-10-31,0.12499999843749995,0.002976912362662468,0.0005352310485367415,0.0013733301553740572,0.0009416276097105327,0.0045518482600752945,0.0002696084661091031,0.008230391913641425,0.006889191459975708,0.08823529411754326,-0.0027513396784769164,-0.060606060422405926,-0.05755395679312654,-0.026515151505108,-0.023706896546614772,-0.029250457033043818,-0.054097281023105674,0.003790890247246301,0.0003870755887060594,-4.0813010962136164e-05,0.0015182116373754504,0.0013232474785224648,0.0016923516283416458,0.001607963806196496,0.0,-0.0011727537217067158,0.0015326795858356611,0.01571268237934293,-0.009235381518992633,0.010587964030434742,-0.1716867469776093,-0.0973084885926897,-0.03636363635041325,-0.052109181128508986,-0.00724637680896855,-0.009132420087154154,0.0,1.4999999250000038,-0.029023746694188952,0.011278195484481807,-0.05092592591413766,0.0025543778975133024,-0.001865095301325873,-0.05548387096702598,-0.01265399740087959,-0.00207309419886187,-0.0068661108386127495,0.01707162857915547,0.010947568045167172
2013-11-30,-0.11111110987654317,0.00011785309289522606,0.0018444894273444003,0.0030678091611011137,0.001864456561985315,0.005609671247172933,0.002577034356556419,0.006250970901976153,0.00030160719473046717,0.18918918918898467,0.0033684615754773295,-0.09677419323621218,0.04580152668259429,0.07003891047858414,0.02207505518276481,0.013182674197140793,-0.06644121742523935,0.006722772958785916,-0.00010909786097506836,-0.00048343822117407953,0.0012307438997129125,0.0014879868474294527,0.0016578144303595309,0.0019921336261939887,-0.041666666660879606,0.0025474531974035556,9.864522776923715e-05,-0.00262907220422841,-0.01072167107510649,0.00019165305321568017,-0.003636363636099225,-0.020642201830128104,-0.015094339616945545,0.015706806278610798,0.01824817517582177,-0.009216589857503885,-0.02873563216739334,0.3999999920000002,0.03260869564331276,-0.01115241635273137,0.04634146340333145,0.0013476114056685377,0.001868580381816148,0.025956284152650753,0.0414789350035545,0.004048811853903397,-0.006419753086388107,0.0010657193605674777,-0.0011084820191425504
2013-12-31,0.12499999843749995,-0.000774225427239865,0.0026441691584679866,0.0027571036851676512,0.0016995313542217537,0.002655135135134968,0.005575232863415548,0.005979849436077846,-0.0025721511013186626,-0.0890909090908281,0.0032932073601582347,0.3571428558673468,0.277372262571261,0.10545454541619835,-0.002159827213356363,0.0,0.040166204985721606,0.008975719654115963,-0.0003040739551511664,-0.0011649543530930285,0.001203093232177454,0.0017455270868219027,0.0010647269660440054,0.0004005476578886012,-0.028985507242176037,0.0021545914363262017,-0.0012396082837658488,0.01730592909534798,-0.01101816396788264,0.005748489880832368,0.00145985401449208,-0.06323185010228753,-0.10727969344548663,0.015463917521787664,0.05376344084094497,0.04186046509680923,0.0,0.0,0.023684210520083182,-0.06766917290689134,0.044289044278720595,0.007194533331906359,0.0014776600454950006,0.09853528628364142,0.06901021579272823,0.004004335097398634,0.003976143141133376,0.010734563520217507,0.003307795727607651
2014-01-31,-0.22222221975308634,0.0009897676811294312,0.002424175290443435,0.002494102799095111,0.000856807163243693,-0.0012421074422937766,0.008599915033732005,0.007270283976571752,-0.00012889816522703847,-0.11377245508970682,0.0067241351837979205,-0.10526315761772848,-0.1485714284865306,-0.12171052627575314,-0.028138528132437522,-0.035315985123547125,-0.03083068728842733,0.009398286338675815,-5.081870474326244e-05,-0.0019034573628292886,0.001363324815555469,0.0020743875370581913,0.0010846558060562733,0.001339477458195918,-0.01492537313210077,-0.0038266881861454436,-0.010260147042397022,0.008374328739341077,-0.00860124010872275,0.004454565248947226,0.3418367346689623,0.05249999998687499,0.030042918442041596,-0.04568527917622205,-0.08163265303345821,-0.04464285712292733,0.01775147927943701,-0.4285714224489797,-0.03084832904091305,-0.06048387094335324,-0.035714285706313804,-0.008930919523436335,-0.004512551860229006,-0.01575757575738472,0.05561127173848063,0.007198682227595663,0.008910891089064855,0.012463793557436657,0.0039562683455984194
2014-02-28,0.0,0.004084303888441889,0.0011007786202393889,0.002206885182012918,0.0009493094197729296,0.005017791135523141,0.01017431263052497,0.008712271852279284,0.005263162525622094,0.06306306306299204,0.005721656827210201,-0.029411764619377185,0.013422818782937716,-0.003745318350657104,-0.00890868596683549,-0.017341040459086646,0.06552525892976604,0.007554544370732161,0.0005338083972463648,-0.0021427451260218945,0.0015100583219340214,0.0004761214730734277,0.00047336531178499057,0.0011559348896045746,0.015151515149219549,0.007572764849174012,0.00985411646667828,0.015268881275132108,-0.004093793354488973,0.007442532628821044,-0.23954372622272985,-0.09501187646199241,-0.020833333324652703,-0.03191489360853318,-0.014814814809327857,0.014018691582234163,0.04069767439494325,0.2499999937500002,-0.029177718825151765,0.02575107295032145,0.011574074071394849,0.014130903847133175,0.006868584103270555,0.004926108374323465,0.018082461979383683,0.006068535478662197,0.009322865554419305,0.004854789770260125,0.004809322033897247
2014-03-31,0.14285714081632647,0.007003141838823806,0.0020420553010564876,0.003013298140791196,0.0018629464191127073,0.00733872423067933,0.012627890121123548,0.011058374162716666,0.009027756820107159,0.027542372881326757,0.007081874336073724,0.33333333232323226,0.14569536414192358,0.026315789463790994,-0.01573033707511684,-0.007843137253364099,-0.00019837333862128198,0.0061509740133847985,0.0015589000840967317,-0.0012666878027562192,0.0018773724634522382,0.0016035588661121205,0.001482509541668221,0.002011473386101213,0.0,0.009890110980763754,0.009225198183411385,0.01085760399089924,-0.0009810210420701463,0.003926877594383773,-0.00857142857081627,-0.010498687661286442,-0.03829787232412869,0.019230769225486007,0.0,-0.01843317971500777,-0.05027932958084958,0.0,-0.010928961745647834,-0.02092050208329697,0.0068649885567815235,0.009900754582336668,0.00915419542701655,-0.019607843137014542,-0.0068999098989333905,0.006820508563680691,0.006319883325200251,0.004917608489340979,0.001244017121049044
2014-04-30,0.12499999843749995,0.00745297522051875,0.0018641856050897927,0.0023705956680631322,0.0018890649762202374,0.0034122996340305734,0.012035365387645285,0.010625837948514724,0.007556106116835175,0.0752577319586853,0.005586592178770513,-0.04545454535123971,-0.02312138726987205,-0.02197802196997144,-0.03196347031233703,-0.03162055335343453,0.012599206349081318,0.0026402589130560946,0.00277662836226167,0.0018051978910307504,0.001851786774330096,0.0017765842069743373,0.0017112860892208443,0.0022538355062433255,-0.07462686566050344,0.0008236398393919307,0.0004366026492461942,0.008055736991070383,0.0014254937387429593,0.00519749591433899,-0.033861671467301076,-0.01591511935917372,-0.04424778759104065,-0.029649595679339696,-0.02255639096896378,0.023474178392735252,0.15294117638062285,-0.3999999920000002,-0.027624309384634192,-0.0641025640751698,-0.01590909090547527,0.011188141355296085,4.0660736975246265e-05,0.0512499999993593,-0.020019146563600414,0.004774991411885621,0.006280193236684692,0.007211538461532349,0.0021480015162358736
2014-05-31,0.0,0.006811698033839353,0.0019030059035392277,0.0029450809339365844,0.0019276844165404012,0.0038257823724948503,0.011157839898811158,0.009644620023931938,0.003218778336597011,-0.03451581975068599,0.004864024864024514,-0.1190476187641723,-0.08875739639718491,-0.07116104866248647,-0.01886792452385192,-0.02857142856559778,0.0010776917801404522,-0.001110243528157732,0.004202542461118666,0.005963475275715507,0.0017777024190515917,0.0016497056306346324,0.0016874010878843969,0.0014606140363562638,0.016129032255463003,0.004045084176796967,0.00357593438473059,0.004067674586031718,0.0025303866338430743,0.005330537762417458,-0.14988814316555643,-0.010781671156123548,0.027777777764917716,-0.0555555555401235,-0.049999999980769184,0.018348623844794222,-0.015306122441170359,0.0,-0.03693181817132616,0.0045662100435771786,-0.048498845254388245,0.0009291467378926203,0.0032006322487116864,-0.026159334125729242,-0.02162668387447259,0.004444596396457694,-0.0014402304368630395,0.002045687009885627,0.0038455072707397524
2014-06-30,0.11111110987654332,0.005333476352473809,0.0013211322060741144,0.0016091059080822975,0.0012966837733442908,0.004607319200833116,0.01031742169587925,0.007834250696879501,-0.00018179939129614578,-0.09533267130079907,0.004670367907458281,0.27027026953981,0.05194805191431949,0.02016129031445102,0.02163461537941472,0.008403361342772411,0.03532981013862468,-0.002400288954792115,0.004294681816351896,0.006632020941349446,0.0014578220452863444,0.0010911299370943354,0.0011300144390616075,0.0024043321299638816,-0.03174603174099272,0.00330792885700096,0.0039044895699671582,0.013946151364136409,0.0017184098747518317,0.005567387481331085,0.014912280700446284,-0.038147138954183375,-0.01801801800990181,0.005882352939446372,0.01619433197724909,0.018018018009901608,0.03626943003302105,0.33333332222222267,0.008849557519513346,0.0,0.004854368930860486,0.002515934683956708,0.0023988317410476735,0.007326007325917805,-0.013181773918844347,0.004806154055617655,0.001442307692300813,0.010122490643067344,0.003600510770131715
2014-07-31,-0.09999999900000009,0.004078422364583932,0.0011254852864881505,0.002746632413954048,0.0015052325752448058,0.0035998212735101464,0.011370885978614654,0.006578104519875995,-0.0013526549219712218,0.1909989023049495,0.0034018317555604806,0.12765957419646912,0.08641975303307416,0.019762845841991075,-0.02117647058325256,-0.014583333330295014,-0.020795916438030124,-0.0006394199173953719,0.003307753633101703,0.0035572037969950213,0.00110734281684798,0.0014189793630899432,0.0017349135678420382,0.001750304322459345,0.01639344262026346,0.0021252244646274743,0.005148109887532496,0.004879428611836258,-0.0009021607744552953,0.005132306286195898,0.46499567843863465,0.14447592063895873,-0.004587155961198658,0.03216374268065384,0.03187250994746118,0.013274336277312351,-0.014999999992500013,-0.2499999937500002,-0.026315789465989493,-0.004545454543388534,-0.004830917873229144,0.0008640523280406882,0.001156113185361642,-0.008484848484745672,0.0028716829837361004,0.004132763328161453,-0.0014402304368630395,0.006063157894731774,0.00360845170306334
2014-08-31,0.0,0.0026329525885146177,-0.00016000134737902,0.002222296052647571,0.0008816305967762814,0.006661402506635734,0.012797897115230383,0.005065094602151566,-0.0010646576488458912,-0.09308755760360084,0.004295400852943554,-0.09433962246351023,-0.07386363632166845,-0.0891472867871522,-0.019230769226146464,-0.008456659617662447,-0.06805676223508003,0.0031794771042540034,0.001157064239869023,-0.0025758400448610665,0.0006013782124027659,-0.00012321467075887134,0.0003860278774687016,0.0013014466910178514,-0.016129032255463145,-0.001587619679464409,-0.004746949089398762,-0.012561576354675318,-0.004961686834165,0.0024131569513782055,-0.29321533921573945,-0.049504950482795844,0.02764976957251165,-0.03682719545698943,-0.050193050173670595,-0.07423580782784459,-0.10659898471746242,0.0,-0.03903903902731557,0.03652968034861662,-0.004854368930860702,0.007810990019147343,-0.002592256045199216,0.008557457212609356,0.023987604257873395,0.00493215753216667,-0.004807692307669194,-0.017577634552592637,0.002306924931415152
2014-09-30,0.0,0.0017362567561522912,7.159100480048984e-05,0.002302085136624878,0.0015981208447742377,0.0006425394494186491,0.012671248521635056,0.0035098122139566104,-0.0023369069529688043,0.039634146341423135,0.003345247914947906,0.2083333328993055,0.09202453982084392,0.07234042550113169,0.007352941174668458,0.023454157777514983,-0.03449347420722518,0.0035558721957995466,-0.0005093643981146835,-0.0058013872959204555,0.00011423782561271617,0.00034915125437355756,0.0013349324711755244,0.0022045570420158255,-0.03278688524052663,0.0030156227772276563,0.0010116517083791246,0.016854933542380667,-0.007641052628865468,0.003087685021238436,0.3614357261801805,0.14583333329535603,0.026905829584347184,0.06764705880363321,0.08943089427258914,-0.07075471694775727,-0.11363636357179749,-0.33333332222222256,0.018749999994140502,0.0,0.024390243896490315,-0.004137324393848724,0.002051104255793884,0.025454545454236845,0.03174056708544192,0.0038269930577000556,-0.002898550724623651,0.026497401380227836,0.003566466916871514
2014-10-31,0.0,0.0016764926544008988,-0.00019791390324031013,0.0022490243203234415,0.0016960793346272607,0.0061127141117796905,0.011898944982698894,0.0022394833856440523,-0.006197299510855527,0.04985337243396886,0.00448351982948886,-0.13793103424494643,-0.08988764039893948,-0.06746031743354747,-0.04622871045103934,-0.022916666661892245,-0.09451775560460755,-0.0003672731356595455,-0.0014282026498902529,-0.005437730271614618,-0.0003227376108749705,-0.0002977015388058951,0.0008644662701835578,0.0017196411682095548,-0.03389830507900032,0.00018845618442104675,7.864819482516262e-06,0.0023479114101478574,-0.009154647581017738,0.005391163708772346,-0.1397915389245989,-0.022727272722107558,0.043668122251673346,-0.013774104679401024,-0.037313432821898,-0.02538071064701489,-0.01923076921844183,0.0,-0.06748466255598623,0.0528634361000602,-0.05238095236848077,0.0024572737356723163,-0.0007185005688564771,0.0271867612289932,0.026596571987613622,0.004782224838139762,-0.014534883720859811,0.00697211155377915,0.006673691605197113
2014-11-30,0.0,0.0020912466260587293,-0.0018826601524580722,0.0025886407802492273,0.0011162627356333626,0.0015914195960112822,0.009412881445390342,0.0009773080059310702,-0.010901971140468899,-0.06797020484164994,0.004478663827400624,-0.05999999988000006,-0.08024691353071184,-0.07234042550113169,0.0,0.021321961615922744,-0.10201421800826996,-0.007128911484084735,-0.0014589114614039784,-0.0017271240302590418,-0.0006093770626241084,-0.0009549823379512911,0.0008845321345228647,0.002031415410145618,0.017543859646044872,0.0061838888667061715,0.0078031503596449545,0.010663217145050986,-0.008463565667605739,0.002378419518607684,-0.04989308624020714,0.08604651160789618,0.05439330541657179,0.005586592177210454,-0.054263565870440525,-0.06770833329806852,-0.09150326791405022,0.0,0.0,0.029288702916615537,-0.002512562813439001,0.0027611785468209236,0.005350296578724807,0.021864211737377758,0.009764357770565583,0.0047461508250843405,-0.012291052114000537,0.004533465215954061,0.005418496777635386
2014-12-31,0.3333333296296297,0.0028125923080777717,-0.003084609444546275,0.0020516683977164084,0.0005261883085947372,0.00100960782528817,0.008400842110470477,0.00040827453725884475,-0.012753758924843405,0.07192807192800008,0.005182949830252398,0.4255319139882301,0.10738255026350159,-0.004587155961198658,-0.033163265297662406,-0.010438413358989856,-0.21770682147753395,-0.011148177010907877,-0.0005363268583014054,0.0012193459778024806,-0.00041732057903790616,-0.001757613756649995,0.0007070003430957345,0.0019844669065158904,-0.03448275861474438,0.00016699196314810412,-0.00072966118227575,0.014009962640094778,-0.006703508096317613,0.007101071631951715,0.4403600899894703,0.079229122038709,-0.003968253966679356,0.058333333317129615,0.024590163924348315,-0.06145251393214948,-0.08633093518968989,0.49999997500000115,-0.0690789473456977,0.028455284541278273,-0.025188916870229512,-0.008886538898723064,-0.0005719011754697406,0.05405405405344531,-0.004106234274077017,0.00509473963164135,-0.019412643105926296,0.02658570608022752,0.010288653901112428
2015-01-31,-0.08333333263888885,0.0035281452894471346,-0.006370316441738589,0.002792001372267559,0.0009474756244117153,-0.0024305354618428423,0.00833484071086201,0.0005544031826653513,-0.009176347395022917,0.011183597390483519,0.0009006507201452373,-0.29850746224103375,-0.2848484846758494,-0.22580645150884496,-0.08707124008256698,-0.06118143458624865,-0.20357564513065315,-0.010018362855238072,0.0015780692771857282,0.002584990022085471,0.0004277088012094259,-0.00479818780884689,-0.0003636401417119445,0.0013963495433366956,0.017857142853954178,-0.00794092752882601,-0.0046779271861933465,-0.0006140620202638992,-0.002956745472922054,0.004515040138449327,0.09218749999519855,0.04365079364213273,0.039840637434326476,-0.06824146979836188,-0.15599999993760005,-0.017857142846513623,0.01574803148366298,0.0,-0.1307420494237661,0.01581027667359279,-0.054263565877451264,-0.006958547673783268,-0.008597260597751094,0.048076923076409435,-0.013678707268319785,0.003948348482950628,-0.025380710659769642,0.005435217009027853,0.012649020004038737
2015-02-28,0.0,0.003761297449609564,0.0025346436802066233,0.002576775536636981,0.0015053521314638805,0.004135347692409316,0.008412062636647117,0.001139108689253244,-0.0020330370505963033,-0.18341013824867888,0.0054290363460481415,0.34042553119058405,0.27118644044814716,0.19047619036281183,0.043352601143539685,0.013483146064385722,0.07115628970624403,-0.0046740918829058006,0.0038078156368036675,0.002255666591233684,0.001458191762794901,0.0017691973430818929,0.0011432847610415963,0.0019137462472076244,-0.035087719292089904,-0.0063788824648696165,-0.00640124494070958,0.025226147806784387,0.0013681437034030036,0.010899972707422744,-0.3638531234924247,-0.152091254723937,-0.05747126434579642,-0.008450704222971579,0.180094786644505,0.10909090902479349,0.15503875956973734,-0.33333332222222256,0.04471544713629448,-0.015564202328574254,0.038251366109767294,-0.0013832945768623834,-0.006837489740507293,-0.027522935779535837,-0.016208571047397768,0.005416655723927475,-0.004687499999975616,0.01669449081801678,0.006484954904619983
2015-03-31,0.0,0.004342316941195387,0.0026939517808010987,0.0028605655788183594,0.0024274270106322596,0.004910618490335167,0.01081619151968571,0.0019157637239564857,0.0017263718564622542,0.08352144469516533,-0.0007681923613338447,-0.1111111109347442,-0.08666666660888882,-0.029999999985000025,0.008310249305177285,0.006651884699190325,-0.054567022537473926,-0.0012567441713338052,0.005581369085895708,0.0018815489577985005,0.00226131826140936,0.00189000774591379,0.00151571778579051,0.0006674666799213195,-0.018181818178512332,-0.0034238461041054304,0.004645959462955362,-0.00033295598321890756,0.003862727623902003,0.0024635944855977967,0.14617691153327003,0.08071748877113964,0.036585365838786375,-0.01420454545051002,-0.032128514043321905,-0.038251366099316224,0.013422818782937716,0.49999997500000115,0.023346303492861382,-0.011857707505194505,-0.02894736841343487,0.015486811910213356,-0.0037641571008229773,-0.02515723270413887,-0.014473207614435412,5.8772439644060814e-05,0.002093144950276884,-0.006959105481267598,-0.0016256616641222618
2015-04-30,0.09090909008264458,0.0038209401609285896,0.0010424788961545532,0.0026967544831183452,0.0024547776785427237,0.0027102274127181352,0.012320031041812349,0.002291600241830807,0.0009176682551352004,0.23958333333308376,0.0031124512979741163,0.03571428565051003,0.04379562040598847,0.05670103089860765,-0.032967032957976115,-0.013215859027925936,0.13864491844126636,0.00043892984734291855,0.005019500707147476,0.0009105232985710118,0.002058122883235621,0.0008865248226858815,0.001845133202012565,0.0019655845307787693,0.0,-0.005515444521785128,0.0007873396826957968,-0.0005662136957100009,0.0031797340037833157,0.0039219646854850646,-0.048397645516782266,-0.04771784231375157,0.019607843129565657,0.01729106627743762,0.04149377591639247,0.10227272721461773,0.13907284759001795,-0.33333332222222256,-0.015209125469502247,0.015999999993600012,-0.0027100270995365204,0.0013001039059420858,-0.0057887287104816006,0.03118279569858949,-0.0017175144175722965,0.003872223165427864,-0.003133159268913113,-0.0003149606299210835,0.00230346114895015
2015-05-31,0.0,0.00308454195881775,0.0032977453412328175,0.0018808460558121544,0.0014170526961232732,0.005430375703368294,0.014518364923974661,0.0024766879951007336,-0.003558981907504085,-0.09327731092429137,0.004114736411324466,0.051724137841854985,0.04195804192870071,0.03414634144675802,0.13068181814469265,0.09151785712242887,0.08852157942904461,4.888261361392791e-05,0.003383853451154641,-8.766795306534474e-05,0.001360399525801674,0.0023997363379570764,0.0012209254200685818,0.002386651747142375,0.037037037030178195,-0.004524551619853435,0.0010733953720809893,-0.0037657879828026665,0.0003694574070927767,0.0019030213607859248,-0.04879725085575282,-0.002178649236998069,0.04615384613609471,0.025495750700992793,0.04780876492119177,-0.07216494841640977,-0.08720930227487826,0.0,0.1428571428019857,0.05905511808698614,0.05163043476857867,0.007703593135776448,-0.004678579764695219,-0.05422314911309467,0.01633761505260086,0.004501252154681512,0.013095861707631766,-0.010081915563949176,-0.0006934125804852514
2015-06-30,0.08333333263888897,0.0021375260254735437,0.0027679208104490613,0.002738501895321675,0.0015557247360168858,0.0026475715658958038,0.01386006184455618,0.0017567563478294275,-0.006508136709438006,0.11677479147347843,0.002556540297003101,0.04918032778822902,0.09395973148056387,0.10849056598656104,0.05276381908222025,0.04907975459119028,0.009279568078129198,-0.001130134842679214,0.0017581028549839106,-0.00032418641605483193,0.0006870051325801759,0.0019419071788718983,0.0011987681623586888,0.0011021697200064922,-0.053571428561862214,-0.003063487731629129,-0.002966978794366187,0.007861109252690218,-0.001986977112173567,0.004309226765736684,0.3171965317689887,0.09170305674853643,0.0404411764557201,0.07182320440004877,0.07224334598013558,0.038888888867283984,0.025477706990141607,0.0,0.050675675658555484,0.029739776940617208,0.038759689912465055,0.0009942677420991199,-0.003099164184401717,0.05953693494972937,0.022675506961935002,0.0023506252145024456,0.007238883143706137,0.008911521323990399,0.0010904044409196885
2015-07-31,0.0,0.001429261648220941,0.0015863197801806587,0.0037551566025939716,0.0020697005750460007,0.004631171848974673,0.011792911927335177,0.000275594403110034,-0.007294257429508385,-0.048962655601619116,0.003193069855794279,0.04687499992675786,-0.055214723892506215,-0.0638297872068809,-0.009546539377196538,0.01364522416888013,-0.14911400869025224,-0.0028941091777637184,0.000873139668960199,0.00042099811310774914,0.00035581567287618467,0.0009126707412023253,0.0009908961416878112,0.0020748791418186805,-0.018867924524741835,0.0062762047724412556,0.007955597640233405,0.006505360284109463,-0.003305935186867378,0.0046489927182439324,-0.3351618211555041,0.07199999998560007,0.03886925793679527,0.007731958760893889,-0.014184397158090653,-0.06951871654036437,-0.15527950300914314,0.49999997500000115,-0.01286173633026955,0.039711191321403855,-0.009950248753743618,0.008468220102774069,0.0063397662421570715,-0.031217481789477447,0.01602737137358513,0.002558304800051541,-0.004620123203261733,0.005362776025232328,0.002534904445984285
2015-08-31,0.07692307633136101,0.000782487110745171,-4.201080517911617e-06,0.002119364620207229,0.0010388967905467427,0.002531358927285992,0.007883089359840143,-0.001851690349540711,-0.005884568155106889,-0.013961605584630051,0.002232455332473534,0.1044776117843617,0.0,0.004545454543388333,-0.026506024089998623,-0.0019230769227070595,-0.15776031433874738,-0.0049868321914072694,0.0004765000102731781,0.0018463445313242925,0.00022062446969667245,7.171763741528686e-05,0.0008043061312792453,0.0009930346716999134,-0.019230769227071107,-0.0017093797266207779,-0.002841722312687833,0.0013849958779879417,-0.003591115927416551,0.0037401313607109254,1.3457095708460638,0.063432835809061,0.07142857140427598,0.04859335037120362,0.01798561150432182,-0.06321839076826534,-0.07352941171064019,1.3333332888888907,-0.06840390877250686,0.048611111094232294,-0.03517587938814679,-0.0007085533952773139,-0.001584642783784856,-0.012889366272686352,-0.0012149754854529767,0.0020555977987703517,-0.010314595152087084,-0.005569501098207044,0.004168065898898778
2015-09-30,0.0,0.0004677750119200651,-0.002247587519368109,0.002915108191229368,0.0020550455692885596,-0.0007905648505187315,0.006102171228070882,-0.003122641732985242,-0.0050911287773649505,0.08318584070789099,0.0012276884170905622,-0.13513513495252005,-0.11038961031792877,-0.06787330313670888,0.007425742572419432,0.0289017340984774,0.06088173547793604,-0.006438232281437668,0.0003801078146584173,0.0024084412812328195,1.691530535752701e-05,-0.0013830266770336421,0.0014424662050626248,0.000949834658411307,-0.019607843133410158,-0.0028092531944448568,-0.002519690382083207,0.0034247703098747545,-0.0035581944067368527,0.00509769901268192,-0.1382342595800832,0.1614035087436134,0.044444444430335135,0.00487804877929815,-0.0530035335501754,-0.13496932507057094,-0.15079365067397324,-0.7142857040816327,0.03146853145752859,0.04966887415573875,0.005208333331977001,-0.005247515790320621,-0.0026400889946366604,-0.051142546245363005,-0.012071577903947256,0.001286132278704782,-0.0145909327774123,0.011280271357567779,0.007258921194474817
2015-10-31,-0.1428571418367348,0.0005697483772083076,0.000989482016686558,0.0024649404959000256,0.0018576665735017036,0.000686236517470719,0.007813530306048212,-0.003558260965152369,-0.006126940173380078,-0.13562091503256893,0.0017695216417635445,0.1718749997314453,0.10948905101497142,0.04854368929682349,-0.029484029476785273,0.0,0.016270888302192858,-0.007735072137543569,0.0005528875998590336,0.002019805730011323,-0.000329738801719426,0.0,0.00032923165562026465,0.0022422943099145803,0.0,-0.0047370146969210585,-0.0012937693689140403,-0.01263496439236893,-0.0037652767831694647,0.0013316673790811145,-0.3848979591679633,-0.1087613292887067,-0.030395136768876885,-0.012135922327151431,0.007462686564379601,0.08510638291836434,0.1214953269892566,0.0,-0.020338983043952902,0.03154574131496982,-0.02590673574458377,-0.003801579778830954,-0.004563971472200973,0.03211009174275099,-0.014507528938686731,0.0024084005009471494,-0.00846113167631694,-0.007098283931351646,0.002304552467628435
2015-11-30,0.0,0.0009645691840711874,0.0011946174910458253,0.002487305856885958,0.0019403695316779594,0.0022831971213966074,0.010961481937419547,-0.0028463770420220974,-0.007527128830764241,0.10775047258969021,0.0003664721920900373,0.2533333329955555,0.08552631573320629,0.023148148137431327,0.027848101258772486,0.022471910108151347,-0.08178277801640456,-0.007815187316453686,0.0008764726016025216,0.0007033950120461393,-0.0006585561128028183,0.0006257886475719097,0.0010696507178891838,0.001585030578466016,0.01999999999599993,-0.007185768643538323,-0.002563383823796174,0.02356577810276425,-0.0038070191683518646,0.008398049485280237,0.07033842069871668,0.08474576269750071,0.0031347962372618916,0.02457002456398762,0.04074074072565153,0.03921568624887867,0.08333333326388896,5.499999725000014,0.0484429065576321,-0.02140672782219973,0.05053191488017779,0.004328619890845694,-0.007038253074746722,0.014444444444283918,-0.009038637485292234,0.0004741158380317249,-0.009599999999948861,0.017754733286182853,0.0060988679098211585
2015-12-31,0.9999999916666668,0.0016013782758464176,-0.001075553426851547,0.002303910622437514,0.0012528609037742652,0.00231824328675357,0.012845856246034841,-0.001746408035019516,-0.007209365008156043,-0.022184300341278,0.00392714271060742,0.12765957433227718,0.06666666662626268,0.027149321254683587,-0.02216748767926895,0.0,-0.12370405277748107,-0.006985548191326982,0.0012532116082101573,-0.0002919652955881507,-0.0004558898150530454,-0.0008406979843666359,0.0006575432540104962,0.001911630838176585,-0.019607843133410158,-0.004922734687178259,-0.0029140353019433164,0.001753531417437356,-0.0045029219062163485,0.004583309589129878,0.1289522628562337,0.08593749998657223,0.009374999997070251,0.059952038354927566,0.017793594299717518,-0.03144654086072547,0.007692307686390539,0.7692307633136095,-0.019801980191484367,0.00624999999804688,0.015189873413875881,0.0025137244301171916,-0.0048129029887128355,0.014238773274761866,-0.006033505429150843,0.003394085326024092,-0.011847065158794518,0.007796217676566664,0.006023163032109528
2016-01-31,0.4166666649305557,0.002351630143555319,-0.00045844356307195224,0.003306469009356055,0.001668390943247503,0.002088017989077892,0.011416639386398086,-4.5214982586801025e-05,-0.003513798784901048,-0.04712041884812642,0.004743763775159847,-0.28301886765752937,-0.24431818167936462,-0.14537444927516546,0.007556675061068798,-0.0018315018311663525,-0.14815810701403176,-0.004211491535507879,0.0015486912618858585,-0.0007645443362222625,0.0005097529603499062,0.0004104416351951814,0.001755718920676789,0.0007897514030318013,-0.03999999999200003,0.0049723539143139905,0.0033598149796466984,0.008201238289731117,-0.005579894698037107,0.008411669367908497,0.10928061504067643,0.11798561149381492,0.0773993807809909,0.004524886876804429,-0.059440559419776,-0.08441558436076917,-0.09160305336518858,0.1304347820415879,-0.03703703702456676,0.04347826085606255,-0.054862842879086514,-0.006342894295175151,0.005027358428307319,-0.006479481641398648,-0.007175705579566507,0.0017295958744989045,-0.004904632152561859,0.00022977941176466923,0.010953893541243369
2016-02-29,0.11764705847750857,0.0029202239689405706,-0.001329675323576677,0.0027774448916769476,0.002265722275510656,0.006130790190735203,0.00742481125038393,0.001767546390539825,0.0021633862367520314,0.12179487179476026,0.00047940031378915574,0.026315789439058195,-0.08270676685510776,-0.103092783452014,-0.009999999997500009,-0.020183486234828775,-0.04292929292793782,-0.0003366647820660357,0.00167448939518579,-0.0006428495621638189,0.0017666876074010677,-0.0005230983835180811,0.0017321430401496306,0.0015014385876700362,0.02083333332899317,-0.005188100053146237,-0.003970759458559371,0.003311684136067414,-0.006424700585802568,0.007915588485831666,0.01732673267240964,-0.0025740025736712448,0.02011494252295543,-0.02027027026570506,-0.05204460964608012,0.007092198576530362,0.033613445349904694,0.19230769156804728,-0.08391608388674254,0.05952380950609416,-0.044854881254655685,0.00872928316912033,-0.005201616764749009,-0.003260869565181916,-0.010997585838232632,2.5485011627511753e-05,-0.0071193866374198445,0.010414273680978248,0.006683931903872049
2016-03-31,-0.05263157880886431,0.0035728861988171797,0.003134796238231305,0.0021792465430746544,0.001641480998730718,-0.0013939224979090052,0.005098722195222746,0.0033495132991784144,0.0069252020853668855,-0.09306122448971996,0.002337771711510142,-0.06410256402038139,-0.008196721304756793,0.02298850573391467,-0.03535353534460772,-0.03932584268926482,0.23845646437208246,0.0026660836019668,0.0020333763333992352,-8.935521074769019e-05,0.00257568670007013,0.0023397814151333456,0.0014324302201703376,0.0017781062819448874,0.020408163261141116,-0.007679694955200756,-0.001445715174323439,0.009229290177853214,-0.007337126195281301,0.004911379890450352,-0.3211678831960503,-0.09032258063350679,-0.12112676052926,-0.11264367813502439,-0.03137254900730474,0.14084507032334867,0.21138211364928283,-0.03225806441207078,0.022900763350037896,-0.08988764042418881,0.024861878446170712,-0.0030798472395769092,-0.007763438648028076,-0.007633587786176327,-0.015737694401667692,0.0022744793226255554,0.004412575841122837,0.00363774156877326,0.0018348623853207192
2016-04-30,0.027777777700617307,0.0035011971801519543,0.003830645161274139,0.002563814788046628,0.002594413471420309,0.005942410465023056,0.0033965101378384795,0.004020146275524384,0.009135803920154695,0.04680468046800468,0.0012023757786469042,0.05479452047288427,0.057851239621610595,0.028089887624668627,-0.05235602092870254,-0.0662768031059889,0.08521970705498758,0.004220436725751085,0.002220598999791019,0.0010045050037665473,0.0022097273835870452,0.003276238059614396,0.002462299235742545,0.0013225119374103732,0.01999999999599993,0.003198744950993072,-0.0019070947885247867,0.013336296954874627,-0.006475472490319383,0.006347241726766608,0.12544802866484245,-0.1191489361533122,-0.083333333306624,-0.05181347148916743,0.008097165988624635,0.05555555552126191,0.07382550330615745,-0.23333333255555547,-0.0223880596931388,-0.08024691355547942,-0.013477088945154375,0.00366940548065428,0.0030435493366917235,-0.02197802197778046,-0.017508056899279388,0.0017353606753284813,0.00604063701259722,0.010345087970995773,0.002794456402703332
2016-05-31,0.0,0.003351297769537227,0.0023640958693079,0.003505298177722481,0.002376790197556027,0.0032668596122584514,0.00313991948748216,0.004361123422722417,0.009759574444686154,-0.012897678417873691,0.0008753780041381135,0.12987012970146733,0.07031249994506841,0.005464480871330889,0.008287292815390196,-0.02296450938977783,0.14625766870806733,0.004857603937652177,0.002541783424633359,0.002471554140205982,0.001276470911162311,0.0016327696876141972,0.0017020495938349066,0.00031281281281281064,-0.05882352940023065,-0.002260414815544053,-0.0012998312731564226,0.01538557954438145,-0.005127395375470616,0.0063308603820587325,-0.09617834394291856,-0.03864734298894571,-0.006993006990561892,0.010928961745647834,0.028112449787906578,-0.09941520462022498,-0.08124999994921882,0.21739130340264656,0.0038167938916728976,-0.036912751665465475,-0.005464480872823917,0.00404545991351258,-0.0024751524113195826,0.06404494381950514,-0.01739930885492454,0.0011612485643033416,0.011462882096007425,0.009715994020919496,0.003182074938805583
2016-06-30,0.027027026953981032,0.003079152558064451,0.002775957287815612,0.0033605828728683063,0.0016306744841863457,0.006204209378234985,0.0035612596222628933,0.004190737954905437,0.007687674630889827,0.04790940766546349,0.0024142193180912647,-0.33333333295019163,-0.2627737224359316,-0.19021739120096884,-0.041095890399699735,-0.032051282044433374,0.0438878184533528,0.004830588274106813,0.00258021619460411,0.0032413054371454057,0.0006546992941094271,0.0017523662037660047,0.0010378087989800155,0.001744254730682888,0.02083333332899317,0.004850648669889643,0.0017742023040562519,0.00151215899271651,-0.0035480510056626257,0.005256890365239755,0.10147991542625238,0.04020100501839183,0.0281690140745884,-0.07027027025127837,-0.08593749996643074,-0.0909090908500591,-0.061224489754269106,-0.03571428558673472,-0.06844106461275995,0.006968641112554486,-0.043956043943968154,0.01206495706817286,0.00458268965355419,-0.012671594508841933,-0.008500281028145415,0.002801511041249151,0.012412304371222723,-0.0008882309400437878,0.0023461401302572594
2016-07-31,0.026315789404432154,0.0032082909781194083,-0.0005037007434768907,0.0024494560817650488,0.0011674880827294506,0.0020029533743871745,0.005060490679147315,0.004149299653499314,0.004038544148542561,0.029925187032394076,0.00408851969628102,0.15517241352556496,0.0198019801784139,-0.020134228174406577,-0.06285714283918373,-0.06843267106657126,-0.08429040196709822,0.004964764845944083,0.0026415960099339785,0.003459465363173704,0.0007574427623045755,0.0001728960081344827,0.001453458825427878,0.0025181752594483427,-0.0204081632611413,0.0011516081493632424,4.0972285552543796e-05,0.002156965457738219,-0.0025699593295147025,0.0037174721189588747,-0.2405630198182622,-0.08373590980938223,-0.07191780819454868,-0.0494186046367969,-0.02564102563006796,0.06428571423979598,-0.05072463764440232,0.11111111069958836,-0.08979591833069561,-0.058823529391410515,0.0,-0.00209689224743328,0.0008369882702528174,-0.03743315507981355,0.009356974340178797,0.004430707775544259,0.0005330490405088555,0.00022225514891075144,0.005243052954833862
2016-08-31,0.02564102557527944,0.003384779228721182,0.0018492217858240457,0.002921767339968585,0.002396813932177418,0.0024614516293396545,0.007078680695524214,0.00386257943116148,-0.0008304678887719797,-0.05488297013716313,0.0025637711134090376,0.19402985045667187,0.1553398056744273,0.08219178076562214,0.012195121947501499,0.00473933649176804,0.001567749160099273,0.004942468808828615,0.0024822599431464035,0.0028908736057862935,0.0013655467986611635,0.0013930975574892451,0.0017659775294404756,0.0010310348406739715,0.02083333332899317,-0.0010369749871411993,-0.004086487629466029,0.01611167481474142,-0.0018592655248763185,0.0070968242875993895,0.13058129737737317,-0.10369068539478207,-0.0369003689900737,-0.0030581039746000386,0.05701754383464158,-0.013422818782937716,-0.030534351121729527,0.0,0.013452914792173493,-0.014705882347534614,-0.014367816087825289,4.955892556249368e-05,-0.001370033134437893,-0.0022222222221975623,0.03217392511018245,0.002504483528930357,-0.005860415556708226,0.02007258721574703,0.004861783771700228
2016-09-30,0.0,0.0034099175843940537,0.0026232097944142553,0.003462730719109459,0.0016866393208290879,0.004574565416285095,0.008512511138544766,0.0035504263477591567,-0.0018355505636850579,-0.0879590093936055,0.004190394326850457,-0.03749999995312503,-0.04201680668738087,0.012658227840089738,0.02710843372677466,0.016509433958370272,0.010286225402274479,0.0053872919030184116,0.0021836281588631275,0.001955272919945285,0.0017854543793298962,0.0018988819951268668,0.001327213965114262,0.002053033235635666,0.020408163261141116,-0.0008861414565240726,0.0018525694447885062,0.0038127515356905476,-0.0015970734794403143,0.005019120458890655,-0.009687034276476434,-0.025490196073433277,0.0306513409844248,0.012269938646542975,0.024896265549835594,0.08843537408949982,0.14173228335296664,-0.03333333322222225,0.03982300883193686,0.0,-0.002915451894193813,0.005944298528172839,-0.0011933126862740827,0.015590200445260752,0.03836864782275399,0.004255773226290185,0.0016077170417920883,0.001597444089455742,0.0022244879043466074
2016-10-31,0.0,0.0035829545209339953,0.0023426874979172205,0.00347488884831536,0.0012055842663166883,0.001587968801083403,0.01003322427860951,0.0036099730623425468,0.0019379396537296258,0.22940074906345562,0.0039018474926882677,0.11688311673132058,0.14912280688673452,0.14999999990625,0.029325513187880976,0.0162412993001761,0.1018149623704778,0.006987464413206221,0.001977932094706288,0.0009295652774536382,0.002044845458534924,0.002047311130459843,0.001284982900608195,0.0007450279730410197,-0.01999999999599993,0.0006943374500209405,0.0013775856222265706,0.006451029451660442,-0.0019578546144957956,0.004948026542901695,0.28367193376345584,-0.012072434605216736,-0.029739776940617208,0.03333333332323242,0.0688259109033093,0.08124999994921868,0.09655172407134373,0.1379310340071345,0.0638297872068809,-0.0223880596931388,0.014619883036660931,0.002514908406592453,0.00045166938859803247,-0.043859649122326094,0.02915214094054192,0.0037689620041124502,-0.001070090957725773,0.0011599246048997745,0.0030148894848787875
2016-11-30,0.02499999993749988,0.003440260711579547,0.0011789477167663642,0.0029137409138544294,0.0013606698188127172,0.0020206730395584036,0.010385333091367868,0.003579274217283548,0.00867356994857857,-0.1317593297790314,0.0030127116536516067,0.2906976740805842,0.3969465645824835,0.2880434781043242,0.09971509968669089,0.0753424657362232,-0.0827641623125199,0.008502312632675216,0.0016311346731441995,-0.00014403055592263878,0.0019266912334059048,0.00033377837115818536,0.00044461959761474024,0.0008202993058475566,-0.04081632652228241,-0.003843048832206924,-0.0004762005545028091,0.004822236199717118,-0.0026170670961994185,0.005709923664121646,-0.2186400937738194,-0.048879837057254655,-0.06130268196884943,0.12903225802667673,0.15530303024420328,0.12138728316682813,0.11320754709861156,0.3636363625344352,0.14399999994239995,-0.019083969458364998,0.1613832852560855,-0.0028353808353808285,-0.003983752538613072,0.07568807339362736,0.007770463898908264,0.0030013574604280187,-0.0021424745581030253,0.0036205648081074435,0.00420447001548941
2016-12-31,0.31707316995835827,0.003402968910929182,0.0025245221587658576,0.0028710557203719287,0.0017596530397033575,0.008756689676567973,0.010630040353206601,0.0040040275157771175,0.012278695834586118,0.09824561403500154,0.00453383016555532,0.08108108100803492,0.05464480871330877,0.03375527424736067,0.05181347148916743,0.025477707000960168,0.13819535698339483,0.009365269186620838,0.001537420711421805,-0.0002524631350634994,0.0017705097201261366,0.001718890607762134,0.0011615574970844657,0.0015290519877675737,0.0,0.0070802273237281005,0.0008641864207481961,-0.005454870633121118,-0.00358253137355576,0.002064547469411199,0.053263315824961424,-0.09635974302005149,-0.06938775507371943,-0.012987012983639806,0.0,0.005154639172600706,0.03954802257652657,0.133333333037037,0.08741258738202357,-0.08949416338930188,0.07196029774889323,0.01624015020475743,0.007062257662648451,0.046908315564531955,-0.0030960849771513245,0.004649978891951314,0.010198604401448087,-0.005339105339101553,-3.672689878079382e-05
2017-01-31,0.20370370332647458,0.003113828388034819,0.004043076694799027,0.002398777067273695,0.002188700384114264,0.0044441368917181165,0.009669311324999173,0.004548670908307991,0.010198395717568386,-0.049520766773123386,0.008046487683443158,-0.008333333326388897,-0.015544041442723307,0.0,-0.03448275861219629,-0.0351966873633133,0.01019819126399467,0.008340813224635963,0.001573672855548905,0.0008846008008193086,0.001401196589334657,0.0038356330308178966,0.0026735270379068506,0.0015542259817068872,0.0,-0.0022697762331582412,0.0023589240449945906,0.014146560767266798,-0.004530195280767745,0.005256779275866867,-0.14601139600099627,-0.05213270140944717,-0.021929824551785087,-0.01052631578670361,0.01639344261757601,0.05128205125575273,0.054347826057419585,0.01960784309880817,-0.028938906743106417,-0.047008546988457835,-0.030092592585626687,0.007814526824702905,-0.002147508916027431,0.0030549898166694718,0.0002729959597025294,0.006846902518151857,0.013283740701310928,0.010300304656890864,0.0013222169170307792
2017-02-28,0.01538461536094676,0.0025168576441754647,0.0015926573570032288,0.0026347232008733603,0.0021200397657090853,0.001890735396556643,0.00730414660372838,0.004643697790416438,0.004093387073181939,0.0680672268906991,0.004351415259335573,0.025210084012428524,-0.0052631578919667635,-0.036734693862557385,0.0076530612225375475,-0.004291845492641334,0.01847619047583853,0.0055377933648520965,0.0015697246204589882,0.002458820455992752,0.0008899243591305136,0.0013574524137378978,0.0017708909795062738,0.0014556840341673663,-0.021276595740154027,-0.0038475628391021937,-0.00030472481765576556,0.005290067086324084,-0.004848526012216948,0.005553295055532587,0.07756463719119558,-0.06499999998374995,-0.017937219722898124,-0.026595744673777635,-0.022580645154006335,-0.014634146334324713,-0.02577319586300353,0.019230769193787,0.0033112582770491814,-0.004484304930724431,-0.007159904532897456,-0.00023336380695760902,-0.0035569018313142972,-0.022335025380483937,0.011873359831280666,0.004308519452780985,0.0047194546407723454,0.0013641585295797866,0.003264497670835199
2017-03-31,0.19696969667125805,0.0027347755212324253,-0.00046720162618762296,0.001592297219755356,-0.0002151411565023901,0.0039347819443168045,0.006320142775052296,0.005182615285656554,0.0005659549941185696,-0.06372934697083893,0.00362904349279741,0.040983606523783966,0.021164021152823287,0.016949152535191053,0.015189873413875881,0.008620689653314514,-0.07742659435052505,0.00370234871831202,0.0018364211910339198,0.003498166139399466,0.0008236027961146203,-0.0005121201775298718,-0.00042185192996835845,0.0008776260216115348,-0.04347826086011327,0.006233517142108869,-0.00257049734105842,0.010171683913449477,-0.005592116130477733,0.005192917250525966,-0.04256965943942965,0.04812834223312069,0.022831050217885486,0.019125683054883647,0.013201320127656343,-0.024752475235271073,-0.06349206345846975,0.4150943388394446,0.016501650159570502,-0.009009009004950904,-0.004807692306536723,-0.0016700235584014898,0.006687853276003515,0.0062305295949509655,0.01735366718439114,0.003153359611329813,-0.0005219206680557015,0.01462680146266956,0.005612021058788227
2017-04-30,0.1392405061528601,0.002949950125582527,0.0012341528217357765,0.0024710859219201726,0.0011277416475344608,0.0022298495422338727,0.004275643311422491,0.004351433217329502,-0.00040585351418834974,-0.036974789915935315,0.0041850296699861254,0.00787401574183149,-0.06217616577089312,-0.04583333331423606,-0.03491271819578229,-0.023504273499251105,0.03506993715720524,0.001181064025678852,0.0017587020607360184,0.002636955157751843,0.0009704902173566176,0.0019088762746580484,0.0020498598257412516,0.0013495369101770062,0.0,0.010019263153967768,0.012437126429622134,0.008585064897267743,-0.004874653993322775,0.0039435233778622744,-0.125303152778876,-0.028061224482637412,0.017857142849170733,-0.02680965146734328,-0.02605863191333583,-0.02538071064701489,0.02259887004372947,0.07999999989333341,-0.045454545439787525,0.03181818180371893,-0.02657004830276072,0.004203736601192174,0.010627103266978665,0.0010319917440553387,0.007974228763099766,0.003709998720689959,0.007832898172282858,-0.0014839940640226311,0.0032902510407002527
2017-05-31,0.011111111098765442,0.0036768736144707696,-0.000773977960053103,0.0024345626747647193,0.0008080341682987694,0.0002050238435135546,0.00285726946114314,0.003410713529684392,0.0014250577022939881,0.00959860383943316,0.006552029193851221,0.0,-0.0331491712524038,-0.03493449780133868,-0.005167958654995364,-0.0043763676139221205,-0.05052878965823495,-0.0006564637971247733,0.0018416714440681096,0.0009602157876244414,0.0014482943380951152,-0.000431185760837914,0.0008022221553623143,0.0014777010802268446,0.0,0.0008636407254495525,-0.00039854537471242633,0.012378451683639009,-0.003787906361341303,0.004930461191181345,-0.037892791124039496,-0.018372703407251216,-0.021929824551785087,-0.02754820935880217,-0.03010033443809363,-0.05729166663682719,-0.0497237568786057,0.11111111097393686,0.0068027210861215295,-0.008810572683343367,-0.019851116620384354,-0.005664729617174679,0.0016140333479694813,0.0010309278350408597,-0.009492815003370939,0.005899490167516073,-0.0010362694300463853,0.01981599433827331,0.005091317582257442
2017-06-30,0.14285714270015698,0.004236965559081248,0.0006516286618226284,0.0025433362229683463,0.00125681104084137,0.004046492912943239,0.003138779106202608,0.0031251643437155002,0.004489528643717186,0.07951598962828045,0.0013938861270563513,0.07812499993896474,0.07999999995428565,0.04524886875780598,-0.04415584414437509,-0.039560439551744896,-0.06806930692928895,0.0003173782183713015,0.0024690942209915686,0.0005737680249032447,0.001748533833906227,0.0008426797215059941,0.0013426450106575724,0.0013593917575774044,-0.022727272722107558,0.0020873282198577404,0.001916394981268613,0.0024796215014529425,-0.0023017725923906965,0.002201910785668152,0.07396733908991664,0.008021390372186741,-0.06278026903014343,0.011331444755996768,0.0034482758608799847,-0.04419889500320506,-0.05232558136492703,0.11111111098765429,-0.054054054035792595,-0.03111111109728388,-0.017721518982855382,0.004832795417293285,0.0029779584179696495,-0.021627188465276694,-0.01758921003489568,0.001858422030748281,0.0041493775933393855,0.0019430950728646854,0.0011176608440139706
2017-07-31,0.10576923066752945,0.005094472271577049,0.0003276499715340016,0.0015510657268255697,0.0009493696026910257,0.002880863805461971,0.0059714495853590175,0.004267765338840833,0.008855404550600124,-0.03442754203359934,0.0032090181638654873,-0.028985507225372686,-0.026455026441028994,-0.004329004327130401,0.005434782607218813,0.004576659037854214,0.0320938468341724,0.004764335783633157,0.00410562084867457,0.002214086734872191,0.0019921465508243325,0.0003708678307200956,0.0007304601899124153,0.0012552187082162166,0.0,-0.002496586503458403,-0.002535084102654118,0.010633156114061638,-0.0009416788137757223,0.004069746009510573,-0.08228980321267533,-0.04244031829112992,-0.014354066978777865,-0.025210084026551758,-0.010309278346972841,0.05202312135721211,0.02453987728555838,0.08999999991000007,0.028571428561224518,-0.05045871557318422,0.010309278347858443,0.0003555512846692524,-0.001488454734591472,-0.01684210526298055,-0.013188867802640872,0.0037280173452178826,-0.0005165289256171373,0.005956503670864511,0.004375618979021482
2017-08-31,0.008695652166351615,0.005752595097439771,0.003848626163272434,0.004125290584379941,0.002182669603340676,0.0023598953503275,0.009964029227568921,0.006267620193724086,0.013257938971832093,-0.038971807628491735,0.00347215102489941,-0.007462686561595016,-0.07608695648038759,-0.07826086953119081,-0.018918918913805774,-0.018223234619994724,0.03023804417691955,0.011412076304754938,0.0061429302429047835,0.005282995914079233,0.002033211247313433,0.0022444215103529885,0.001079892010788021,0.0009197939661515759,0.023255813948080167,-0.0045380745654555014,-0.0008750806081238464,0.009649196837986478,0.000456522478738306,0.004442421082775563,0.03216374268692362,0.0664819944414178,0.03883495143745879,-0.011494252870260282,-0.031249999989149256,-0.03296703294891924,-0.053892215536591404,-0.05504587150913227,-0.02777777776813274,0.014492753616187196,-0.02551020407512497,0.0010998960141977818,-0.003435313093428078,0.03640256959275791,0.003130758783818426,0.004068187136607996,0.0015503875968912713,0.007160561828692304,0.0004482053856358334
2017-09-30,-0.008620689647740792,0.005820177238329183,0.005106389920976998,0.0026998635013158623,0.0010968776605180207,0.009229311148886742,0.010423329139971552,0.007816165106567293,0.013997149680118382,0.018981880931821415,0.0056261281204233035,0.10526315781559152,0.12941176462975776,0.09905660372686007,0.0,-0.0023201856143108125,0.03705245628565672,0.014402228542103266,0.006867308869237573,0.007164548904308355,0.001971510145998529,0.003728993171806369,0.0012185620967136912,0.0006262465369247168,-0.022727272722107558,0.0011632773708810601,0.0018590475392250762,-0.0051546391752562955,0.0013945954390133632,0.0027706298613951737,-0.10198300282323107,-0.07532467530511049,-0.06542056071709325,0.02034883720338692,0.028673835115170694,0.045454545428719045,0.06329113920044856,0.019417475709303435,-0.007142857140306129,0.0,0.002617801046435191,0.022537488515356384,0.002306369992882367,-0.017561983470892984,0.016237930360553907,0.00646599377304447,0.005159958720303612,-0.009502324309536753,-0.0017740981667650074
2017-10-31,0.0,0.005819731194261569,0.0007750522450107633,0.0036802119374875412,0.0028242330269021027,0.002250825426874146,0.007499382742498862,0.00945648694127334,0.011898202234364457,0.06435224386108014,0.004212921884841927,0.08843537408949982,0.04687499997558586,0.021459227458601113,-0.00826446280764059,0.004651162789616116,0.035327177839515674,0.014114572313511787,0.0066470047299548715,0.008059535600769267,0.0020325958974834225,0.0013047808764810303,0.0024541101356499923,0.001000006802767359,-0.023255813948079962,0.012442329786277453,0.012043091687286735,0.008570228259345005,0.0019496722472852849,0.004199138301827366,0.07045215561824898,-0.014044943816279585,-0.04499999997750004,0.0,0.006968641112554486,0.02173913042296776,0.06547619043721661,0.03809523805895695,0.03597122300864348,-0.06666666663492068,0.028720626624354893,0.000715532449983107,0.013595414021851653,0.05888538380590035,0.02413638146064333,0.005278501831740631,0.0005133470225846046,0.009662502588163667,0.003177509694096932
2017-11-30,0.008695652166351615,0.00511235198792011,0.0026680074282408144,0.0020477770316472558,0.0011438669012205777,0.006923219929354411,0.001674571876966981,0.00994259466625716,0.006671159790787512,0.012728719172623127,0.002960954520008262,0.11249999992968746,0.06467661688324564,0.016806722682013997,-0.008333333331018588,-0.011574074071395053,0.09810003877281703,0.009819928528175575,0.005043339796382781,0.007269430737451288,0.00197143284677169,0.0014323939879097875,0.0004876301176233978,0.0015562774387343078,0.0,0.002574530172973083,0.0019987914284129225,0.0073310932770522235,0.0020317869821115655,0.0019528555975809041,0.10805500981256824,0.0284900284819117,-0.01570680627449907,0.031339031330102934,0.034602076112594464,-0.010638297866681648,-0.03351955305389972,0.14678899069101917,-0.02777777776813274,-0.02040816325489381,-0.010152284261382679,0.010605751580664874,0.003671888851440581,-0.02184707050623789,0.023887645868807615,0.003939565761806695,0.005130836326294865,0.003281153872442869,-0.0007873874841179932
2017-12-31,0.1206896550683711,0.004823646684295912,0.002106889244746559,0.00331088478252556,0.0020802471081331018,0.009268422374192483,-0.0007433503434464565,0.009973352428866749,0.004084004483345141,-0.07541241162602089,0.003268281529501639,0.06179775277427085,0.028037383164468535,-0.008264462806502296,-0.01680672268436788,-0.011709601870793963,0.021892655366845152,0.0063035333524400885,0.00432020726483883,0.006656535237745223,0.0021255667004899175,0.0014502110752277187,0.001472124135858539,0.000990670059372343,-0.023809523803855,0.002348658212922403,-0.0007886435331128589,-0.003749138525154007,0.0023489885168417562,0.0029199513099927798,-0.021276595742794648,0.005540166203451482,-0.0585106382667496,-0.00828729281539032,-0.01337792641693047,0.0537634408313099,0.07514450862708416,0.07199999994240006,-0.010714285710459114,-0.05208333330620653,0.023076923071005995,0.005135878075089587,0.0033704384513728873,-0.026395939086026377,0.016052958251110985,0.0035711133990291018,0.002041858090852291,-0.006540846221975605,0.001182011927574759
2018-01-31,0.08461538455029576,0.0045403912467273195,0.004253344363494477,0.002595659132082444,0.0033812474443927613,0.0027220640855837573,0.0015551731669752305,0.008422175548606399,0.00456144999518249,0.10365335598971652,0.009772903986915256,0.13227513220514556,0.14545454538842967,0.1333333332777779,0.01139601139276468,0.009478672983535868,0.10055286800102708,0.003304632356587052,0.00434683786996502,0.005705118025405477,0.0023191459743821343,0.0037492189126893294,0.00321802091710398,0.0009896896035140694,-0.0243902438964901,-1.8721591216748707e-05,-0.002180798654608687,0.006834721492014993,0.0028222911681597285,0.001293175069896354,0.22644927534180714,-0.09366391181992725,-0.1186440677295796,0.04735376043249197,0.07796610166848605,0.07653061220585168,0.0645161289975719,0.06716417905435497,0.039711191321403855,-0.07692307688081156,0.04010025061651626,-0.005291957747421514,0.0009070763436670403,-0.0020855057351190543,-0.0021509873765352783,0.004895006507134111,0.008150789607701698,0.006172416158009621,-0.00361340178523446
2018-02-28,0.007092198576530362,0.003985385944381542,0.0026922876005983113,0.0018831646400322096,0.0019866459773280136,0.0025833193464347183,0.006267891323063455,0.005517741446291847,0.006413145154358903,-0.016936104695906902,0.004474065026618374,0.05140186913485888,0.05158730156683039,0.05514705880325472,0.0760563380067447,0.05868544599561375,-0.023076923076560896,0.0012402981861474563,0.004567326763856131,0.004381087574006938,0.0022952437193030726,0.0021442899633183576,0.0018909580523933719,0.002620761578416284,0.02499999999374991,0.0024308963277163468,0.00941692849920556,-0.0060737646347479345,0.0030201912972137373,0.0025902249671711616,0.46602658785332174,0.05471124618397839,0.07692307687376718,0.06914893615182204,0.0628930817412285,0.004739336490644974,0.03030303028772577,0.11188811180986855,0.08680555552541473,-0.017857142846513623,0.060240963840905784,0.006127524906845831,0.003185273558747347,0.04179728317615677,-0.021365152777586084,0.0036402457165855295,0.007074279939327597,-0.01267807238769493,3.5905998096942995e-05
2018-03-31,0.0633802816455069,0.004311935797492773,0.00019236241078114953,0.0033839833565844023,0.0021899722733781978,0.0039668964312486645,0.009689653301989627,0.004260250612896688,0.007343561387760263,0.03210649960843218,0.004665609304784278,0.00888888888493828,-0.0339622641381274,-0.04529616723160408,0.013089005232175724,0.028824833696491144,0.008034709946841802,0.0008953001594443141,0.00568317586679503,0.004624749583532105,0.0025401316171222536,0.001064920722557971,0.002183837625227967,0.0015264700717305746,-0.0243902438964901,0.004545280290601641,2.0486581928732103e-05,0.012332365546795957,0.003344512350923388,0.004173953093402695,0.006045340050073154,0.07204610948932388,0.10119047613024386,0.019900497507487458,-0.005917159761562976,-0.033018867908953496,-0.058823529382929694,0.08805031441003118,-0.012779552711572039,0.09090909085399457,0.009090909088842983,-0.0020131581678185205,0.005144546640732424,0.017051153460210147,-0.0280835949066962,0.0037258560459424474,0.0,0.013669313082489669,0.00402132739708734
2018-04-30,0.11920529793430108,0.00406570606608468,0.0026044066560516445,0.002978885345711575,0.001400860807499013,0.0032769770611602547,0.008030084917536352,0.003046867520850875,0.003979650520870517,-0.03186646433988478,0.0045452751503029624,0.09691629951677705,0.08984374996490477,0.07664233573845168,-0.005167958654995364,0.0064655172399859335,0.056113502310599236,0.0019634517901943403,0.0058391199911857735,0.0050094473557980015,0.0021680562939763288,0.002383672826106347,0.0018043956260483985,0.0009846236849204142,0.0,0.011358754842380015,0.007560674250717731,5.462839037453722e-05,0.002569389404174828,0.0025942939865409398,-0.20230345517264375,-0.06989247309949133,-0.032432432414901416,0.0414634146240333,0.04464285712957055,0.05853658533729928,0.09374999995117196,0.03468208090480807,-0.006472491907290462,0.0,0.03153153152442976,0.00513894087907313,0.011806405290738306,-0.025641025640772853,-0.007427756566111456,0.0035035498778098755,0.005017561465102772,-0.004767418102564348,-0.0009834248216423224
2018-05-31,0.005917159759812336,0.004038713282281455,0.002257949781589276,0.0035588119848109596,0.0020067801893698307,0.004812695109260865,0.0036488464187901426,0.002757259841031402,-0.0014396938700861808,0.06347962382440166,0.00510748639640609,-0.03614457829873723,-0.039426523283359625,-0.040677966087905804,0.03896103895091919,0.03426124196268499,0.05630188679160305,0.0043024803230448235,0.006022687696454376,0.006201197778145219,0.0017309588443032392,0.0017196313110299855,0.0017519340170296385,0.0022165927802406437,-0.04999999998750004,-0.00942478890727761,-0.007920754333249447,-0.00147488596946402,0.00139577878637118,0.0036955231988789793,-0.03138731952094242,0.049132947962678315,0.055865921756499404,0.0,-0.028490028481911574,-0.046082949287519416,-0.033333333317460453,0.06145251393214936,0.01954397393500198,0.0277777777623457,-0.0043668122261208845,0.01170809980735541,-0.00917499962508956,-0.00809716599182085,0.03135619307909876,0.004368475419390742,0.0144782825760634,-0.002942585369189771,0.002416237113401629
2018-06-30,0.07058823525259522,0.0035280573319813376,0.0009011451720912069,0.0012222627832350452,0.0009877695463611244,0.0018266810499818632,-0.00043714534975313694,0.002635448232387943,-0.004531450028595729,-0.12159174649954194,0.004951236831989879,0.04999999997916671,0.018656716410948918,0.007067137806690063,-0.009999999997500009,0.0,-0.030151471848668874,0.00545661408408501,0.005241704356184939,0.0062264527529595015,0.0013392490979333227,0.0008632444256886887,0.0009039103949606488,0.0014318846425330147,0.05263157893351805,0.00824957755825544,0.007211596965144501,0.0006564730982793387,9.043172186862088e-05,0.0046504671832266,0.04277381723637241,0.022038567487041735,0.05291005288205822,0.032786885238223346,0.029325513187880976,0.019323671488249452,0.014778325115872869,0.021052631567867054,-0.025559105423144077,0.03783783781738486,-0.002192982455659387,-0.005292087318304612,0.008299163274773853,0.0020408163265098166,0.05101807023082179,0.004826365746592538,0.0049212598424954665,-0.0004804392587505594,0.0034459978217002757
2018-07-31,0.04945054942337874,0.002979886008352102,0.000780820498925245,0.0028224218136980116,0.0011655056934908288,0.0031872738758396348,-0.0031402411729447538,0.0029623410391209967,-0.004471578812023429,0.013422818791935048,0.005387113712829444,0.05952380950018893,0.04395604393994288,0.038596491214527504,-0.022727272721533482,-0.0082815734972502,0.04582289671363159,0.005537397992970067,0.00416398092629991,0.005582470868581275,0.0012900658195652817,0.0010585225769040721,0.0013153761583034097,0.00036920680951613524,-0.04999999998750004,0.0012642212784302886,0.0008342691306326732,0.005740371210670054,-0.0011294182482987926,0.002722072177444861,-0.20261031695446796,-0.06738544472577211,-0.08040201000984819,-0.011337868478154638,0.0,0.004739336490644974,-0.029126213578094095,0.02577319586300353,-0.013114754094060748,-0.010416666661241329,-0.0021978021973191176,0.005167191304864275,0.00110920199980109,-0.0030549898166694718,0.04878116706180446,0.005672331373938805,0.0004897159647381638,0.006317379660779872,0.001921708185053071
2018-08-31,0.0,0.002164349926283298,0.001787320770332167,0.00309689985390979,0.0007450552776660453,0.002805049088358898,-0.0045659296863673786,0.003361615337058029,-0.0015421640354761632,0.06622516556285908,0.004255648406065959,-0.018726591753285855,-0.038596491214527504,-0.033783783772370374,0.0025839793274976246,-0.004175365343596054,-0.041138348830076964,0.004147134659670783,0.0025612632633209564,0.004065085496117527,0.0013857987194687677,0.0006951447565456476,9.803344901189226e-05,0.001684303765190597,0.0,0.0067959220596868625,0.0028120405655236882,-0.0005164025765769506,-0.0020936993771516754,0.002757099531292885,0.002338269680254177,0.008670520228708014,0.04918032784197788,-0.006880733943376035,-0.005698005696382213,-0.018867924519401936,-0.009999999995000008,0.04020100500492404,0.009966777405326735,-0.010526315783933527,-0.004405286342642109,-0.0013294729378397511,0.006470462588029272,-0.01736465781391867,0.027479671698287213,0.004343969614955828,-0.0044052863435907995,0.001842374616170729,0.001598351921573915
2018-09-30,0.020942408365998758,0.0016950570084139957,0.0020622817021092284,0.0016763537041536547,0.0018496186373240082,0.00027115741401448557,-0.004913270118245886,0.0033405642480774838,0.000720470902203623,-0.029503105590039207,0.0019775534838328015,0.07251908394178658,0.07299270070328723,0.0664335664103379,0.025773195869646107,0.023060796640867826,0.0318836320888645,0.0020245507897114147,0.0018286000396703537,0.0034695454176507596,0.001371182701673333,0.0020546336881452853,0.0018526505645990853,0.0005828208529281685,-0.02631578946675891,0.00043533204879540194,0.0005068513632971113,0.011992168379830291,-0.0019203411077861865,0.0022842156468771226,-0.057542768269242414,-0.06017191975353251,-0.0416666666449652,0.023094688216375277,0.03438395414487556,0.028846153832285528,0.02525252523977136,0.04830917872062363,0.03618421051441305,0.0,0.04424778760083018,-0.0012720764429192647,-3.7232808060690475e-05,0.04054054054011903,0.007221694059920028,0.001670063405797007,0.000983284169119987,-6.8110611633339e-05,0.00014184900173765734
2018-10-31,0.1230769230138067,0.0018578375304803894,0.002339580144489551,0.002839862756111615,0.002124876145644404,0.004658362938549304,-0.004783344258024803,0.003129137480521418,0.0015789838085419985,-0.02319999999998144,0.004139539652432218,0.021352313159661115,0.013605442172243059,0.03278688523515187,0.0402010050150248,0.038934426221529914,0.007404243200805806,-0.0005090742946332811,0.002423378463548873,0.004517313074910595,0.001321849554466489,0.0017282118377459456,0.0015752653979592593,0.0010980108595952016,0.027027027019722327,-0.001672369308308991,-0.0045530189237834,-0.0004836759371220471,-0.0006088991014453561,0.0009214515323526291,0.7516501649544844,0.16158536580439478,0.1032608695090972,0.05643340856513919,0.052631578932789025,-0.04205607474670291,-0.06403940883544852,0.0552995391450233,0.0603174602983119,0.021276595733363532,0.02966101694286855,0.011492890995260638,-0.002267562438612969,-0.014985014984865284,-0.008776918370903537,0.0031819594766437443,0.004911591355575091,0.004086915060279214,-0.0016310321596991625
2018-11-30,0.0045662100435771786,0.0023111004103002946,-0.0007041919199883416,0.0027255066832815554,0.0020160900983636925,0.005666366069969936,-0.0035649226239602497,0.0025838952674728556,0.0012010179472815748,-0.03276003276000593,0.003031231254227576,-0.024390243893940778,-0.04697986575604707,-0.044444444430335135,0.019323671492917006,0.029585798810732478,-0.1949116607746302,-0.0030768797480157585,0.0037418029228062665,0.00610991872267322,0.0011184758186227612,0.0003411472293937857,0.001856085028213876,0.0006487209496739633,0.0,0.0007976545684170324,-0.002365167031144613,-0.008145818211143798,0.0014890860664821483,-0.00012649510182849696,-0.14884597267315847,0.1259842519354372,0.11822660092698208,0.03205128204443356,-0.00789473684002765,-0.039024390224866076,-0.06842105259556781,0.03493449780133868,0.005988023950302992,0.09374999995117196,-0.010288065841504658,0.004331822564222695,9.702892456986203e-05,-0.011156186612462862,-0.020192573455678445,0.0025859446303619685,-0.011241446725262666,-0.005155688216535346,0.0014383634620163592
2018-12-31,0.03181818180371893,0.002989353741155656,0.0006848935445787189,0.002843400900240476,0.0024051896592168546,-0.007858560040669031,-0.0017735298488480583,0.0031847290277319273,0.0008247454727847637,-0.072819644369117,0.013188952582119908,-0.1142857142448979,-0.11619718305767708,-0.10631229232348424,-0.04739336491767934,-0.017241379307041855,-0.1306179775257967,-0.003917046113217509,0.0050878315929351655,0.006860557779142899,0.0011389457060806294,0.0006918055149498797,0.0017453878856259668,0.0012163986579513627,0.026315789466759026,0.00031246214400646073,0.0036256650665497147,0.017428308125977746,0.002445671551138155,0.007787461343828471,0.4067515218369258,0.24242424236773327,0.07929515415009031,-0.028985507240375605,-0.06366047743669488,-0.13197969536447732,-0.14689265528424145,0.016877637123680334,-0.07738095235792228,0.09523809519274364,-0.054054054042816164,-0.022954062716582097,-0.0004751468352921405,0.00820512820504402,-0.0233029109335881,0.01217709896210818,-0.006426099851673679,0.015479031708138129,0.0070573632414208925
2019-01-31,0.05726872244173179,0.0035782823141215316,-0.0008149798035312121,0.0027744672125806103,0.002703191149826497,0.0026189188419821693,0.000988536400685616,0.004974500106528258,0.0006089474805925895,0.11963470319623777,-0.00018838304552589084,-0.012096774188670577,-0.031872509947461006,-0.022304832705462907,-0.022388059695923224,-0.0019493177384113975,0.0375605815824402,-0.002154368392085341,0.005808571261925043,0.005628125396212979,0.0013303583556521842,0.0001265810459477381,0.0013919306954651165,0.0017222504071987283,0.02564102563445104,-0.006586566786839663,-0.00897487213686615,-0.0041026187494993035,0.0015851471346248962,0.005858230814293675,-0.3481510621420869,-0.18011257032268055,-0.028571428559766878,-0.06183368868617619,-0.056657223779983716,0.08187134498136185,0.1258278144862067,0.0041493775916391735,-0.01935483870343394,0.04782608693572793,-0.019780219775872448,0.007453863865403449,-0.007442942830739432,-0.07222787385480943,-0.013730440342271567,0.0023039683773399267,-0.00945273631836096,-0.004431909750198566,0.0051238708995816964
2019-02-28,0.0,0.0037153222799506474,0.003001255142310096,0.0034313318295854317,0.0016106394238449354,0.0019235683257146617,0.0037529821481191925,0.006691403639330712,0.00047773738265238536,-0.08564437194120257,0.004804672779801231,0.028571428559766694,0.037037037021795394,0.038022813673755616,-0.035623409660146745,-0.033203124993515,0.06948228882698557,0.001048109414274526,0.005465590227753757,0.0030053683799372136,0.0014808033723202438,0.0014408941332102268,0.0007873403448668882,3.331956124801727e-05,-0.04999999998750004,-0.005173191124545787,-0.004983895618929009,0.00727603456116217,-0.00033507244592620835,0.0020107052722077535,-0.10802655400675766,-0.10297482835172204,-0.06722689072805581,-0.006818181816632287,0.030030030021012028,0.05405405402483557,0.08235294112802775,0.008264462806502296,-0.006578947366256931,-0.05809128628294972,-0.024663677124514942,0.0008863874584149823,-0.006056928356153285,0.0285087719295119,0.0034728730345820915,0.005400495183865791,0.0005022601707659069,-0.0012140833670570218,-0.00042043304603728114
2019-03-31,0.004166666664930652,0.004610339169080623,0.0037817929172159082,0.0031171196413461496,0.00145873055982545,0.008827175799652264,0.006873211554859161,0.008636985327498788,0.00027002861310949835,0.062444246208686494,0.002862768384535826,-0.09920634916698161,-0.11507936503369867,-0.11721611717318085,-0.005277044853488911,-0.02222222221773295,0.058234758870641695,0.0027905820010055023,0.006025979888104158,0.0021657582808363354,0.0017749589789850199,0.0018860220489404893,0.000874134364155919,0.0015126576795697821,0.0,0.0001069777709906307,-0.0020785412840814764,-0.007515602177663701,-0.0011501773591639907,0.0027401430963615346,-0.07239512854719915,0.033163265297662406,0.018018018009901608,-0.07322654460566905,-0.07871720114323114,-0.03589743587902699,-0.032608695634451824,0.004098360654058143,-0.01324503310819702,0.0,-0.06666666665134101,0.016933447771081966,-0.0008136049890911558,0.049040511726556164,0.013472151654704542,0.004302698414447053,0.008032128514016018,-0.008036196650453693,-0.0008587451805115277
2019-04-30,0.0041493775916391735,0.004914175675809009,0.0037596794047289285,0.0035581540766303856,0.001643938264377245,0.002682565431422267,0.008653900638580332,0.007906419088946747,-0.0002555859871744169,0.06801007556669353,0.000180749549684391,0.0,0.022421524653622554,0.04149377591639247,-0.02122015914556496,-0.02892561982873431,0.09819432501980752,0.0017792062752808337,0.005584361803470014,0.0026383225337456274,0.001602168719173569,0.003056590591493374,0.0021834273015537355,0.0020493166726549164,-0.02631578946675891,-0.005458199990028254,-0.006242155338421238,0.010435620250452094,-0.00011189567020909762,0.0036573415957047864,-0.043034281543177774,-0.07901234565950309,-0.053097345109248816,-0.01728395061301627,0.015822784805119314,0.037234042533386184,0.03932584267453607,-0.00816326530279051,-0.013422818787442019,-0.04405286341671684,0.034482758612196504,0.0003268507926131714,-0.00642072001436116,-0.012195121951095607,0.01028967434415584,0.001788310156614101,0.006474103585625044,0.00803322213901009,-0.0013856974969741207
2019-05-31,-0.012396694209753352,0.005384566937923306,0.00024683328566345785,0.002713712789232549,0.0008397042714196373,0.004377271804066004,0.009902120112706879,0.006210645380044083,-0.0010135479999386324,0.01650943396225117,0.00022433820230310087,-0.1409691629334938,-0.1535087718624961,-0.1474103585070077,-0.00542005419907316,-0.014893617018107801,-0.04744754149628177,-0.0013176170389978773,0.005314159603577061,0.004553623934140445,0.0013328418691844768,0.0005320641185581523,0.0010360787807092127,0.0002523206863122651,-0.027027027019722448,0.0013962383695553333,0.0009212841323306194,0.0018801970234623387,0.0016728445477890341,0.005988559170539478,0.42606707313825726,0.23056300261915197,0.10747663546379595,-0.03266331657470768,-0.07165109032035791,-0.10769230763708085,-0.14594594586705625,-0.012345679007265254,-0.04081632651672917,0.02764976957251165,-0.04999999998809523,0.006022384201703979,0.00040785884271758423,0.028806584361843524,-0.0025763279004658458,0.0008158974050082214,-0.001979218208797756,0.0020936043763070274,0.007500175648140293
2019-06-30,-0.004184100416659469,0.0049259743132643785,-0.00032511281022684765,0.002898779295325808,0.001990717611741423,0.0035144482874036277,0.008172200046529013,0.0036120576230265085,-0.0016878895671719957,-0.03866976024745656,0.0021431953547486303,-0.10256410251150556,-0.0880829015087653,-0.06542056071709325,-0.0681198909896131,-0.036717062627058934,-0.1014302153525986,-0.004585670227353764,0.004612717393760185,0.005373750580261123,0.001017607691655858,0.00041575619282942775,0.0019829562491948745,0.0013542219861922375,0.0,0.001219516958011039,0.004986453101181991,0.016414241535163347,-0.00022290341171673833,0.00831083620954735,-0.19401389630176305,-0.11328976032390192,-0.025316455685520503,-0.07532467530511049,-0.07718120802779153,-0.02873563216739334,-0.03164556960022435,-0.07499999996874988,-0.0886524822380665,0.0717488788915925,-0.06516290725183892,-0.0002558261627855237,0.00022099222970730205,-0.017999999999819973,-0.016597999054013463,0.0018329047436668035,-0.006941001487322937,0.011928831378884026,0.008647291619447989
2019-07-31,0.008403361341006998,0.004093856935318575,0.002307876166173709,0.0026041912382091794,0.002059077639779164,0.005600644838511934,0.004304795752640262,0.000953780567015682,-0.002399551629345433,-0.0024135156878500293,0.002580011439086702,0.07999999995428565,0.045454545428719045,0.009999999995000008,-0.038011695895318186,-0.040358744385569724,0.04921331869650186,-0.007985529883866289,0.004154997326706563,0.00522356956321624,0.0008710824574159714,0.0013433975393467282,0.0011584577066287537,0.0005966428893426282,0.02777777777006175,-0.005234902601309355,-0.006914877126174116,0.00197638737192436,-0.006947670548296434,0.006066521612406473,0.06896551723680606,-0.03439803438958282,-0.07792207788834549,-0.008426966289767775,0.0036363636350412445,0.041420118318686354,0.019607843124439334,-0.031531531517328265,0.0,-0.07112970708320929,0.0053619302934686565,0.00848225113426743,-0.0062257787619268675,0.0020366598777796963,-0.03149189910998059,0.0009885038639030914,0.001997004493250026,0.006260406260402152,0.0032322184772269613
2019-08-31,-0.11249999995312501,0.002771812286998774,0.0009147700174318188,0.0018602345840451398,0.002267547857785511,0.003724484860210736,-0.0008055888110086025,-0.0017703162361957815,-0.0026041321710747476,0.10887096774184768,0.0061946957530054775,-0.2063492062400268,-0.24456521725838853,-0.25742574244681893,-0.09422492398351827,-0.09579439250098265,-0.044289450740291364,-0.010403200589111181,0.0035990100668351153,0.0037647435411258656,0.0008234046413969108,0.0005115435101486924,0.0010124775808438421,0.0014642161474551696,-0.027027027019722448,0.007604477004641858,0.007229683587431632,0.00033739942901631054,-0.015103665186043608,0.0048845889534175355,0.17741935482770346,0.05089058522878095,0.06103286382111128,-0.09065155804797402,-0.14855072458385832,-0.11931818175038737,-0.13461538452909266,-0.07441860461654945,-0.1750972761964601,0.009009009004950904,-0.04533333332124442,0.006312593635334624,0.0066021064897083806,-0.08739837398285172,-0.04420770854343933,0.005183156378555635,-0.007473841554521805,-0.0016546429280550302,0.004565659350124984
2019-09-30,-0.04225352110692316,0.002600824322023042,0.0015388460997612314,0.003337821335744235,0.0019365082974189898,0.0020584205924669774,0.00012893260951605875,-0.0026411396080133873,-0.0008211850048262487,-0.046545454545420695,0.0032662418498019753,0.08666666660888882,0.1151079135862534,0.11999999991999995,0.01677852348430245,0.010335917309990728,0.0390439700777405,-0.008735300032681081,0.00350430735797839,0.0019473232233964508,0.0010067977630432638,0.0008971551499513449,0.0007513654622269063,0.001342992292679691,-0.02777777777006175,-0.0031260519899211515,-0.006975035288345382,0.012557403419554025,-0.009802234103654179,0.0060475625372939405,-0.14436248682063432,-0.026634382560137032,-0.02654867255462431,0.02803738316883566,0.059574468059755595,-0.012903225798126961,0.0,-0.030150753753693114,0.018867924519401936,-0.013392857136878298,0.01675977653163136,-0.00844584964984365,-0.004037847361448437,0.03786191536706173,-0.044531196269058854,0.002757332985952808,-0.004016064257007866,0.008618403606464719,0.004562059443976847
2019-10-31,-0.10294117642012685,0.0041903689846135095,0.0028272822992517982,0.0013294386398491904,0.002201310195613452,0.001951139080491198,0.00878069403193537,-0.0015427369958748464,0.0032558368496338006,0.010678871090762258,0.0036978795547799215,-0.06748466253528541,-0.025806451596253922,0.005952380948837874,-0.006600660063828171,0.0025575447563790897,-0.05250219490689201,-0.0030089282474775212,0.004332834236948355,0.00013448029150471002,0.0015534175691459802,0.0019951038032075727,0.0015304796465311586,0.0006606852627545247,0.02857142856326533,-0.008513557960527874,-0.008328434763954045,0.0051759038614280104,0.01219575601955642,0.008417025984151779,-0.18596059112155403,0.032338308449667286,-0.009090909086776866,-0.024242424235077942,-0.012048192766245804,0.0065359477081464445,0.06666666661728383,-0.12953367868936078,0.013888888882458756,0.0,0.03846153845097201,0.0025097848439953065,-0.00932941633783027,0.024678111587718012,-0.03264058489216548,0.004065084657688177,0.001008064516123894,0.004929670040748698,0.006112031140626921
2019-11-30,-0.15300546439726478,0.005408813753551005,0.0028154226050328833,0.002334336880022042,0.0021813790240321285,0.006486560614371494,0.020079571966162935,0.00030845489776563586,0.005759573932597445,0.021132075471682166,0.004161617645258561,0.05921052627683523,0.07284768207096186,0.053254437838311026,0.01661129567554451,0.005102040815024994,0.05689399555120657,0.0035658849075485004,0.00540205542460597,-0.0008454051752658241,0.002070796995375038,0.0003462837025389817,0.00017299707826991085,0.0013733180155554585,0.0,0.005528222877102076,0.009135402240847133,0.007214050829741393,0.036422024488041736,0.006575643025191878,-0.04538577911910859,-0.0313253011972712,-0.04587155961198556,0.009316770183441936,0.02032520324377017,0.04545454542502955,0.04166666663773152,-0.06547619043721647,0.04109589039219359,-0.03619909500624478,-0.026455026448027677,0.007106856506346968,0.004825709672584767,0.013612565444883607,-0.0071944036042713416,0.004377476481845675,0.0020140986908257384,0.0025508535548415937,0.003648334492880886
2019-12-31,0.0,5.903717097081444e-05,0.002912218521077963,0.0019775443004065364,0.0017774564297159178,0.004271524532311981,0.018940917540380665,-0.0032240723975709823,-0.008050780849629256,0.1441241685143059,-0.003205792367044658,-0.018633540361097194,0.04320987651653701,0.07865168534907202,-0.01633986927570601,-0.015228426392074017,0.04997369805277973,-0.005519807733685904,0.006816143389439487,0.0031647242336287056,0.0018969119455627087,0.0027404636671947854,0.0020467780062455275,0.0008307728825181595,0.0,-0.0020293804956071615,0.0019740244887942425,0.006833367078354214,0.010832963496146623,0.0041100117522697805,0.09191759111791463,-0.10447761191430893,-0.04807692305380921,-0.018461538455858004,0.01593625497373059,0.09937888192585156,0.11999999991999995,0.0,0.008771929820714074,-0.051643192464017225,0.01630434782165644,0.0014586486255631426,-0.0025798736565763106,0.025826446280724932,0.007058650639173834,-0.0025173503947784536,0.0,0.011156054279742289,0.0010989754167651067
2020-01-31,0.0,-0.01433297436199234,0.0010671615821789557,0.0036307552901852563,0.0025486805503249707,0.005047044697550176,-0.0002471967927435277,-0.01395225223168616,-0.04351636161832969,0.019379844961227792,0.012375269027586665,-0.1582278480011216,-0.21893491111305619,-0.213541666555447,-0.023255813945762135,-0.02835051545661066,-0.0394121576479724,-0.035486414717132236,0.007907072370685211,0.013447425981147983,0.0005782153599545945,0.0016877313438399169,0.00187957306838499,0.001666754506166322,0.0,-0.005933760438465236,-0.0022619592665458236,-0.004474385400431163,-0.07917119266454549,0.006087473927172133,0.3671988388703049,0.11944444441126548,0.07575757571931431,-0.08150470216880723,-0.10588235289965399,-0.06779661013118841,-0.04761904759070286,-0.012738853495070803,-0.03478260868052914,-0.004950495047054324,-0.06149732618676553,-0.0018217485724533206,-0.0063232400250268946,0.00503524672703892,0.0038199413775366607,0.01279071018844305,0.0015075376884346927,-0.008774759661908098,0.0032933069868768816
2020-02-29,0.019354838697190443,-0.030605672224951273,0.0013132179246470217,0.0033146062204419935,0.0026396898364343495,-0.0003374798355798013,-0.026274789544054704,-0.026410917228956336,-0.08584406761008787,-0.02598225602026237,0.004994685220079948,-0.35338345838091473,-0.3257575755107897,-0.25165562897241356,-0.054421768688972236,-0.04244031829112992,-0.12134909596451068,-0.07220704952879646,0.007960839817319721,0.024355500215083304,-0.0012021452851846168,0.0008903099810365239,0.0018090452261134062,0.0017363280607714708,-0.02777777777006175,0.003301847692621338,0.00233988370774921,0.013382486617510004,-0.20607642264605563,0.002502144695453083,1.1289808916598205,0.2555831264874482,0.11737089196367564,-0.0443686006674511,-0.09210526311749768,-0.14545454536639119,-0.16874999989453124,-0.006451612899063481,-0.1126126125618863,0.04975124375634271,-0.017094017089146894,-4.162832478857184e-05,0.003141692664391264,0.012024048096071932,-0.008602955272066143,0.005530908801104748,-0.013045659809267321,-0.000781097441905399,0.002053664613001677
2020-03-31,-0.5886075945641723,-0.03646412665306795,-0.004227644785245582,-1.2327074261222813e-05,-0.0012490557288230984,-0.06871383526774102,-0.03562444831133241,-0.03222997103654842,-0.11174064777214998,-0.1854261548469841,-0.01691075281094588,-0.732558138683072,-0.5842696622648655,-0.3805309731145743,0.08633093522074435,0.18836565091735027,-0.4220419469643443,-0.09088497000500631,0.007405811999442651,0.028353461295635027,-0.00184617158574294,-0.002993754244311471,-0.0007452419169844236,-0.00926406187421617,0.25714285706938783,-0.03998945626968363,-0.045492686127369876,0.04793940299993824,-0.3490979513671765,0.029684998022727064,0.33482921963762585,0.7332015808827665,0.6512605039280419,0.639285714057398,0.0048309178720624705,-0.38297872313263914,-0.6315789468935497,-0.8051948046719514,-0.25888324859955164,0.6208530802744773,0.014492753618987555,-0.05960766957127601,-0.03993370566965985,-0.11782178217705132,-0.0011914285155462177,-0.018398359893476494,-0.018301982714701032,0.07523939808476632,0.038704475204939005
2020-04-30,-0.9230769216568047,-0.017841935156012914,-0.007840402866520088,-0.00016641755396971833,-0.004762831937915544,-0.11344160081199792,-0.012261237513335677,-0.020286079708259443,-0.07673268877606139,-0.25638977635762267,0.14314532150693848,-0.1304347820415879,-0.027027026953981032,-0.08571428559183666,-0.19536423834590583,-0.03729603728734361,-0.4334132146376784,-0.053480754441710215,0.004140045072279957,0.01739856425697146,-0.0005827983364027704,-0.004240296245090589,-0.0033369667067931347,-0.13570093705681896,2.3636363630991735,-0.1324180890505458,-0.15330758120475244,0.13196062580243187,-0.4234606537214085,0.0661012894127085,-0.3621591333514726,-0.12998859747662614,-0.1781170483007336,-0.2549019607287795,-0.115384615329142,0.22988505720702876,0.46938775414410655,-0.5333333315555554,-0.1301369862122349,0.014619883036660931,-0.07714285712081632,-0.12180449025619969,-0.13218166478032076,-0.1941638608283483,0.03545042252188988,0.11699699635039794,-0.03935784567561179,0.13273960983876615,0.0724382196920572
2020-05-31,0.0,0.016391505031734917,-0.0010854032780696914,0.0022223523645945715,-0.0012603650920206444,0.08366657671139216,0.034012025880954255,0.002611194523518209,0.010044385526884785,0.13104189044024592,-0.04997165866335573,-0.19999999900000004,-0.16666666620370368,0.015624999975585951,0.028806584350285287,-0.04358353509840585,0.7256797582643092,0.028091182985206,-0.00011177218974566906,-0.0004629464725138037,0.0019280237611065407,0.0009056225673348535,0.0012183773516005946,0.020081121905214497,-0.1081081081008036,0.01570124183389345,0.04485379309830162,2.4016761888753146,-0.31547201779744416,0.05123102089989127,-0.19443631038962114,-0.14285714283841974,-0.046439628468594514,-0.11111111107862245,-0.15760869556651702,0.07476635507031167,0.15277777756558641,-0.0714285709183674,0.08661417316014622,-0.05475504321188626,-0.02476780184991711,0.17724810170912458,0.01623692776590017,0.006963788300738666,0.0896366206856923,-0.04210419789020999,0.01671159029640584,2.3961063272169887,0.052193452066768294
2020-06-30,0.5999999880000002,0.0350794005258689,0.00451830774520609,0.0010487402814651594,0.001423937979584805,0.05853721116258978,0.05935421964471673,0.017974420546475006,0.0696837407941078,0.19088319088300962,-0.0011032246807119988,0.0,-0.03333333322222225,0.01538461536094676,-0.02399999999040002,-0.07848101263835924,0.3413865546098956,0.07795005008181752,-0.002793080638990769,-0.01198292020657824,0.003388498558183855,0.002974299740081078,0.0015618412479249057,0.03468881539386625,-0.16666666665404037,0.0658487073708667,0.0787702212674257,0.021006872618818482,0.010465720103018047,0.01733649427547301,0.10614322064317902,-0.015290519875337786,-0.04870129868548656,-0.11842105259262461,0.051612903192507706,0.16521739116068068,0.3975903609667586,0.23076922899408284,0.07971014486977533,-0.11280487801438865,-0.006349206347190734,0.0678008500741447,0.06669789668743721,0.08022130013720298,0.10408184566372225,0.0021984987825246277,0.013785790031740238,0.01563853410397098,0.011766897896002493
2020-07-31,0.12499999843749995,0.03332289566256167,0.005462949992974947,0.0023810035853231754,0.005770409909735673,0.018392967897853555,0.05979557153945077,0.02136600882602264,0.07641283974491524,0.2145135566186487,0.012610937367930952,-0.312499998046875,-0.27586206801426866,-0.1666666664141414,-0.1229508196217414,-0.09065934063443426,0.06264682850267167,0.07947030485332104,-0.0033420714418986057,-0.014535780209350617,0.0035629196693656644,0.0032821812109206094,0.0036928257770365825,0.011514292978823788,-0.07272727272066122,0.0363154421345487,0.036277205055883326,0.014756666203000032,0.16259274519511518,0.010547125218120594,-0.19618797238921495,-0.1987577639442923,-0.11262798630968329,-0.12313432831226333,-0.13496932507057094,0.15671641779349516,0.20689655154577882,-0.187499998828125,-0.1208053690464393,-0.07560137454446694,-0.044728434490502,0.01330699371690397,0.037429777282952256,-0.0717029449414634,0.08883438332680071,0.01358372362694381,0.009414225941373417,0.006590169018451451,0.002818976385760177
2020-08-31,0.11111110987654332,0.01495686053695237,0.003707315562971203,0.0015661971140242315,0.0038036750157876536,0.010031431351547363,0.0397316034017414,0.014205196904056498,0.043596475575613865,-0.08010505581084694,-0.03578682604074294,0.27272727024793403,0.3333333317460319,0.30909090852892546,0.05140186913485888,-0.012084592141364182,0.04003930238172349,0.04551165455996745,-0.0016236621662315339,-0.008094549897645392,0.002522556293181072,0.00313752499016525,0.0030120194827808803,0.011016949152542295,-0.176470588217993,0.009743831029636345,0.01664976823016151,0.005846628801649255,0.05393113632855996,0.00213112425000808,0.07972199509077176,-0.027131782940478445,0.02692307691272183,0.012765957441376104,0.13475177295407686,0.16129032247658687,0.20714285699489798,-0.23076922899408284,0.038167938902161906,-0.026022304823039976,-0.02675585283386094,0.004430179373318106,0.011109263308491905,0.0220689655169369,0.051309820447730456,-0.029581754698757876,0.006735751295301947,0.00368173765693537,0.00022601423889706998
2020-09-30,-0.09999999900000009,0.0024674506638605554,0.002255499949869223,0.0006824183928567343,0.0019002198293456938,0.01570513709073665,0.024254027234869645,0.007959223507750591,0.01927604945744665,0.04425410421124607,0.006688905304953548,-0.0714285709183674,0.0,-0.04166666660879634,0.026666666654814836,0.027522935771399668,-0.06400566839716569,0.020708487625850987,0.0014314301964788553,0.0006133231908476462,0.001966266377868025,0.0017068914550371907,0.0015299964838444856,0.0074303493542841196,-0.07142857142006809,-0.00039612464999885935,0.0014675735171700427,0.017586063873910155,-0.02449785497695129,0.013604737393124367,-0.0015145778113776814,0.07768924301241262,0.0299625468052575,0.025210084023020995,0.01249999999218751,-0.09444444439197539,-0.11242603543643427,0.09999999899999995,0.04411764702638395,0.022900763350037896,-0.0034364261156576647,0.01895932133799761,0.0011812297294565084,0.08502024291383255,0.025013178369127368,0.007691051433587134,0.0061760164693454075,0.013798078398868334,0.010041238278159163
2020-10-31,0.0,-5.140052266990895e-05,0.001146369892783084,0.001174304744309944,0.0014131647452531883,0.0032412146025245143,0.01921095382541927,0.005734741659941493,0.011436970751815535,0.054682159945280466,-0.0020638533288233132,0.07692307633136101,0.3571428558673468,0.275362318441504,0.01731601730852122,0.023809523802437664,-0.005803684077572553,0.012220413305979737,0.005785791465053395,0.009973587039708074,0.0024747257629561797,0.0007234787906411348,0.0007590853022036171,0.004745451981384821,-0.12820512818869165,0.006613731784011694,0.009998880017352992,0.00811701545377222,-0.04638523252519756,0.005401130794514539,0.44178991276292046,-0.016635859516333455,-0.05090909089057856,0.004098360654058143,0.05555555552126191,0.04294478524972716,0.05999999996000005,-0.09090909008264458,0.1056338027425115,-0.011194029846569484,-0.031034482747919093,-0.0034209358833991945,0.008397337290444685,0.017412935323166397,0.014561774569635364,0.0006887854585233582,0.005115089514040333,0.010203927149408721,0.007019113801925881
2020-11-30,0.0,0.004742720493118213,0.0024822381642099524,0.0011118374029398448,0.002551247771826577,-0.0018160176840672615,0.01880250903579693,0.005855500739174772,0.013540322803505634,0.006480881399866182,-0.011041471583433545,0.14285714183673462,-0.05263157880886431,-0.0454545454028926,-0.021276595735627093,-0.040697674406773965,0.0390862944152516,0.013395005222961073,0.010050116067060116,0.017683222035011145,0.0034988510194558066,0.0006944180206167296,0.000777472266988057,0.0018807941442737408,-0.014705882350778495,0.004426804909739754,0.006988709313153372,0.01437631402629112,-0.021670953636461446,0.011771567384196577,-0.45896896369124235,-0.18609022552893043,-0.12260536393769904,-0.12244897954185766,-0.09356725140727057,0.04117647056401388,0.05660377354930571,-0.09999999900000009,0.03184713373767701,-0.08301886789320033,-0.0320284697394916,-0.004937666554354142,0.006365722040822839,-0.059902200488265146,0.012962654231609751,-0.007495508262266419,0.00916030534346489,0.011734380385749164,0.009011260604544593
2020-12-31,0.0,0.009493192539542722,0.0042545851779288955,0.0012021357742145028,0.001381650349852422,0.008585562626909021,0.01873322536968862,0.007082428833988767,0.01749800847832832,0.05280103026397115,0.007144973249916807,-0.187499998828125,0.0,0.10714285701530622,-0.017391304340264667,-0.042424242411386495,0.1485100146519662,0.01661424347948944,0.011763938902935304,0.019683409446652065,0.004553533309872986,0.00484804699749178,0.0032874791571614625,-0.0017021455439510673,0.0,0.012903172571290818,0.008240416916427738,0.010602376708935157,0.00029612591162277407,0.007028362005594895,0.10597958191025864,-0.10854503461696424,-0.04803493447684058,-0.04186046509680902,0.0,0.12429378524051196,0.16071428561862247,0.0,0.03086419751181211,-0.08230452671510108,-0.01838235293441835,0.01692226552319266,0.014977470245539868,0.04941482444669157,0.01398058565238344,0.008403704156977464,0.011094301563231943,0.006502740334764202,0.003013623228291815
2021-01-31,0.0,0.01169041153802364,0.0019579779011775302,0.001228119362227534,0.00030332174298937326,0.016585820643434137,0.015454862496297492,0.00830412706729111,0.019460496308852302,0.002446483180426638,0.10820226209632607,-0.15384615266272192,0.2499999993055556,0.1935483868886577,0.0840707964229777,0.025316455688191016,0.10591237770935952,0.018152373493067673,0.00910638907177956,0.013069792518949302,0.005066764902096308,0.004143528810730215,0.0034750092068529443,0.0027926297029147,-0.04477611939630204,0.00620749277771853,0.010698283405676854,0.015708546734052475,0.006341106980291277,0.013417708223925353,0.4545054944855164,-0.005181347148916754,-0.004587155961198658,0.04854368929682349,0.08387096768782511,0.07035175875861716,0.13333333326495728,-0.11111110987654317,0.08982035922765255,-0.03139013451507162,0.022471910103943126,0.03261134979910514,0.00837934702506977,-0.021065675340507274,0.01423992419313954,0.10041364941946986,0.02144638403979334,0.012627117396869352,0.00983687524866453
2021-02-28,-0.11111110987654317,0.01060997356874251,0.004056864672121523,0.0018323101413135507,0.001445888278315066,-0.0065858991314051,0.009763873298420614,0.008422447465479163,0.017789620817638588,-0.14154972544225652,-0.07973914717990217,0.27272727024793403,0.6666666651851851,0.2972972970294617,0.10204081628488129,0.055555555538408685,0.13538461538201182,0.016623658355999178,0.003539431023765894,0.0014863709640891868,0.00469296972292121,0.0035517452541001253,0.0021831801029276836,0.0036874807579277084,-0.031249999995117215,-0.03346000293448311,-0.03918157968350098,0.03312952342651176,-0.0009188501686702503,0.03427202393800924,-0.1553339377408483,-0.07031249998168945,-0.023041474643759607,0.09722222217721191,0.1726190475162982,0.00938967135709406,0.08144796376405077,-0.4999999937500001,0.12087912081270376,0.0,0.08791208787988576,-0.026369326920634,-0.03139967163701039,-0.027848101265470313,0.013117966576457462,-0.06924805499772216,0.028320312499861635,0.01024605054718121,0.008165095236800163
2021-03-31,-0.12499999843749995,0.01083181530872487,0.00503446732146976,0.0024274720567206668,0.0023927950282949186,0.04745721892936622,0.007940182387015748,0.008906482501709691,0.01755572906208212,0.1855010660979492,0.23619201664987519,0.14285714183673462,0.22666666636444452,0.20833333318865743,0.12592592587928664,0.09356725143462954,0.055724932248378635,0.017268749164037908,0.0004966403168582408,-0.006310234405161983,0.005182052990591092,0.005106926268704023,0.004187832749563941,0.0057932419149069264,-0.016129032255463145,0.02812039301719532,0.03218825671967883,0.07183801696044342,-0.00697919617274278,0.07861202833749883,-0.3059033989157101,-0.05882352939528752,-0.04245283016865446,0.07594936705656133,0.07106598981164158,0.10232558134775563,0.06276150624989055,-0.2499999937500002,0.14705882345732402,-0.013888888882458962,0.06734006731739382,0.1059072661581692,0.03032171954392838,0.10546874999862682,0.016401750999428387,0.2082452848819883,0.02089268755925505,0.009840027621128827,0.007182610804909644
2021-04-30,0.0,0.008878935353813192,0.00695330489597611,0.003900614642295556,0.00811902998954505,0.01254981606376376,0.007309706385303295,0.006465882126730532,0.012366031948305206,-0.10551558752991276,-0.1473595600715457,0.0,-0.06521739123345942,-0.05172413790130801,-0.04605263156379852,-0.03743315507020507,-0.009786619605169466,0.014163505098153534,-9.473635405542031e-05,-0.008553298634377458,0.004913110700177249,0.00556665981725699,0.006068539903632076,0.0022110706017716138,0.0,0.001413544156436869,0.0011854671961510216,0.11336641612395762,-0.007577737361828663,0.1259708533870285,-0.040721649482436985,-0.023809523802437664,-0.034482758603703,-0.039215686259130966,-0.03317535543451398,0.016877637123680334,0.011811023617397158,-0.33333332222222256,-0.017094017086711974,-0.07511737085675237,-0.0599369084984426,0.006274468521479652,0.0035784689339440345,0.040047114251589445,0.01959924355579144,-0.12943878259874098,0.013488372092960546,0.011809789731606903,0.00943270002675817
2021-05-31,-0.14285714081632667,0.007296282294224943,0.006372960652567238,0.0031971259075785226,0.006683353735382034,0.0022643984836728274,0.009094409635143528,0.003383500768101371,0.007125392892475965,0.07707774798922448,-0.023801986360537573,-0.12499999921874994,-0.08139534874256349,-0.04242424239853067,0.020689655165279448,0.00555555555401235,0.055897602072976435,0.011441973895182199,0.0017176765131796618,-0.006376857680562535,0.004929569138394483,0.00506213891619072,0.0053255757755514424,0.0031190998181101224,-0.04918032786079008,0.008695059680563937,0.011801297618081219,0.1642304070937953,-0.004241709640931705,0.182183727899162,-0.09940891993017674,0.01829268292125225,0.015306122441170359,-0.028571428559766878,-0.029411764691464847,0.0041493775916391735,0.0,0.0,0.008695652170132333,0.015228426388208934,-0.01006711409058144,-0.016469463583564777,0.010809371602352767,-0.06115515288718954,0.02440349675609308,-0.018986866439480523,0.032124827902560237,0.010461105244630724,0.00869507588309254
2021-06-30,0.33333332777777797,0.00679579423916746,0.008239834309268508,0.004550187484563219,0.007590001960087556,0.01375078665827478,0.009632995757252223,0.0017415004281794134,0.006569491241101555,0.019290603609197703,0.00012641877593641388,0.7857142801020407,0.1012658226566255,-0.08227848096058331,-0.05743243241302956,-0.04972375689234154,0.09528924351549338,0.010529719441885327,0.003422021411423223,-0.0025761160431952896,0.004762772662445163,0.005064367369901554,0.004511542337270036,0.005363889578334813,0.017241379307372268,0.004653849760052006,0.0016160636990670888,0.1970728948271752,-0.0006801799028243451,0.21634824102989086,-0.05548926013988736,-0.08982035925454475,-0.060301507507386116,-0.04201680670503499,-0.05050505047954295,-0.04132231403251148,-0.038910505821435466,0.9999999500000025,-0.06896551721165267,-0.039999999980000034,0.023728813551278313,0.006242561284016354,0.006649717419204007,0.03136308805752269,0.022220618834045268,0.0016555261558776867,0.017785682525487838,-0.005030096979154405,-0.006057739057304674
2021-07-31,0.24999999687500007,0.008772350980438406,0.0049138415156619545,0.0047902074857707755,0.0036997676387281156,0.0026259428252162925,0.00953746113325406,0.0025953658654306105,0.013175207764880627,-0.023199023199009038,0.010821178513722432,-0.23999999903999997,-0.20689655148632588,-0.14482758610701543,-0.0788530465667194,-0.058139534866819824,0.015550574390367734,0.013641093794385072,0.004767185530339009,0.0013722746295765113,0.0050976381797806685,0.004827364259070188,0.004279600570574054,0.006439357572931338,-0.08474576269750071,0.004199770593134,0.009194242277092741,0.2324345080362369,0.001632140008752538,0.25181225261000945,0.1522425773750951,0.09210526312759688,0.04278074864022411,-0.043859649103570174,-0.0585106382667496,0.034482758605826426,0.03643724694881077,0.2499999937500002,-0.1018518518046983,0.0,-0.0728476820950836,-0.01982164890020463,0.0060388471804042505,-0.05029239766023046,0.014995063130784343,0.010614159537218351,0.012887723896841856,0.0036971165291913746,0.0024986779481751898
2021-08-31,-0.09999999900000009,0.01170836572577782,0.002922858592458055,0.002039325591443141,0.0013674931445831634,0.009584664536740688,0.008389813577494572,0.005379380405714544,0.023529529496541364,-0.003124999999998047,0.0015658386207570234,0.05263157867036016,0.11594202881747544,0.048387096735171733,-0.007782101164287127,0.0,-0.06566422954799733,0.018751135188660915,0.005411244545623916,0.005199478452441961,0.005423616567802447,0.004209370424558788,0.003097507331349856,0.003168416677455161,-0.055555555545267615,-0.0002558291061545023,-0.0021180003102367964,0.2482730280534151,0.002756795846523753,0.26524751004050434,-0.09649122806488525,-0.03313253011050221,-0.005128205125575284,0.027522935767191337,0.016949152532797104,-0.029166666654513822,-0.031249999987792994,0.0,-0.010309278345201412,0.020833333322482658,0.024999999991071532,0.008038050117419107,0.0014126760904391268,-0.13423645320031735,0.004885129510564896,0.0024011533098573425,0.00675005391413952,0.008692497662930693,0.00726634928589235
2021-09-30,-0.11111110987654317,0.012087217849696295,0.004025088988177632,0.003722228338315905,0.002569956952315702,0.005721960553429212,0.008326584085088521,0.00812937984465555,0.026079970586310963,-0.02006269592475231,-0.010324892109762528,0.3999999980000001,0.2727272723730814,0.16923076910059168,-0.007843137251826228,-0.003086419752133892,0.057876864018044066,0.021711084230028693,0.0052346272142624085,0.006315023997947397,0.005564270697248925,0.0032440313467902745,0.0020647188875909882,0.0032602936981239506,-0.07843137253364081,-0.010452693490177484,-0.008815038370550001,0.24431185291594115,0.002548620287771992,0.2577778313458721,0.4041262135677108,-0.01869158877922382,-0.04639175255340624,0.06249999997209806,0.07777777773456784,0.017167381966880967,0.012096774188670577,-0.1999999960000001,0.010416666661241329,-0.051020408137234415,0.04878048778788125,0.006614527612793731,-0.009028118176436804,0.03556187766663497,0.008798355456544777,-0.007360672975814516,0.009695178116189234,0.0031676211027190882,0.002212621105000972
2021-10-31,0.0,0.010460654176941976,0.009299455614873017,0.004538447856748289,0.006839226341543641,0.013104537499465494,0.010631972588352271,0.011265709684493884,0.021629123517461768,0.01535508637235102,0.005468617158403145,0.7142857117346936,0.20408163244481461,0.019736842092278408,0.05928853752597305,0.037151702774875665,0.13719469643911797,0.023991843699443825,0.004773728153139217,0.0049118263712261846,0.0060480594895022735,0.006467083272721408,0.004859414317449599,0.005822376883809691,-0.04255319148030787,0.013724866281662034,0.014570921930467986,0.25117916294823067,0.0012922630098548254,0.2623619546500072,-0.29732065685836984,0.0,-0.08648648643973711,0.03781512603453158,0.015463917517802118,0.059071729932880984,0.1513944222504406,0.2499999937500002,0.06185567007120847,-0.048387096748179016,0.04318936875641561,0.01794123791059979,0.01495482717134129,-0.015109890109682477,0.031094974777479367,0.007134985178991866,0.0203116116055792,0.0004688167891564286,-0.000679303452690321
2021-11-30,0.0,0.006376960498931907,0.008555387542745815,0.004689099981985209,0.006284998029257898,0.007692400293731211,0.013123782679074,0.013248678136397914,0.010834174772677615,0.07372400756139022,0.0033276962522501047,0.0833333331597223,-0.033898305056018416,-0.07741935478876177,-0.0223880596931388,-0.020895522381822317,-0.02859597447191215,0.022987490291542453,0.0037081261988952466,0.0012436094602396224,0.006148464315443123,0.006190888744439046,0.005089958899216247,0.004247270573347844,-0.08888888886913587,0.009109733324473556,0.009272922631408784,0.23564295499200202,-0.0006995273256862481,0.24406326135495512,0.6722017219758792,0.16507936502695894,0.07100591711774804,0.03238866395449836,0.015228426388208934,-0.003984063743432559,-0.031141868501335095,0.0,-0.05825242715618819,-0.02824858755466184,-0.012738853499127765,0.011985231775085169,0.010090077773599342,-0.05997210599637413,0.05918829468342136,0.004542152876696573,0.011735595616776942,0.0008820651349972661,-0.0003137377936388777
2021-12-31,0.0,0.0043089273465786995,0.007205908199071047,0.0040474651941373304,0.006450406326174539,0.0034405313709561063,0.014009230837002949,0.014610815977802083,0.007224051820473166,0.031103286384958274,0.001756198347107303,0.4038461530695266,0.10526315780240084,0.06293706289305107,0.011450381675018863,0.0060975609737507494,-0.09399873657493382,0.022634676678486152,0.0038649907831928352,-0.0009111625683881968,0.006818507672765771,0.0066909430103261535,0.006030078174312246,0.0037936419633102293,-0.048780487792980304,-0.0007267815034035515,0.0008253509323701471,0.2350469213101279,-0.0012473898462451523,0.24187238094001373,-0.3666789260622774,-0.15531335145631783,0.02209944750160253,0.019607843129565657,0.014999999992499902,0.02399999999040002,0.024999999991071532,0.19999999599999996,-0.04639175255340624,0.06976744181990271,0.0032258064505722517,-0.007163249877707107,-1.0025628011455656e-05,0.04747774480641707,0.06644227860347664,0.0025918291646514946,-0.00801111444504639,0.0021343688464766203,0.0012291920024058696
2022-01-31,0.0,0.004429567306394255,0.00563374262839506,0.003133063029846993,0.005574624589333887,0.0053216819848559745,0.011197078137888788,0.013807405300200568,0.01232830298245393,-0.02561183836082777,-0.015408997899512188,0.6164383553199474,0.2857142854875284,0.17763157883050554,0.10566037731861883,0.08484848482277327,0.160507600053542,0.02084451813732838,0.00520654043162213,-0.0008121805299177151,0.007485969137935102,0.0052476835352347736,0.004728747554827201,0.0016759813839199158,0.02564102563445104,0.00019566222770150176,-0.005617117726672071,0.2243669113464363,0.00030460123278231436,0.229662597369925,0.44192799068281485,0.17096774188033292,0.04324324321986843,0.1730769230103549,0.20197044325026095,-0.046874999981689494,-0.017421602781386294,1.4999999750000004,0.1351351350620891,-0.010869565211483941,0.1414790996329649,0.023608433605423605,0.0006566852184334909,-0.04815864022594664,0.04370910699172068,-0.0027209418861138045,0.02119434154579393,-0.00248708365395156,-0.002912481878615757
2022-02-28,0.0,0.005658249575404806,0.007595878040980357,0.005345441501957316,0.005146246134195875,0.0065784019989813015,0.005392245782043429,0.010725987433540992,0.020649039910429868,0.017523364485971072,0.006681219818746576,0.22033898286411951,0.05555555552126191,0.022346368702599814,0.10921501702757161,0.10893854745560379,0.10117760153687604,0.01649486532483699,0.006545739311335909,0.0009125770402843104,0.007328356980730368,0.00591160074089188,0.004134925383761024,0.0057461303611662535,-0.04999999998750004,0.006236254453347208,0.008897476143966162,0.1913404719887587,0.002987830035876273,0.19504089078578785,0.21425694723261152,0.03856749310232304,0.21243523305055165,0.1245901638935771,0.0696721311189868,0.07377049177304494,0.10283687939615715,1.0666666595555556,0.07142857139455777,0.12087912081270376,0.09577464786034526,0.005748041832582145,0.0063859551567134664,-0.0654761904752162,0.005676838904992831,0.006170520502657704,0.025185329454195358,-0.003774364625662354,-0.004964371790840756
2022-03-31,1.4999999812500002,0.007497054019813796,0.010606779482275872,0.004710769212904886,0.002615449187779552,0.0119943293116929,-0.00019103488498604322,0.010506049480497166,0.0275407108217628,-0.03673938002294102,0.004358873264116936,0.5833333329282406,0.4152046781197633,0.2677595626952132,0.05538461536757401,0.08060453398473433,0.18398079441091247,0.01351853311792857,0.008097157713450893,0.002535986087514702,0.007928248483595008,0.008370339042711923,0.003948913159451061,0.003274211935629237,-0.052631578933517935,0.00812404635234711,0.009311965989647644,0.20359772268731544,0.005924920284269879,0.2069131281512831,-0.31807628522991455,-0.09018567636865098,-0.17521367513879754,0.13411078713291227,0.15325670492212384,0.08396946561680545,0.07395498389904984,0.45161290176899066,0.07111111107950624,0.058823529382929694,0.2005141387659346,0.019670767426197604,0.007988103089861726,-0.05414012738767291,-0.023540480984210282,0.003934435410851917,0.029106308873469912,-0.0050607707304925675,-0.00563417363259324
2022-04-30,0.64999999675,0.007288394997571277,0.004211397551045552,0.005427784482294936,0.005099622544880796,0.006213815712990028,-0.006941572867704418,0.009740485915968084,0.02295025079075884,0.0893921334921994,0.0039419449109106995,0.18421052623499556,0.2066115701625572,0.24568965506651322,0.0962099125083935,0.08624708622698206,-0.06193548387039689,0.005882524464221085,0.007016125130234259,0.003142564589676092,0.0064818088276829755,0.00299704664205832,0.0032600992203822565,0.0017969214507498066,0.02777777777006175,0.0022323254753701407,-0.0006070758057730441,0.1865968981387848,0.007450380162904997,0.18912791570115206,0.6245136186466677,0.15743440228646227,0.06217616577089312,0.17994858607199257,0.1993355481065331,0.0140845070372942,-0.011976047900605984,0.6888888873580247,0.16597510366557044,-0.11574074068715716,0.09207708777471577,0.010631289340378741,0.0018136048760930632,0.0976430976414539,-0.0415850888316472,0.003291415820180655,0.020368134023474215,-0.0033493155444370803,-0.004130426148774202
2022-05-31,1.3333333292929292,0.006598148562324923,0.008986577274144227,0.006104879883742895,0.005359447877027544,0.004292192599866842,-0.014353093848819885,0.010194680836853837,0.01352852658653933,-0.15754923413558122,0.0045184239824040085,-0.06296296293964349,-0.03767123286381118,-0.013840830445037786,0.09840425529297762,0.0987124463307484,0.07634112792222102,-0.0028400374914659306,0.005232950887012094,0.003444217779935461,0.00475313132862318,0.005723544938925096,0.0036027126306548327,0.0018860210231993653,-0.027027027019722448,0.0006170895916848167,-0.0025385183601679814,0.1837530813994496,0.008707022436711537,0.1858578669271295,-0.21586826346659072,0.06297229217557361,0.06341463411540767,-0.002178649236998069,-0.019390581712080128,-0.08333333330439807,-0.10303030299908168,0.30263157854916894,0.09252669035853135,0.16230366483649036,0.0,-0.004828241922109759,-0.00011707321882181758,-0.1042944785260078,-0.051428288309427715,0.0035123000004631676,0.02993102408491969,-0.010444264718184621,-0.010315719508140916
2022-06-30,0.5714285706864564,0.005594588964929456,0.01248288194285235,0.006184854954145275,0.006505245281962914,0.009502553955178732,-0.019030644971071875,0.009006047845236781,0.0037221179154407415,0.0012987012987004554,0.005346899717246453,0.15415019756752962,0.07117437719887024,0.04561403507171433,0.026634382560137032,0.029296874994277848,0.04828845276085548,-0.008745182049003796,0.0040784783471887595,0.004426158114088114,0.0032475859765342895,0.009086499315618732,0.005639825438114585,0.0027644673792849065,0.0,-0.0013936652814049058,-0.0037579475766467917,0.16866665470890838,0.009363378238929122,0.17030094038049476,0.09621993126780372,0.3909952605708543,0.05963302749558112,0.11135371176607993,0.07344632766286821,-0.11742424237976355,-0.12837837833500726,0.5555555549943884,0.05863192180500594,-0.040540540522279164,0.11764705880046147,0.006920286043015047,-0.002450198000125165,-0.1438356164358932,-0.04828705049183485,0.0038601659501963943,0.025617472580061494,-0.01565560487564077,-0.014197638651961157
2022-07-31,0.38842975174509936,0.005335893660669809,-6.440765298492539e-05,0.005951114628435612,0.0036840243288352053,0.0003646723646724268,-0.022493137261053616,0.0070542560249516545,-0.0040178188314216635,-0.0972762645913766,0.00928176557895378,-0.010273972599221175,-0.10299003318837528,-0.10402684560267557,-0.042452830178666925,-0.011385199238826265,-0.11511668408119889,-0.011500998474661928,0.0047047426404984135,0.006982423781733458,0.002802137205624292,0.00013734495042580185,0.002073545237389743,0.004529104418830543,-0.02777777777006175,0.0022183882111074956,-2.5155872071953126e-05,0.16639697042521343,0.010778632784317937,0.16777754167801667,-0.25705329152709677,-0.17717206129860782,0.021645021635651428,-0.06876227896487964,-0.08421052629362877,0.08583690983440465,0.05813953486118619,0.49350649318603457,-0.04615384613964494,0.08450704221384653,-0.07017543858417981,-0.007282256977214494,0.0008389189189084861,0.029999999999400003,-0.03653192765916616,0.007810236100953118,-0.02846376997752555,-0.003135110373063318,-0.00027250926531498357
2022-08-31,0.38690476167446153,0.005215819342388123,0.0007865019984583248,0.00724402699095913,0.005131246716696476,0.0077350709712692535,-0.022797492019739754,0.004104797508985687,-0.00962727089798173,0.09195402298843969,0.006505685148282309,0.19377162623052885,0.22222222213991755,0.17977528083154484,0.002463054186585621,-0.011516314777060133,-0.07823263137100737,-0.010554917993592315,0.006302247500342506,0.01015827985877621,0.002940281973764839,0.003252911742211053,0.005448163863957838,0.0015878409283968584,0.02857142856326533,0.0011625368144631552,0.0017961744502762542,0.15853181586643614,0.012016161195977865,0.1596594302641992,0.21284575713957607,0.04140786748625099,-0.07627118640835955,0.09282700419982541,0.14942528731338353,-0.0197628458419909,-0.054945054924928516,0.182608695572779,0.009677419351716898,-0.025974025962781828,0.047169811311854756,0.0033070815344994078,-0.0005147804961086156,0.1300970873761147,-0.013762518292825628,0.005193856826635361,-0.010019318774433069,-0.0048826021397278836,-0.0018944556506566184
2022-09-30,0.09871244630956547,0.005114047673508091,0.0038345714392046667,0.0067943987502818255,0.005782802652988654,0.006319168899288553,-0.02009538058620132,0.003115462126484049,-0.009556836165873418,-0.03289473684208362,0.005097854454402216,0.22318840573240903,0.23030303023324145,0.2158730158044848,0.12776412773273596,0.10485436891167876,-0.10045905839542582,-0.007535635664395165,0.007128412882364799,0.011525693916176848,0.003103942935785205,0.0036273419453876723,0.004585004949681488,0.0016636112760224579,-0.02777777777006175,0.003511669540521769,0.001571973668165834,0.1461521279202908,0.012881297635760843,0.14704868924185974,0.2222651720053241,0.0795228628072518,0.027522935767191337,0.1776061775718907,0.18999999995249994,-0.13306451607537723,-0.1705426355928129,0.1838235293441825,0.13738019164939935,-0.03555555553975312,0.20720720716987265,-0.003541533062486986,0.0016044227227558485,0.006872852233558861,-0.000517308813516498,0.004413307119862893,-0.006113984254983764,-0.011241792337107785,-0.007510275422281278
2022-10-31,0.2031249999206543,0.005503817484146418,0.005135975109737955,0.007382526075172877,0.0035771278378874836,0.006240170748146052,-0.016287373103353396,0.0049863035268573755,-0.0039028358786478454,-0.02040816326529224,0.00692067036752207,0.06872037913063499,0.05172413791829454,0.07049608353250744,0.11111111108690386,0.10017574690682313,0.03904581058581706,-0.0035593111728929815,0.007538519074014076,0.011822610703352722,0.00346509159557181,0.004500741599429779,0.0034662794114804726,0.002351240100041669,0.02857142856326533,-0.0008538373420464018,6.894796684892612e-05,0.14475794869968583,0.014674468661918405,0.14553148540841118,-0.18153067678110282,-0.14732965006494847,0.017857142849170733,0.03934426228863212,0.04411764704955511,0.17209302317577074,0.2476635512861384,0.20186335397457655,0.1348314606362833,0.05069124421627126,0.056716417901982605,0.011793293869524884,-0.0029410459024764085,0.022184300340918308,-0.0023773309170595958,0.005456230364125184,-0.01058985136129966,-0.013048047171461774,-0.008227508495795708
2022-11-30,0.22727272719893732,0.00554389701888009,0.0026354397827101374,0.00635130062269144,0.00314346703367228,-0.001261505657238714,-0.00979978081387788,0.008278318118114825,0.00565431059398416,-0.013888888888879245,0.002604874986923144,-0.028824833696491144,-0.10538641683714599,-0.10243902436525866,-0.039215686266820315,-0.03035143769483196,-0.0363221016557815,0.0010270501976083447,0.006653306871501024,0.009859063355388456,0.003516385767739265,0.0022233159654263942,0.002842695564508994,0.0016764459346185977,0.0,-0.0032713288903265876,-0.007967328437847612,0.13387141896227778,0.015481015872214407,0.13449480272721917,-0.204791344659784,-0.017278617706851285,-0.05701754383464139,-0.0993690851578282,-0.09456740440753167,-0.07142857140022682,-0.0973782771170867,0.11627906973739563,-0.009900990096559169,-0.043859649103570174,-0.07062146891657889,-0.012637642047600085,-0.005496251937039114,-0.053422370616804236,-0.014870893679369624,0.0011464693240776026,-0.007183252157023528,-0.01101712460441705,-0.005701602275091164
2022-12-31,0.08465608463368883,0.005389213966090456,0.0005491414641967739,0.007542739907107613,0.0037663341014621183,0.0028559452284474328,-0.005840851408814587,0.010674274082829506,0.00882546350159501,-0.05633802816897441,0.00425713957783355,0.006849315066929437,0.04450261778939732,0.054347826072188014,-0.09591836732736372,-0.07907742997049802,-0.0939907550065902,0.0016941618692704044,0.005495980229272314,0.0078811026301534,0.0033864817255074087,0.0020659757501687815,0.003874004655644102,0.0008822289254321892,-0.02777777777006175,-0.012406673533279372,-0.01916598643901359,0.13295367809030753,0.0169306861489663,0.13349791949420586,0.05296404275738773,0.05714285713029823,-0.07441860461654945,0.015761821363264105,0.0377777777693827,-0.017094017086711974,-0.033195020733114124,0.00925925925711592,-0.08499999997874996,-0.09633027518516968,-0.024316109418796965,-0.011150602829465448,-0.014700779871152777,0.054673721339423643,-0.02331730065187929,0.002002901062974467,-0.019988067959355076,-0.010930514227610167,-0.005036693919691159
2023-01-31,0.056097560961927535,0.004332958021054073,0.0051671284954915315,0.00724126760293022,0.004266429569063194,0.015938830557969644,-0.004488230051324719,0.010556182569365564,0.0023595261431987044,0.01567164179103308,0.026426797718368915,-0.045351473912618755,-0.09022556388716159,-0.09278350513072586,-0.006772009027816558,-0.016100178887996364,0.021978021977734546,-0.0028470422749640664,0.0034059797431956755,0.005075376393680399,0.0026328514966817394,0.005602122553776951,0.005074100694757585,0.0031239670492769953,-0.02857142856326533,0.009044787904054163,0.017219034466188943,0.1276023488058668,0.017400143999812965,0.12806145758871634,-0.10475311490056528,-0.10602910600706252,-0.04522613063053967,-0.0844827586061237,-0.07708779441604123,-0.026086956510396806,-0.02575107295032145,0.07568807337713578,0.0,0.0,-0.0451713395568269,0.037382101215472585,0.006633968036711026,0.08528428093502884,-0.021708685156365058,0.009546304056506522,0.009034614594163366,-0.015768149245605843,-0.009170838416556781
2023-02-28,0.055427251719300914,0.002701437260693825,0.003838777983446914,0.0071973167494851515,0.0046744563260271285,0.003669855619432011,-0.004685570617146542,0.007860638625486409,-0.008743626931100954,0.03159441587066011,0.006422682342937582,0.14251781469298855,0.15151515147341177,0.11363636360408055,0.03636363635537173,0.01636363636066113,-0.016513056835426178,-0.0093232021255608,0.0011318774003519973,0.0021943052856658535,0.0014833526138206916,0.003150969238111175,0.003592681826277695,0.0018543285973651616,0.05882352939446372,0.0005129073574416765,-0.0014855623100115834,0.11034240216445494,0.015693511425061004,0.11069277691334625,0.06701030927489642,-0.01860465115846405,0.0,0.09981167606406564,0.10904872387261066,0.08482142853356182,0.1365638765918221,0.021321961615922744,0.038251366109767294,-0.0659898476822386,0.06035889069162173,-0.008652915677982938,-0.001824355331733928,0.030816640985657673,-0.011474054422406591,0.005464966060385288,-0.005987080510454356,-0.01356312305116302,-0.007217764191397102
2023-03-31,0.017505470455688094,0.0027371172129168914,0.0007794128865116273,0.005254090838332786,0.0032486748826029872,-0.0007597081409013032,-0.0038374866661112232,0.0065164473613036926,-0.015148247594859884,-0.04415954415951271,0.0056575308021118605,-0.15592515589273906,-0.13875598082804871,-0.11224489793054976,0.008771929822637744,0.021466905183995206,-0.04620590914947014,-0.013311578698324425,0.001072870982331216,0.0018648508644498725,0.0012390587224842238,0.0012061715778968998,0.003359262998028906,0.0009415710047723402,-0.02777777777006175,0.00013618637299573852,-0.007282855609875203,0.11844838437006062,0.01676760178288007,0.11878521025527904,-0.09661835748325516,0.08530805685182281,0.11052631573130192,-0.053082191771732436,-0.09623430960329825,-0.045267489693305685,-0.06976744183342352,0.014613778702585909,-0.00789473684002765,0.11413043472058114,-0.027692307688047292,-0.012816869862303872,-0.002166848598178749,-0.07324364723358388,-0.006474814997709171,0.004834778615707739,-0.006212572824705545,-0.021114917471189543,-0.012487704742759977
2023-04-30,0.03870967741103011,0.003834827109107427,0.004268519009477191,0.004842240136658959,0.00467697107945701,0.0044413814227733635,0.0007855717391838766,0.004130866284552583,-0.01010266169838027,0.019374068554381986,0.005060632579072168,-0.004926108373170804,-0.02499999999305564,-0.011494252870260282,-0.0282608695590737,-0.03152364272652821,0.08419759825212614,-0.009219884961361295,0.0033677051090433086,0.0038257559046468623,0.0016007867784846052,0.0030368945034465206,0.003069014787045296,0.0017911678672216165,-0.02857142856326533,0.003985826874238489,0.005661281358328572,0.11030368144394782,0.014986752726932695,0.11058223043962366,-0.1561497326119706,-0.01091703056530192,-0.0142180094719345,-0.014466546109499732,-0.00925925925711592,-0.06034482756019606,-0.083333333298611,0.043209876534318944,-0.023872679038760523,0.009756097556216547,0.017405063288385182,0.00737547535920731,0.001717101271187162,0.027419354838267476,-0.005962542851951665,0.002117945856164012,-0.0005990772654044443,-0.02114087554084667,-0.011765045544438415
2023-05-31,0.0476190476091885,0.006174697114116264,0.0010988938461909236,0.005392711604144631,0.0036112860027481546,0.0023960182533025627,0.007484720556234066,0.0022732035266047634,0.002285184260518059,0.1571637426899436,0.004313711832108365,0.08910891086903253,0.06552706550839697,0.058139534866819956,0.04474272929647818,0.04339963832849904,-0.0990560100679792,-0.00046217869241651783,0.0076164318229976396,0.007856511067384053,0.0026339946077147862,0.0010592778560794714,0.002882621668524773,0.0019487535694991001,0.08823529409169557,-0.0023560389482460546,-0.0021153171832091313,0.1102001440578791,0.013759650227844214,0.11044885640473759,0.13688212926889226,0.03532008829242385,0.038461538443047366,0.05137614677956405,0.056074766342038444,0.0,-0.059090909064049735,0.047337278097171996,0.0489130434649692,0.06280193233681082,0.021772939343425758,0.002901025611719735,-0.00449275253033701,-0.07378335949648697,-0.010556825034741027,0.003091278210654032,-0.012603733632224081,-0.0038189648167703226,0.0033597242104643193
2023-06-30,0.003952569169179426,0.0070620796838128455,0.0021030771512793953,0.004143062484135454,0.0019470430299696486,0.004215604254717998,0.010590741862526988,0.0014208464437761503,0.010101931932155256,-0.1061276058116828,0.0011394374151613967,0.1068181817939049,0.10427807483842823,0.046703296690466106,-0.004282655245335529,-0.0034662045054650557,-0.018580609108429975,0.005353392697973709,0.009544702141837587,0.00966858226744471,0.002951566212973223,0.0016747208798394675,0.0017229207288229963,0.0015405650022145524,-0.027027027019722448,-0.005826323133650824,-0.007334639589136384,0.1028668334922795,0.011829217396538994,0.10307413595797292,-0.24247491637444404,-0.13646055434190618,-0.12962962956961602,0.017452006977757003,0.035398230080664145,0.018348623844794222,0.0531400965926861,0.020715630881221223,0.0025906735744584347,-0.09090909086776866,0.021308980209846375,0.0022088595715013502,-0.007805330044299629,0.08813559321884522,-0.012320734053360944,0.001958332969060129,0.0007490046122887103,-0.00802610114192362,-0.002926275331935336
2023-07-31,0.0078740157464815,0.006845086655335412,0.0020559007641304332,0.004783807679340836,0.0022709208584006805,0.005950642128382077,0.009958844960346491,0.0020872110643278662,0.010750646679176475,0.040989399293257255,0.0016725718018248648,0.0020533880899273917,0.012106537527334937,0.04199475064514577,0.002150537633946075,-0.0017391304344801142,0.08284697508778856,0.006262350649412231,0.009376975177795926,0.00952488696945707,0.0026275230874765678,0.0012643381771798327,0.0011997751470253205,0.0011792830728014948,-0.02777777777006175,0.006752236012705944,0.0015454860264779778,0.1029792666354223,0.011026863804424305,0.10316562144676489,0.002943340691468549,-0.06419753084834624,-0.0585106382667496,-0.010291595195490378,0.014957264954069021,0.06756756753713168,0.0412844036507869,0.0129151291489087,0.02325581394747908,-0.07999999995999996,0.014903129655006932,0.0028360919455657587,0.0049518555462188096,0.11370716510726307,-0.010822389334576842,0.0028357779193241756,-9.84794768766533e-05,-0.0076634653335075475,-0.0033583015754809877
2023-08-31,0.04101562499198913,0.005212548381268119,0.00511771734704265,0.0034961372266504734,0.0023013805046131555,0.003022252815212045,0.005976134168878115,0.0037774463356710915,0.005199210647225114,-0.11405295315674538,0.004159626918022575,-0.006147540982346866,0.011961722485176792,0.030226700244275304,0.06223175964329791,0.04878048779637959,0.06993558564388158,0.003080349377342003,0.006858665689204973,0.007071681983594502,0.0016237830692147816,0.003572229652799385,0.0009804578822027953,0.0013443355461523112,0.08571428568979586,0.000222174359330497,-0.0004097862068471009,0.0996472658777475,0.010036256450566801,0.09980897679242132,-0.004402054291680003,0.015831134560466732,0.03389830506559421,0.025996533790988534,0.025263157889418304,-0.054852320651960995,-0.0528634361000602,0.012750455371083595,0.0808080807876748,0.0054347826057419705,0.0543318648965739,0.006806714001287294,-0.001376193249419172,-0.02937062937021851,-0.0051609545842076585,0.004702780774718696,0.015147635274823611,-0.0110536608001042,-0.006446225295573135
2023-09-30,0.0,0.003841925182380546,0.0035958417568231287,0.005702206505980923,0.00319063735240657,0.007500696991142528,0.004316648093798632,0.004857601397400352,0.0011964327975494972,0.04444444444441039,0.003251928526448131,0.03711340205420355,0.08747044915189804,0.12224938872316642,0.03636363635629011,0.023255813949625375,0.098783634351901,0.001297337094699075,0.004815320093353562,0.004806316016662569,0.0010777649601408095,0.003840964214433066,0.0032901070749584388,0.0015726788602553267,0.0,0.002066053575756052,0.0003638343528761082,0.09330958579143436,0.008631255217825207,0.0934456676420403,0.2910832719019098,0.046753246741103094,-0.027322404356654447,0.069256756745058,0.08829568786687968,0.04910714283521996,0.032558139519740535,0.0,0.044392523354113776,-0.037837837817384985,0.01810584957965098,0.007491089528705617,0.0006453060639671148,-0.023054755042895586,0.001693937710540284,0.003537638831756357,0.004866501086600251,-0.010121491411812235,-0.006207882979193011
2023-10-31,0.0,0.003457270708906503,0.0007907890968707017,0.0033863559695788996,0.0024014627676619523,0.001878508900300529,0.006607956192403487,0.0054765374111336714,0.0004939241421258742,0.0014673514306665684,0.0005541252911609032,0.007952286280725198,0.047826086946124904,0.06318082787294536,0.09356725144374915,0.07629870128631511,-0.04237951470376413,0.002278182786347002,0.00430117997191358,0.0037051338927662006,0.0013405728967818902,0.00034634319311647234,0.001443567363683502,0.001053189248533507,0.0,-0.007066241659588392,-0.00847528170888117,0.09366386039774763,0.007576310403956759,0.0937871932723124,0.03538812785186147,0.09677419352437357,0.03932584267453607,0.052132701413565144,0.0490566037643289,0.029787234029877704,0.08108108104455794,0.007194244603022625,0.10738255031154763,0.028089887624668627,0.06703146373912021,-0.002812724496019275,-0.0083252880464989,-0.05899705014662246,0.009286812133811237,0.0005695497967742838,-0.014451559084498624,-0.005281779553417996,-0.0017360080716954998
2023-11-30,0.0,0.003425096477379604,0.001603090420147536,0.004455938449590889,0.0030797392337484296,0.004047421760468942,0.010838693508939063,0.0051438075220496884,0.0021924658325065843,0.10622710622702841,0.002254482008253254,-0.06706114397099383,-0.10580912860875342,-0.10450819669989582,-0.05882352940127924,-0.05128205127431641,-0.09283045305823415,0.005069509316367684,0.004420595674443803,0.0030784906751681828,0.0020441255000057607,-0.00010716434889318892,0.0008915552222564493,0.0011604774535808945,-0.02631578946675891,0.0030094142901552876,0.003588030083609769,0.08786759087689489,0.005905288591548397,0.0879718988889358,-0.2877618522443351,-0.1312217194273254,-0.09729729724470425,-0.11111111109442778,-0.11510791364836183,-0.07851239666177172,-0.10416666662326389,-0.014285714283163279,-0.05858585857402306,-0.021857923485323557,-0.07435897434944116,-0.0009248330025255673,0.0018665893286043417,-0.03918495297744225,0.016272036328696057,0.002246716172043964,-0.009153891971499337,-0.004986470157762094,-0.0009809896104279899
2023-12-31,0.0,0.003744957052473631,0.0023309871957954147,0.004070566789725719,0.0027533304092449804,0.005856213299476002,0.013649892848198248,0.00514882518915133,0.0039013139469897757,0.03841059602646463,0.003017144421950225,-0.10570824522078048,-0.10904872387261046,-0.11212814642743067,-0.10227272725335744,-0.10333863273396847,-0.07452696614654994,0.007704265438166809,0.004837737404855637,0.003086067143329842,0.0026824007166969164,0.0012531328320697604,0.0015234511579767527,0.0018469690600838025,0.0,-0.002487199524113003,-0.0019407504835537981,0.08834011169211854,0.004877854370742066,0.08843504512635186,-0.03637770897551261,-0.11718749996948236,-0.03592814369106089,-0.09459459457861571,-0.0813008129916056,-0.03139013451507162,-0.013953488365602939,-0.01449275362056276,-0.1115879828086722,-0.09497206698604908,-0.08448753461433683,0.004446937883125554,-0.003517085537311617,0.13703099510380057,0.02230682828390165,0.003016156444291269,-0.011824912202946167,-0.0021379947319806144,1.4878074181994468e-05
2024-01-31,0.0,0.00395500320476597,0.0030543301526741724,0.0063413670992378355,0.0039238974614269105,0.0007520892829906078,0.01286304310447711,0.005130275963935344,0.004726195335618369,-0.12244897959175864,0.0057431197133312305,0.009456264773177986,0.018229166661919562,0.028350515456610773,0.02742616033176661,0.0070921985803028085,0.03129346314281928,0.009049405187345691,0.0048711867264197,0.003339925763395396,0.002862585063534129,0.00426519992091871,0.005053821536884885,0.0016274220617403141,0.0,-0.011184740657918893,-0.014021722451209338,0.08585458055814116,0.0039742252618299384,0.08593793593452206,0.15261044175481045,0.05899705013008928,0.0,0.0,0.011061946900207693,0.046296296274862654,0.05660377355820581,0.0018382352937796969,0.02898550723937551,0.0,0.012102874430846776,-0.011185583099239381,-0.012117776236257368,0.13342898134672262,0.02535075435842538,0.010655639252560562,0.005763089015689348,-0.005107900104556842,-0.003079715535453438
2024-02-29,0.0,0.0038903972461108807,0.0044206209535352075,0.004265489792371329,0.003584172396454708,0.005675846121504852,0.008529932232381883,0.004914251930140997,0.004425595350902159,0.12354651162781718,0.0022928553077417547,0.08665105384387567,0.08951406647326997,0.0651629072518388,0.032854209438839,0.01584507041974556,0.04180714767307062,0.00866460343920305,0.004375206124623171,0.0036638248691835892,0.002486745385004203,0.003287801518429092,0.0025720972930738215,0.0014978420919014885,0.05405405403944477,0.012255254574536962,0.012948627910852464,0.07797864997903262,0.003196941914929572,0.07804715313147655,-0.06620209058772106,-0.08356545958675052,-0.03726708072219439,0.05783582088473205,0.06564551420883026,0.030973451313728688,0.07142857139668353,-0.0018348623849843897,0.028169014077894624,-0.0370370370141747,0.03736920776720938,0.00797280706272084,0.011350549585639476,-0.0265822784806761,0.02432694950756435,0.0028140916808147903,0.014404749588094082,-0.0068914425512108446,-0.004745772829703678
2024-03-31,0.0,0.004364338861725509,0.0037806940273915914,0.004176329397187292,0.0035903854990141206,0.006673285953176946,0.0025100020600372533,0.005516671819547679,0.003957863312454835,-0.15976714100895228,0.004986313030188581,-0.010775862066643096,-0.011737089199122707,-0.011764705879584733,-0.003976143140362687,-0.0034662045054650557,0.052168284788968705,0.008430380841452933,0.004262394162867913,0.004820221810907102,0.0020799358721123305,0.0033914372338669785,0.0033409225895586698,0.001964561839336853,-0.02564102563445104,-0.002205853006061567,0.0006842788862433216,0.08141286434165719,0.003173325137272494,0.08147796479517674,-0.029104477609768364,-0.04255319147642764,-0.0322580644953174,-0.019400352730264546,-0.014373716629492108,-0.004291845491720337,-0.00833333332986112,0.00551470588133909,-0.00456621004461949,-0.012820512812294554,-0.021613832849911602,0.005505010548523198,-0.0030651704160067077,0.03250975292545501,0.024634468953049004,0.005091783309277974,0.0006629374798935699,-0.00043370400569012126,0.0006447839973608147
2024-04-30,0.0,0.004425653725748621,0.00312910354545318,0.0037799541149859035,0.0029176060473925236,0.0020245331893664234,-0.006879050089014941,0.0057286962365257505,0.002323179111538296,0.06004618937639719,0.0018479573814826954,0.09803921566491525,0.1211401424890403,0.11666666663888893,0.05389221555810544,0.04347826086200378,0.050073818897021644,0.0063493285822445525,0.003503894691216449,0.005863188690365526,0.0010821940656304274,0.0026632568291552095,0.0026145080531565935,0.000683086030890664,0.026315789466759026,-4.4878004996595185e-05,-0.0062459035851532,0.07666868244795749,0.003129480857140731,0.07672420914159028,0.20292083011507148,0.00952380952078617,-0.03999999997333337,0.07374100718098187,0.08749999998177083,0.03879310343155483,0.02100840335251759,-0.005484460693695594,0.06880733943375973,-0.05194805191431949,0.055964653894556,-0.002625971215945968,-0.0008865316568777649,-0.027707808563882805,0.020641910222531243,0.002219265073736809,0.007405084380299796,-0.003731472803637104,-0.001888149613378524
2024-05-31,0.0,0.004783212465567934,5.746997991734423e-05,0.004024990686378016,0.001630869398210267,0.004336180948778999,-0.01991257889226399,0.00645986942884488,6.1479603388443e-05,-0.04502541757440449,0.0036602763940992247,-0.015873015869866478,-0.016949152538781976,-0.012793176969553798,-0.005681818180742127,-0.008333333331944415,-0.06244874047964323,0.003675015192750056,0.0027578589716315623,0.007615589531869877,-0.00022454023615485873,0.0003005466700217335,0.0012710439781112293,0.0013652394857597851,0.02564102563445104,0.007589601494625604,0.007261495636906155,0.07733666795938034,0.003606690329905312,0.07738754297978245,-0.016613418529289863,0.009433962261184226,-0.00694444443962192,-0.008375209378831594,-0.009578544059467679,-0.01244813277491789,-0.016460905343020218,0.0036764705875593938,-0.008583690985282477,0.006849315063801845,0.32371507360668406,0.0025507101558365527,0.006724329495916827,-0.10492227979138712,0.016272699357273494,0.004147180799435134,-0.00667745851879223,0.002369214152569915,0.004263880130918441
