Date,FEDFUNDS,GDP,CPIAUCSL,CUSR0000SAH1,CPILFESL,PCE,PRFI,PNFI,EXPGS,HOUST,DSPI,DGS2,DGS5,DGS10,AAA,BAA,WTISPLC,IMPGS,GCE,FGCE,GDPCTPI,PCEPI,PCEPILFE,PAYEMS,UNRATE,INDPRO,CUMFNS,M1,M1V,M2,VIXCLS,BAMLH0A0HYM2,BAA10Y,BAMLC0A4CBBBEY,BAMLC0A1CAAAEY,T10YIE,T5YIE,DGS3MO,DGS30,BAA10YM,MORTGAGE30US,RSXFS,TCU,UMCSENT,NETEXP,PI,PPIACO,M1REAL,M2REAL
2003-03-31,-1.4920634920697908,1.321142049996105,-0.7016339869280843,-1.999527410207942,-1.0,7.608105685205267,-2.8733129468545524,-0.11428206471333935,-1.8830823579150535,-1.4925814478645605,4.771442496268635,-0.8816649466889701,-1.3061845217854664,-1.446138116916647,-0.717188693660974,-0.6051089186307135,-1.7271308698189567,-0.7782069832664249,-0.10646944006452519,-0.3468839756014983,0.7677439846078171,-0.39025918848066654,0.16505845713996026,0.5417635501615468,-1.0,-3.1970853285309953,-1.9997447977906107,-0.8737940312817344,-0.12172250721761901,-0.37158508683161895,-0.6721118908097041,-8.254574383461941,-4.347040498458877,-1.064164779466636,-1.1389825068182597,-2.0047581285066673,-1.3274725275051809,-inf,-1.0853253652054522,-0.8508137432208089,-2.111634479506545,-2.163566929506847,-2.469509335147817,-0.05121401752225796,-0.3636617716137752,5.159889762818048,0.5390546006068726,-1.2166499045850794,1.650256397640959
2003-05-31,-1.0,0.21451420926794174,-0.5697910168434625,8.995274102079986,inf,-0.3151130309493152,0.3920113032396071,-0.0964811715295576,0.9114423071681481,-2.3669382337627654,0.7531011754437995,-inf,-8.664160401070191,-9.532990574156036,2.5572590011456726,3.768613138676087,-0.9753514777092713,1.3909229380316899,-0.06441664138825254,-0.5355862798049438,0.19369057599533868,-0.3246105650736003,0.2974122019831362,-1.357296495294283,-0.01666666666388883,-0.9450467853557729,-1.078732415418683,0.8989555890429242,-0.4978688507777236,0.7689730875234368,-0.6988196480715889,-1.3277853260785173,-1.3540372670689313,0.4173034514414036,3.845477386910704,0.932287365769938,0.08103448266825208,-inf,-4.627875243678791,-0.6523183391099241,3.082901554389827,-1.265465033941838,-1.0097242417140746,-0.34473975636683973,-0.6544156155719927,1.5601727160018402,-0.9765417331206804,0.3404346642658622,0.16295184642589655
2003-06-30,-inf,0.02549449799242609,-1.6677601603790717,-1.0,-0.7505184033177963,2.1138089728258955,0.0745675696723398,-0.07116051528589395,0.4670427052803501,0.007826215707464224,-0.40256051709410323,-0.9369256474576164,-1.3604743082701498,-1.3773681807656746,-0.471338048933431,-0.5659641165924096,-24.546229889510318,0.5113625071499901,-0.028014102151064257,-0.3671406056109373,0.03768471074304247,-1.9449040397478794,-0.611178738925136,-1.199969277089926,0.9672131147594822,-4.846982172837016,7.2705081199214945,-0.24921336261024207,-1.1755814211126299,-0.45503094005821854,-1.0313036855992876,-2.7885125184237434,-1.4304093567300695,-1.0,-1.2036549707548323,-1.3326923076766815,-2.150793650673973,1.6376146787728403,-0.5922098569219193,-1.6427935942997147,-0.8409839924695275,17.37653087755496,28.556455540247697,-1.3673839910292775,-0.4612651794083904,-0.299171994772504,-14.009509875637177,-0.4909612578368159,-0.5742547463695891
2003-07-31,4.422131147399886,0.006057165505972684,1.9967231021301437,inf,2.9979274611401916,0.15684527011596794,0.00764453577491131,0.10028162231103233,0.4201238018377844,-0.7574478695306787,3.0330876043015875,-49.36363636336084,4.376016260314621,4.319873712272554,-3.1846277665785476,-3.3326247767934754,-0.9857982073642977,0.39878895181121066,0.14986189491489954,0.8671265203015386,0.04302603175264097,1.711347115533827,3.4747701230403027,1.0000614477080005,-1.4841269841295015,2.9020282175888275,-0.27444209482672255,-0.5790789472150188,7.442911785795642,0.30651114460327666,-1.5984631147541912,-0.2279895200082871,4.831850533778696,inf,9.229661346881787,9.731707317236818,0.3720508168396026,-0.8453900709446214,-4.753246753222866,-5.32307692310383,-11.133587786234136,-0.03664074984512322,2.2180269652957914,-1.5133779264212586,2.122580135382912,-0.11630855433865672,-1.228595317725775,-0.78151922163755,-0.11357986991172986
2003-08-31,-1.1150400754165093,-0.09786516795551847,0.32897840682277324,-0.3352095059411887,-0.501034126163422,0.644534530798097,-0.126396986179665,0.08063802465459902,0.2602033489623199,-3.0995958531014063,-0.31509601455618685,-0.7708333332870372,-0.9367121173071213,-1.0331965771910592,-0.321038251353182,-0.1519356425120031,19.723016905070956,0.25478924312734175,0.17591490074109384,0.9732000983609843,-0.03065839299852202,0.1501290042727479,-0.5493511459833884,2.875238124500707,0.01612903225547213,-1.412167106678446,-2.26238700860641,1.218194592234862,0.8256525400403543,0.3537333221755439,27.71079185906966,-0.5064412238390603,-0.43174924167626794,-1.0468076772437716,-1.0685554171886538,-0.8566433566248655,-0.33714285706449,-3.554347826027891,-0.4349271872370084,-0.6060606060720837,-0.5211159211051515,0.5436791270058552,-1.3571079841345444,-2.315731573157513,0.6145353306043699,0.2953026640228804,-2.0021786492374574,0.38204725792123884,0.17161143049056204
2003-09-30,-1.9805825242906963,-0.15048620208066754,-0.25325203252032524,-0.0018726591760213074,-0.5005165289256173,-0.9833793717718093,-0.1891314691230246,-0.22165475635216825,0.04047949531698558,-2.7140786961265366,-1.8060754300832556,-3.769230769349114,-8.448699422016263,11.360112359525813,-1.3830455259072971,-1.532718826589209,-4.871440176664376,0.1389948437067392,0.09001529142461062,0.25896098601218487,-0.032114551007786485,-0.07536838603109963,0.234562721614467,-4.194309030339726,-1.0,-4.0467721134134536,-2.9713882054166003,-1.2105194231178527,0.06908543213570706,-1.3564564862157988,-5.97535233243526,-1.2472527472510693,-1.9613821138029595,13.605839416039391,7.786482334841752,-2.8055555555877083,-1.4763400335336647,-1.1896907216601131,-1.5000573394552639,-0.48437500000610345,-1.840939373759345,-1.3272329788980843,-4.429478393383656,0.01791713325846911,-2.069135505970274,-0.0787338314238778,0.6630434782608328,-2.052851699002275,-2.489277244256761
2003-10-31,-1.0,-0.11059007510437135,-1.3322528363046904,0.7467289719625789,1.9984512132166063,7.560755599274488,-0.16358811134796136,-0.6481626513828971,-0.036557323677559705,-0.7502894898167625,-1.4724410920405595,-2.0111111109555555,-1.8358930111648577,-1.8485363842270752,-0.8715034965041106,-0.7184362029735885,-1.6902921044995232,0.16621933349920281,0.1117503685040726,0.04151801883442752,0.08441574841936794,-0.9591440698594894,0.32542728904438545,0.887453210358041,-inf,-0.7923755612624693,-0.8275296868848131,-0.5175154320987913,-0.2537644570465075,-0.40406163617215585,-2.3272086676666692,-16.45843920147764,-2.827378846865896,-1.5206192821843907,-1.6117599677617216,-3.7940298506497308,-2.6459884201241595,1.0208333333116317,-1.1214349376106882,1.0317460317334342,-0.8756639779668867,0.09136886178251524,-0.7734992653967544,-2.2091647662483265,4.894515165340951,-0.13667823866091078,0.5942238267148658,-1.580517003124231,-0.9455192207569635
2003-11-30,-inf,-0.17200697862772452,-1.5005408328826362,-0.4304344933129023,-1.0,3.022180785200943,-0.2230860057258024,-2.4802201812670095,-0.1980456781387605,3.0838840874428364,0.8673263227809314,-0.5135135134521551,-0.771734381815838,-0.9752824417946111,1.5087719298230664,0.17706785537241432,-0.6525086790395329,0.06306596889019511,0.00517702858355662,-0.19085637731886285,0.052521316178258504,8.89873616483007,-0.261636576690608,-0.770383131943618,1.0333333333277865,4.046865457744553,5.014480135218957,-7.699027395714151,-0.7457128680473857,-1.1507057388371391,-1.0468972246712345,-0.6266330568767889,-0.8444309927414648,-1.0702056021212427,-0.733797909402906,-1.1932692307848554,-1.1805825242812709,-1.510638297861023,-3.4905660377376737,0.032786885232464424,0.258417508416108,-3.1341104463797134,3.6167533026760523,1.1121358082712014,1.0892949643718572,0.7818706817933201,-1.497128499641083,-0.7277001385848232,-1.8575087777379022
2003-12-31,1.01999999998,-0.028902738752293877,3.997297297297596,-0.0018596001859515487,inf,-0.4998857606765942,0.025444951831826934,0.44976730618859495,-0.10026449036918994,-1.2116559339149495,-0.5905686886834531,-1.940822931166036,-2.1433566433680227,-7.98387096774583,-0.3946902654876583,-0.1338481338494828,0.36064227793781245,0.12856452529771611,0.04602836983040337,-0.16973475837280294,0.13371782423279233,0.7452690151205865,-0.08458068743056624,1.6037928068488818,-0.4827586206926301,-0.9253782115633662,-1.04747857423881,-0.9657474086341874,-1.8081587917762785,0.09963734071830399,7.923518270952252,0.2669642856993413,-1.3376251788250486,10.544660194166353,-2.7165071770414997,-0.5382395382470333,-1.2549504950470487,-4.957894736886415,-0.19238095238240005,-0.6122881355986096,-0.19320882852408372,-1.1916493344744439,-0.9062646975222218,-1.2565530884765825,0.4726917552856613,-0.6338488952805157,-2.504319654427579,5.663818475266693,-9.163679408239341
2004-01-31,-2.0204081632444817,0.07434793491829739,0.5956873315364342,-0.0018561484918706572,0.9979402677653433,1.0324366286806335,0.27534853071796417,-0.9295415989069367,-0.010615080558070256,4.686361766575636,0.1125047602817919,-1.0,-0.36000000000757293,0.5971896955443037,1.6809015421089541,1.6909090909053832,0.9340590979802847,0.09043426914568586,-0.01114534779804277,-0.18624833810601482,0.10013609943460544,0.7533579950679408,1.0580389572801838,0.53439722673761,-1.0,2.2874128011366537,-0.03396383822162985,2.332566285700181,0.20911682501328976,0.09051360602807335,-1.752467965172191,-0.5355661882052088,-15.93589743592514,-0.49938140686209054,-0.5565770862837313,-2.017621145366687,11.93596059116486,-0.7390109890230642,1.0153550863694134,0.3505007153002242,3.279059829054856,-2.9011878545675827,1.7905998001375476,-11.30276850579088,0.1760604586818979,-0.2579149199028705,2.1530465949822157,-2.59545583641014,-0.007238446314021818
2004-02-29,-0.50999999999,0.08160539295766944,-0.5021470746108666,-1.2495368226030414,-0.25154162384375645,-0.4168572217553944,0.2468003963272445,-23.427185833588105,-0.0032206508797435474,-0.5207809151057861,0.1794688501750208,-inf,1.0504731861039516,0.5863199300601141,-0.4927797833948051,0.0888975155238616,-0.7920165059925205,-0.010766525017396944,-0.088957195953135,-0.18872296615985562,0.010926649261454147,-0.44949745576350353,-0.3692662176141046,-0.6748468505254727,-inf,2.7223126590137308,-20.5808664378418,14.787889936383808,-1.1567323721767548,14.41057201842904,0.3631704034515164,-3.3023741690231576,-1.1424657534204876,0.3018333018272441,1.5376884422015817,0.7196969697100826,0.590455840502988,-5.044444444395051,-0.36525341130794564,1.543668122251673,-0.39415907208263756,0.5446443503896576,2.5118519961348165,-1.748726947427241,-0.02460989048866613,0.8029990142063319,-0.636529442417898,-3.1347004279599986,-2.42691211333091
2004-03-31,-1.9900990099107931,0.1632317011854334,-0.0021424745580321813,-13.005560704356428,0.9969214982041281,0.7464904335209852,0.161182045116403,0.840538949770059,-0.020410206480517834,-3.4208017334777447,0.42423847977135787,-0.6305220883751889,0.38226744183728534,-0.2027126640211372,3.2809090909034655,-0.03330518810802863,3.2397261112965223,-0.0034432379974534966,0.05829236163288365,0.10825515319126677,0.07284615273668105,-0.2753523238651131,0.037080491927591774,4.658291145875421,-3.0357142857078996,-1.6294116531089886,-0.9893384803721974,-0.5747698177234339,6.747865512071928,0.004687593338372764,-2.203400079291796,-0.7747497219095197,2.963800904993755,-0.4114408075900843,0.17771975629824577,-1.0,-1.3712757830563775,-0.7606382978610224,2.6354330708591736,-1.9410958903921913,0.8322580645103517,1.5948862287276468,-1.5826325508157542,-1.1637666786871843,0.0015095508058309282,0.4948389210887154,0.4215341308938094,-0.6504496118876847,-0.11966733357498394
2004-04-30,-1.0,-0.02305557500802391,-0.25160342063065244,-0.33701996927800104,-0.3353793691389336,-0.8572015742565691,-0.1514921794536902,0.0773422035158704,-0.3292762219535561,-0.969607765660396,-0.06046305400315177,-13.277083333056023,-5.248809523703657,-6.327421283334855,-3.427988080771708,-3.244783142380158,-1.0327492216033876,-0.25195063623430614,-0.018381636305877858,0.19903523018390024,-0.11344971118829839,0.20306194874549033,0.54963665919908,-0.15032386831195543,-1.9655172413852555,-1.9934014787841012,41.165611489452495,-0.8390640442118016,0.41057875344971206,0.004544144905828107,-0.8214022683737059,-8.029478458075568,-3.895196506595984,-8.885076252693876,-5.185792349676014,inf,-1.577389616681391,-0.010526315778393469,-3.1886621315034502,-2.8143274854128215,-4.501851851830935,-1.6058269503739153,-2.098675583953524,-2.1261556814794496,-0.20222423315904037,-0.013030336254110653,0.6881201956674654,-0.5847413874026235,0.35560569359310135
2004-07-31,6.44336569600967,0.05177271506616288,-0.7153444755350702,-0.0018273184102246542,-0.5010172939979247,-5.205488192138718,-0.07333012534208205,-0.031811727941656764,1.7765372738950642,-2.2324408975843646,-0.09375353454380952,-1.117592592595336,-inf,2.025974025968404,5.364947310033495,-6.309734513277777,-2.2516421259402497,0.4734021281291736,-0.02176417622382898,-0.2297500951654906,0.07859370213387784,-0.6749357687718855,-0.2531504046822778,-0.36504619442189157,-inf,-1.9596987467431293,-2.3663988488803627,-1.6099096953458276,-0.32805321822543476,0.8754866066704576,-1.913167893036162,-0.5360433604383645,-0.8381180223262557,-7.47619047619497,-4.642753623193664,-0.7738095238142496,-0.8251028806618226,-0.7742635658494079,4.697688564471373,2.4658536585532533,1.4557714285670658,-1.7943073467417878,-1.9913871075797478,-0.8078025724468018,0.25366138378019,0.15699315372500866,-0.5013586956520938,-1.7474676420934077,-1.3434870930578304
2004-08-31,-0.39579020003094656,0.05401892260546104,-0.5005288207297698,-0.25136798905613456,-0.5005081300813692,-0.5666339353143242,0.15093371897094565,-0.005391620960268351,1.405120826537774,-0.88455222937981,0.13167937373519334,12.600746268619115,2.9024258759831687,2.1655555555372823,-0.07605353590662656,0.024169184286379375,0.4873120322404736,0.6145625615534915,-0.08174200716941993,-0.5468081896071867,0.14504916211443786,-0.44645905526328233,-0.6740694281121984,0.4091838092218554,0.0181818181785125,-0.8842287767229626,-0.4940609058104408,-4.1848167029256444,-0.5220878637275417,1.4910763903716244,-1.0286540203550072,-1.5099502487537437,7.957142857163042,1.6791744840405656,2.259769184028013,3.722891566242515,6.058091286282949,0.8970588236051007,-0.028691702675451958,-0.17115902963624852,0.5721749225935853,-0.821253634353194,-0.8824620924336934,-1.7189997179656693,0.32737184493782867,0.008947781737315585,1.9959294436903812,-4.787368750979526,2.180569567028159
2004-09-30,-0.06705059637433597,0.03308422183982529,4.996828752643291,1.663023679417328,4.996952767902788,1.0059586198419046,0.12018426747507349,-0.04542631609327108,0.3131099069244465,-6.350296442687776,-0.3221568764324989,-1.9061011218308774,-1.1465939623789265,-1.0294483345324934,0.1512753774016511,0.21691176470133078,-0.784827351500847,0.09987510858601412,-0.04789096262229642,-0.3602085763748366,0.05759558486832406,2.8516822025602533,3.8690920820402477,0.708188149010937,-1.0,0.31552223695427517,-1.0588858832377694,-0.4579649600051737,1.460208016771559,0.3239602407263691,64.12753433615661,-6.693349753708518,-1.8523592085402747,-1.0,-1.1239475500321727,-1.1513677811513936,-1.4550031466214586,0.16571428579428615,0.09550970873145892,-1.6483180428218724,-0.5982024848033727,7.897899663228488,0.1748398603129131,1.142726798748523,-0.039453515634273906,-0.2886031674781361,-1.4979729729730102,-0.6941102509738084,-0.35771045092540177
2004-10-31,-0.2598343684721538,0.11120038610275995,0.6613979627677904,-0.6263611615245213,-0.33535864978900365,-0.2112434363679716,0.15504955827284772,-0.006825372658220363,0.043089422921631426,-2.4910253865325194,0.8940572653558796,-1.291565848610189,-2.576331360953755,-9.978260869570647,-1.0544630807785336,-0.6746411483268878,5.952654090221961,-0.14121069205732517,0.11607199019510195,1.3191114814516283,0.0629261357225297,1.1729207726158517,0.1567706889597289,1.3918928321765933,inf,6.9207582658978195,-33.80666758211625,-0.63962984723853,1.985628468711147,-0.3501361602261205,-2.722204282457683,-0.07821546147350233,-0.7405213270187103,-inf,-2.980861244023717,1.4789029535953886,1.5979971387991432,-0.4543650793261047,-0.7566737538404975,-0.23598130841776,-0.1860139860164347,-0.6265946193550646,7.402945487869124,0.49712751342546824,-0.29818079994177904,0.5060092479648,-8.682238772285807,-2.8517103456509827,-1.3709274393947428
2004-11-30,0.03674242429730579,0.026370053650828673,-0.1047169811320734,-0.33423954085475704,-0.002021222839807768,-0.15312682033341007,0.04760372146630787,-0.08984689563055992,-0.19510552835312123,-2.5965655561464622,-0.8671108615528681,-7.751116071358395,-6.37727272723416,-4.520987654302099,3.9908592321772627,-0.8317230273754631,-1.5625202176629647,-0.44993225723918306,0.08595065512179523,0.9853444257465256,-0.04981176116811159,-0.10269063014553326,-0.007866925171920114,-0.7903314919497386,-1.9818181818214877,-0.7243424574287589,-1.1005135576635032,1.2022061889538578,0.8620101571426673,0.3785788312356104,-1.8478973634035225,1.4267217630504878,6.066985645900952,-4.168253968242304,-5.078048780468769,2.721487603338241,0.5790662651037846,1.7303199594701066,-1.2520242914975603,2.3807266982397572,-2.014184397160606,-0.4661492044444898,-0.7599076405361227,-1.4519956379497034,-0.7634468217631005,-0.751200870138672,-0.4006376811593586,-1.7218702865761557,-0.34425877502215907
2004-12-31,0.23377019207637795,0.003600412576980405,-1.0,0.998189225893936,-0.25151285930413037,0.25661970578308435,0.06703660955050617,-0.023001197990591082,-0.08021668076693922,-2.042455203374662,60.50818014641476,-0.8894327670535997,-1.1900921659051216,-1.3595738384200442,-1.9909420289871482,4.0080645161278206,0.20436157416967515,-0.44250819897723115,0.04351884217801616,0.25028436509450724,5.89950191209887e-05,-0.8618227775695986,-0.40358272194064027,0.6747398901818602,-1.0,2.1818493887501025,-8.528017597481547,-0.4867821777664434,0.30803113943615634,-0.3335780735367704,-1.0202780852100481,-0.8257440680360433,-0.31098901101268017,-1.37162162162572,-1.376838235300771,-1.2440008066215757,-1.4009661835906317,-0.7083827013970925,-4.991919191920914,-0.05522388061929395,0.10926573426848218,2.3645402094425045,2.499387241518726,2.8627547021948745,-1.9685382671883755,27.596806490006077,-1.8492168333648469,-0.6442522321428493,-6.108168741407456
2005-01-31,-0.5338164250950546,-0.13865035006611492,-inf,-0.0018075011297510324,0.3313192346426024,-1.111065261003243,-0.015383520217779778,-0.0423028269993273,0.06119068827900964,-0.6576433360958092,-1.9615018091155485,2.4318181818403155,-1.9109274563759282,-0.143081761011848,1.2201096892102137,1.6211382113787014,-1.7652167575624782,-0.002783058355879553,-0.12432237011510083,-0.18762858364966017,-0.03935841246455696,1.4638044141171256,1.80409221399132,0.17631857298200737,-inf,-0.5481218576163783,-0.22625093194189994,-5.443848321668227,-0.02848648051074032,-1.5933551609013503,-10.364635063960703,-3.7755760368465943,0.28136200713666626,-1.3715259099858945,-1.3962703962676783,0.4273437499893207,-0.4772727272813342,0.2960687960992272,2.5285132382834097,0.3958333333007822,-2.640849110733069,-1.8450390802226975,-0.6054020275924429,-1.3556151653775068,0.2847602806271978,-1.7578287842182316,-1.587993786063002,-5.294009473390879,-0.4860294667817344
2005-02-28,0.7368421053054852,-0.2994719744548847,-9.004175365345015,0.9963915200723279,-0.0020100502512462315,-10.171404589021925,-0.13511802286955343,-0.11547843275341896,0.03545048720012178,-0.41173726953466583,-1.0838708085426385,0.3373860182647974,2.5468328841181016,-3.2531400966055166,0.48439620080855095,0.571684129818131,-0.7021873578230529,0.4491683019760997,-0.29775839445878427,-0.5533021129150624,-0.12645285958491892,1.1198605386899985,-0.5393296891609978,0.7378130742947366,-2.018867924524742,1.0473777666402384,0.3852553308057136,-1.7976481949896397,-0.283385778763555,-2.9883391045649055,0.6321903939942402,-3.2812350024421146,0.5459740259217791,3.7128180039211545,3.5470046083071667,-3.4968445209134917,-5.093023255777891,0.3113924051006789,0.5440251572234684,0.3333333332870394,-1.2053003533559563,-2.2718982238460805,1.2178278133846083,-0.11034031413627243,-0.9138445746365809,-1.1338710904215932,-0.004638833664688313,-0.7894362868923306,-2.9171369777220906
2005-03-31,-0.4610909090701101,-0.032205817036524254,-0.12863825363826142,0.49460674157302265,0.7464894684051799,-0.3645264576776598,0.11050365496705061,0.13997358616904854,0.04996012874106315,-6.2890298545034184,1.1802595889209622,-0.35849582171072514,-0.4243103448163372,-0.3957464553721214,-2.2884615384541425,-2.241237113394977,4.478453531985343,0.3638767667295628,0.0070370882875328,-0.4568226568580632,0.13669657346323527,0.07700488093474678,0.48642372012900226,-0.5245315960026732,-2.962962962969813,-1.1955835223284728,-1.92269124233905,-0.9316179558823734,-0.12622444369495756,-0.682361514375577,-3.7822176480983924,-2.743816254330807,-1.3439465408607245,0.9283018868059856,0.03225192656510312,-0.7246793454153138,-0.8093971631142788,-0.037652270177359726,-2.0460526315688483,-0.3454545454876049,10.605155243127282,-0.8079894995821093,-1.375565230066311,0.08736906027005542,-12.358698913297363,0.8199897851327711,1.9861477572560684,2.0037889419030117,-0.2165068416330126
2005-04-30,0.1699327288912238,0.08141129572723838,-0.1459643411999485,-1.0,-0.857642607267798,1.026319353100586,0.0328035960782016,0.050144452909993475,-0.3393625016993339,-1.6800307186025285,-0.0930459894464356,-1.6298245614132028,-2.488569909638568,-3.0069841269984527,-1.3370370370394387,-1.0400165016504366,-1.1769311819579629,-0.06974747358944833,0.16677625055270728,0.5249471045374328,0.06529770697733484,-0.06453023837966976,-0.5334883384318263,1.9807599278881338,-1.0,-2.469817955995203,-1.3837120132562573,-17.990086741012423,-0.15012439006051292,0.5535993375769559,-0.4270629586533775,-0.21932641628321126,1.3268292683373097,-1.147331356562274,-1.7585062240749993,-3.159409594110924,-3.7512195122121064,-0.8324675324624301,-1.5462713387294396,-2.762820512758877,-1.699810785248376,2.256842174333841,-1.4126922741095191,2.31958243340475,0.9604501986746985,-0.021541580678117844,-0.3894104160856956,2.1972995674924904,-0.5857374100719548
2005-05-31,0.23723118282267563,0.3102269319704021,-1.1661504044054327,inf,1.9985014985017902,-1.0842164454277197,0.12176751500450766,0.12696637433284463,-0.6694278780985905,-1.1652738678429806,-0.18101468365349427,-0.5550351288100983,-0.46410256411176776,-0.22598083382297152,1.6051996783640594,3.00661157024693,1.588079417107914,-0.15519189476297945,0.38555450763689025,1.1463922084276605,0.1707845759779394,-0.7988093188008036,0.7851810308581411,-0.5248339511376967,-inf,-0.5493870302194521,-0.6577719195027033,-1.519859383052336,0.04073581433442164,0.44162431304486005,-2.4339515643203358,-1.0752324297401759,0.08712121216640667,4.3902728351026,-0.32186147186756353,1.1793706293366077,0.9523809523460633,0.4788732394440587,0.36774193547648104,-0.026900584740602418,-0.47750865052292235,-1.8026039274588292,-1.268916567608247,-0.8276126870361502,0.5068472370271482,-0.1950253421006397,-1.5339454094292961,-1.5061314701269053,-4.454823320580104
2005-06-30,-0.8228571428526983,0.058340329296344695,-2.0005165289256173,0.9991063449502846,-0.6671654197839028,-13.038844856639347,-0.06572857395685516,-0.07645795320151316,-0.8071589207625549,-2.2156790123456687,-0.4569863178150556,-2.016666666662037,-0.7036474164162065,-0.699285714289464,0.09244875943189101,2.7749584026580596,-3.1321539964826557,0.04206952433726796,0.08158213785866097,0.14776625426336554,0.025555833264119032,0.10807102725494655,-0.6614094161426685,0.4632312790323665,0.019607843133401248,3.677040642954169,-1.0896100338424166,1.0750206652645948,-0.010585872751316394,0.7587762835143663,-0.28713243785582854,3.7344632768197004,-1.198496240609813,-0.8011792452851563,-0.8416995031704246,-0.5230232984951466,-0.31983805670638643,1.2850574712810148,0.35927060132588484,-1.057152406419972,-0.05568413887373702,-5.674178460289281,-12.540450887100492,-12.479718066742212,0.27161087234125514,-0.35131657101607405,-1.0,0.5948722512260549,0.40669886282960444
2005-07-31,4.427631578971163,-0.04398327614307229,10.993804852866141,1.9973214285715826,1.9985044865406705,0.21591403421419475,-0.15361697235678173,-0.18833031599932715,5.257088099812141,-1.3188115694300784,0.9947272707707877,4.901639344289155,-11.107526881691625,-6.75296108288842,-1.546477079792197,-1.6153583617721243,-0.6638988389269131,0.49962985212521116,-0.04140879862211366,-0.23285307202892291,0.013309192097932021,5.780078719370111,1.1038007419836693,0.417962062094839,-1.0,-1.7260294624257895,72.3722477129142,-1.5963624523119218,0.04054359774957628,-0.2002285329018062,-0.584963455152745,1.1071428571057536,5.773618538267276,-4.877226463095966,-17.071588366874007,-1.9396475770750428,-1.066829004327129,0.7034774436360725,-1.4995549621663238,8.048387096748177,-3.043399638328492,-0.7334180478881641,-2.4810781915105244,-0.9502632783882241,0.2843026016632795,0.7730171107180952,inf,-2.449592677345566,-1.2966734409422462
2005-08-31,0.01728945902983514,-0.19085235676338197,-0.006157003591577559,-0.5013357079251708,-0.3343288534926747,-1.03643468998252,-0.33663174789184536,-0.37269416987169923,1.979552570532681,-3.9485324801780397,0.06986907414294619,-1.4552238806081532,-1.564320388364243,-1.7039582188157338,-0.7059288537537655,-0.8905695611575162,1.4628578210982468,0.4613380615267073,-0.20282309746302307,-0.6781854930060376,-0.08283576698326978,-0.04738692336555461,-0.4424819898754584,-0.44840171847913346,-inf,-2.036019456720899,-1.5717964016267223,-1.548955384197168,0.010250799591726478,0.4786306171930188,-3.280512697908785,-1.7636363636033061,-1.5598802394851017,-2.041252682625002,-1.6415709812204433,-0.893126177022684,10.948275862091528,-0.14990881456841676,-0.4136986301338518,-0.18267419964569565,-1.0,-2.3614993750875213,-1.4129996993543892,-15.723316062176972,0.1428880018660017,0.010777889029323084,-0.3583173384516507,-1.0200867182390263,-0.15442264755967117
2005-09-30,-0.5342857142759184,-0.08768127118548485,1.236231514533507,-1.9986660738105884,-0.000994530084388101,-14.600278146196693,-0.3325867562343323,-0.05738458456915352,0.47358716950898216,0.3391233482740683,0.08307429787358078,-2.9774305555325,-2.3201033591524265,-2.3103712207991784,0.3254747871659085,5.988255033559195,-0.9135412516485769,0.07787976217645731,-0.1065770196544743,-0.3377779837608168,-0.12177711416058867,1.392161936791656,1.7142049561541186,-0.7125450196977019,-2.0204081632611413,-6.885869607510111,-5.090024132770736,-1.1868458826949755,0.04772476167680817,-0.13821408013535852,-1.606225920793311,-1.30054644809639,-0.6225988700437295,-2.5089655172281686,-2.4769246071067004,17.919831223662076,1.2185792350197078,-1.1219120553383888,-0.8355855855850832,-2.933613445333169,inf,-1.1825058729655102,-12.077356892265945,0.7855734522385793,-0.13163907021257115,0.10451718227067142,2.5092737212028826,-46.48704810702081,6.455815173679764
2005-10-31,0.2891344383179151,0.24320409946689803,-0.890397943214844,-5.005342831700683,2.4965226030796424,-0.24682543809542123,-0.026616519483216194,0.7770735525839763,0.21405666460180783,-2.495732881716164,0.17401173570413242,-0.4055727554053634,-0.19362555948446747,-0.3342453916928576,4.457115009754937,2.812366737747276,-6.284530527172768,-0.09938750229083249,0.22962926846577192,3.2374541127744454,-0.05790003596193194,-0.834303498365257,0.29932246097858073,0.6484241923555545,-1.0,-1.6310873451287509,-1.945643582488283,-5.22498585858538,0.19740829409173277,0.04891480117890867,-6.285234899304933,-1.6031073446271806,-0.5110497237508014,-0.2983870967655238,-0.30519566366035566,-0.9512746710511067,-1.2563025210192165,-11.085959885362247,17.957303370796463,-0.928541403948254,0.6736765772367426,-1.3087854375681633,-1.5170818940344806,-0.7435779914306722,-0.368372721611966,0.1614214959963658,-0.15509569506230336,-0.7662026509899642,-1.4347677822672358
2005-12-31,-0.31272727271727274,0.13464932967926102,-1.0,-0.1455061494796418,-0.40148148148145146,3.5285664347943024,-0.3276548023731628,0.2368063306946635,0.01950609882893395,-2.7945914321742524,-0.2656807837359664,-1.497737556561598,1.3491704374021385,0.27227171491709456,-1.7050606220364883,-1.7668231611910672,-1.2970237819291106,-0.3239004089734073,0.14752409089989582,0.26132968508467913,0.042522215581741074,-1.0,-0.5934547940453312,-0.5532904451099006,-inf,-0.5609803712182191,-1.1402213366168266,0.0434829991282184,0.053183071010207694,0.30583065841275636,-1.0038966720588594,-0.3442325158916715,-2.1296296296492265,-5.759322033905136,-inf,-0.7831223628763192,-0.8063096111609237,-1.0,-2.3163120567412,-1.0,-1.4519843214125985,-0.9403443054370549,-0.6483220857196361,0.21651430842756203,-6.7650629409438015,-0.21970198650671846,-0.7157238851558034,-1.2799542902389773,-0.46221567264311847
2006-01-31,-0.21874999999248934,-0.08907750485534205,inf,-0.335094671950659,0.3313609467454455,1.5830464925085397,-1.5554237090681968,-0.08386933112950856,-0.036838497001740134,-2.963449171042469,3.913075100174182,-14.029478458043469,-2.7418719211759193,-2.431890660584989,0.6148975791406222,0.15551537070325216,4.278225740405759,-0.17306968429329128,-0.06586089216186208,-0.21207950681087695,0.1071838871036983,inf,1.1605486262897395,0.6647060274242873,1.040816326522291,-0.6729195743605815,-7.185802449954028,-3.123857631559772,-0.13726407460739276,0.7742714600369316,86.92709196355379,-8.1718328841181,-0.4065934066054805,-1.3474676089492106,-2.855115511546832,-6.085836909834394,-6.7217391303818275,inf,-0.3641774891798346,-inf,0.6827438370820684,51.177570504711824,-0.974064420170953,-1.0270243417784757,0.3219947693465539,3.9033325123867524,-2.865118317265554,0.6688289846716069,-0.926767060218691
2006-02-28,0.4918414918523617,-0.30794146736754724,-0.9171684228131829,0.996483516483532,-0.0019685039369271573,-0.7330764532818018,3.418120346388938,-0.34180453261248755,-0.1596285484077844,-1.4842194563892774,-0.6679435901208476,0.12080650627634237,0.1353467561591355,-0.8615578681794136,-1.761342155007302,-1.3798076923069134,-1.5789302958978741,0.02946534893674424,-0.2775942735072683,-0.6378331213237974,0.03810849197252719,-0.8765290797625339,-0.28118153478469365,0.15622362861849992,-1.5212765957401517,-0.7308709840548857,-1.7436797692219161,-1.131567931094875,-0.3309461565181856,-0.3618525232901012,-1.6460775710812086,-0.8129663238598915,2.3230337078241385,-0.5069686411137686,-0.19926004227992156,-1.0,-0.6816168327646004,-0.5055424087575962,-1.0,3.0659340658978387,-2.4228758169897278,-1.2385422039727163,-13.470347080523013,14.049342105262758,-0.4052406982849077,-0.6607843595932386,-2.9078608549090132,-0.3986997977462572,9.49688796680498
2006-03-31,-0.5222717149170908,-0.1793589069826077,1.9984954864593854,0.2456197985107329,0.7465618860511152,0.5082383537350312,0.7850430986489023,-0.17573926184062627,-0.07388033990450349,0.04481408162386402,0.157120434277237,-0.16105188343403565,0.45444685467364954,14.43186813188346,1.9663551401932344,3.644338118026009,-1.34792643494315,0.31077284319705223,-0.16777075708545364,-1.1829985219806507,0.1990367573351839,2.2380618300153596,0.713656109753767,0.004238113024218837,-1.979166666671007,4.335861971213369,-0.5732321375065308,-3.143945282138831,-0.05061913267794471,-0.4634184410405131,0.6343624624642028,3.871216617189571,-1.3319347319200396,6.199826989628052,1.511746031754385,-inf,-1.962686567178102,-0.5698237885418902,inf,-0.9107843137289504,-0.3715198539456718,-1.3228047979247401,-1.6696818722595448,-1.5142637447132796,-1.0347161179224853,0.0750172256948658,-1.162472187886255,-2.446324959416164,-0.8101147387600334
2006-04-30,0.9564270152600465,-0.24236445251091498,2.328325822066648,-0.20348887919755954,-0.288161667016298,0.5843585956143731,0.16379138068077848,-0.10324938423710195,-0.348547069374442,0.06183172507191026,-0.24019675271082064,-0.6257580593658667,-0.5445564117720261,-0.36579052169561044,0.6661643560479027,0.8864497437105943,4.238507567318934,0.12028269432038252,-0.3044649267681854,3.307179168867239,-0.022174248234164473,1.396589569931419,0.10564208908490236,-0.4543167062071449,-1.0,0.30566470931075496,-1.9458814218196596,3.128840579710179,0.1448407923301096,1.1802138978933723,-1.228085578298906,-0.5962460063989639,-1.4881656804803753,-0.6388115662073215,-0.5418121231318528,-9.567729083638367,-1.9348837209167096,-0.01943844492020763,0.9927325581542781,-1.0,1.5193350831203234,1.4187955878878027,0.8873317209876939,-1.6649452909297318,45.52212732730246,-0.17134976101571253,4.23705302096221,-4.3014838179434225,-0.15050199320841795
2006-05-31,-0.2813152400769686,-0.07231002892929439,-0.40298953662178616,0.12108865710565442,0.19707031250000306,-0.3195353983301661,0.05460816913337574,0.18777822467609218,-0.5366319010446818,-1.8840145747064656,-0.5333668953680337,2.365092402471244,0.1756097561025236,-0.7717666948416735,-0.6639969067577101,-0.7512197826553383,-0.8338423200068602,0.11053951036373544,-0.2396259004764898,-0.010566231007194338,-0.029281491407880722,-0.42170929539575874,-0.17897763183390047,-0.781336728137765,-inf,-0.9151157117292167,-3.3574449007393836,-1.0802844629783903,0.40647197350570274,-0.6037502292104734,22.831535806766137,-1.915204678353919,-0.4940119760514897,0.3393645189801071,-0.019677996418654198,-1.2203687445182994,-0.8926342072395435,0.3079096045251637,-0.6034255599418283,-inf,-0.8321659838764386,-1.4509318478606459,-2.0493362782070914,4.6282990083894635,0.9937117453601783,-0.627573418398539,-0.2948439266150291,-1.187208795515758,-4.939199019434545
2006-06-30,-0.6767881241544982,-0.007252310843504639,-0.16915052160955724,-0.0038961038960871885,-0.16910094125282027,-0.31146904184417845,-0.06941143643223902,0.030393221064145326,-0.3802186504339121,-2.0849341651701354,0.8378269242251464,-0.3179271708636223,-0.5119047619024035,-0.4058593749988485,-1.5353705118427978,-0.5758730158723557,-0.984281928390188,-0.22121721331008226,-0.0018568063739973217,-0.6391726871529142,-0.17268769677128615,-0.08211161199028993,0.0069992185790006545,1.1885946806862493,-1.0,12.399858277768528,-1.2744790119672411,24.80930937432362,0.09490880913310762,1.67217012917832,-1.4884039431232754,1.8012820513056762,-2.006024096381913,-0.2840442338045214,-0.2867623604441102,-0.23863636364066254,-5.981343283588962,-0.349862258949753,-1.347527472529319,-1.6182926829156752,2.975830815713621,-2.816575074683773,-2.0861135154768577,-1.7721200859052773,-0.17854509221802084,0.9268492512830018,-0.8018094089264177,-10.364116238571267,-2.555314364154442
2006-07-31,3.9498997996092564,0.18783269785997536,1.194549058473752,-0.11456087393992631,-0.20194269062649695,2.019683713049275,-0.05225923514797193,-0.026287753851437556,1.252518303357348,-0.49964325352784633,-0.20192329227599737,-2.5465116279141142,-4.1294117647132,-6.302265372174277,-0.32654216185741136,-1.663716814159737,171.4513810597871,-0.6150391681073016,0.5114777728053876,-3.163152767672872,-0.24139542703336847,0.3860057490606794,-0.6141815808571471,1.3936386898409863,inf,-1.1939917332921615,-5.560511792885949,-1.1330212907247807,-0.03038892211551536,0.2642729074671999,-1.6995139798929575,-0.5950681375640935,-0.005988023948510168,-2.519057029930697,-3.0955882352992035,0.011494252869144406,0.8342205323063676,0.9674796748033578,-0.5961165048551123,-1.0,-1.3661504424791842,-0.26934314719618935,-2.6553368824105696,-1.0321270460176553,-1.0515285043262776,-0.29995668384528473,1.3291190046159085,-0.299037558685451,-0.8082819477170741
2006-08-31,-0.9619083969462014,0.20462161709693638,-0.1862538644204177,-0.003437902879193322,0.24757634512844784,-1.0188311387550173,-0.12282162903121874,-0.1480360897740154,1.1051319418611456,0.3885478942473475,-0.2304953262388182,-0.016414275131721445,0.14803301531983726,0.6126002003907602,3.279059829054856,7.5251479289901635,-1.3759257852597455,-2.2600406904019983,0.518591337673509,1.7976331962279701,-0.4040271079577856,-0.07927100033834467,1.0955198686653964,-0.14554581815067913,-1.0,-7.6442168380328415,-1.9889613785874833,-2.351267840712069,-0.1984971368848537,-0.2777096485040451,-2.235176077131623,-0.6115942028951901,3.9702380952558105,0.26878694060821817,0.3333333333263475,1.6976744185926522,0.1504811898357712,-0.9394685039366217,5.525341130599193,inf,3.708333333327083,0.09458460069077779,-1.8765406444212205,12.531877213694841,32.04401462117247,-0.1591781611203975,0.5648338472079408,-0.4186416776600217,-0.9000589292555198
2006-09-30,-1.0,0.07396303015146466,-2.1062043397666725,-0.377141327623126,-0.20193423597682525,-21.75355376679689,-0.12064154172225638,-0.12284104615055436,0.2759008699564378,-1.847021943573642,0.18422403517640595,-0.5388540941811706,-0.45278622087630516,-0.5789029535909465,0.029929577459519408,-0.03454431848980277,5.875667351127646,0.6435918196010237,0.16862116487030399,0.16822657249130257,-0.12904795957607684,-1.8325863155637347,-0.2283192689456054,-0.17570107775124844,-inf,-1.4174154025225356,-1.24326722438522,1.961477284969269,-0.15705082669383785,-0.20109642822636808,-0.8481925264034773,-2.2356733524396404,-1.194219653182532,-0.5073078736472321,-0.4795918367384844,0.6769999999791971,0.9778688524271009,-16.9685658153307,0.18384615384015768,-1.0,-0.5155279503136895,-2.8578674973696554,-2.7665885565923367,-2.300722673892901,0.4528608481085181,0.49875464719305485,-3.2578374573610835,-0.7991089991089928,149.4911316697985
2007-01-31,-2.0019083969462006,0.04626338899995486,-0.6952956447786325,0.0753790395651106,0.6642639756528375,-0.43323462004813307,0.0033369671188807626,0.0936890096019034,-0.08635315523942111,-3.8924319303606443,-0.6198334021754222,-0.4248962655550007,-0.5455319148881843,-0.5454777070009598,-9.015037593982314,4.980707395501627,-3.6842468899981657,0.1970686628202345,0.09558304104643733,-4.515731214774496,-0.02917818983507825,-0.05981832440484547,2.0134910792536522,0.22241166945024693,-3.045454545444215,-1.3486194717618902,-1.4915056082394935,-2.1549422444563504,-0.16927660965456726,0.1613379663113086,-2.6552302368996674,-0.39278937383439627,-inf,-0.7491638795969865,-0.5641811372113354,inf,6.9292035398545115,-2.4281690140788372,-18.03632478631587,-2.285140562278029,0.7386731391604142,-0.9063209506719031,-1.75744125114617,-14.056706652126163,1.4880645640274408,-0.45573498394039524,-2.5903381642512606,-1.2476945819743204,4.371295019816981
2007-02-28,-0.0019047619043990327,-0.035311821379637176,1.3373679402551777,0.12488574829582921,0.06743528283797295,-0.46119535855692595,-0.10424383848972096,-0.04683664892845241,-0.09182175071009069,-1.3462236810976695,1.024644387347187,-3.357962213237253,-3.4377593361125016,-3.194099378893563,-1.1231481481484993,-1.4905362776040127,-1.714630985313299,-0.1905136796656116,0.03770516465225593,2.360836250044953,-0.2779608016753752,-0.07000750812718237,-0.4672752953093192,-0.6389820551788636,-1.4782608695699433,-3.6975453140603483,-1.1404914471252856,-5.128807785888112,-0.40135661119389,-0.6015652002678803,-5.865811361370926,-1.6249999999864815,-1.4476797088140363,-5.620309050780337,-3.5522058823617195,-1.5096549541112538,-1.1167355371934977,-0.6526418786673638,-1.1702850212262565,-0.7373417721599096,-1.4237714285721985,1.3229416546008963,-2.2251899684254965,-2.0191315392559757,-0.3560269724711863,0.4563872898284915,-2.7670731707316163,-5.918338594521382,-1.4479527470501763
2007-03-31,-1.0,0.11745153594465774,0.34080748312870224,-0.4959415659795795,-0.4723812302968071,0.6692153375929966,0.16035305613169748,0.07581611437670333,0.1819033080138186,-0.7988675295013254,0.08174936487848994,-0.7435669262175486,-1.071091445426751,-1.3530701754342704,8.01669758812244,-0.8317409766456764,-0.7447517247182085,-0.04270758982692291,0.14090666533610996,0.5720668718232174,-0.14987646048296288,0.1774747216198409,-0.5336156270871582,1.7884804895622306,0.02222222221728387,-0.8161184069304278,5.611123480076786,-1.0324047135849144,-0.19547298553117043,0.38860676152948215,-1.1054163424157317,-0.7106382978685646,3.906250000058586,-1.5617559523764322,-1.3231363231333413,-2.1767554479275213,-6.545833333314224,-2.584496124034019,2.3540802212959226,-8.596153846092198,1.009646302249223,2.3935471592044917,-1.0683965793841508,-0.4503794398376215,-0.5735988127119902,-0.006283163655544821,-0.1221308667350971,-0.7510759903237004,-0.7236793337688718
2007-04-30,-inf,-0.09690697598394105,-0.42296299770050305,0.3942280332245056,0.1609731489731292,-0.30528823721838516,0.09034544564075309,-0.15794603991565936,0.07747403206065728,-1.3299888517279843,-0.4490459438278388,-1.2900810979403992,-2.493392070486015,-1.2179211469543332,-2.9209643605809523,-13.019138755977009,1.5667691291544599,-0.13293613913709312,-0.13653797951236768,-0.08285575973144599,-0.23182483733935277,-0.35698432371988753,0.4171776504376332,-0.7349487448621864,-2.0227272727221077,2.7844424916434547,-0.359629382393326,68.98973607036532,0.0714064704232682,2.156492729272461,-0.43284993695025686,-4.628070175452105,-1.4266666666895245,-1.3248730964481301,-1.123098859315948,-1.1209016393459392,-1.5215501629939467,-0.11122047244365463,-2.531779661010212,-1.0608187134537124,-1.0,-1.384960179965532,-10.171234144489478,-0.5370182555782542,-1.5282672794554621,-0.46840000400453985,-0.1724040165386177,-3.064081152965993,-16.44458284346132
2007-05-31,-1.0,-0.09251802753426852,0.37736051247692837,-0.1764968851562405,-0.056193984928774476,0.31850805335380006,0.21103232445842357,-0.19643982028766716,0.16690837681873205,14.050335570469764,-0.08703295604049899,14.930434782624173,-12.744271988157141,-14.558315334760334,-1.0,-1.0,-1.1415876301988472,-0.02129640369220731,-0.19060222763916368,-0.30223366103875093,-0.10502247881889115,0.23472002701110872,-0.173310833580969,1.5155712095490976,-1.9777777777827161,-0.9198995330664786,-1.9294886510886835,-0.8232427949409069,0.5004603384033299,-0.7820053350219397,1.8679927667211582,1.6476443264391527,0.1904761904478427,-6.44607508531638,-30.055238095228198,6.0288065843504635,1.048979591816758,1.0279441117708568,-0.8061601642697812,5.035294117626298,inf,-5.569531963455362,-1.3049841963316782,-1.9368541905853698,2.5990344096007543,-0.1340419201224824,-0.10632327610150272,-1.369485953377189,-1.3095484077725372
2007-07-31,inf,0.10671214726619582,-0.23142568979390532,-0.2986821909606667,0.1389076575166317,1.1049599985871987,0.1537889868623763,0.011077693444843106,0.07006892639369866,-3.78356772141307,0.6559284983784524,5.263655030787782,-6.268292682940089,-2.8733751338223925,-1.1771373057012704,-1.153827636014594,0.5673779885412849,0.08716610940878278,0.19369230814237381,0.18546846514275184,0.052869287202740534,-0.2802140247114371,-0.09305175911562902,-1.3795295575010946,-0.5217391304300524,-6.732244896220601,-4.4672975195813205,-1.3475335772187065,0.1718677400591888,0.1724221299453479,0.843284623192325,0.920882808602957,-27.16352201247575,-0.512718600951873,-2.3370876910746903,-2.983193277317986,-inf,-2.7387211944076046,-1.2826923076956358,-2.28124999998047,-0.9229985007491739,-1.4088142984908,1.0615322159833211,-2.759788980069642,0.06709543146893004,0.2904614870009481,1.5925201380897671,-1.0788308934325166,0.047608404748980204
2007-08-31,-24.95437262358335,0.11446077450259007,-0.8268665462915262,0.216355187944546,-0.0935050935431071,0.0741047609538239,0.09504628777325363,0.11318682556138704,-0.0033843436637588376,-0.7269555925704898,-0.5966402326545444,0.41249292584332253,0.16983695650519626,0.010209205010417444,-2.010471204186654,-1.0,-1.2430336857103577,0.11004845239182082,0.29217822816030137,0.43977418288443104,0.08290661444041847,-0.5537111167758452,-0.009240517786348379,-0.16648556236507728,-1.9787234042598458,-2.2503923004927673,0.7082823386055528,-1.5106652902327258,0.01626530517553859,1.1492738329265455,-1.0132520086226322,-0.7883981932377444,-0.3388773388189029,-2.7280219780254225,0.16424242423680124,2.559829059803481,0.3421658985750373,-3.7800586510524097,1.035225048916796,5.400000000121237,-12.964125560543213,0.43763061296903616,-1.3758611592234995,-2.295115391290113,-0.2554456836050052,-0.7213736686109122,-3.061503316786119,2.1637913640038637,3.216107254104145
2007-09-30,-0.6507304116897654,-0.13426965962570236,12.745762446610698,-0.03538007432439283,0.2551649842059631,-0.03818761827545614,0.03725276177364445,-0.020638752442147967,-0.06972736737541929,5.235526315789391,4.158209940394558,-0.5176021157906441,-0.9381512605053102,-1.2193465491899373,-1.824697754751062,-inf,-5.316448535669315,0.14660442263315554,0.06889856156059393,0.14572053777340188,0.024836051291716732,4.657165473138121,0.833208622671771,-4.4406231116456665,-2.021739130430057,0.24630012047593453,-1.2079934609954104,-7.1045770708688885,-0.22807352353900567,-0.692966632820476,37.658682634720535,-1.8952991453160521,-1.225609756109458,-1.0,-1.0,-1.9116883116635177,-1.7710659898116412,-0.40798611112879324,-0.19382465630506596,-0.7727272727043163,-0.8703488372100225,-0.30703878742167434,0.7860947222021497,-1.0,-0.8705284465126487,7.427216393111886,-1.4137879178482051,-2.574420433156158,-1.1756932348265328
2007-10-31,1.2864372469562175,-0.3952089888858522,-0.27240141964944276,-0.07550142329391818,0.19982666853135367,-0.18996634491652786,0.08588346212766296,-0.09525618257377033,-0.0435991077715151,-1.6194903997101222,-0.5832473915336849,-0.8257766582722632,2.516548463353151,-3.176034858393017,0.6139372822275442,0.8500252908421562,-0.24687865144502963,0.2761364921145737,-0.0315136894584217,0.023805892058746503,0.056771151355899274,-0.2126134387782287,-0.04515883589416625,-0.1633120476812976,-1.0,-2.1970748301989245,-4.049125646503914,-1.4721530739482505,-0.5456759044077858,-0.4290689150651025,-1.1279574555952254,-1.4952380952290258,-0.795000000002499,-inf,-inf,-0.8419540229847894,0.0003385240688984492,-1.0328092959665618,-0.8529674917992575,-2.275362318868586,2.014018691586572,0.63399532983256,-2.605802652387677,-inf,-11.012304927727193,-0.6604250822770937,0.08399266439615793,-0.8995452478399051,-0.3321502014140524
2007-12-31,-0.01839478678135087,-37.83904267513181,-0.6312435133351811,-0.07183095905021819,-0.13103372958289383,-0.7708231689729864,-0.0068690069687850075,-0.22074760988480402,0.0663543575744201,1.5217272035809803,0.4647027229755909,-1.0144005847942392,-1.065063538608486,-1.1548871437699446,-1.2364639037416254,-4.164062499993893,-1.3126871782670841,0.123108302403371,-0.07259217289081488,0.01081412188459363,-0.052197684939600086,-0.5638676489298735,0.02152355558695085,-0.0955868547059312,inf,-0.8962316673442009,-0.7630233617210301,-1.6569104978829121,1.3961248596648344,0.3523274014862472,-1.069075056571709,-0.9072630591127813,-0.9160762483048952,-3.1673269634077967,-1.2336864595344812,-inf,-2.5133928571369006,-0.4856486797034798,-1.0422123893800443,-0.13333333327407482,-1.3158232359211417,-2.357696960722792,-0.8257989368319265,-0.8671156373194219,0.19899248018006976,0.42018393618480543,-1.0907886189424587,-0.8602247976979662,-1.2448549097657078
2008-01-31,0.27075471696444575,-1.2775967260300551,0.18967831783634437,-0.1344452250919438,0.18417911923074137,0.39408326743421807,-0.12447741642428056,-0.13271533181577078,0.18356384511364432,-1.3390730472516439,-0.39956259984000053,-88.71147540993253,-16.56739130440075,-6.1941301273211264,-4.170856102008965,-1.42345864661903,-1.4354452306055474,-0.02715566000346481,0.08443691239480744,0.1526927269524656,-0.1726652450196433,0.09107287307960688,-0.007737462377880977,-0.9904834161185501,-1.0,-3.12773551352745,-3.5256534674123756,-0.5729561774517291,-0.13227938975945897,-0.0712033789392067,-11.164444444437107,4.884837042954672,7.625396825466142,-2.1713375796223997,-4.624180327884403,-2.012987012981391,-4.947136563899969,-0.02570963241368318,-20.95584988963314,-0.2647058823144939,-7.920583468408308,-1.2510083848321911,-1.5881464210307672,-5.87174392935937,-0.2868146892443809,-0.4392464013656857,-7.0134378499438625,-0.8330254041570126,-0.026716416177564706
2008-02-29,2.443654822273181,9.57455584927173,-0.29871412317423063,-0.3826767663423729,-0.7221789225281081,-1.6214108265415672,-0.2602374808333402,-0.06403798642363034,0.14455944532637344,-0.6132723561278004,-0.3884824212928961,-0.16945957279580826,-0.37858831479876753,-0.5834744826674381,-2.287523452150558,-3.588268001105486,0.9413927812417298,-0.15510303819679572,0.1331092431625902,0.1401783840640216,-0.2694120782424325,-0.20920253632313912,-0.5096464884491261,-71.99948698309935,-inf,1.943862933975785,1.7150312560798033,-0.3818965994300043,-0.7597959860045995,1.9062041126857432,-0.921085207344254,-0.40456799607366034,-0.4969287468990715,-1.457559198540654,-0.5028465272451293,1.9615384615549272,-2.319767441828013,1.8304964538189723,-1.9938799076111096,0.020000000035715226,-2.2414486921355605,-3.303965243827629,3.8968740990907635,-3.523750879663444,-0.7586139118839133,-0.18041766192398268,-0.30105893185999133,0.5004620360382417,7.280568838843477
2008-03-31,-0.4904222595494946,0.7020597936902326,0.4798527714141474,1.0218691377885643,1.8608469336718843,-4.651628330184544,-0.14477799160320082,-0.08889477329420248,0.16461477063717145,-6.0690461421005715,0.33664743275381803,-0.9241258741368938,-0.8590000000063998,-0.40590853905943836,-1.0963833634726272,-0.7602639296172656,3.1470874847066126,0.036315729824604404,0.230251790841546,0.14895131853727683,0.1988418196825812,0.43463742617276746,1.0098032018334129,-0.013578456119072158,-3.040816326522282,-0.12766229124142525,-0.41400791819865446,8.222061589814622,-1.9844914967190854,-0.2033655149431962,-3.7002526707757344,-0.3204041720899067,-0.1868131867910049,2.578074433664548,-1.73353212252006,-1.9629629629782044,-1.6855072463976053,0.7793690178896917,-1.655449464375251,-0.025974025942403278,-1.6339285714385876,-1.217166705372926,-0.17900987023513248,-0.8105857865004087,-1.22823028093017,0.3382576919093392,2.0303615699155086,-6.335798664613105,-0.4336149994195876
2008-04-30,0.018328673452643995,0.005360708166998851,-0.35316852031059476,-1.06936947564049,-0.7095926331071937,-0.3505026138328534,-0.13335778200446635,-0.4592997742650835,-0.0664722108692487,-1.0895928520661917,-1.5812325753042984,-23.74691357999176,-15.481707316978966,-5.092753623161538,-3.0072595281293095,0.13124611237988382,-0.37982594763409416,0.04727695684320654,0.046822905146038485,-0.09770278002421495,0.5180157732664625,-0.3536289410026334,-0.7023382506914624,2.130155446624894,-1.4803921568665899,1.1478644063454273,1.452989949610949,-0.9091246433110209,0.0645965306430587,-0.30596724009040366,4.3710034302723235,-3.335566382480439,-2.4202898551018697,-0.9341256728663331,2.0003736920963266,-0.19230769232048073,-1.6683271066686751,-1.057145365150229,-1.3960049062528872,-1.2733727810729665,-1.4923076923024337,-1.5736684691279765,1.554609936927731,4.406972883230458,-5.3625424978286285,-1.241989321998464,-0.43904286240627055,-1.1246925914540695,-0.34773419325262167
2008-05-31,0.04066985640161924,-0.24556335624439363,1.5568355447806406,-6.765902911766707,1.6839618621495402,0.765271853158014,0.09855984935172946,-1.3314580311968087,-0.16933311213783697,-5.9605133267522605,-29.908706702402903,-0.6093332463610417,-0.45874587454606774,-0.17067307690267364,-0.5036036036029432,-1.4942611190826025,0.714931283208281,0.07218260846810853,0.04036604354914708,-0.15906179910420248,0.5765181701537507,1.318880142849363,2.1158278368553085,-0.13104364877618846,-5.079999999984017,-0.09966698502288462,-0.43242297749368674,-0.9091627894820322,-2.642032425877133,-0.8568459878744176,-0.24351597381327827,-0.7074505992943464,-0.6820276497799909,4.483050847460083,-0.3261708913767103,-4.092511013175112,0.9380530973725492,13.656488549880526,2.16396396397202,1.7396149949119777,-0.7305140961843648,-9.877841444668526,-0.080534619470504,-0.549474464046646,2.6663303303363812,-48.7080332948486,0.8701414353065962,13.504458794584531,-2.317698999591684
2008-06-30,-1.0767676767625753,-0.678674463335907,0.7707223969017392,0.7122361172919642,0.2956018971307768,-0.12153747851407914,0.1903377419249399,6.1030269221893425,-0.6456044913705448,-2.9000256937306528,-1.3369544075667248,-1.0698028855965998,-1.1636826670842733,-1.2241379310387277,4.480251346502492,-4.520202020199116,-0.40196085871931475,-0.5343288362442176,-0.1693896351658868,-0.24329167349063285,0.07593575783447593,0.6909077397507994,0.2618553484261168,-0.16727485431025169,-0.5370370370301804,-0.5779680109997842,0.13054118443743667,132.99036872002503,5.050726156714512,2.1131523572586706,-3.4108092949740034,-3.6104227574173073,-1.5166666666611088,0.43030303030671213,-1.105228758171086,-0.8692396313315286,0.5470238095637385,-0.7849747474327796,-0.45706521738704387,-0.6404371584785471,6.339144736852143,-0.8838090507329293,-0.5832281790465867,0.27114190157573104,-0.2600160147266346,-1.3615833538304942,-0.33562670664443284,-0.4458048195979146,0.8670679092520601
2008-07-31,-0.504999999997511,-2.897742132897729,-0.3184496487426187,-0.09510863088397625,0.1060952308767582,-1.0363000236380238,0.379598045230195,1.267886314248476,-2.9878945544349227,-2.567340684669695,-0.4139925577752508,2.7084917617077635,0.3126603934906418,-1.0,-1.0891485275291177,-0.3698727015540729,-1.053718421539051,-2.516555522092729,-0.3366268272325451,-0.1951014658724043,-0.15611775510309078,-0.35859465668062585,-0.21573071288952084,0.24826620366518548,-0.035714285707903914,0.7430367071085608,0.6010356865995305,0.1900310152802518,1.6003515607828258,1.10111532217661,-1.1228614897611995,-0.2957524473083586,2.344262295100261,0.28143491124719766,-2.0059171597621464,-6.598937583028346,-2.864771036602913,-2.6475376476020367,-2.3077469793942162,-3.3106060605856613,-0.8216635239874244,-5.226217206152827,1.0019830917004429,-2.496871088859569,-1.9600735680718695,-0.31873216082672384,0.2571136261910554,-2.87964468183926,-0.8644199171622061
2008-08-31,-1.9950248756243658,1.7841119495340472,-1.2084278153217838,-0.24647412271855473,-0.21085426101724647,3.7009229168096676,0.332154711144534,0.7166543922456499,1.9659889571722244,-0.2721331113637091,-0.3981981604355963,0.5180375180123256,0.7128205128063132,-inf,2.005291005290161,-1.1097144630666114,33.47306287622804,2.3993519979109506,-0.760886210523401,-0.23278262628710644,-0.48171312881544837,-1.1738322392445475,-0.3176841135915175,0.4386065249241633,0.4482758620778813,2.479182441149011,0.19255511739679387,-1.7307548717195473,0.7662947915501876,-0.6181323273164716,1.3671523647526191,-0.4911538461482222,-0.6099744245456802,-1.184737309558793,-5.307843137259989,0.1988436399854112,-0.30053191495148646,-1.4455212152633061,-0.40134938001793774,-0.4238095237984376,-2.695880806313081,0.7782243913327056,2.4995235095369392,-0.6544117647054026,3.453213753924615,-0.3855172602861281,-2.268369829683852,-2.7584989983048214,-4.080303168185468
2008-09-30,18.0949999999529,0.31517159131650896,-1.5744747235841745,0.4906703572747373,-0.25381523950172247,5.314338247209658,0.12724213289665598,0.47084196673722034,0.4374961758128344,-0.6677665126882574,-1.4960432369645964,1.4025423728167166,-0.16129032259313092,-1.1302219321135192,-1.3351063829784289,-17.02237762237476,-0.1358051527252302,0.51782728777156,-2.168215157768282,-0.3323900795545165,-0.685158557582449,-2.028229004052453,-0.1676890918591022,0.5933856753104747,-1.0,1.7767756261866952,1.8337302780056257,-4.720234690511887,0.17517010758709572,2.0965173794662006,-10.090912166761928,5.911217437570444,8.92705167179814,-25.13852813850813,-12.682402104877413,2.150550795474652,2.8941798939223395,-7.323809524005437,2.3368253968140316,2.162297824908393,1.6317708333257857,1.108779020913607,1.7341862354485276,2.9396825396843838,0.6554978878523989,-1.2154930159517332,-0.6663703131040354,-5.641685331331988,1.3753045870529772
2008-10-31,3.885141029112602,0.028466537893989674,-11.055572686429253,-0.47294266078357017,-0.7659710798382517,0.39599365243536044,0.06271941103573808,0.4695536502912001,0.19022422319598875,0.8441056910568467,-0.723418937464475,0.4422222221122225,0.5604026845434891,6.958441558452329,61.88849557523671,8.597725718223689,1.4062525320499484,0.2657372539143801,0.7732234088785341,-0.480455027645289,-0.7775495505052741,-8.940062569023352,-2.3874703042958156,0.03673347518871384,inf,-1.229304255531389,-0.8410424398909309,-0.6907299579540931,-0.05280713591492192,1.1701441409798132,-0.4265199034343198,0.5284811903858762,0.7724295775604142,1.1409220532695286,-0.739681541995105,0.7835227269875715,3.0875168065547793,0.1666666663188403,-0.5417981875627622,2.627225291700579,-2.254303723704202,1.4110253544787796,-1.1993594509841372,-2.5590716888507545,0.3897444046315315,-0.9211731619124146,4.053326561706193,-0.5577500736232179,1.7714549848057284
2008-11-30,0.28841433418965634,-0.24950582811072974,1.0591507480729558,0.803167180196956,1.1192665645694069,0.8240739055519442,-0.09846398972405146,0.27203221314012427,-0.05551201735418776,2.067851905061,-4.767534537120503,0.6317016314715203,4.144047618936645,-7.4806733167754045,-1.2284905469659417,-0.8269710793554296,-0.04442617162813389,0.030396360208459372,-0.2156704278499958,-0.831950901025773,0.8624646000285783,0.7869691036807185,-0.6875567728517622,0.614090286479055,-0.2961538461467468,-2.3013980918664254,3.4916739201897595,2.2472788188087076,-0.34717772500104116,-0.7411810429671399,-1.1299369983191836,-0.5173450989048066,-0.7305251214223427,-1.0725117176751104,-2.8746762590137154,0.36041568185623785,-1.6701208994890617,0.8115942018483515,0.740767386081356,-0.699625926657899,-2.2484729311472114,0.041763889781678776,-2.6132651114441936,-0.7789670822404128,0.16628480789595268,-40.59522757401655,-0.03421213979181581,1.757340568736383,0.10066520410437496
2008-12-31,-0.013704687630642365,-0.2668714752641781,-0.5349731407968901,-0.9552820188634255,-1.138263372618017,-0.42941056681950696,-0.035165464504349875,0.13914317741267657,-0.12317446716364755,-0.12289570552168883,2.0875332091554126,-0.33142857166857154,-0.3663271991967695,-0.13828845918678012,5.862336601278618,-3.2789458098996334,0.14062665394005758,-0.02451735833677804,-0.8108820710524399,2.4853614072276997,0.028983896877003756,-0.5265487569725593,0.1030530056018748,-0.06169537645763212,0.5931372549127749,1.158833813245813,0.36557637697605605,0.5759565382017138,-0.34698234065009237,4.642550203736433,3.194778732882539,-1.3858623438790214,-1.4453264308387006,0.5794205794171812,0.00785078505385095,0.07407407205387195,-1.6629464281768174,0.16210525872576165,5.929558823458789,-0.5171149849816895,0.9212388472733024,-0.43441154120078873,1.0602054136956212,-3.1737557984102533,0.12466466860549041,1.5136798527261393,-0.3520456259428725,0.433717984801671,0.24427586135907586
2009-01-31,-0.8940217395210597,-0.3070693739647551,-1.3073740761845531,19.6799872548267,-20.13830439930729,-1.5506601621640006,-0.02139485284346465,-0.08137983885027078,-0.33296424437441763,-0.11413043478283191,-1.5931145651947531,-1.9868421049515232,-1.983022071182431,-2.187320261315439,-1.0,-0.5938041792175144,-1.0614013781336453,-0.2085627376942235,-7.523528972168942,3.338397685312964,-1.2545621060875767,-1.020315530156852,-0.3717858874675345,0.12614296151591842,-0.06849315067554884,-0.1192064702600415,-0.034923550253500246,-0.9795602798283739,-0.1676192642004014,-0.44387859147453923,-1.4265555555525309,0.15946718843503405,0.6470299459860334,0.5831863251967011,-1.7945317281957776,-15.045454460330577,1.7847707942382405,-4.958333222222226,-1.3206808300384292,-2.116926334907181,-1.0,-1.6519105471692859,-0.11169066834020325,-0.7891361619519971,-0.04118170669892529,-0.23101727438140995,-1.052602870149048,-1.2170368645529601,-0.7569697691896373
2009-02-28,-8.46666666355555,-0.3617606807961903,0.4393479935534834,-0.7279705934502019,0.057330395160313685,-1.4944125004688793,-0.09834800179252512,-0.31535827051892595,-0.6753810764169994,-2.502040816326147,-2.3086085142567754,-0.7304964538328048,-0.6090090089681035,-0.8103293244731911,inf,-0.7857324409057579,-4.521522121068417,-0.4765757418466947,1.0899824938284883,0.881739808021945,6.923066058272326,14.798206746258009,-3.593389115202096,-0.032753993786241886,-0.06410256409434423,-0.7598294484235683,-1.0092104921258322,-14.798591006355515,0.0849077199065904,-0.7267844191817866,-0.721691818844584,-1.671031226437059,-0.6066238594174913,-1.487767969732317,-0.31679343593252995,-1.016862544849797,-1.2138157880886427,-0.6076922976331363,0.6222659130476922,0.12423578792387557,-inf,-1.2206936787567622,-0.7238693645521741,-5.374480095069638,-0.28645389816852806,0.05669216964009105,-7.3222352024925605,-0.06917834135125867,-1.0103761154417876
2009-03-31,-1.389610390436836,-0.3068043801443239,-1.2710334425320706,1.200516900624593,0.03151558849417291,1.2651335340511283,-0.07436904220497798,-0.22035292610164248,-1.4491139958425552,-1.704654116241076,-0.8700528752271137,-3.9766666668566626,-3.124910265694591,-2.9640176600781416,0.0018112817057140962,-6.708745874582203,-4.643834477510454,-0.675047852768812,0.394834748669846,0.3719828279594566,0.6225900141186513,-1.6128250997345517,-0.10071629979976104,0.09657642379421616,-0.248192771078535,1.6171193940576654,-60.3532871924454,-1.394629166055378,0.20089065642589254,1.390572129448873,-2.4158954685422915,-1.2923619102428148,-4.349616858218464,-0.8375931842381016,-3.8613929805791503,-3.1111111107638902,-0.5086206892092744,-1.2039215695163399,-0.9052319244238782,-2.026075558246012,6.376725838255919,4.134034281367521,1.3134377440634166,-1.221843621995552,-0.35612603796327935,-0.6403178558783273,-0.36133304318092496,-1.6284147665580821,-117.67563274918635
2009-04-30,-0.08333333425925948,-0.623307025253963,-2.020054701567158,-0.1986804461179763,-0.01942915202001516,-0.986283151386093,-0.4958330110547865,-0.30628565491803483,1.7957134427186454,-0.5958853028161017,-8.548294632978035,-1.6497725794447253,-2.303330838197856,-2.617664563681138,-1.4582608695688541,-1.0846723487498975,-0.8325086321862832,-1.8878105981191857,-0.14883171086479796,-0.15425519355048678,-0.1390407206425225,-2.300398145875583,2.108884217967772,-0.17909705621276184,-0.2844827586167217,-0.4983015713363933,-0.6716022932109416,3.3829193619338493,-0.136579800989579,-0.9295649935515921,2.6300992112674946,9.438788692211531,-2.154248190853588,-17.430010604461646,-1.0279386660149932,-0.5546874998840334,-0.5232876710639898,0.02272727148760345,1.3670329670420047,-1.3339743589788229,-0.6673851921304399,-1.250978217698262,-0.469820574181008,6.66387434555211,-0.8816375245340834,-2.0511915959357765,-1.8392821733094908,1.351183085138731,-1.0651303218692572
2009-05-31,-2.1999999986666667,-1.71521910247813,0.4611453285109455,-0.7080189889088526,-0.5638192322415417,-28.287668749743744,-1.2995708849622054,-0.18548100488409547,0.20304220071971124,-3.4260034092667357,1.0201776496707167,-0.9109890109769351,-0.24413012722002103,-0.4092123769028514,-2.391465677174799,10.03933253873214,3.988605180435619,1.4530709484711464,-0.38905594235232965,-0.3789200684755196,-0.5638249765712315,-0.27088323144727555,-0.6538321034051225,-0.4666642854692815,0.288888888893825,0.257585299788023,0.6472866830836768,-0.8969384929724156,-0.27741846483848775,11.376023739594553,0.1998178297296611,-0.38106166020364707,0.35248150796270616,0.5314260046178869,-12.592982456155756,0.5123523094975053,4.341463415437244,-1.458333332552083,2.7916666666999275,4.054945054921923,-2.884339509856847,1.1872754295627828,0.1962460711677254,-0.5937610776311948,-7.070042216703932,2.8452381990871936,0.6899467770550733,-0.8932681162738326,-10.309784403584533
2009-06-30,-0.16666666574074085,3.273028702671854,4.64026268807312,-3.358770136254997,0.049554862294650004,2.1770366693194108,2.666161529178389,-0.3027539694422212,0.1201808734423564,-0.3575268817202758,-1.7863903944284123,17.793478261094034,-0.46047008543355905,-0.8237426791806647,-0.5459687123924236,0.7664486051496637,-0.0550907294768761,0.31690577889833427,-0.4366306693707672,-0.3491026536749049,-1.8844253696351527,4.700581951605327,0.6604846732585732,0.31904509891936983,-0.7606382978712097,-0.6791291654474945,-0.8747909798019935,7.553791813516357,-0.42927555357317404,-0.7491672183471532,-0.5720840312858033,-0.24456654457494642,-0.02570003839358459,-0.261242901018237,0.3571428571201325,-1.1237373737528058,-1.022331154694909,-1.0,-0.4515366430097997,0.642329778463461,2.8192072693302586,0.9441673924556122,-0.6612519988294201,-0.44723435225574426,0.5587724279652988,-1.7919490524484352,0.921855627496984,7.107878967470523,-2.3013363987721798
2009-08-31,-1.0,0.5479985534271332,-12.237723453378921,-2.0802022562938762,0.541983706826584,2.4630107746911998,-0.3972443639113523,-1.0154707149472866,0.21676326019085734,-1.875420875420898,-1.2182475849436512,-8.8584070797714,13.05533596835722,11.03409090908149,-0.22227356747277638,0.3158347380269375,-2.355622725308277,0.00018749416700392096,0.5664572834395301,0.6413898384601429,0.7472987704908438,24.797098580803134,0.7222034491209091,-0.4693749697612647,inf,-0.06723349792649791,-0.27503025122193747,-0.6928643210099741,-0.8068156366986283,-0.7648006196933179,-1.2127745478034835,-0.9139660430915475,-0.7129163380586998,-0.29245971975992835,-11.25563909776375,-3.7394106814515222,9.151515151400355,-inf,-0.6272933415811104,1.3129745042059544,-0.33198879552219596,8.807259328988888,-0.032191086662837765,-0.9329545454546149,-0.26026638046321204,-1.2887072583460812,-2.5769927536231103,-2.9425892942119587,-4.996643783371198
2009-09-30,-inf,0.08457013430966365,-0.4233495242292189,-1.280664279154208,0.817810791198323,-1.640081106644412,-0.8258532417531603,27.577755824344052,-0.010492695649016448,-0.8732935153583647,3.8012736022883367,-0.854381443320225,-0.39509862523815176,-0.2235294117724933,-0.10861850444069632,-0.4295548006498965,-1.2070390532222603,-0.11296658456367437,0.0935401733956358,0.17004352573539316,0.13930608679759393,-0.4434751769351094,0.18907895243587625,0.32227368729484995,0.9791666666688545,-0.229957124269501,-0.08684965140347312,0.1582553242689877,-2.2017660416479767,-2.624846066403732,-5.429065743945259,11.030482456125869,-0.036654620560749196,-0.15365584441210434,-0.44039270688418464,-1.714131994220221,-2.4732142855149872,4.294117645328731,3.5411899313406776,-0.8250959990179907,-0.07145383799459415,-2.258503747099606,-0.18822437845443207,-27.118721461185647,-0.30063303236245054,2.894283044158424,-1.3548571428571745,-1.2172545030429358,-0.39949974256570064
2009-10-31,2.199999998666664,-0.1187884920815877,0.5546903758936204,-3.193221831392949,0.36764114909722223,-1.6458167814345752,-4.899330994493886,-0.5774114294621318,-0.12614123320831427,50.08717948717934,-0.8431382208401403,1.552631578891961,-1.0,-2.141322591464524,-1.1577447893229804,-0.9227563538186645,-5.06656348977695,-0.13929075464524565,-0.17839327228636526,-0.025208739914633904,-0.08015346553819225,1.3503714940368665,1.0924695466779015,-0.24547987141571692,-0.02040816326323258,-0.734639093490357,-0.8388263605015989,2.6832291319359367,0.3425567537950551,-19.1566410708719,-13.89836001561109,-0.6810749520541628,-1.0,-0.5951167295380073,-1.4573863636307127,1.1298701299517604,-0.21518248162395437,0.4166666631944438,-1.0,-0.8715635738843396,-0.8980158730162685,-1.4009809006964324,-0.6366848486767351,-1.3323390894824843,-0.17376954767459318,-0.8343554974405751,-2.228540430148651,3.4953325554261943,-1.0887865361161628
2009-11-30,-1.0,-0.3851707247602356,0.11547856990411653,-2.8930063709923965,-0.7167551806076977,-0.8168530221428252,1.0292464137458275,-3.53355271383434,-0.33581242062050454,-2.1599471249171933,6.097496643154703,3.85555555527161,-inf,-2.9413489736242378,0.9922330097102017,-2.504769475356997,-0.6744615267204561,-0.2736851503344352,-0.5225466335519046,-0.24740790866846574,-0.33583991759474574,-0.3417312817706346,-0.7623434876720947,-0.9888735114890534,-1.490000000001,0.7962153034189323,5.204091766923865,-0.3313992591625887,-0.6133502717271473,0.2929963519538772,-2.015166909128258,-1.158094098882709,inf,0.8887070376356594,-5.3422204536651305,-0.7199999999799997,-0.5036231883517871,-0.31428571836734664,inf,-3.006896551721715,24.049701789255064,-0.2005346393216625,0.621412657497356,0.14877405489824813,-0.11597638103136243,6.24802422775503,0.9874429223745265,-1.0552974577364633,-0.14301049357013085
2010-01-31,-inf,0.3538901047443628,0.2471388784077737,-149.1202451461811,-2.1523655955752936,-0.9480312777510769,-0.9078030068068083,-3.7234820251693215,-0.0524324221079584,-5.7710843373493,-0.4867427898093497,-1.400149309690052,-1.3845943582377411,-1.2866071428719854,-1.0,-3.381161695450378,-2.089796121827713,-0.039865562687530276,1.037890453351995,0.17935215884405675,0.3769575816466555,2.786271164986806,0.7353628816311613,-0.9522885074434683,-inf,2.1367883083010386,-226.30554560473254,-2.4684550730322945,2.5502115025407512,-19.532791417175094,-2.1744781140328353,-1.1425217974477015,-1.0784776902840634,-3.31182795700306,-1.527613941038173,-1.1210533973590784,-1.475660983493018,inf,-0.41338777529769144,0.9506680369653269,-1.4133160397812385,-1.1052722121220317,1.4814038717217795,-0.6536578769435181,-0.028832734045499908,0.350132587816564,4.407235100665981,-3.1350420283864366,3.767021159960736
2010-02-28,-3.181818180165291,0.4201452856536303,-2.4671333297332843,-0.9686271982107998,-1.3956054668509754,9.653433665706606,-13.106795994405745,1.7809440596756945,0.08663050559750851,-1.2867436580791896,-0.8189717621698304,-0.956554878063653,-0.8686202686275737,-0.9035812672191487,inf,-1.764399999997694,-1.4361716560828235,0.0034366649067532062,0.7408756760655968,0.16065869441210512,0.3718381333218099,-1.0101300955712937,-0.40996370472238175,6.75071651450364,-1.0,-0.6718125686688797,-0.9328819052487506,-2.298546889788943,0.9627730841121902,-2.028654170670582,-2.533535591336773,0.10733944954525598,0.6472114137559684,-1.0251975615259263,-0.6007278955339361,4.085836909834405,-0.5944788196316396,3.1666666805555588,-0.8225296442678245,-1.5515873015668304,-1.451556224896774,-2.2398701445438576,-0.5609101563862938,-1.4102999434070536,-0.11544455605725767,-1.0012497101479858,-1.2318943317612616,-2.4137012987012803,-2.326788377474932
2010-03-31,0.26923077100591675,0.32658550838388734,-1.3481574550927364,1.243577924713239,-0.469623335967431,0.6720821096641449,0.3616934212235401,0.5617679725726477,0.20405708517494192,-4.252980132450244,10.16446787820742,-22.259259258939398,-7.358695652126649,-12.563711911339682,-1.8739356178636486,-1.766736768315801,-3.740850271888442,0.15119636228777789,0.25334182778018355,0.10077685471526543,0.3017662013662499,-64.50140901339259,0.7036412744660248,-2.7539448990017315,inf,0.9967608165788198,17.524253015119086,0.0034973287761328464,0.23842447283375878,-0.9556340222810078,-0.5290044070563051,-5.98798983082497,-3.942748091624888,-3.9941860465128434,-2.4416666666542657,-1.6016431924640187,-1.0,-0.5636363603305786,-0.004329004328111563,-1.8046444122072458,-1.8452616690263999,30.932519554461486,0.6547438166401838,-1.0,0.05963933579989966,-634.0051599311732,-3.5682627378759237,-0.5758805855986309,-1.0978208039427801
2010-04-30,0.08333333489583361,-0.08410966386230145,-0.3057855960889595,-1.5423501892562785,-0.25017664403468265,-0.5824618066784499,-0.7443762618210056,-0.01991153979013649,-0.09401968680713158,0.5135613207548431,0.7222163547702927,-1.1890756303001595,-1.4329411764890414,-1.6131114130536504,-1.2537950664129478,-0.7110959216227535,-0.36768266148506934,-0.0985535711871528,-0.35259406906794477,-0.34801622201710813,-0.09765079842692492,-0.614716098467478,-0.6546488515576006,0.53181725524784,-1.0,-0.48839284187765275,-0.30919294157754074,-2.0409281467037204,-0.45076288204731896,10.678796074570998,-3.5886316892188184,-0.6962486222709547,-0.3635627530511868,6.040935672506581,-2.508571428589388,0.3831168831487639,inf,-0.8166666662222221,1.4892241379334457,0.32784538294179577,-2.180694722776077,-0.6040547115916621,-0.36427581400672626,-inf,-0.1100981877085856,0.7429810572207705,-0.5277402215422287,-2.143198347978573,-6.080296620165874
2010-05-31,-1.0,-0.20129415600765288,-3.2594802279644997,2.754873991262975,2.5891095949405565,0.08085121542272256,-5.1300121393004146,-0.17201029993258543,-0.1298010634764475,-2.8878328624028233,-0.15219224911564722,3.4164948451376294,1.885802469079925,1.6363143631157242,-17.43761814745943,9.0319999999951,-4.158003647588463,-0.131236526187272,-0.955147500927462,-0.7819739400658913,-0.2107220945027235,-0.40848438146173727,1.1510693105328085,1.115926680244399,-inf,2.8026488474202185,0.4841004931930921,-2.1132131098335103,-1.6660720745396251,1.230612934097136,0.7922150026135739,-7.200728512705454,-6.880952380862329,-2.1916376306521075,-0.6604767184100553,-3.3916666667378514,-2.6185737977574832,-1.0,-8.914712153536202,-2.738690476150544,-4.944664031631515,-2.102791412467709,1.7273041032254968,-2.0193905817171824,-0.13651032301756605,-0.08934432622708066,-0.6385328337605807,-1.9086770921829481,1.0536778894394954
2010-06-30,-inf,-0.19049280687028958,-0.19427147032835967,-0.012507359247948102,0.6560929028522355,-0.28270943253067427,0.5862426254614248,-0.19742433733112363,-0.030752562498722158,-0.46745942736522605,-1.0124456583160106,-0.0883458649213491,0.08701298694269233,-0.0025441246931415806,-0.7414467253209447,-1.9297520661107872,-1.1623669140345383,-0.1937038685263769,-12.114898887832824,-1.9709721915142648,-0.14178919799750078,-2.3099241897664946,-0.5661358131266752,-1.270595889624555,-0.31250000000217415,-0.839470994675144,-0.8881147132568601,0.09743352590825927,3.174642803234474,-0.5957684642865883,-0.8305120348614535,-0.9120009202487359,-0.6931949250060865,-1.715116279076526,3.379172229610412,-0.499938718023073,-0.44249260360281517,-inf,-0.5627039627126564,0.587039180087586,-0.6597429766925222,-0.8035718686316305,-0.7279367101384319,0.681677018633998,-0.49835906299207977,-0.9318632502381106,-4.242965367965388,0.8415848446344247,-0.6202778389510145
2010-07-31,-1.0,0.09575301510245549,-5.463407715080881,-0.19216047455612395,-0.27231575932870544,0.79152514533957,-0.16395996959524506,0.013372431115899808,0.2983076539709826,-1.231422673864684,-17.910732959706714,-0.5016393444235425,-0.28095152285619973,-0.901663695784743,1.0327868852391826,-2.1869092206227534,-0.338040139393456,-0.11050689060294672,-0.1504245885453338,-0.48732561004906894,0.2477329937311359,-3.027168493209088,-0.9535106519952066,-0.4368793151010337,-1.0,0.737630406081905,3.2793613177780685,-1.472233666716432,0.9812412145123401,-0.9701667652333572,-5.150006212368803,-4.524263674624941,-1.8395420369283784,0.7844712181936637,-0.1542955326732084,-0.8713639301934973,-0.1952380952844761,-2.3333333305555555,-0.09110169492346487,-1.0650990099042574,0.6986496090905576,-2.4332636448711367,0.3346450897502449,-4.308771929825974,-1.5783696040490884,4.425543709002003,-1.4648082163068277,-1.4742456440679776,-1.2685243407313969
2010-08-31,inf,0.20207345292140122,-0.21821013195252614,-1.0,-0.13675422470700382,0.05598443766105765,-0.8451215496261988,0.08883767503892726,0.32615222267010546,4.202930402930581,1.6408249221190765,0.47878787852341853,0.5898026314734792,14.826530612190385,0.48622881354899405,0.6491453637779305,-0.5647158955240508,-0.07500756995098146,-1.32951373919311,-4.560190724566331,0.36298034788694133,0.6090175950761405,41.99904198533462,-1.037060039643999,inf,-0.0403607695013134,-0.5604262686956656,-3.394851703891287,0.5256314760525569,76.56512290341735,-1.3394888991628202,-1.6611869836376552,-1.622599555274221,-0.17441458866887627,0.3218689162491417,13.155555555469123,1.3496503495329821,-1.0,0.4047619047499762,0.346666666662232,0.23964757708377316,0.44438361303995744,-0.06301919900611352,-1.150370530253737,3.2564627609112655,0.684373872474576,0.3289878689118786,-3.073972186375447,-7.182939233055875
2010-09-30,-1.0,-0.06266370592788928,0.10530298957072692,inf,0.38264971700677153,-0.4891198971881219,-3.607768465345265,-0.126203451277216,0.06404827392374957,-1.0859923772325084,-0.7996492822867269,-0.2686170215029433,-0.7326649958568097,-1.1519510724339581,-1.182821729445097,-1.0,-4.3358992160609535,0.06454812280893707,1.7843552164686978,0.43874863080718685,0.09846911419550142,-0.2751880015482865,-0.4075443252888955,-28.666030275846033,-1.0,-0.23604948885853694,-0.22485355671353402,-0.2054587259352736,0.21475357509665693,-0.42901480777237744,-1.8313574950168237,-2.90462427747043,-0.6132890365404338,-0.5607599699072796,-0.880357142862352,-2.0996240600378413,-1.5507703080455717,-inf,-0.8342105263178684,-2.2668918918861793,-0.7686034658532759,1.2609103387061777,-0.20674546021883566,-1.6262039846946958,0.11867863683385615,-0.6823055401900224,-1.0,-0.33520724953849745,-0.5568488921934064
2010-12-31,-inf,-0.6536693059114357,0.5851726128423687,-0.03439129891612014,-0.3927228175288876,-0.21121169156235142,-1.635796298460233,-1.7058682005147263,-0.13004507456997105,-3.9889908256880937,1.7584959294899645,0.09898989978002248,0.4326530614743851,1.5478449980849862,-0.2413271371383895,-0.13040540540027135,1.1292637271221637,0.1737365363146104,0.51946903670791,0.8488569317707044,-0.026073009650105394,0.13585935197335397,-0.8378175740752756,-0.3886868333584841,-2.1989795918419395,13.124802410147039,1.4105876045423589,-0.56387570685199,-0.07146522064133853,0.4634167040952446,-3.228394658311649,-3.662878367910945,2.032178217783654,0.24170403588750822,1.265582655899264,-4.944444444390764,3.6450216451439212,-1.0,-0.33614260141888197,16.610759493635825,1.6013368984194831,-0.31209849162968484,5.294808661693739,-0.29691304970577714,1.0207055394125382,1.5595901243740786,0.8075265171696306,-0.9753480032125234,1.1432327250100358
2011-01-31,0.05555555524691069,4.376543954125498,-0.19258544582847414,0.1567237296139259,1.3690651450526192,0.15361878005818208,0.09598231706483218,-3.48397959907913,0.01844206972685969,-16.335497835497524,-0.0667257197337282,-1.1383196722117712,-1.0812603648573054,-0.7914656771689433,-0.8706507304108895,-1.053916211293528,-0.9267167244255723,0.006338115948673062,-0.7342609026005598,-0.593707350618877,0.17702415390686954,0.3270949398570735,9.155754548990485,-0.963437563615295,-0.5784946236582242,-1.2174441748407008,-0.7415599924205336,0.21246044505756334,-0.2549220280131189,-0.027536203655889713,-1.4077082877172338,-0.5315944410327029,-1.0,-1.1817144719709531,-1.0385579937327858,-0.8434782608620036,-0.6227623892583364,inf,-0.5878418256883701,-0.6465683782549075,-1.1180891035988911,0.053474999388839484,-1.158147483705991,-1.099421430224538,-0.019845280839979274,0.9132413780397184,0.48418555614135905,2.1980794622494777,1.2008265911881582
2011-02-28,0.058823529065746616,1.2941454413653495,-0.008808880224481785,-0.10210404789689898,-0.11053584283563322,-0.39511105506608923,-1.59683752345542,2.746449245698165,0.03934176219099217,-2.0623931623934473,-0.26768876030791877,-4.856321838753464,-4.092307692260363,-1.0,7.964285714292579,-7.009852216747328,-0.5807366773004818,-0.17684526054549055,-4.640515571204368,-2.774553610813054,0.1544602064510634,-0.07212867230022335,-0.18309547938752346,70.66502342573698,-0.48901098901220097,0.9005147395149502,0.5400224727030327,0.005102092439710937,-0.4444610770626888,0.515692961003489,-1.60250148144622,-0.031853972810480524,-inf,-0.5957173447546715,-6.034722222210165,0.2286324786416154,0.36459968607771676,-2.8666666675555583,0.27123893805947263,0.22996632994850197,-3.531249999993475,0.0017991132914569885,1.317986099750374,-12.044474393530493,-0.44436302584185217,-0.6449360125250663,0.017246151185007053,4.052795914699775,-5.8221677795754125
2011-03-31,1.1249999992187472,0.44161177713641764,0.6094537373065814,-0.22865905690780908,-0.4132748081701687,2.000100246095216,2.3929108109980404,0.9062416968715439,0.16377702834282903,-1.8950548604094737,-0.7570631997339914,-0.15942028962402766,-0.44053208135290434,inf,-1.4827586206929582,-2.980487804881207,82.35085956687104,-0.07192359842714602,0.49438277516200824,0.5318754468791149,0.2572800998616669,0.44303908432231687,-0.13442470290985553,0.04015124601575559,-1.0,-3.5179082394101457,1.7387928927261034,-0.07131097034972556,0.2999705028544648,-0.16702968413612373,-0.4498083406474468,-0.9645746164578969,-1.0948001414912365,-2.0043010752678923,-1.193288590606279,0.7623430962500535,-0.7121175030469952,0.7307692289940835,-2.046815550047829,-1.4040706375261036,-1.5818181818218524,0.29620124951758653,-3.621697701088389,-3.9012707722401814,-0.5969914441605211,-0.6999822520716441,0.07940953573436449,-0.0829729824746227,-0.6993117393457351
2011-04-30,1.2857142836734705,-0.15192859456233465,-0.09267319305173283,0.08445472717670333,0.131558355025569,-0.5934428426181793,0.22242855381545223,0.28884246722586693,-0.1053367358388203,-1.4775502008033405,0.8545969412520023,-2.4897727275696013,-3.3340097403135456,-3.9567723343063963,-1.339181286548571,-0.9150082918742328,-0.5375350910761616,-0.2908297820969403,-0.7231005243552653,-0.9248830302595609,-0.027882333497616263,0.05537825087260284,0.5159540659696567,0.4528738630996818,inf,-1.3196459973572754,-1.691666282052564,-0.6861274317286716,1.0093564072909746,0.27867279516829746,4.070185003779262,0.002096436058171891,-1.0,-11.455032119924198,9.06756756754474,-0.036290322566011834,2.8914027149812656,0.7333333293333337,-0.9263541336717004,-2.1770992366499566,-0.09465020576470162,-0.446893969506859,-1.3549781258782392,-1.264074074073569,-1.4894360165961262,0.5283479030734104,0.1274805102765073,-1.5021976557293497,0.8103302616157424
2011-05-31,-0.6500000009999998,-0.4176252405312785,-0.32218840050333375,-0.024612415117945763,0.6390232005513725,-0.38151658149825685,-0.04700364666885659,0.19365925241217297,-0.1737200138320829,-1.1648092921048274,-0.29944242354283035,0.10440034469511539,0.22128219582675945,0.8813253011803197,-7.627906976751649,23.03986710962624,-2.147607528121095,-0.38961355906765693,-5.019201717078155,-23.00063515144188,-0.07930834322892877,-0.2843658902993801,0.03608464712729331,-0.6940113890658777,-1.9890109890121965,-1.3712910532386724,-1.0476109655526222,5.686387246088073,0.8714655144540517,0.12359405092259035,-1.2815713394900083,-34.06932773107858,inf,-0.15235959855648595,0.07246376808968469,-4.431041936926965,-2.6913265306872125,-0.1666666722222222,20.046666666656744,-1.8528645833257,1.287656903757818,-1.4029981834201732,-1.1704131759165286,0.8920518250912461,2.2265223421100333,-0.24187488712988015,-0.74851342650454,-5.546634749899007,1.1333023265392224
2011-06-30,-1.0,-0.4525495503739193,-1.0,1.0866431330964592,0.16285003345597704,0.12226045798434293,-0.15273731780148525,-0.029156734935749773,-0.34767252379978586,5.630506748153957,1.162809165310183,-1.0,-1.3234811165562204,-1.5241044322871802,-1.156048387095556,-0.8698096885822114,-0.37161628639942335,-0.47986467460947113,0.6900857538640592,0.4748067585105811,-0.2404305871852721,-1.0674110007874007,-0.5381348403325781,1.318238474154164,-2.0111111111098765,1.4015599248718051,4.915786023722806,-0.5843599641090884,0.18783567481951513,0.16183326350447524,0.45931576514549244,-0.06483300588117225,-0.026415094329648392,-2.100781571360025,-1.431249999987794,-1.6424999999644454,-1.081666666659166,-1.0,-0.7002997003029623,1.7463601532772692,-0.48043478261295147,-4.629312023458706,2.3482349977195502,-1.5845371616574528,-0.04944168118305192,1.1478160396701802,-1.1990200881920563,-0.44727726304621596,0.7981286007655057
2011-08-31,-2.9285714224489805,0.7964888948436888,0.20397626788450496,-0.2473924097697262,0.23322500124389145,-0.49359034351217523,-0.009057150132441127,-0.2556294799045077,-1.339038294704578,-3.4723381487427414,-0.6578530903401666,1.2222222209876534,0.2401084008700196,0.848108746970724,8.446923597001891,-40.93055555556841,-12.954926775732648,0.24947228404554278,-0.4172673508697049,-0.697266997256071,-0.6720089986767072,0.3837205281338574,0.34615528740763346,1.338293229892721,-1.0,0.34100200053451646,-0.28311744202427525,2.3751329560227736,-0.3549045957201479,0.46192654575255965,-0.522609415570742,9.441756272456663,8.426714801506634,-1.535971223012958,-0.026229508226955134,-39.84016393449258,-9.580917874477807,-inf,-16.354800936802476,28.89130434786614,-9.177472527488462,-3.026754945768706,0.38734618975952806,0.13683935112311985,-11.859436658466223,-0.6959640007251006,-2.993157380254228,3.041901757815441,0.11786163809872208
2011-10-31,-0.37500000156250035,0.18893429615732216,-0.6890662462235799,0.5200816882232693,0.5139090817626462,-0.40304272141450326,0.7575369412465529,0.0032791259254809635,-0.9669976455305038,-1.5538461538462487,inf,-1.0,inf,-1.9366599461687422,-0.5802479916237614,-2.130086443175818,-2.1204558138326446,0.390463884858669,-2.5009196837001157,1.0085291111228019,3.0343212627081186,-0.9847542544531251,-0.2908030873611226,-0.055405965027531034,-inf,-10.112474497538562,1.2987021643057255,0.6878351901943132,-0.41057099853232704,0.05852982424235775,-1.843777403374764,-2.047873081185725,-6.5151515151772434,-1.7378881987681618,-0.7454954954975161,-2.327619047508027,-2.980606060437171,-2.99999990000001,-0.877893750841288,-1.2830712303487422,-1.4510153188401451,-0.40942359083824,-3.397565205821055,-0.6704973881440808,-0.07938368352288128,3.082967702617575,-6.18723613156608,inf,118.99714625402241
2012-01-31,-2.1428571408163264,-0.12625598639852886,10.460238766908441,-0.3196917756578025,-0.06926926789475563,6.174515403064647,-0.22713768484125363,0.04482870344556833,0.029636022339193602,-2.747669096456966,-0.08698362931255033,-inf,0.06765523615574431,-0.6524644945865559,-2.312977099241821,-1.1780086580093794,0.21099890194504423,-0.3253465473023507,-0.6347576077565908,-1.2762912077389394,-0.04124648195422653,4.922506172575585,0.8062200956940067,0.6939516125711451,1.0235294117619378,0.1440538212650153,0.30427225207928954,-5.474984831631046,-0.14948545474281183,2.482909919694205,0.0692307692235361,0.19289666072712475,-1.9908256880762,1.9935897435728318,-0.49714536673392296,-2.74319727887252,-2.8882722899333837,inf,-2.2667785234842968,-1.068370467453973,-2.007594936706938,4.1654132814291644,0.20314843153308382,-0.2503807282282251,49.37559969726155,-0.36601093728901524,-1.5670045045044696,-2.8112517616766755,0.030330416725903087
2012-02-29,0.7500000031250014,-0.24871880489673504,-0.21538461898439587,0.21098231276616275,-0.6680618495273984,0.1360077839598206,-0.5570714094393231,-0.08865061625906723,-0.29186083122794815,-1.62889302236852,-0.20024440345594263,-4.030303028650138,-2.5586854456919927,-3.581967213069969,-1.0,3.5172084129987544,0.18354093887265632,-0.7908526542183288,-2.6292937432535908,4.550275564036211,-0.3059048085160522,-0.3459865646367287,-0.5323076923076691,-0.18683714668300677,-1.0,-0.4730971255937054,-0.5921169360321337,-0.8333384314347058,-0.22034427589694594,-0.5293670901454203,-0.6929947624418789,0.11143916840098234,3.7098765431965743,-0.5047619047709742,-0.8949238578705968,-0.07109004735967295,-0.679200293439163,6.666666463317483e-08,0.5735973597446946,8.0276073619545,-1.992462311559683,0.6265896559176138,-0.6834909208668668,-0.9451764705881824,0.6610441055000555,0.19584467706497732,-0.004484304932681593,-0.985169359657418,-0.3333274244572948
2012-03-31,0.20000000299999976,-0.11981652774810769,-0.02057396320019167,0.18929258897568912,1.8260783996401355,-0.9264947562473471,-0.6443896418378955,-0.10383977027590119,-0.2536264134570936,-0.5135316985646114,-0.3248401385298537,-0.7249999996666664,-0.13290229862597447,0.5404040404678103,inf,-2.017509727623053,0.9216659976405319,-3.121994028509103,0.8216672669462115,0.262150351631562,-0.12073466889886342,-0.14476992020978074,0.21535446710834205,-0.19592224304004335,-inf,-2.642332585476236,-3.1206175044916473,1.019786347999315,0.39736411972289765,-0.05555256179290757,2.059970023038167,-1.0175452566754115,-0.7760368663625671,-1.5198019801931184,-2.0051020408137235,-0.6265486725546239,-0.7423481041495739,-1.0555555567901234,1.0703376205963515,0.25692253766868967,-2.3434599156092606,-0.7367536360043645,-6.341682872468158,1.9880478087651459,0.451247815599481,-0.3275216305544769,1.8759920634921028,34.49265466583107,-0.22713429789377504
2012-04-30,-0.7435897429980274,-0.12124352591823462,-0.20668170885200887,0.11053258913574582,-0.040157177196674665,2.6694041865556666,-0.06105373845973572,-0.39549287991916005,-0.29970198639243584,-7.5278976818543955,0.0859108202875487,-2.8181818187327803,-2.0825791857237643,-1.9944394619397134,-1.206766917295119,-1.4367962608894982,-1.6989554686722015,0.9778989140175744,-0.34591966266639573,-0.5803886755364198,0.09800388652450964,-0.31242628653858184,-0.10979342476006093,-0.6300848696613491,-1.0,-2.3728701177594997,-1.5645967514345176,0.5354879849326377,0.6798021865521406,0.4202135046516735,-1.6695915446369716,3.991652754592467,-5.375678610192479,-2.4708737864148365,-7.96446700509418,-2.136494252886565,0.3135313531451165,-1.0,-1.5577474892488916,-1.7534165181138581,-3.7224310777011507,-2.5761998265380353,-1.754069062576657,-0.780402449693752,0.1752377194326431,0.02759692303028527,-1.1898591124840026,-0.6504548498756724,0.5288932199758265
2012-08-31,-inf,-0.2412007785174296,19.115402593235576,0.451020141133436,-0.24321855538355353,0.44829364983314424,0.22978604360149557,-4.212979155586485,-0.18694134897529358,-1.8424483306835993,-1.0575507839771001,-0.8565217393194706,-0.9000000000277777,-1.4147350993114343,-1.3568627450911188,-1.2748802190263775,0.05777137446368985,-0.7476017601561686,-0.970781017289534,-11.532845049748257,-0.18471844446350272,8.320167372059071,-0.38605144384915924,0.21248116856795263,-inf,-3.0411460782460824,-0.3200532146850896,-0.4206919799102581,-0.015958666334634053,-0.11764113965830258,-1.7120629345709706,-0.32792207792682326,-0.48165137615240017,-0.7751474573620682,-0.9042443064259351,-0.3084415584312332,0.02533532045311815,-1.0,-2.7058617058348693,0.8662674650599962,-1.6168885892383749,1.9289052612378628,-18.395109018876752,-3.249884739510899,-0.570931149187835,-1.1864074653639478,7.65367316341883,-0.3522360143820469,-0.7798934222413922
2012-09-30,-1.4102564096646946,0.1279811237566877,-0.1787170494100685,0.18396038807084802,0.6179215636385766,0.2531939440030302,0.0505138008731989,1.0022525638420308,0.07357490666653344,5.519514967790993,23.82987122923458,-2.045454545247934,-4.050847457540937,0.28237791935304646,-0.8778735632175624,-2.735743380858306,-0.9160596832548312,-1.9230757416031192,-26.703704957572135,0.8278696386532249,-0.20175676385694175,-0.09452688640481999,0.9309776492790935,0.038410400448288806,2.0370370370324733,-0.8695690108612137,0.330450847735148,1.4600309721828397,-0.18782262740806333,0.061289198894394215,0.2913801350202907,0.3734671125908393,1.3769470404848554,1.0386740331384945,0.012578616344290028,2.324444444478036,0.2512820513241296,inf,-0.42860008021029394,0.03405572754363595,-2.8470752089283975,-0.43134758311205246,-0.6311988260465143,0.9461641991931877,-0.7604811212521962,8.322758470421421,-0.3545406246441767,-0.1875566810374819,1.8094332818426513
2012-10-31,0.8571428581632627,0.7173114558687648,-0.4347843059751122,-0.007377104961058478,-0.14477491080002314,-0.351774893076364,0.014308718312642688,0.2880800330542126,0.5046611990972905,-0.3491005573116063,-0.033142514228892805,5.695652175236288,2.1720430110128297,-0.16742424239852838,-2.9942693409758094,2.76800472253906,-10.142057794402092,0.5349682852804338,0.593098553992881,0.3153800556027122,-0.06105199434081665,-0.027266785572459096,0.9800291383426369,-0.12687254506230483,-1.0,-6.9877085292800905,-0.029445506629578677,-0.6919731405639414,-0.35856303984019733,-0.07908580635877738,-2.8318791970713617,-0.5225029036038022,1.539320614203103,0.18883415433818396,0.012738853495070757,-0.5624696159318909,-0.9422393364906435,-1.9090909099173554,-0.825126262623851,1.7293123542825666,-1.0555727554170928,-0.8522070127629421,-1.7908370935942433,0.02008301404923185,0.4613829998503558,-0.08182495979451865,-1.525008633590442,0.2604139925004356,0.24802451241890622
2012-11-30,-1.0,0.5197594587599303,-1.6227187293418537,-0.3154391530216356,-0.16296837332678948,0.2735772769104792,-0.11880731230169905,-0.02939475688471327,0.4007284680604546,-2.1162648666024766,0.2801264415736302,-1.547619048174603,-1.9472222224344138,-2.3704318937215065,-2.508645533138708,-0.7154853879778067,-0.4024628998747368,-0.506031147908061,0.007669041271870958,0.026256295070181235,-0.03469149178909836,-1.23063376634686,-0.5585934185534134,-0.007430646311037181,-inf,0.215588503940368,-2.8524496803860107,-0.8399520677784044,-0.7900784699081184,-0.12714461354079032,-1.8044453186546263,-1.1853705796861158,-1.7276449040859745,-1.1310240963837277,0.012903225798126972,-2.089000000014397,-11.948113207571422,0.09999999900000156,-5.965517241391201,-1.1140489825721034,-9.97360703813073,1.667652564180281,0.44441368846292284,-0.9779548397995217,1.971552209803547,0.33053041175609876,0.8972426972426313,-0.07880868705905586,1.2281584717508793
2013-01-31,-inf,-0.192155945529758,-17.359123646089888,0.1616333910543435,0.27377437518021175,24.422203596843598,-0.03668545758882491,-0.2503520840516811,-0.18031355542252392,-1.525220680958478,-3.32289383662038,inf,0.2323232326318747,0.36516853940159133,-0.04109589039969963,-0.1882649388002272,2.97733996116033,-0.3373109906981142,-0.648622600624705,-0.26363398928761794,-0.11927898446222596,-13.06857004648062,1.7371093470310637,-0.22362145523523735,-0.5126582278465011,-1.0527064122209677,-1.4876309264741963,-0.744490193444014,-0.7330674199177079,-0.702408884983286,-2.5319877139211266,0.3310982239805209,-0.6894736842142175,-10.02702702701909,-0.8209574467810108,2.4428571428804555,1.8851674641697764,-1.0,1.4305555555796676,-2.769072164959078,4.946268656732398,1.1131863337499421,-2.020003548672677,-1.104182413706053,-0.1587762632699785,-2.9507844792164533,-4.33829611248951,-0.4398045480172912,-0.9796439128455234
2013-02-28,-1.5714285709183664,-0.5167140210723631,1.7412949640776483,0.15641651876322693,-0.32686089749813907,-0.46827358478130043,-0.10186475777164539,-0.44143236376971984,-0.4876930482376175,-1.9242424242423304,-1.0191869066748913,-1.9259259262002744,-1.562500000142045,-1.4773102310549624,-0.3596491228000914,0.17463002114699866,-0.9088272027255292,2.407828671583205,-2.202989291935563,-0.5295211149391555,-0.24542097261131002,0.8693700555674657,-0.46140600604170523,0.5058295015859169,-3.962500000004696,-32.74802864378192,-2.10195543242883,-1.0,-9.342447857310654,-1.2299679869335927,-1.4150114591230745,-1.0829836829824593,-3.358156028359982,-1.649122807022675,-1.8616975441844623,-1.4054054054143512,-1.5606223176241956,inf,-0.579220779211293,-1.5732860520031702,-1.105445388733113,0.8066834625763832,-3.3751251571435756,3.170731707317808,-0.6037794180202831,-1.0323692752279812,0.7911111111111662,-2.8873207047084573,-16.08724042046596
2013-03-31,-1.9333333337777778,-0.39408479741492997,-1.5178558074474984,-0.20972511538100225,-0.33920274893738733,-1.0104632596493297,0.07853727439584257,-0.060328731237704214,-0.4733826958198225,-0.40124740124734937,0.5321695114152032,-1.0,-1.0,-0.8355718355774363,-0.7076923076903332,-1.0,-4.579360083661655,1.0413347239611723,1.2308742412205804,-0.47302552425769684,0.11375300969128888,-1.3703636172804994,-0.15777954057806087,-0.5028019853393035,-0.3073593073626796,-0.14500253133021057,-1.3799016933781993,-inf,0.8019048302252734,-8.160499210613525,-3.1033794090475504,-4.97590361446264,-0.024221453278822302,-1.1696428571419752,-1.2099502487512686,-0.6587615283298702,-1.427522935767192,-1.2333333343333335,-1.107956536979612,-0.6069686411125562,-4.017094017089147,-1.6056600781132468,-0.17290505915775656,-0.7497287032011359,-1.0259712153044662,0.3959757988458996,-1.165198237885475,-1.6871682897722904,-3.255261763971689
2013-04-30,-2.0714285709183673,0.2996907841597296,-0.25745400546623276,0.09873055077122506,-0.8312743455588284,21.500797158593016,-0.09443950143337299,0.5056207342941952,-0.29121067829929326,-4.472566006600832,0.3115416748751352,-inf,-inf,7.5909090908605705,-7.615776081437836,-inf,-0.5577499662680685,0.37461022923265985,-0.043952296804575464,0.07902142188841732,0.23744409838992842,-0.22914289570841395,-0.46560620888207194,0.30848838331781536,-1.5133333333315533,-1.2529294588728828,1.5483700584609577,-22.767601359553282,-0.15524004231448307,-0.0884246620623963,-1.3563818757479913,1.6471193415506633,-2.813223938238778,-16.95252225520661,-5.950738916280413,7.567729083638344,-3.9196428571787307,2.3333333296296273,22.07278481010404,-3.9792387543324432,-3.7857142857276207,-0.38962706350392196,-1.7249589405156898,-3.172010178117393,18.915615514638766,0.4108424421732899,0.6691176470587485,1.325108701901192,-0.42566348063060133
2013-05-31,-4.7333333351111175,1.0335189691710234,-1.1983522998193987,0.15880205527337377,3.315085103153354,-5.503590075435906,-0.08289516887153625,0.8001146554997214,1.2554253373944237,-1.6566295979468268,1.4945523583410583,-4.030303028650138,-5.655228757369763,-3.976470588076123,-1.8428954423477493,-1.5689626277795148,-3.8153656379459537,0.2582718355982261,-0.40058218231397325,0.9946145295184183,0.4155397152314264,-1.722383306385069,1.3901333502430022,0.14896266899896404,-1.9868421052648892,-1.9160699574250888,-1.8905857518085734,-0.8576774835771954,-0.5738055940797995,-0.4854497117618457,2.1846226006790856,-1.241191066994138,-0.6781734166943116,-3.1653037382857296,-4.891709844460258,-0.1797385621152453,0.14778856521951877,-5.5555555711350735e-09,-1.8440421427301816,-0.4893992932899611,-3.5323529411410055,-2.286619020164806,-0.977908039514586,-4.787839124225188,-0.7297960941600997,0.8117773982304022,-2.202948402948377,-0.48289519870823694,-0.40099459337598276
2013-06-30,-0.3181818198347105,0.39992334976663546,4.747619591794206,-0.08765256239950048,1.157017245977762,-0.43905088666961556,-0.23036058700405437,0.36806871229701454,1.7162250128939602,-1.8600452744766192,-0.5709937885275074,-0.44999999933333334,-0.3698841695576395,-0.38405797093733274,1.27731362470377,2.1884627001111543,-0.644248156906274,-0.0426071454276975,-0.45425902484279557,0.1846416090759857,0.15083389182294837,2.0263506263593722,0.47100472974352736,-0.1648667079166275,-1.0,0.9576324252337876,-0.32898714893507275,1.9925035697288482,-0.7089796842737368,0.6341987136595868,-0.8329169792978883,7.300865800893407,-2.0143369175575856,0.42886492043183777,-0.09283196232156432,0.7918552035748665,-0.36222910219863835,-1.7499999937500004,0.5178635227166597,-4.0321428571313636,0.41476217916263125,-0.5033288227334236,-21.195386460536866,-1.0446489882387886,-14.577967414130885,-0.5975953025931906,-0.6676465784745678,-1.4703759951247475,0.07386637510434002
2013-07-31,-1.0,0.2491515773371742,-0.17768208998166135,-0.17396655076158374,0.4949038749048955,0.23435629728748797,-0.34024290589949,0.28500559496996347,1.2150076680913209,-1.4994171501918239,-0.9240529263136429,-1.6944444448302467,-1.0620567376037424,-0.8095238095112116,-0.8321829163033212,-0.7424394738998401,7.718037578289062,-0.20940744532313893,0.2074437651927754,-0.14293938739226808,0.08667384711237736,-0.4399230653785494,-0.2605330229124876,-0.31933104218648045,-inf,-2.7562618641972727,-4.887430608736741,-0.842450897133784,1.698963111835416,0.3601852314546585,-6.887031859018958,-1.7514883373098091,-4.69699646644982,-1.1509094353976532,-0.8935185185116603,-2.1610324348437038,-2.062499999964489,-1.8000000039999997,-0.33762677482970427,-2.6147635524977684,-1.1971369437812565,0.9123333682019152,-5.332919695307735,-3.5118906064207507,2.181135662698465,-1.3781359553029786,-0.5004894762604699,-2.950898436699574,-0.4303127924947212
2013-08-31,-inf,0.06454278347108211,0.21959073129526518,0.40261830263214105,-0.14157235931339707,0.20268411709464607,-0.6462870245806105,0.13962526054184132,0.6138737811000066,-0.13960643015516294,19.405469065089477,-2.858064515296567,-9.173913043352238,1.1807692307958524,1.8110599078447107,-0.24956622324690259,-0.7962617976437596,-0.24341518461306955,0.6796188091742108,-0.5278123281500215,-0.04147457974132196,0.1917949324376318,-0.15108132175671773,0.9900216362047831,-0.4863013698648925,-2.833434067642946,-2.1045454162913644,-0.4007077975698342,1.8668101012327605,-0.12436015257496236,-2.3086722846449312,-1.1106157112503996,-0.15522388061372128,-2.704450041972021,1.1600000000145507,-1.4676850764050773,-1.7700534759615658,-1.0,-0.3272655322401721,-0.5781021897890132,-2.3797370456195486,-1.3705226757209943,-2.277017005546747,-3.964747356052118,0.8125601142917174,-4.809941847688533,-2.9990215264190754,-0.8296707323456974,0.7469579105191115
2013-09-30,-1.0,-0.16916468197345902,-0.8421035633969229,-0.25939609193526947,-0.2033077111049585,0.15243697921015764,-0.9780348842582554,-0.026356123320836256,0.005109764946271023,-2.7377464705709778,0.35589095622021016,-1.5961538465483234,-1.816358024778997,-1.7274180655656766,-0.5220264317132122,-0.5092250922492204,-1.1402297617930721,1.5564961748381574,0.019479693017800503,-0.7842473835762609,-0.11721860258943295,-0.7046631531008312,0.09685316449551684,-0.24003710974336478,-1.0,-0.10635547972872639,-0.878906786775256,20.65134189948306,0.6133721690522653,0.005409924442899783,-1.0910650707793468,0.385294117650159,-2.65755208330434,-1.5781553398111268,-1.8741258741381017,-1.7928571428367328,-0.5330836454558205,-inf,-0.8079787234021316,-0.6592039801022871,-1.907871396905125,-1.1047926268406643,-0.11409398363102807,0.5893625659757673,-0.04874427496984435,0.41707177527354444,0.5014691478940008,10.903581015128854,0.7233289078287986
2013-11-30,-1.8888888901234568,-0.9604109632606647,2.4461555105725212,1.233846791389742,0.9800359959267451,0.23239416752441144,8.558432618037909,-0.24050142841733813,-0.9562202333201623,1.1441441441443487,-2.22429869413363,0.5967741932362094,-1.7958015266825964,-3.6414674819071475,-1.9311659642736754,-1.4506826741971421,0.22818034786002306,0.7734021615817899,-1.2818515663562446,10.84519862115991,-0.1893462878202452,0.12449626512112122,-0.02040781443036066,0.23891695728289686,-inf,-3.1721979220805467,-0.9356387149141463,-1.1673216667120303,0.160934288752153,-0.9818989701263832,-0.9788197767147777,-0.7878684364677425,-0.5849056603830545,-1.3014210919928961,-3.5182481751758665,0.009216589857504065,-inf,-0.7333333253333334,-2.1235177865524015,-1.9888475836472685,-1.9099778270396945,-0.4724306818578241,-2.0018685803818164,-1.4678167492689282,-4.2779313674168495,-2.9530284036905785,-0.06500881834217898,-0.9375736558685018,-1.1012537227052808
2013-12-31,-2.1249999984374996,-7.56941118998182,0.433550726433235,-0.10127927117276825,-0.08845752222188819,-0.5266861428870617,1.1634297770346738,-0.04337269684179712,-9.528149017191977,-1.470909090909172,-0.022340826407803327,-4.690476189200682,5.0559610707620655,0.5056565656949115,-1.0978401727866418,-1.0,-1.6045374624707505,0.33512163941007356,1.7871669749845513,1.4097274523801961,-0.022466629769124502,0.17307964773839202,-0.35775262505520733,-0.7989353461926871,-0.3043478260911564,-0.1542174598056486,-13.566327959277366,-7.582523320399635,0.027653608350711734,28.99425151011397,-1.4014598540145133,2.063231850102258,6.107279693445475,-0.015463917521787662,1.9462365591590638,-5.5418604650968195,-1.0,-1.0,-0.2736842105200785,5.067669172906936,-0.0442890442787206,4.3387299199484115,-0.209207128644472,2.796201555821642,0.6637412649773786,-0.010985137889745089,-1.6193607585257521,9.072598769812657,-3.984077026496421
2014-01-31,-2.7777777802469137,-2.2783972810838575,-0.08319961955535948,-0.09539027766253483,-0.4958568071631485,-1.4678132671505764,0.5425212263624537,0.2157971625018531,-0.9498870166838347,0.27703776121215573,1.0418195541366804,-1.2947368423822714,-1.5356390978292591,-2.1541515426897644,12.028138528132702,-inf,-1.7675778007752316,0.04707886396229832,-0.832873865445008,0.633933001559664,0.1331830144934114,0.18840180293910413,0.018717324391917645,2.3441150679963494,-0.48507462686789693,-2.7760620977266752,7.276926813708737,-0.5161005980550224,-0.21935813137334814,-0.22508948588386213,233.1581632653152,-1.8302777777646537,-1.2800429184420412,-3.954314720823778,-2.5183673469665413,-2.066468253988181,inf,-inf,-2.302485004292417,-0.10618279572331468,-1.80639097745158,-2.241347994571022,-4.0538498174777065,-1.1599180999182903,-0.19415884880712808,0.7977222316564359,1.2410891089109177,0.16108992545084044,0.19604373165442524
2014-02-28,-1.0,3.126527837099368,-0.545916244349627,-0.1151586924109137,0.10796158166913816,-5.039740013357363,0.18307129670672362,0.1983399658602456,-41.83194292449137,-1.5542911332384306,-0.14908658573718625,-0.7205882353806226,-1.0903458957060148,-0.9692276546223164,-0.6833990063408563,-0.5089747490145924,-3.1253259233815958,-0.19617852675506275,-11.50417164198065,0.12571217399738854,0.10762916122726618,-0.7704761214731154,-0.5635801614282496,-0.13702550010699588,-2.0151515151492196,-2.9789343894261546,-1.9604264369661624,0.823296141146415,-0.5240461488411018,0.6707652066786947,-1.7007547812399568,-2.8097500282999124,-1.6934523809610607,-0.30141843972480276,-0.8185185185240051,-1.3140186915822318,1.2926356589383903,-1.5833333270833334,-0.0541556145081834,-1.425751072950322,-1.3240740740713934,-2.5822451215746764,-2.5221064080850217,-1.3126184160666252,-0.6748417827159419,-0.1569935598214247,0.04623269000111696,-0.6104885925871693,0.21562078549295083
2014-03-31,inf,0.7146475948182733,0.8551008018418791,0.36540775449076235,0.962422767866683,0.4625407938415944,0.24115412801817726,0.26928708725079553,0.7152722866068246,-0.5632566585956125,0.23773140367223777,-12.333333332323221,9.854304635858066,-8.026315789463926,0.7657303370751223,-0.5477124183021946,-1.003027433112991,-0.18579153003390636,1.920336383125992,-0.40884812319798214,0.24324500331071697,2.3679616585257834,2.131850823791665,0.7401268913937731,-1.0,0.30601057575985635,-0.06382289933284069,-0.2889063844786953,-0.7603638100114589,-0.47237347953611575,-0.9642176870754424,-0.8895013123387134,0.8382978723241412,-1.6025641025588198,-1.0,-2.3149001536183356,-2.235434956133436,-1.0,-0.6254346746179877,-1.81241283125004,-0.40686498855677444,-0.2993544723365097,0.3327630978060929,-4.980392156863056,-1.3815802243522022,0.12391343639046593,-0.3221093570093966,0.012939534367826688,-0.7413321228478952
2014-04-30,-0.12499999843749998,0.06423308167216768,-0.08710327084416924,-0.21328870981193737,0.014020025932882207,-0.5350282246925766,-0.046921910770121866,-0.03911390660484604,-0.16301399479372725,1.7324345757336226,-0.21114214773432616,-1.1363636364669423,-1.15869679454831,-1.8351648351728884,1.0319634703123244,3.031620553353412,-64.51259920636151,-0.5707575893979113,0.781145815942734,-2.4251324494502695,-0.013628456590384586,0.10790083514783722,0.1543170827050382,0.12048984680422592,-inf,-0.916720869867496,-0.9526728162836342,-0.25805573699108575,-2.453071522028609,0.3235696273732742,2.950528338133999,0.5159151193591738,0.15535889870214414,-2.5417789757492333,-inf,-2.273474178392741,-4.04183006526951,-inf,1.5276243093846342,2.0641025640751516,-3.317424242427848,0.13002915709638585,-0.9955582402299119,-3.6137499999993645,1.9013634752962552,-0.2999068372536733,-0.006280193236684828,0.4664726720647876,0.7266655578056074
2014-05-31,-1.0,-0.08604311267718956,0.02082426682377747,0.24233793793389857,0.02044368023668297,0.12117421762750524,-0.07291224325727053,-0.0923426396428284,-0.5740162609117545,-1.4586348651808207,-0.12933954933954384,1.6190476187641694,2.8387573963971793,2.237827715329149,-0.4097035040475747,-0.09642857143439465,-0.914463518551783,-1.4205055506744326,0.5135415737436084,2.3035022394749314,-0.04000695776937113,-0.07141714749102102,-0.013957339738162822,-0.35194292914889636,-1.2161290322554623,3.9112293788306003,7.190363459554204,-0.4950586655770104,0.7750948777049282,0.025597297289148058,3.426483887846402,-0.32255166217720976,-1.6277777777649203,0.8737373737219454,1.216666666647432,-0.2183486238447978,-1.100078492943445,-1.0,0.3369318181713241,-1.0712328767102455,2.0484988452543758,-0.9169525385507581,77.7155493679367,-1.5104260317279272,0.08029999209831762,-0.06919279783530663,-1.2293290003323745,-0.7163314012956192,0.7902721397881334
2014-06-30,inf,-0.2170122154596389,-0.30576557665057125,-0.45362930792823297,-0.3273360710818848,0.2042815696880882,-0.075320869501045,-0.18770768807482596,-1.0564808670510533,1.7619993379674654,-0.03981413787552068,-3.27027026953981,-1.5852813852476537,-1.2833191850512922,-2.146634615379412,-1.2941176470570572,31.78285200803912,1.1619481617470022,0.02192466966977502,0.11210672212499873,-0.17994033778493934,-0.3385911299371731,-0.3303225610228928,0.6461105193551844,-2.968253968259016,-0.1822348528676877,0.09187953409869998,2.428531724741971,-0.32089039209713066,0.044432612518668924,-1.099489395128307,2.5381471389541836,-1.6486486486567649,-1.1058823529394464,-1.3238866396695539,-0.01801801800991265,-3.369602763366354,inf,-1.2396187882887428,-1.0,-1.1000924641689538,1.7077904720012804,-0.25051316282486136,-1.2800532800531894,-0.39048566135450524,0.08134769209823411,-2.001442307692301,3.948210842690586,-0.0637098003876373
2014-07-31,-1.900000001,-0.23531631246621165,-0.1480903415165009,0.7069307869408257,0.16083242976245815,-0.21867335068531601,0.10210538192464824,-0.1603403089339288,6.440371017347288,-3.0034989023049494,-0.27161375228534546,-0.5276595741964684,0.663580246966923,-0.01976284584198218,-1.9788235294167473,-2.735416666669688,-1.5886223661104473,-0.7336071075447869,-0.22980239874639552,-0.4636320017000396,-0.24041290195301135,0.3004678130898566,0.5353021234691073,-0.27202057459272966,-1.5163934426202657,-0.357536223873252,0.3185103443817876,-0.6501236445501315,-1.5249974337965109,-0.07814817930207463,30.182063145090783,-4.787333063496099,-0.7454128440387958,4.467836257319336,0.9681274900525609,-0.26327433627729846,-1.4135714285789285,-1.7500000062499999,-3.9736842105340253,-inf,-1.995169082126771,-0.6565680605500346,-0.5180515725305863,-2.1581818181819368,-1.2178525440821597,-0.14011010043864747,-1.998559769563137,-0.4010211410880099,0.0022055017853299663
2014-08-31,-1.0,-0.3544188528930785,-1.1421620960308347,-0.1909015413357199,-0.414289451825811,0.8504814546362944,0.12549691724105982,-0.2300069743727562,-0.21291259762366643,-1.4873722125113416,0.26267292493889083,-1.7389937108698232,-1.8547077922497617,-5.510852713212823,-0.09188034188496241,-0.42011476895376065,2.272602216780529,-5.972439890839435,-0.6501963664131672,-1.7241193341345888,-0.45691776453242183,-1.0868333070683716,-0.7774944616123672,-0.2564454796128286,-1.9838709677445368,-1.747036233531548,-1.922076100375159,-3.5743949453844075,4.499781163907017,-0.5298104172253417,-1.6305764823455988,-1.3426519122623024,-7.027649769572378,-2.1449909863611927,-2.5748069498263266,-6.592430858838773,6.106598984717454,-1.0,0.4834834834717612,-9.03652968034844,0.004854368930905295,8.039950204010704,-3.2422164871239114,-2.0085574572126093,7.353151929975635,0.1934284982055443,2.338141025640876,-3.899089032114056,-0.3606884278216268
2014-12-31,inf,0.34493573021491364,0.6384313655966494,-0.20743410465824486,-0.528616075949019,-0.36559294115854746,-0.1075164221276238,-0.5822457866086073,0.16985807066582104,-2.058229441791014,0.15725359839310293,-8.092198580654891,-2.338151781032731,-0.9365893146270352,-inf,-1.4895615866410101,1.134083128097744,0.5637979284489836,-0.6323787477923621,-1.7059979228125253,-0.3151685473016753,0.8404672911758522,-0.20070700034306221,-0.023111227469896023,-2.965517241385265,-0.9729956396779408,-1.0935085380450045,0.3138588898189216,-0.20795698177480193,1.9856262010953607,-9.826074375703763,-0.07922912203870891,-1.0729548229563994,9.441666666682858,-1.4531615924957768,-0.09239363991400296,-0.05652620766745464,inf,-inf,-0.028455284541278325,9.025188916870452,-4.218386188374004,-1.106891490416415,1.4722617354202487,-1.420532959828158,0.07344663484241787,0.5794126431059283,4.864323384828839,0.8988022551897432
2015-01-31,-1.2500000006944443,0.25441048790267007,1.0651938458535128,0.36084436226398564,0.8006398259628522,-3.4074055301117543,-0.00785652185108987,0.3579176070778607,-0.2804986005225446,-0.8445169307238168,-0.8262281616371776,-1.7014925377589665,-3.652651515324152,48.225806451507715,1.625532778544108,4.86118143458627,-0.06490920335419559,-0.10134519343963988,-3.9423648149630495,1.119980767676923,-2.0248926669168075,1.7299443866394273,-1.5143422422111954,-0.29636037832031514,-1.5178571428539565,-48.55275271411266,5.41109503948572,-1.043830382424185,-0.5589256505043589,-0.36417482142644186,-0.7906542802336994,-0.449056199047539,-11.039840637434104,-2.1698537682968775,-7.344000000062397,-0.7094155844262136,-1.18241469815033,-1.0,0.8926468113285291,-0.4443817052450195,1.1542635658774492,-0.2169563704061247,14.03277308477219,-0.11057692307640898,2.3312047865058623,-0.22501466837892048,0.30743199271105004,-0.7955586737991448,0.22941447205946952
2015-02-28,-1.0,0.06608349175976391,-1.3978834808895093,-0.077086579458154,0.5888030179125179,-2.7014142592570436,0.009264955199980163,1.054657557658417,-0.7784481163279645,-17.399923195084657,5.027904296987255,-2.1404255311905835,-1.9520375042779348,-1.8435374148526078,-1.4978980556889938,-1.2203796977885224,-1.3495324288943136,-0.5334475352465433,1.4129584751782183,-0.1273983373390748,2.4093096954553976,-1.3687219870426601,-4.144000427618475,0.37053523334462923,-2.9649122807079014,-0.19670813746707572,0.36839345417827674,-42.080781703358234,-1.4627194717747931,1.4141474656228188,-4.946881339784412,-4.484272381639703,-2.4425287356542014,-0.8761646803924139,-2.15445376100348,-7.109090909024793,8.844961240430251,-inf,-1.3420127444335912,-1.9844357976714257,-1.7049180327764324,-0.8012092980157302,-0.20468971915357892,-1.5724770642204615,0.18494904009951352,0.37187883676355993,-0.8153125000000232,2.071540803299548,-0.48731562583114063
2015-04-30,inf,-0.12006879905990209,-0.6130298605996014,-0.05726528240183926,0.01126734925114814,-0.4480883786732224,0.13903595543677438,0.19618103901567463,-0.4684411404761194,1.8685247747750244,-5.051656140618004,-1.3214285713647946,-1.505334081944449,-2.890034364231937,-4.967032967041995,-2.9867841409720444,-3.540818831484747,-1.3492595051203415,-0.10066855821595655,-0.5160778066405638,-0.08985704561864638,-0.5309411696314185,0.2173329489897431,1.944842926107519,-1.0,0.6108914811246116,-0.8305323821755951,0.7005662136959829,-0.1768164071140872,0.5919684462734909,-1.3310895339703965,-1.591171046575138,-0.4640522875740062,-2.217291066277434,-2.291493775916387,-3.673701298643186,9.360927152409971,-1.6666666777777774,-1.6514575411971644,-2.3493333333269435,-0.9063808819913743,-0.9160509010195518,0.5378552370239755,-2.239516129031922,-0.8813314599412457,64.8850166656161,-2.4968668407310517,-0.95474121914535,-2.4169376074903326
2015-05-31,-1.0,-0.19272696537908496,2.163368921325299,-0.30255198699539354,-0.4227368496504722,1.0036605333875186,0.1784357421423286,0.08076790615192819,-4.87828813690383,-1.3893313847278825,0.3220243523176518,0.4482758621581535,-0.04195804192869701,-0.3977827050831184,-4.964015151478023,-7.924851190455794,-0.3615230877246707,-0.8886322862073723,-0.32585855674126485,-1.0962830420736427,-0.3390095718371492,1.7069025892435326,-0.33829957710539993,0.21421984644780334,inf,-0.17965784952016528,0.3633192834962382,5.650824611510987,-0.8838087064348187,-0.5147785578414608,0.008256710315215354,-0.9543430898934377,1.3538461538638944,0.47450424929902213,0.1521912350788135,-1.7056128293613677,-1.6270764120108359,-1.0,-10.39285714280198,2.690944881913009,-20.051630434768978,4.925367273005955,-0.19177767715668637,-2.7388802991627648,-10.512359771450448,0.16244647128548007,-5.179762528374338,31.010081915556555,-1.3010307253505398
2015-07-31,-1.0,-0.33134772106257515,-0.4268911978289951,0.37124484339744335,0.33037710793558817,0.7492149819971794,-0.14914435017711825,-0.8431231494051258,0.12079044358892421,-1.4192913126523492,0.2489808431877052,-0.04687499992675781,-1.587642418964636,-1.588344125836597,-1.1809296510989937,-0.7219785575022125,-17.069067809491656,1.5608529783071239,-0.503362578312752,-2.2986297150604322,-0.48207712577073103,-0.5300131998417565,-0.17340468924522479,0.882540505473566,-0.6477987421419258,-3.0487122268002813,-3.681380013682537,-0.17246280709262396,0.6638013425584932,0.07884615291280994,-2.0566377232636306,-0.21485714284274193,-0.03886925793679519,-0.8923473433762774,-1.1963419186313833,-2.7876241406024924,-7.094720496990852,inf,-1.2538049303363974,0.33528880867859345,-1.2567164179129213,7.51704198397886,-3.0456374251049696,-1.524338073766079,-0.2931857532230696,0.08835078610907132,-1.6382370196538827,-0.3982199188823816,1.3247378228267763
2015-08-31,inf,-0.45252353778668597,-1.0026483188133941,-0.4356121875867379,-0.4980448848144846,-0.45340855190972296,-0.33154004639281054,-7.718896786889405,-0.1932601485517499,-0.7148519537374038,-0.3008435664436133,1.228855721548968,-1.0,-1.0712121212100536,1.7765060240900041,-1.1409340659344323,0.057984529585384026,0.723097466302429,-0.45426828351456017,3.385636120064376,-0.37994729711233244,-0.9214200322442592,-0.18830430613115912,-0.5214011979370061,0.01923076922707989,-1.2723588201147682,-1.3571978424746556,-0.7870992815922819,0.08626325817942093,-0.19549640376212762,-5.015104006197945,-0.11898839136461792,0.8376623376866348,5.28473998296206,-2.2679856115043275,-0.09062776307788856,-0.5264705882893594,1.6666667111111106,4.318403908772502,0.22411616163304293,2.5351758793881856,-1.083672057017649,-1.2499528725913545,-0.5871106337273174,-1.0758062852062809,-0.19650004224323137,1.232536817374295,-2.0385481459606103,0.6442694341010351
2015-09-30,-1.0,-0.4021946106248345,534.0022475849614,0.37546327018723735,0.9781036845893476,-1.3123084766830515,-0.22591626841654577,0.6863736065588801,-0.134833917600794,-6.958185840707891,-0.4500725729055022,-2.293436293618909,-inf,-15.932126696863602,-1.2801530152996936,-16.028901734098746,-1.3859128687282474,0.2910465069450867,-0.2022921165510554,0.30443762817406705,-0.9233298764149636,-20.28433125906132,0.7934293286666718,-0.043503026147772905,0.019607843133401248,0.6434342531945116,-0.11332280046041288,1.4727657058807302,-0.009167490369318632,0.3629732544241302,-1.1027222088441964,1.544478844197564,-0.37777777776366783,-0.8996148908845586,-3.9469964664498067,1.134969325070569,1.0507936506739712,-1.5357142959183672,-1.4600399600289586,0.021759697272831113,-1.1480654761891198,6.405956735648477,0.6660467719613838,2.9678092129120692,8.93565553254487,-0.3743268846297948,0.414590932777418,-3.0253647783998407,0.7415562446823736
2015-10-31,-inf,0.21799660667993948,-1.440241818465313,-0.1544257248097184,-0.09604604332700373,-1.8680331752928843,0.28045084511965634,0.13950342992139397,0.20345417319246017,-2.6303365317759413,0.4413442508132852,-2.2718749997314456,-1.9918419921914419,-1.715210355963491,-4.970515970523184,-1.0,-0.7327459840876327,0.20142793851114593,0.4545546777455347,-0.16136393037681362,-20.493517542247503,-1.0,-0.7717578030842178,1.3607206686530482,-1.0,0.6862184961783593,-0.4865363704550123,-4.689288112530676,0.05819872462295361,-0.7387708894212413,1.7843890533155462,-1.673847366363467,-1.6838905775168374,-3.487864077672782,-1.1407960198977132,-1.6305609283729103,-1.8057058533050458,-1.0,-1.646327683622712,-0.36487907464830216,-5.974093264255416,-0.27554676713060844,0.7287187975377643,-1.6278547725938137,0.20179226395440408,0.8725915994990527,-0.4201102968951159,-1.6292653524322804,-0.6825213546356499
2015-11-30,-1.0,0.6929739910755868,0.2073160208067215,0.009073387784870768,0.0445198074595059,2.3271285675846145,0.4028846767170793,-0.20006512453753877,0.22852983997911558,-1.7944974605414976,-0.7928975925240433,0.47393939427717147,-0.21885964906653987,-0.5231481481374336,-1.9445147679254338,inf,-6.026325330091692,0.010357392598998816,0.5852636265056235,-0.6517511552746234,0.997205392173355,inf,2.248930349282444,-0.2931210807352058,inf,0.516940331261563,0.9813298145617855,-2.865124219661208,0.011086139900520875,5.306416765330027,-1.1827456317273486,-1.7791902071419454,-1.1031347962372642,-3.0245700245639875,4.459259259274337,-0.5392156862488786,-0.3141025640331184,inf,-3.3817762398909585,-1.678593272177798,-2.9505319148801803,-2.1386371305291436,0.5421334505740301,-0.5501587301585702,-0.37696919141141894,-0.8031407825047081,0.13459999999995986,-3.5012712168026816,1.6464435049714319
2015-12-31,inf,0.6602005354218659,-1.9003328972774005,-0.07373248205110172,-0.35431840001587855,0.01534960123614959,0.17190871812528807,-0.38644529194949917,-0.04221580761438026,-1.2058858750973185,9.716072857289465,-0.49608062696385535,-0.22051282047241516,0.17285067874532167,-1.7960143305025482,-1.0,0.5125929416663697,-0.1061572924016837,0.4298354631038268,-1.4150801336205654,-0.3077434007669051,-2.343421597097654,-0.38527292786932155,0.2060529709317349,-1.9803921568665896,-0.3149327606581179,0.13679242058563612,-0.9255899206981132,0.18279465037885645,-0.45424117860185054,0.8333118880871664,0.014062500013427348,1.9906250000028414,1.4400479616450812,-0.5632481397542641,-1.801886792472608,-0.9076923076863905,-0.8601398542227005,-1.4087694483799424,-1.2919642857123335,-0.699400399729668,-0.4192780855086634,-0.31617932211310373,-0.014238773274761862,-0.33247622343869565,6.15876807683649,0.23406928738100286,-0.5608935628093122,-0.012412939389902289
2016-01-31,-0.5833333315972221,0.4685038376159758,-0.5737603064368937,0.43515506945223614,0.3316649423902096,-0.09931024021127732,-0.11125897972569276,-0.9741097259746083,-0.5126063417616054,1.124043495771203,0.20794280338901117,-3.2169811323424686,-4.66477272741154,-6.354625550724831,-1.3408900083944022,-inf,0.19768191653784095,-0.3971136666501388,0.23577794184152712,1.6186137454525995,-2.118149481559691,-1.4882153196839165,1.6701192810789034,-0.5868703374836179,1.0399999999920087,-2.010079606212573,-2.152976759549241,3.676983946895324,0.23917198971049913,0.835282824415406,-0.1525498458099087,0.37292347941527537,7.255933952552397,-0.9245248868768026,-4.340559440580234,1.684415584360769,-12.908396946634811,-0.8304347820415879,0.8703703703579175,5.956521739143915,-4.6118038237876,-3.523305346910855,-2.0445584380357182,-1.4550589798970595,0.18930954216053753,-0.49040884115751093,-0.5860044587565243,-0.9705268091147167,0.8186281000278555
2016-02-29,-0.717647058477509,0.24178709689680256,1.9004122441304423,-0.15999669622856572,0.3580283953714438,1.9361769021169573,-0.3496500152899693,-40.092050674720376,-1.6156830169240766,-3.584757834757723,-0.89894093877535,-1.0929824561057249,-0.6614792796565199,-0.29084661048738014,-2.3233333333358432,10.020183486235096,-0.710246750629231,-0.9200604395788163,0.08122867119863897,-0.15917294562635464,2.4657721383086675,-2.274476901616784,-0.013428049472788306,0.9011534286689671,-1.5208333333289956,-2.043389135719236,-2.1818387270173183,-0.5961970596301269,0.15140176176848774,-0.05897531873630668,-0.8414473356874842,-1.0218162413287672,-0.7401149425229561,-5.479729729734228,-0.1244259785892129,-1.0840152754996073,-1.3669467786832379,0.474358975098619,1.2657342657049155,0.3690476190653389,-0.1824178460180711,-2.3762302764150482,-2.0346620076779294,-0.4967391304348181,0.5326138616318494,-0.9852653374101651,0.4515638310818362,44.32291905962456,-0.3898122271586948
2016-03-31,-1.4473684211911364,0.2234973196639396,-3.3575651759852594,-0.21537721608622695,-0.2755153548725403,-1.2273642474367314,-0.31328595121403313,0.8950072920889178,2.201093714899443,-1.7640816326531374,3.876450107077555,-3.435897435979619,-0.9008941877861523,-1.222988505733915,2.5353535353446075,0.9484167517801683,-6.554632934960318,-8.919104533612476,0.21432619355205018,-0.8610013664053495,0.4579185868967304,-5.472928016709251,-0.17303006335631632,0.18426840534596223,-0.020408163261150136,0.480251898870673,-0.6359096567264848,1.7868872146764843,0.14201838627235475,-0.37953066923054823,-19.535974973946733,34.090322580634265,-7.021730382327894,4.5570881225794215,-0.397198879564127,18.859154929676652,5.288617886350712,-1.1677419355879295,-1.2729007633500384,-2.510112359575809,-1.5542736431520523,-1.3528178866360767,0.4925049266682531,1.340966921119541,0.4310135545345124,88.24772552076037,-1.6197971912257332,-0.650696565098186,-0.7254815860320525
2016-04-30,-1.5277777777006172,-0.020064736091778834,0.22197580645159953,0.17646844327645206,0.5805321373969299,-5.26308526760788,-0.33385071635774866,0.20021803660563653,0.31921116633677205,-1.5029450313451975,-0.48567442546808826,-1.8547945204728842,-8.057851239621609,0.22191011237533131,0.4809274495001279,0.6853244221536072,-0.6426194304298141,0.5830098961028911,0.09207477401824571,-12.241705943741099,-0.14208223246760587,0.40023253387012714,0.7189662721928196,-0.2562244727217241,-0.019999999995999884,-1.4165197927330244,0.3191359006225156,0.44499703637844945,-0.1174374928314672,0.29235405697452443,-1.3905995438163576,0.31914893615331175,-0.3120155039026774,-0.5400232632047104,-1.258097165988626,-0.6055555555212631,-0.650748580229234,6.233333332555548,-1.9776119403068613,-0.10725308644451936,-1.5420784666104002,-2.1914245075214707,-1.3920362451070298,1.879120879120626,0.11249185887254831,-0.23702947832242327,0.3689593629874248,1.8438215786957075,0.5229787394736327
2016-05-31,-1.0,-0.04281375852365488,-0.3828465520096461,0.3672197360220273,-0.08388149239186016,-0.45024672538406074,-0.07554538038847503,0.08481709963490225,0.06827757359758402,-1.2755638600436647,-0.2719597153535297,1.3701298702985296,0.2154017857692172,-0.8054644808713309,-1.1582872928153893,-0.6535060788455151,0.7162423312919315,0.1509718669666109,0.1446386424890611,1.4604697148730037,-0.4223400946906768,-0.5016327696875698,-0.30875599150254107,-0.763470707549655,-3.941176470599778,-1.7066567826366688,-0.3184233521177552,0.15366203950323531,-0.2081820464628793,-0.0025808603820450804,-1.766678798914224,-0.6756383712967683,-0.9160839160863612,-1.2109289617456482,2.4718875502120823,-2.789473684268666,-2.100568181868963,-1.9316770176883615,-1.1704834605583359,-0.5400103252576123,-0.5945355191271743,0.10248374970848051,-1.8132453716061732,-3.914044943819506,-0.006211314309774951,-0.3308315782345752,0.8976280269949324,-0.060810884531871556,0.13870981695304763
2016-06-30,inf,-0.08120591788247933,0.17421519315470335,-0.04128473456948567,-0.3139173639040108,0.899135596446974,0.1341881970096621,-0.03906916895065016,-0.21229407342903417,-4.71457607433213,1.7579163591941924,-3.5666666670498097,-4.737226277564066,-35.80978260879901,-5.95890410960033,0.3956876456807883,-0.6999280869097292,-0.005561520431083378,0.015120395230484585,0.3114442384318037,-0.487102065245435,0.07324763379614296,-0.3902593656852753,4.576033523047095,-1.3541666666623284,-3.1459108463338192,-2.3649481595775876,-0.9017158249804945,-0.30802078914443587,-0.16964045200910483,-2.0551222995322136,-2.0402010050183916,-5.028169014074589,-7.429729729748722,-4.056919642890723,-0.08556149738523389,-0.24646781793803862,-1.1642857144132654,-18.9315589353876,-1.1887868229307368,7.043956043943966,1.982344980820026,-2.8514777645999634,-1.197854721280632,-0.5114586964907187,1.4124990354066345,0.08282579086685238,-1.091419461367652,-0.2627011697160402
2016-07-31,-0.026315789404432244,0.041939597866542,-1.1814511864745767,-0.271121655251905,-0.2840458999933455,-0.6771621890431769,0.4209833642883303,-0.009888067889717966,-0.4746728572102549,-0.37537973248693957,0.6935162707228666,-1.465517241111772,-1.0753575357339695,-0.8941514861113077,0.5295238095058525,1.1350993377332488,-2.920587646813392,0.027776445481079604,0.02378863269606213,0.06730619198307641,0.1569323033025536,-0.901335686705831,0.40050732548844636,0.4436969641827826,-1.9795918367388587,-0.7625867739067891,-0.9769066439273181,0.4264144631136637,-0.2756701283569223,-0.29283818746915624,-3.370548091292848,-3.0829307568572806,-3.5530821918054487,-0.2967352415170501,-0.7016317016426593,-1.707142857096939,-0.17149758457782238,-4.111111110699582,0.31201814055292076,-9.441176470608578,-1.0,-1.1738002245333177,-0.8173587274006924,1.9540998217464733,-2.10078411633648,0.5815421429032364,-0.9570547881709458,-1.2502222551488633,1.2347569470451663
2016-08-31,-0.025641025575279475,0.05501005108496271,-4.671270709388751,0.19282291351114744,1.0529665078669987,0.22891109739025373,0.3988131081227406,-0.06910087154009914,-1.2056354612519664,-2.8340059187517257,-0.37293414148375437,0.25041459398777133,6.844660194325561,-5.082191780765622,-1.1940133037656833,-1.0692554655240274,-1.0185993793304156,-0.004490854613926398,-0.06031810548939964,-0.1643582743854345,0.8028382692659002,7.0574304318562415,0.21501723925381677,-0.5905627152814452,-2.0208333333289934,-1.9004581877217288,-100.73784899613239,6.469602610899492,-0.2765389305878968,0.9090457333643553,-1.5428153399305646,0.23830607001016912,-0.4869091548194495,-0.9381183666136339,-3.223684210501312,-1.2087994034392844,-0.3980370774496972,-1.0,-1.149816551155809,-0.7500000000054062,-inf,-1.0236344645859399,-2.6368606145747613,-0.9406349206349445,2.438496670021611,-0.434744141160898,-11.99413958444386,89.31326074613173,-0.07271892662883006
2016-09-30,-1.0,0.0074268819246947615,0.4185479613767946,0.185149368925005,-0.29629943393359803,0.858482759424501,0.2025561689662243,-0.08081467034283318,1.2102607319342629,0.6026648917465467,0.63446506785799,-1.193269230816106,-1.2704831933126195,-0.8459915611734231,1.2228915662732307,2.4834905660415183,5.5611423460262825,0.09000018237752339,-0.12030641073986137,-0.32363942995236317,0.30750142073521514,0.36306462165448616,-0.24845365074675074,0.9912355573683911,-0.020408163261150136,-0.14545532195810673,-1.4533402796647097,-0.7633547362685064,-0.14101915080335048,-0.2927652911372207,-1.0741839334654595,-0.7541708208757197,-1.8306513409844247,-5.012269938646454,-0.5633578040113749,-7.5884353740895,-5.641732283352961,-inf,1.9601769911680926,-1.0,-0.7970845481058009,118.94405570147184,-0.12898990814285416,-8.01559020044519,0.1925386066933754,0.6992618147134666,-1.2743349897690766,-0.9204166322813364,-0.5424543729618243
2016-11-30,inf,-0.039825738373383324,-0.49675416895573377,-0.16148658531422588,0.12863933018124696,0.27248913088203297,0.035094283052063524,-0.008503898652107433,3.4756656544418254,-1.5743631192005605,-0.22787560013630115,1.487080103697196,1.6618769648292786,0.9202898552290093,2.4002849003133226,3.6389432485494737,-1.8128880116005242,0.21679512479604912,-0.1753333304466077,-1.1549439930858671,-0.05778149377296882,-0.8369674417374872,-0.6539879266842403,0.10103155254600438,1.040816326522291,-6.534843082554486,-1.345677645599359,-0.2524857876015565,0.33670144699349347,0.15397999881648738,-1.7707498266505834,3.0488798370572843,1.061302681968844,2.870967741973311,1.2564616756381493,0.4939973322177882,0.17250673861567245,1.636363637465562,1.2560000000576008,-0.14758269720829797,10.038616714743855,-2.127429065785579,-9.820063168280042,-2.725688073393626,-0.7334513470294777,-0.20366470737748765,1.002142474557819,2.1213794351920705,0.3945685361194755
2016-12-31,11.682926830041708,-0.010839818193093542,1.1413351269640315,-0.014649618735673609,0.29322559769774426,3.3335510026311104,0.023562774509575446,0.1186702310883383,0.4156449890161269,-1.7456444579656374,0.5049001320986086,-0.7210810810080357,-0.8623371164056167,-0.8828118780209455,-0.48038490006059686,-0.6618413433645963,-2.6697487550416463,0.10149668581101046,-0.057453233792001956,0.7528442728437541,-0.08106203556222058,4.149796260907246,1.612474806139668,0.8640171664996275,-1.0,-2.8423464371287164,-2.814753075309782,-2.1311910920997836,0.36891078519095566,-0.6384281838330343,-1.2436118412941302,0.9713597430200507,0.13188775507372386,-1.1006493506527244,-1.0,-0.9575355915535531,-0.6506591336876373,-0.633333333037037,-0.392968142937579,3.689494163389277,-0.5541031548917503,-6.727678625074775,-2.772765148988684,-0.3802416488978638,-1.398442746460262,0.5492919298217107,-5.760198604401661,-2.4746608946609165,-1.0087352029258125
2017-02-28,-0.9244755244518558,-0.19171600662171073,-0.6060778765211139,0.0983610093737588,-0.031370496804186576,-0.5745550952581753,-0.24460529212208348,0.020891131502805305,-0.5986244124524,-2.374518839793925,-0.4592155695100043,-4.0252100840124285,-0.6614035087746999,-inf,-1.221938775508254,-0.8780610956838265,0.8117124887694382,-0.3360607394378149,-0.0025089300333261955,1.7795819919170506,-0.36488258256959893,-0.6460942945189834,-0.33761994758327407,-0.06340258668903465,-inf,0.695128701629133,-1.1291795801150792,-0.6260527789507274,0.07026865548172445,0.056406359123157834,-1.5312231737765614,0.24681818180193216,-0.1820627802770982,1.526595744673767,-2.377419354845992,-1.2853658536656738,-1.4742268041369975,-0.01923076919378708,-1.114422369388158,-0.9046066041601865,-0.7620708646978697,-1.029862819872844,0.6562919970986811,-8.310998307952929,42.492804231309854,-0.3707345122325536,-0.6447194546407702,-0.8675613416281653,1.4689577245510361
2017-03-31,11.80303030332873,0.08658331453956802,-1.2933472313635104,-0.39564914476498336,-1.1014797740977431,1.0810854609707552,-0.13471852114438698,0.11605352448910922,-0.8617391944616095,-1.9362706530291611,-0.1660084647146417,0.6256830601428827,-5.021164021152823,-1.4613935969796343,0.9848101265860945,-3.00862068965327,-5.190614642762883,-0.33143971354899004,0.16990022778450742,0.422700925914933,-0.07452494398590426,-1.377265657600248,-1.2382145117064016,-0.3971040411159512,1.0434782608600957,-2.6201209448117613,7.435470930241722,0.9227892099412842,0.15336415982654183,-0.06489440978785854,-1.5488281900229368,-1.7404360345408125,-2.2728310502178912,-1.7191256830548844,-1.5846298915562258,0.69141914190195,1.4634920634584656,20.584905661160533,3.9834983498405636,1.0090090090049952,-0.32852564102678683,6.156309198816134,-2.880246797121278,-1.2789578023222272,0.4615633174590117,-0.2681106245686231,-1.1105891904430485,9.722215303799903,0.7191070800649186
2017-04-30,-0.29308665999901407,0.0786809018435024,-3.6415850300147596,0.5518999162102636,-6.241868482388362,-0.43329781070726114,-0.3234894426278032,-0.16037888643354214,-1.7171127004903184,-0.4198153335408549,0.15320460564669047,-0.8078740157418315,-3.9378238342291016,-3.704166666685758,-3.298420615137561,-3.7264957265007324,-1.4529443332924719,-0.6809960067139963,-0.04232097226788423,-0.24618927384491462,0.17834740476227706,-4.727399072352903,-5.859192716968259,0.537712963089823,-1.0,0.6073210236778364,-5.838412485772524,-0.15598390882790136,-0.1282988622580099,-0.24059576003009608,1.943484970960689,-1.5830498866284741,-0.21785714284918312,-2.40176177710409,-2.9739413680866527,0.02538071064701497,-1.3559322033770633,-0.8072727271660604,-3.7545454545602,-4.5318181818037075,4.526570048302606,-3.517172036313008,0.5890156120962544,-0.8343653250774005,-0.5404873979447853,0.17652255941890638,-16.007832898173135,-1.1014571824065618,-0.4137137038094617
2017-06-30,11.85714285729983,0.1523283102269739,-1.841921469931676,0.04467888599916159,0.5553934352645669,18.736694247836184,0.0985240100339857,-0.08372124585770024,2.1504188472439836,7.284120374008083,-0.7872588650300201,inf,-3.4133333332876155,-2.295248868757806,7.544155844144365,8.039560439551524,0.34713907437114555,-1.483466445158708,0.3406811670693719,-0.40245928852853197,0.20730557864778043,-2.9543310518149597,0.6736573549893825,-0.08006309546128121,-inf,1.4168941532617279,-5.808473772030107,-0.7996824187042442,-0.39233645903125347,-0.5534067300627974,-2.9520161195777197,-1.4365928189436135,1.8627802690301558,-1.4113314447559968,-1.1145593869719934,-0.2285283777240663,0.05232558136492682,1.234568003383174e-10,-8.945945945964208,2.531111111097273,-0.10727848101714177,-1.853137880163056,0.8450414433605358,-21.97837281153586,0.8528971678737738,-0.684985994047219,-5.004149377593482,-0.9019430950728663,-0.7804770914490056
2017-07-31,-0.2596153845136844,0.20238699147739703,-0.4971829958836479,-0.3901452301830115,-0.24462025567863266,-0.28805910020325254,0.9024752565603325,0.3656130908516948,0.9724575235738182,-1.4329637623142268,1.3022097010480933,-1.371014492774626,-1.330687830701827,-1.0956709956728719,-1.1230818414307484,-1.1156877701489631,-1.471487786228113,14.01153988475463,0.6628044461688405,2.858853471741573,0.13932399373358084,-0.5598946773546424,-0.4559543407868727,-0.07663210313032676,-1.0,-2.1960680067979705,-2.322840086429336,3.288217418598405,-0.5908897269483673,0.8482792472791494,-2.1125153915925203,-6.290893015042243,-0.7713602187355094,-3.2247899159734428,-3.9896907216529827,-2.1770231213572124,-1.468984321730003,-0.18999999990999916,-1.5285714285612246,0.6218872870017638,-1.581737849776428,-0.9264294773585953,-1.4998238812233953,-0.22125313283225811,-0.2501728175128307,1.0060122423951365,-1.1244834710743785,2.0654720677578053,2.9149792197308004
2017-08-31,-0.9177865612572605,0.12918370947556324,10.746151373839037,1.6596491128862811,1.299072560522069,-0.18083758563898145,0.6686114627843518,0.4685953177140789,0.49715791029937906,0.13199506344244538,0.08199793444514536,-0.7425373134384037,1.8760869564804001,17.078260869530748,-4.481081081086206,-4.9817767653800935,-0.05782425107347544,1.3953131817364035,0.4962244370149096,1.3860835399405418,0.02061329096100284,5.0518096325451225,0.47837216278344163,-0.2672241417922385,inf,0.8177117272600496,-0.6548120012240711,-0.09253689737273207,-1.4847963786164515,0.09157207167083325,-1.3908593948608368,-2.5664819944414177,-3.705501618104145,-0.5440613026852942,2.03124999998912,-1.6336996337177476,-3.196107784463403,-1.6116207951575343,-1.9722222222318673,-1.2872200263434614,-3.474489795924875,2.093494698580397,1.307972834908513,-3.16140256959276,-1.237378888822552,0.0912468370959878,-4.001550387597176,0.2021417637526679,-0.8975675469494226
2017-09-30,-1.9913793103522592,0.011748113633008872,0.32680850369605774,-0.34553373972280554,-0.49746051402411107,2.910898484378099,0.046095801398476244,0.24707063685731967,0.05575608017632461,-1.4870669873148001,0.6203581238481111,-15.10526315781557,-2.7008403360583273,-2.2657232703935284,-1.0,-0.872679814385692,0.22535889123207742,0.2620164952895079,0.11792069870392274,0.3561526491464373,-0.03034662600673299,0.6614495782567582,0.12841106753302078,-0.3191447650554433,-1.9772727272778925,-1.2563372095593361,-3.1244300490338066,-1.5342039614078313,2.0548231554065315,-0.3763243488696657,-4.170744269904041,-2.133008658028222,-2.684579439282907,-2.7703488372033815,-1.9175627240040618,-2.3787878787620524,-2.1744022503115596,-1.3527508090426368,-0.7428571428596938,-1.0,-1.1026178010464374,19.490562948165866,-1.6713711181943112,-1.4824380165291091,4.186579829938012,0.5894042127166588,2.3281733746129034,-2.327036137228929,-4.958225901833453
2017-10-31,-1.0,-7.66375402927455e-05,-0.848219141701879,0.3631103704664609,1.574793095492807,-0.7561220560707128,-0.2805194346458746,0.20986274117057957,-0.14995534760446838,2.390193210684374,-0.25118628750229177,-0.1598639455180697,-0.6377840908846774,-0.7833639893633638,-inf,-3.004651162789705,-0.046563132895697246,-0.01997303596110489,-0.032080126797494835,0.12491877833686327,0.0309842440369259,-0.6500983465601309,1.013939332487379,0.5968260801537544,0.02325581394807119,9.69592695407949,5.478097753383309,-2.662624282313394,0.39801995097920506,0.5155897799040017,-1.6908225259886192,-0.8135412630802712,-0.31214285716535717,-1.0,-0.7569686411125545,-0.5217391304229706,0.03452380956278578,0.9619047619410432,-6.0359712230086435,-inf,9.971279373375378,-0.9682514558134743,4.894723771037662,-4.353003030864723,0.4864198161162696,-0.18365188445653524,-0.9005133470225903,-2.01685674719249,-2.79105629757286
2017-11-30,inf,-0.12154843286214956,2.4423581705821173,-0.44357089579866404,-0.5949814019152366,2.075858237024226,-0.7767053723665531,0.05140468421334954,-0.43931363248139876,-0.8022024033831494,-0.2971731731694901,0.2721153846856956,0.37976782756120486,-0.2168067226820105,0.008333333331033366,-3.4884259259285826,1.7768999612271874,-0.30427020315911224,-0.2412612896670796,-0.09803354714911428,-0.03009110211599808,0.09780424723339554,-0.8013006382477432,0.5562668518129663,-1.0,-0.7930829501230138,-0.8340300414284031,-0.144585995237831,0.04211719941165337,-0.5349389667087012,0.5337360349635507,-3.0284900284819027,-0.6509598603921676,inf,3.965397923887405,-1.4893617021333156,-1.5119349924006458,2.853211009308975,-1.7722222222318673,-0.6938775510308205,-1.3534840793749816,13.822181133665238,-0.7299170995794005,-1.3710100723509049,-0.010305421806549697,-0.2536583509136361,8.994869163674274,-0.6604240110153032,-1.2478001831373715
2017-12-31,12.879310344931628,-0.05647210996159402,-0.2103135761747994,0.6168189853473676,0.8186094080643016,0.33874446699207517,-1.4439047100162867,0.003093534800727049,-0.3878119230504842,-6.92458758837398,0.10379322188728501,-0.4506866416631602,-0.5664989216260078,-1.4917355371934977,1.0168067226843531,0.011709601870776298,-0.7768333668292955,-0.3580876546755061,-0.14338366256078972,-0.0843113473175412,0.07818366928938447,0.012438677813728205,2.018936039130128,-0.3634360849065338,-inf,-0.0877332735975831,-1.3945601936761638,-1.5114023766263558,0.15611948374653628,0.49522131263052094,-1.1969052224390238,-0.8055401662034515,2.7251773049334087,-1.264439979911884,-1.3866220735830694,-6.053763440831354,-3.241811175293751,-0.5094999999423993,-0.6142857142895437,1.552083333306201,-3.2730769230710113,-0.5157459576506864,-0.0820968205367727,0.2082141209042041,-0.32798073366983105,-0.09352613588778369,-0.6020418580908466,-2.9934591537780717,-2.5011820119274715
2018-01-31,-0.29890109883601157,-0.05872226058570407,1.0187792851949928,-0.2160225128394646,0.6254066313435378,-0.7063077214561104,-3.0921133361758506,-0.15553214341154165,0.11690621638257381,-2.37448668932305,1.990227096013197,1.140452140522132,4.187878787944896,-17.13333333327778,-1.6780626780594314,-1.8094786729835395,3.59299551909574,-0.4757492073381616,0.006164196181727366,-0.1429297943087312,0.09107184161644932,1.5852918769777085,1.185971168271919,-0.0009896896035140879,0.024390243896481367,-1.0079711858940317,1.7652526940794728,-2.8230111920802488,0.20149210944391238,-0.5571244405785822,-11.643115942008464,-17.90633608818005,1.0277349768204904,-6.714020427099109,-6.827966101668481,0.42346938779414955,-0.1414392059206505,-0.06716417905435745,-4.70637785798809,0.4769230768808146,0.737677527161257,-2.03039006573948,-0.7308728948016958,-0.9209914173418028,-1.1339932081606463,0.3707227859145956,2.991849210392227,-1.9436724161579964,-4.056992658820629
2018-02-28,-0.9161831076674393,-0.12223732982170232,-0.36701866331218647,-0.274494629608247,-0.41245176225640134,-0.05097041612056119,3.0303494531443933,-0.34485556440285114,0.4059444170454689,-1.163391764156552,-0.5421969731199028,-0.6114018691348597,-0.6453373015668306,-0.5863970588032554,5.67394366199325,5.191314554004381,-1.229500396511069,-0.6246789196761338,0.05072397464248768,-0.23207766175958067,-0.01030649012312812,-0.42807021588924776,-0.41238478521291977,1.6480641699284329,-2.02499999999375,-130.84453616002568,-5.31811000951635,-1.888663077470518,0.07012037995464837,1.002996367211722,1.0579734121466795,-1.5841230108898614,-1.6483516483023382,0.46026282855405976,-0.19332786434992533,-0.9380726698239767,-0.5303030302877249,0.6658896659679137,1.1859217172018606,-0.7678571428677721,0.5022590361590928,-2.1578937700006096,2.5115826589305947,-21.041797283175875,8.932718811209478,-0.2563348564950547,-0.13207427993932086,-3.0539885942789615,-1.009936896097098
2018-03-31,7.936619718354493,0.08193682059113727,-0.9285505713660009,0.7969662793405694,0.10234651687848917,0.535581126167558,0.5459191620530162,-0.22789955738869294,0.14507955316884935,-2.895742863244796,0.0428121355023483,-0.8270707070667561,-1.6583454281695644,-1.8213704994350624,-0.8279038200469896,-0.5088248336964916,-1.3481707643686092,-0.27815732584013164,0.2443112044816349,0.05561678588002139,0.10669363595668124,-0.503369068187974,0.15488422520208722,-0.4175471419063559,-1.97560975610351,0.8697960249385077,-0.997824494267907,-3.0304319130581128,0.10738427529701555,0.6114249327004038,-0.9870279074034809,0.31684277939956385,0.3154761905364256,-0.7122081898151793,-1.0940828402384373,-7.966981132090914,-2.94117647061707,-0.21305031441003253,-1.1472204472884282,-6.090909090853994,-0.8490909090888428,-1.3285434491778838,0.6151035525989763,-0.5920511534602094,0.3144579493088555,0.023517733697718146,-1.0,-2.0781854421147505,110.99597867270295
2018-04-30,0.8807947020656968,-0.05710422023242223,12.539062260010219,-0.11971040285544132,-0.360329432236108,-0.1739191788960427,-0.17127221508663337,-0.2848149562780752,-0.45807622341068444,-1.9925237795625543,-0.02579173407381552,9.903083700483222,-3.645399305520464,-2.692026951123068,-1.3948320413450028,-0.7756962864707531,5.983886497689407,1.1930653864878074,0.027439609128036002,0.08318240054245019,-0.1464787574934615,1.2383570679145905,-0.17375009698349675,-0.3549669245698762,-1.0,1.499021867994966,368.05493932660414,-0.995570323457633,-0.23175963052866455,-0.3784563629520771,-34.46436321149473,-1.9701075269005095,-1.3205087440556869,1.0835365853759642,-8.54464285712956,-2.772822299623008,-2.593749999951172,-0.6061106523333788,-0.4935275080927095,-1.0,2.468468468475559,-3.5526761688286723,1.2949360002414982,-2.5037707390651116,-0.735512615432991,-0.05966579636770164,inf,-1.34876793543279,-1.244552289464076
2018-05-31,-0.9503616042042567,-0.006639138040104076,-0.13302718055083118,0.19467907347768554,0.4325336097828152,0.46863863232441116,-0.5456030096491662,-0.09505095900546301,-1.3617638942253802,-2.99205105239583,0.12369135586118563,-1.3729463307921728,-1.4388343462818574,-1.5307506053406663,-8.538961038950909,4.2990720913706095,0.0033572041174878553,1.1912839136320068,0.031437563459168594,0.23790057818810473,-0.2016079798700383,-0.2785791354432864,-0.02907433838866602,1.2512080647540058,-inf,-1.8297378575434438,-2.047625392999511,-27.99852511399416,-0.45676634919437553,0.42448127238129474,-0.8448503042414338,-1.7029791018088312,-2.722532588423162,-1.0,-1.6381766381847531,-1.7872503840458138,-1.3555555555714296,0.7718808194011804,-4.0195439739350025,inf,-1.1384903306310257,1.2783098858041555,-1.777120503586897,-0.6842105263158735,-5.221489059315552,0.24687119400210888,1.8855217174239143,-0.38277170034510244,-3.4569616916588557
2018-06-30,10.929411764747407,-0.12644025822294813,-0.6009011451720911,-0.6565531451361653,-0.5077838860511654,-0.6204452996686081,-1.1198037131686354,-0.04417850172506521,2.1475094273510207,-2.9154452905374955,-0.030592262473015386,-2.3833333333124966,-1.4732021709564023,-1.1737338044733567,-1.256666666669167,-1.0,-1.535532174263931,0.2682484693441707,-0.1296735576591843,0.004072596249596883,-0.22629639500619725,-0.4980061015685727,-0.48404997781069015,-0.3540154712686727,-2.052631578933518,-1.8753063479103815,-1.9104684556206886,-1.4451009175427332,-0.9352105629118135,0.25840562566006864,-2.3627738172363726,-0.5514503321929235,-0.05291005288205597,inf,-2.0293255131878807,-1.4193236714882493,-1.4433497536873032,-0.6574162679315028,-2.307774227910189,0.36216216218261077,-0.49780701754436285,-1.452002238226561,-1.9045409933401325,-1.2520408163265142,0.6270492435776311,0.10481696318338374,-0.6600936736355962,-0.8367288630668186,0.42618363180794283
2018-07-31,-0.29945054942338056,-0.15537483437702115,-0.1335241833307892,1.3091775781863517,0.17993685651118962,0.7448442221871632,6.1835172779902585,0.12403689160566844,-0.013212374889821743,-1.1103925157616321,0.08803393891873035,0.19047619049980935,1.3560439560600681,4.4614035087854615,1.2727272727215282,-inf,-2.519756546002731,0.014804768605622076,-0.2056055352708649,-0.1034267680056089,-0.03672451857084602,0.22621420469595543,0.4552063629721548,-0.7421532443682016,-1.9500000000125,-0.846753210148904,-0.8843156190418142,7.744259628788997,-13.489182169279164,-0.4146669420089907,-5.73678362243947,-4.057614555274225,-2.5195979899901495,-1.3458049886646999,-1.0,-0.7547393364906394,-2.9708737864218913,0.22422680413699636,-0.4868852459059393,-1.2752976190530454,0.002197802197319243,-1.9763994798407165,-0.8663477313221898,-2.496945010183295,-0.04384531125730318,0.17528004957840748,-0.9004897159647154,-14.149174522517134,-0.4423362159570696
2018-08-31,-1.0,-0.2736802950794085,1.2890290057603666,0.09724912090732096,-0.360745055277666,-0.11992216620545237,0.45400605714805287,0.13478336648757616,-0.655118672776267,3.9337748344371404,-0.21003182169125056,-1.3146067415800464,-1.8780701754521374,-1.8753071253185405,-1.1136950904386065,-0.4958246346563928,-1.8977684035814992,-0.25106798085748494,-0.3849003372844745,-0.27181250170130755,0.07420776401606033,-0.34328773734918216,-0.9254711677773321,3.5619520598711727,-1.0,4.375579556867585,2.370663569190388,-1.089959787899618,0.8537856815270599,0.012867900468716886,-1.011540723667984,-1.128670520228709,-1.6116803278419773,-0.39311926605661685,-inf,-4.9811320754805095,-0.6566666666716667,0.5597989949950715,-1.7599667774053325,0.010526315783933482,1.0044052863427306,-1.2572912167173327,4.833439345754517,4.684031324480649,-0.43667457436040447,-0.23418267929233783,-9.995594713654418,-0.708364113746602,-0.1682650185882546
2018-09-30,inf,-0.21682857848924164,0.15383972275215085,-0.45869941450083274,1.482525381362454,-0.9033323819038308,0.07607222531603397,-0.006262194471949534,-1.4671817560452758,-1.4454968944099609,-0.5353108868171497,-4.872519083941798,-2.891174518885105,-2.966433566410336,8.974226804130575,-6.523060796640756,-1.7750343170203715,-0.5118193750978579,-0.28605541419456626,-0.14650124309453127,-0.010546999062777007,1.9556918451852914,17.898147349425027,-0.6539692750361952,-inf,-0.9359421657617626,-0.8197567383944477,-24.222518484168145,-0.08279998134275135,-0.17151498487760908,-25.609123898397957,-7.939828080246423,-1.8472222222439234,-4.356428021549669,-7.034383954144987,-2.5288461538322857,-3.52525252523976,0.20169082127937998,2.6304824561522193,-1.0,-11.044247787600609,-0.04317236800152513,-1.0057542729834452,-3.3346581875989343,-0.7371986776548662,-0.6155444089555426,-1.223205506391328,-1.0369689264254536,-0.9112529601128285
2018-10-31,4.876923076986188,0.09603247634644552,0.1344619612813862,0.6940713341552129,0.14881852008078433,16.17955216338082,-0.026443866731159615,-0.06329073529351914,1.1915996936344535,-0.2136421052631765,1.0932630577501024,-0.7055628394754503,-0.8136054421722426,-0.5064710957614671,0.5597989949849709,0.6883383010511961,-0.7677729067952779,-1.2514504932256334,0.3252643612463999,0.3019898952552933,-0.03597853673813123,-0.15887106898067083,-0.14972341354606844,0.8839594604047727,-2.0270270270197224,-4.84159473885869,-9.982946981074736,-1.0403326505934944,-0.6829213836143366,-0.5966004638780947,-14.062460975765294,-3.685394889613915,-3.4782608695090986,1.4435665914348697,0.5307017544005483,-2.457943925253301,-3.535960591164559,0.14470046085497668,0.6669552669744168,inf,-0.3296610169428664,-10.034748704948749,59.9022675624353,-1.36963036963052,-2.215354499661639,0.9052926167945179,3.995088408644709,-61.00408691497842,-12.498368967838598
2018-11-30,-0.9628995433769095,0.24397336816783044,-1.3009907233342426,-0.040268168799339366,-0.051196417967090624,0.21638570131131551,-0.25472171107493713,-0.17424680648985325,-0.23937285437361744,0.412070377587592,-0.2677371136071729,-2.1422764227727296,-4.453020134243953,-2.355555555569665,-0.5193236714929157,-0.24011211460021065,-27.32431910845634,5.044068185042092,0.5440439778963171,0.352555960003756,-0.1538554332121489,-0.8026010342350544,0.17826813857424662,-0.40918530631552763,-1.0,-1.4769607792094543,-0.48052773978386154,15.841479151542625,-3.4455382886055745,-1.137278085050803,-1.1980255970304639,-0.22032387457694713,0.1449312938098628,-0.4320512820444322,-1.1500000000020767,-0.07208672088624979,0.06842105259556774,-0.368267831134672,-0.900724866055566,3.4062500000488285,-1.346854791301356,-0.623086778948045,-1.0427899681691732,-0.2555104800542075,1.300645010282775,-0.18731063379551216,-3.28875855327472,-2.261510978450116,-1.881873146070682
2018-12-31,5.968181818196103,0.2934763577698609,-1.9725950059041544,0.04325588987988627,0.19299710919118374,-2.3868782820645977,-0.5025053736291603,0.23253022977464144,-0.31329463089912946,1.222819644369117,3.3510215737336546,3.6857142856734484,1.4733400402005326,1.392026578037767,-3.452606635082321,-1.5827586206929594,-0.3298606301609328,0.2730579138634075,0.3597273020246101,0.1228558169987013,0.0183015914309832,1.0278796230566178,-0.05964012472770919,0.875072261135863,inf,-0.6082738614203006,-2.5329425020756733,-3.1395405193471095,0.642397713730454,-62.56334301692386,-3.7327008889255335,0.9242424242989336,-0.32929515415009025,-1.9043478260929536,7.063660477436754,2.381979695364484,1.1468926552842431,-0.5168776371236804,-13.922619047642057,0.015873015918365097,4.254054054042738,-6.298938812998447,-5.896960750606165,-1.7354778554777726,0.15403373347813587,3.7089557986412443,-0.42835650884396936,-4.002321136971338,3.906522883671961
2019-01-31,0.799874134701128,0.19700865938274714,-2.189936465283097,-0.02424339376625928,0.12389937295284792,-1.3332568343855538,-1.557383571146372,0.5619853567482174,-0.2616540488103918,-2.642890517149726,-1.0142833969834177,-0.8941532258113299,-0.7257032476282977,-0.7901951672945369,-0.5276119403040802,-0.8869395711504797,-1.2875605815824402,-0.45000177944912756,0.1416594979265191,-0.17964025996205368,0.16806125924145143,-0.8170279894965731,-0.2025092491312246,0.4158601671752189,-0.02564102563445103,-22.079567279367684,-3.4753726480882285,-1.235399714065426,-0.3518560847276455,-0.24773548713197824,-1.8559305705109743,-1.7429643527542424,-1.3603174603291233,1.1332622601147526,-0.11000944288668468,-1.6203328834429007,-1.856597045255437,-0.7541493775916447,-0.7498759305273349,-0.4978260869357256,-0.6340659340702817,-1.324729611373709,14.66451100566248,-9.802772126145216,-0.41078432727127956,-0.8107949697617429,0.4709911978568142,-1.2863169889282209,-0.2739680920051264
2019-02-28,-1.0,0.038297695318307845,-4.682612905627856,0.23675342567622315,-0.404171094615964,-0.2655105248474293,2.796503745857258,0.34514091788826873,-0.21547030264829847,-1.7158823456160492,-26.5048046727798,-3.36190476189311,-2.1620370370217987,-2.7046894803404222,0.5911789652157138,16.03320312499387,0.8498725498826929,-1.4865042664592747,-0.05904740059220981,-0.46600898729807116,0.11308608393285624,10.383174490477296,-0.4343537739112817,-0.9806534746000077,-2.9500000000125,-0.21458457919501883,-0.44468338457362266,-2.773509800794958,-1.2113825515670498,-0.6567726100341125,-0.6897135589875925,-0.4282751716482778,1.3529411764423278,-0.8897335423212979,-1.5300300300210132,-0.3397683397391228,-0.34551083586486897,0.9917355371935421,-0.6600877193004098,-2.2146359864443204,0.24688589934674265,-0.8810834924784334,-0.18621861085132785,-1.394705955028103,-1.2529323858529318,1.34399709517758,-1.053133839118131,-0.7260586439056828,-1.0820537937580754
2019-03-31,inf,0.24089885659713617,0.2600704498268762,-0.09157149580524382,-0.09431587341681169,3.588958802060078,0.8314000130013066,0.2907583809071601,-0.4347760445073262,-1.7291109128753532,-0.40416995792702903,-4.472222222261598,-4.10714285718853,-4.082783882826815,-0.8518658122893682,-0.33071895425285314,-0.16187621545327602,1.6624911130457414,0.10253049295660599,-0.2793701113999273,0.19864595945906638,0.3089247887619224,0.1102369767469551,44.39848734232042,-1.0,-1.0206792612944535,-0.5829484718365481,-2.032925574292938,2.4326229242296145,0.36277709828296145,-0.3298395083243104,-1.3220521541865509,-1.2680180180098994,9.739893211272257,-3.621282798856767,-1.6641025641209746,-1.3959627329369768,-0.504098360654047,1.013245033108197,-1.0,1.70303030301497,18.103889174336885,-0.8656736647273353,0.7201902575042203,2.8792525728847194,-0.20327705738882096,14.991967871487123,5.619147307761657,1.0425254118473362
2019-04-30,-0.004149377591683545,0.06590328728221873,-0.005847362076942919,0.14148781119411002,0.12696498562007008,-0.6961015060413838,0.2590767168314898,-0.08458579132073252,-1.9465144609352014,0.08913278157616356,-0.9368619722570752,-1.0,-1.1948353177570703,-1.3539937759163916,3.0212201591455647,0.30165289255600025,0.6861806749801951,-0.3624246574228064,-0.07328568844146643,0.21819805889270572,-0.0973488750203445,0.6206547496146586,1.4978165726982886,0.3547788771599445,-inf,-52.02181452730299,2.0031423413269827,-2.3885274930419627,-0.9027144211129062,0.33472649678812116,-0.4055638492979414,-3.3825261158789592,-3.9469026548907733,-0.7639660493869844,-1.2010079699903038,-2.0372340425333864,-2.2059925093412023,-2.9918367346971655,0.013422818787442115,-inf,-1.5172413793018535,-0.9806979182838742,6.8916920378444075,-1.248674443266296,-0.23622635731222386,-0.5843747378134752,-0.19397410358564726,-1.9996298607944798,0.613630595456389
2019-05-31,-3.9876033057902913,0.09572129552264275,-0.9343472516957189,-0.23732566640215103,-0.4892117972947523,0.6317483826462427,0.14423778666487164,-0.21448062515094513,2.965585168200037,-0.7572501747029919,0.2411549721413997,-inf,-7.846491228137526,-4.552589641493002,-0.7445799458009268,-0.485106382981889,-1.4832004444932105,-1.7405645187430006,-0.04838551107577849,0.7259542288317813,-0.16810142824909002,-0.8259288895153607,-0.5254805232251447,-0.876875697309689,0.027027027019727035,-1.2558056451039101,-1.1475907090392323,-0.8198289149721709,-15.950038233499265,0.6374076672445619,-10.900643344324676,-3.918063002619153,-3.024143302130468,0.8898061737175675,-5.528348909679658,-3.8923076923629156,-4.711196911275799,0.5123456790072762,2.0408163265167287,-1.6276497695725116,-2.4500000000118987,17.42548446511336,-1.063522290616213,-3.3621399176951687,-1.2503799259622932,-0.5437606826810168,-1.3057130894835183,-0.739381739969534,-6.412563466786984
2019-06-30,-0.6624825662499974,-0.08516796799926041,-2.3171352046503126,0.0681967918003572,1.370736555115811,-0.19711444828738034,-0.17470198770442602,-0.41840865127596927,0.6653277074930768,-3.3422826207049243,8.553412360205074,-0.2724358974884947,-0.42620281277694894,-0.5562010609045277,11.568119890989601,1.4652884911984767,1.1377338457156347,2.4802754454673925,-0.13199494598256378,0.1801041671385819,-0.23651281132209656,-0.21859757437488725,0.913904894218091,4.367066830645387,-1.0,-0.12656965701392076,4.4125029686200135,7.730064631703813,-1.133248132357155,0.38778560466301126,-1.4553599856302584,-1.4913614024667954,-1.235553109531871,1.3060939060743437,0.0771812080277916,-0.7331691297373684,-0.7831692452145903,5.07499999996869,1.1719858155713982,1.5949177877750742,0.3032581453470782,-1.0424792165722572,-0.45816491746306254,-1.6248571428573224,5.442502544420782,1.2464892429071206,2.5069410014872164,4.697748587976137,0.15294521423536667
2019-07-31,-3.0084033613409624,-0.16892442490110549,-8.098693418334967,-0.10162486588463027,0.03433938979318185,0.5936057043677623,-0.473239063149385,-0.7359453622955997,0.4216283316246834,-0.93758648431215,0.20381533739807156,-1.7799999999542853,-1.5160427807228372,-1.1528571428521428,-0.44198830410468215,0.09918227379733313,-1.4851938697499871,0.7414095405797354,-0.09923002603038256,-0.027947150654242914,-0.1439899044016263,2.2312147419963595,-0.4157926040480652,-0.5594201723011074,inf,-5.292603368014805,-2.3867326105072584,-0.8795931345538902,30.168973569257922,-0.2700467847703034,-1.3554668946472745,-0.6963711963796475,2.0779220778883456,-0.8881247578481625,-1.0471146245046055,-2.4414201183186863,-1.6196078431244394,-0.5795795795937806,-1.0,-1.9913702929167894,-1.0822850072165455,-34.15630833809079,-29.171935140763704,-1.1131477709888926,0.8973310582498029,-0.46068999640126007,-1.287711290207524,-0.47518695993271476,-0.6262160894449753
2019-08-31,-14.387500000046865,-0.3229337686215267,-0.6036312386082477,-0.28567665970477474,0.10124446692971967,-0.3349899935450441,-1.1871375222656058,-2.8561043256888605,0.08525782034751272,-46.108870967741844,1.4010342199096364,-3.57936507947426,-6.380434782741609,-26.74257425755316,1.478840308598905,1.373572170278765,-1.89994846747532,0.3027564532855205,-0.13381170098420936,-0.2792776097715354,-0.05473398713652766,-0.6192165794814188,-0.12601247758084377,1.4540913394081008,-1.9729729729802776,-2.452649186393616,-2.0455259660458625,-0.829284767850043,1.1739178737752645,-0.1948287230316299,1.5725806451722932,-2.479462013800206,-1.7832550860433323,9.757318224714547,-41.85144927541698,-3.88068181824961,-7.8653846154709,1.3601328903308247,-inf,-1.1266560678284805,-9.454666666678744,-0.2557879346636662,-2.060446691437689,-43.912601626016574,0.4037803305875818,4.243435628152253,-4.742526158445692,-1.2643028038804531,0.4125466401151294
2019-09-30,-0.6244131455597441,-0.06168814741811823,0.6822218376608822,0.7943013017670251,-0.1459901096375601,-0.44732743729007685,-1.1600476666931785,0.49190271998460067,-0.6846607810665237,-1.4275286195286534,-0.4727357113192695,-1.419999999942222,-1.470663469141809,-1.466153846073846,-1.178068846064947,-1.1078968929197468,-1.881563655117111,-0.16032571343244673,-0.02631354375176964,-0.4827474429203499,0.22272539214161524,0.753819825982281,-0.2578942226052193,-0.08279095609358467,0.02777777777006163,-1.411080471150478,-1.9647773936429334,36.21821182734419,-0.3510029530638804,0.2380903684971738,-1.8136794712213247,-1.5233656174398653,-1.4349897889838346,-1.3092873831688354,-1.4010378826939025,-0.8918586789637777,-1.0,-0.5948492462463064,-1.107756813408291,-2.4866071428631327,-1.3697009530022202,-2.3379365341320506,-1.6115998534320508,-1.4332107525763642,0.0073174506500752745,-0.468020490880659,-0.46265060240967015,-6.208618403606465,-0.0007884745383027747
2019-10-31,1.4362745097534635,0.6111695623309326,0.8372742405432758,-0.6017046731613737,0.136741938336848,-0.05211836316075935,67.1029730561819,-0.41588207181699777,-4.964803096133849,-1.2294288710907622,0.13215117704897317,-1.7786691836185606,-1.224193548403746,-0.9503968253932823,-1.3933993399361737,-0.7525575447563846,-2.3446940667753515,-0.6555438008745755,0.23643099600941864,-0.930940950177673,0.5429291027131804,1.223811347809543,1.0369310588153784,-0.5080498478243309,-2.0285714285632652,1.7234217434568682,0.19403478543973307,-0.5878205319605929,-2.244181264249745,0.3918047035058996,0.2881503721434502,-2.214156490267853,-0.6575757575798873,-1.8646464646538083,-1.20223752151947,-1.5065359477081466,inf,3.2962003453560236,-0.2638888888824642,-1.0,1.2948717948823538,-1.2971619136082735,1.3104925725779957,-0.3482075233524259,-0.26701756011785394,0.4742813720351118,-1.251008064516115,-0.42800659311767186,0.3397526305134968
2019-11-30,0.4863387977305986,0.2907726678513196,-0.00419473294974948,0.7558816255610306,-0.009054231257839107,2.324499354878642,1.2867864309055257,-1.1999400407136274,0.7689995532931115,0.9788679245283181,0.12540648866705428,-1.8773923444586549,-3.822847682070962,7.946745562161688,-3.5166112956755557,0.9948979591850196,-2.0836498483940153,-2.185101343156951,0.2467717732055854,-7.2864615015815515,0.3330588223702764,-0.8264332402242662,-0.8869654499084586,1.0786266819844443,-1.0,-1.6493434240693539,-2.096893053708686,0.3937760481801271,1.9864507316838296,-0.21876883384071732,-0.7559387241921491,-1.9686746988027288,4.045871559611985,-1.3843167701834411,-2.6869918699104174,5.954545454574971,-0.37499999997106315,-0.49452380956278397,1.9589041096078215,-inf,-1.6878306878376859,1.8316596633174416,-1.5172574036616608,-0.4483951741405363,-0.7795871725938903,0.07684755680713318,0.9979859013093166,-0.4825508535548597,-0.40308967527500683
2020-02-29,inf,1.1353329359264244,0.2305708400462303,-0.08707528998109137,0.03570839275945148,-1.0668668212396877,105.29098077059355,0.892950097976011,0.9726848573187967,-2.3406844106464044,-0.5963978472754079,1.233383458380915,0.4879197376729525,0.17848489726509698,1.3401360544032652,0.4969857728365874,2.0789762146085806,1.034780073004561,0.006799918365974378,0.8111644748390814,-3.079061485462817,-0.4724812190719314,-0.03752333094035254,0.04174193280879379,-inf,-1.556451128565507,-2.0344499754508765,-3.9909105765051964,1.6029217915058762,-0.5889683101089804,2.0745764205931434,1.1397657107218517,0.5492957747029921,-0.45563139933254715,-0.13011695910472465,1.1454545453663894,2.5437499998945374,-0.4935483871009365,2.237612612561904,-11.049751243756122,-0.7220364176934639,-0.9771492480257516,-1.496848554215353,1.3879759519039339,-3.2521170933816452,-0.567583916794381,-9.653621006857147,-0.9109836084404451,-0.3764126389719854
2020-03-31,-31.411392405435798,0.19141727667528818,-4.219301766979708,-1.0037190162092857,-1.4731827624529945,202.60871383526788,0.35584143315786476,0.22032759245529743,0.30167000333310057,6.136645667042106,-4.385749464843192,1.0729836705979654,0.7935719878462608,0.5121099204829946,-2.5863309352207446,-5.438365650917348,2.4779158724657755,0.25867170308296594,-0.06971975703738487,0.16415023486464042,0.535730837607884,-4.362597643605049,-1.4119531707814283,-6.335432907822753,-10.257142857069383,-13.111235887423986,-20.442285091651147,2.582249276245346,0.694021794850185,10.863821495483805,-0.7034234838595346,1.8687401666900514,4.548739496071959,-15.408516483288132,-1.0524499654911113,1.6329787231326387,2.742690058004661,123.80519480467184,1.2988832485995498,11.479146919725512,-1.8478260869523233,1430.9017129327292,-13.710888662751302,-10.798844884489595,-0.8615093909165383,-4.3264623509614895,0.40291736733007144,-97.32523939808112,17.84654142643466
2020-04-30,0.5682382119793854,-0.5106989583003831,0.854555731333668,12.500166417688973,2.813146065470787,0.6509280899541807,-0.6558195819292089,-0.3705833714446948,-0.31329654601137824,0.38270556583130677,-9.464751575949022,-0.8219461703393645,-0.9537422038152498,-0.7747508306872332,-3.2629690949874246,-1.1979980803597154,0.026943453737537704,-0.41155556921277214,-0.4409735120751742,-0.38636894890677975,-0.6843206011275276,0.41638087132492996,3.4776959410656456,13.64810348843882,8.191919192456378,2.311325069226639,2.3699390881321825,1.7526547588129513,0.21301386061706884,1.226757413360811,-2.081623442970195,-1.1772890305557189,-1.273495854925073,-1.3987293241874217,-24.8846153846703,-1.6002554275773995,-1.7431972779536302,-0.3376344103799285,-0.49731399417992206,-0.9764519441053631,-6.322857142879203,1.0434365431876462,2.31002752095575,0.6479453734333893,-30.754552672962856,-7.359099236442351,1.1504689567867246,0.7642300871309318,0.8715721969746149
2020-05-31,-1.0,-1.9187066811085687,-0.8615628180658221,-14.354074204208981,-0.7353748550337798,-1.737529937099965,-3.773947233626442,-1.1287185380847669,-1.130900997828951,-1.5111041957361961,-1.349097393734475,0.5333333323333336,5.166666666203698,-1.182291666642253,-1.1474506521468952,0.16858353509840307,-2.67433694625799,-1.5252577918627375,-1.0269978195392242,-1.0266083146675913,-4.308217681277128,-1.2135753058252434,-1.3651152254891599,-1.147980716572402,-1.0457380457453505,-1.1185732398532051,-1.2925738749892375,17.199945432746308,-0.25501456859085014,-0.2249618524076522,-0.46311913055932175,0.09899749371561262,-0.7392746572456914,-0.5641025641350528,0.3659420288998505,-0.6747663550703127,-0.674516908000369,-0.8660714290816325,-1.6655615415811984,-4.745244956788101,-0.6789359018537864,-2.455185283697724,-1.1228379729736733,-1.035865522404785,1.528506412874024,-1.3598741780012098,-1.4246063271385108,17.05117801783092,-0.2794763277086548
2020-06-30,inf,1.1400963766263756,-5.162791689040743,-0.5280945100456725,-2.1297821469348355,-0.30035130558151224,0.7450950982003506,5.883600736974992,5.937581259460066,0.456657792723548,-0.9779229925477539,-1.0,-0.8000000001111109,-0.015384615360946707,-1.8331428571524597,0.8007032348605845,-0.5295630741769226,1.774893820700584,23.989048218042942,24.884029619041854,0.7574983392523706,2.284259742813291,0.28190272568108643,0.727434132296092,0.5416666666540388,3.193853458694111,0.756155183905914,-0.9912532452475803,-1.0331747968523084,-0.6616016239584677,-1.5459022567877572,-0.8929663608586075,0.04870129868548667,0.06578947364525622,-1.3274749721580243,1.2097826088393262,1.6024096390332416,-4.23076922899408,-0.07971014486977335,1.0601732990670145,-0.7436507936528093,-0.6174805291544944,3.1077904421988105,10.51977869986279,0.16115316337818708,-1.0522156671469525,-0.17507611261238576,-0.9934733555325423,-0.7745522200572261
2020-07-31,-0.7916666651041668,-0.05007225998665277,0.20906992197933394,1.2703462691418284,3.0524306482914527,-0.6857901575330221,0.007435897521286483,0.1886897144071087,0.09656627032537868,0.1237949010927939,-12.430978284307518,-inf,7.275862068014261,-11.833333333585848,4.122950819621734,0.1551754696666925,-0.8164929823488257,0.019502935147672762,0.19655386788481866,0.21304155904926558,0.05147445341552537,0.10351393529393871,1.3644053337321873,-0.6680690058715648,-0.5636363636429748,-0.44850182206286315,-0.5394553363926471,-0.2975315045333954,14.535743703696756,-0.3916229515305034,-2.8483325755559914,11.99875776394434,1.312627986309685,0.039800994978930415,-3.6150306749294336,-0.051453259898759596,-0.4796238242730516,-1.812500001171875,-2.515558267317195,-0.32980403086093735,6.04472843449048,-0.8037341168679759,-0.4388162274687998,-1.8938142964378466,-0.1464949265617802,5.1786359560067865,-0.31710653363367525,-0.5785941972158339,-0.7604316438644502
2020-08-31,-0.11111110987654194,-0.5511536365743741,-0.32137113322680844,-0.3422113584042964,-0.34083105441604755,-0.45460507476240297,-0.33554271029037575,-0.3351497221720072,-0.42946138736435435,-1.3734265427021641,-3.83776098450439,-1.8727272702479343,-2.208333331746033,-2.8545454539834703,-1.4180685358015253,-0.8667032866465145,-0.36087263571505535,-0.4273124452716186,-0.5141749078502214,-0.44312931393677046,-0.29199742703427745,-0.04407319750477312,-0.18435916974183264,-0.04319360530396188,1.42647058821799,-0.7316890430925926,-0.5410404907292796,-0.6037974484737864,-0.6683053953985382,-0.7979426425746154,-1.4063551609199174,-0.8634932170595211,-1.2390442890339335,-1.1036750483504665,-1.9983881365904415,0.029185867999603765,0.0011904763384356087,0.2307692289940828,-1.31594571667994,-0.6557958769951429,-0.4018155757375659,-0.667078870887989,-0.7031971837686642,-1.3077832512312217,-0.4224103491665637,-3.1777353184719828,-0.2845135290730779,-0.4413287964804734,-0.9198240041886261
2020-09-30,-1.900000001,-0.8350288379192625,-0.39160831832141973,-0.5642832011717165,-0.5004252935756652,0.565592839182826,-0.3895532735080455,-0.4396963617253541,-0.5578530327752249,-1.5524508255227216,-1.1869097107784383,-1.2619047624149662,-1.0,-1.134803921626498,-0.48121212120026835,-3.277522935771394,-2.5985710187193964,-0.5449849532812547,-1.881605931485832,-1.0757698943861047,-0.22052626409836706,-0.4559751841379627,-0.4920363255977682,-0.3255529047649751,-0.5952380952465981,-1.0406538915539512,-0.9118562194450555,2.007898135922254,-1.4542432562092729,5.3838311600427735,-1.0189982427014423,-3.8634035287266912,0.112894596051889,0.9747899159769939,-0.9072368420974507,-1.5855555556080252,-1.5427463783566688,-1.433333332333333,0.15588235297361175,-1.8800436204928976,-0.8715635738843396,3.2795832268519414,-0.8936716417052085,2.852479757086189,-0.5125069986434974,-1.2599930772162775,-0.08309909339243915,2.747708197751839,43.42745876171139
2020-10-31,-1.0,-1.020831428738473,-0.4917446604911022,0.7207987894260572,-0.2563151255295626,-0.793620737991757,-0.20792725928005995,-0.2794847821075669,-0.40667454827486715,0.23564042069988078,-1.308548743737619,-2.076923076331361,inf,-7.608695651774833,-0.35064935064185454,-0.13492063491354656,-0.9093254672139389,-0.4098838347458724,3.0419654966660197,15.261552128697485,0.2585913031984328,-0.5761424732040907,-0.5038646753643302,-0.36134201029878443,0.7948717948553568,-17.696087415995795,5.813205539872423,-0.5384404655885371,0.893440571382226,-0.6029963211752849,-292.6917899127692,-1.2141333712528966,-2.6990909091094215,-0.8374316939873878,3.4444444444787266,-1.4547094911320801,-1.5336842104863164,-1.9090909099173554,1.3943661972574977,-1.4888059701534342,8.031034482747696,-1.1804355663587534,6.108978957301011,-0.7951907131009459,-0.41783589615271355,-0.9104432645560783,-0.17178175618069913,-0.2604820139124874,-0.3009712938300396
2021-02-28,-inf,-0.09242086694441454,1.0719665271409444,0.4919642159131419,3.766846794645124,-1.3970800886486296,-0.36823292340777947,0.01424838483675206,-0.08585986013386804,-58.85845027455774,-1.736945287788116,-2.7727272702479344,1.6666666681481472,0.5360360363038703,0.21374865739932658,1.1944444444615856,0.27827000309188454,-0.08421571634432856,-0.6113244233398186,-0.8862743259363786,-0.07377393393967124,-0.1428211516467771,-0.3717483974942253,0.3204331222571477,-0.30208333333821513,-6.390260469506471,-4.662417436306647,1.10901262780055,-1.1449037481193927,1.5542382772117662,-1.3417647082939683,12.570312499981677,4.023041474643627,1.0027777778227858,1.0581501832529345,-0.866532528499951,-0.3891402714563579,3.499999993750002,0.34578754585396165,-1.0,2.912087912120114,-1.8085935443664947,-4.747269511940155,0.3219657483242935,-0.07878957791240293,-1.6896279081387038,0.32051689680245654,-0.1885677288688613,-0.1699503114153379
2021-03-31,0.12499999843749987,0.02090879289614045,0.2409749223498261,0.3248150528602407,0.6548962075294706,-8.2058830514219,-0.18677945275056596,0.05746964148062994,-0.013147652665230658,-2.3105010660979493,-3.962058474452886,-0.4761904751700685,-0.6599999996977777,-0.2992424240977478,0.2340740741207128,0.6842105263431528,-0.5883953867938332,0.038805586244855084,-0.8596835724376333,-5.245396712945578,0.10421615662277173,0.4378638960124184,0.9182259603538812,0.5710568529617532,-0.48387096774453464,-1.8404181276450244,-1.821515032821227,1.1683987431873337,6.595575873749901,1.2937667317136325,0.9693275234293273,-0.16339869282693487,0.8424528301686669,-0.21880650991370532,-0.5883073691219867,9.897674418652244,-0.22942817291655837,-0.5000000062499997,0.21657754017903907,-inf,-0.23400673398406235,-5.016305250298093,-1.9656699565032572,-4.787286931816808,0.25032724422886266,-4.0072365915380335,-0.2622719979040795,-0.03962726166367425,-0.12032736954033951
2021-04-30,-1.0,-0.1802911053458105,0.3811401389623412,0.606862839675689,2.393115537911573,-0.7355551727031772,-0.07940321405506301,-0.274025169252919,-0.29561273675531496,-1.568813914385796,-1.6238972940816523,-1.0,-1.287723785237129,-1.2482758620986922,-1.365712074318555,-1.4000668449297948,-1.1756237147413349,-0.179818702349967,-1.1907544571788389,0.35546448597544544,-0.05189879202357717,0.09002157547687362,0.44908841076902206,-0.6183362210229509,-1.0,-0.9497324181929996,-0.9631708170319685,0.5780838742581274,0.08576076302647606,0.6024373884134846,-0.8668806896988497,-0.595238095245181,-0.18773946361852356,-1.5163398692964236,-1.4668246445654853,-0.8350594553054985,-0.8118110236173983,0.3333333222222221,-1.1162393162466215,4.408450704190038,-1.8900630915015584,-0.9407550704584431,-0.8819833113765282,-0.6202940278318378,0.19494824403043842,-1.6215688517129854,-0.354397463002051,0.20017851436194545,0.31326898852858465
2021-05-31,-inf,-0.17824806652168657,-0.083463080087962,-0.18035330306380182,-0.17682854429799488,-0.8195671974658629,0.2441552581959392,-0.4767147464514273,-0.42379310337682596,-1.7304868388983154,-0.8384768090446165,-inf,0.24806201540922812,-0.17979797982369394,-1.449261083736708,-1.1484126984111551,-6.7116353069910195,-0.19215096715897928,-19.131123266310514,-0.2544563269505593,0.0033499017672533604,-0.09063260871487488,-0.12242881152284468,0.4106740036301657,-inf,5.151247303431706,8.954976111019947,0.44866895072542246,-0.4402406103042751,0.4462371493144295,1.441181071828911,-1.7682926829212522,-1.4438775510126003,-0.2714285714402278,-0.11344537816567535,-0.7541493775916447,-1.0,-1.0,-1.5086956521701325,-1.2027284263882092,-0.8320381490673143,-3.624838028461561,2.020669398529371,-2.527080141230459,0.24512441955353004,-0.8533139291155137,1.381668275545711,-0.1142005503592205,-0.07819862198237815
2021-06-30,-3.3333333277777766,-0.06859494121459953,0.29293663627896915,0.4232118521755355,0.13565767436574205,5.0726001882721485,0.059221669543830124,-0.4852962811187288,-0.07801698232828858,-0.7497253862178934,-1.0053112699932476,-7.285714280102043,-2.2441229655137684,0.9394213381034464,-3.7759009009203,-9.950276243107659,0.704710756484503,-0.07972876547821783,0.9922385764526629,-0.5960210855814431,-0.03383591370089689,0.00044021978608799195,-0.15285360167410567,0.7196915427941706,-1.3505747126407077,-0.46477080882437705,-0.8630605081435234,0.19997811802672372,-0.8396448695448797,0.18752779693715982,-0.4418080371574086,-5.910179640745447,-4.939698492492607,0.470588235276459,0.7171717171462095,-10.95867768596771,-inf,inf,-8.931034482788325,-3.6266666666866665,-3.3570621468846213,-1.379038531057316,-0.38481924168869996,-1.5128445695390038,-0.08944939095676074,-1.0871932270211397,-0.44635711109691634,-1.4808380053088708,-1.6966861633817212
2021-07-31,-0.24999999687500019,0.29084999805895984,-0.40364801873083034,0.05274947505390459,-0.5125472090542864,-0.8090332654796819,-0.009917436528116386,0.49030446587018006,1.0055141686544733,-2.202607428413894,84.5978744736879,-1.3054545464145455,-3.043103448513676,0.760212201491629,0.3729706936255446,0.1692506459779286,-0.8368066130377106,0.2954850192991143,0.3930905032988472,-1.5326913099281072,0.0703089441946172,-0.046798167178771055,-0.051410748111549776,0.20050151646305836,-5.915254237302473,-0.09757065447530311,4.6892821009470955,0.1794341796220753,-3.399571057561862,0.1639209609992569,-3.743640426837455,-2.02543859646093,-1.7094474153068902,0.04385964910356566,0.15851063826674738,-1.8344827586058263,-1.9364372469488127,-0.7499999937500001,0.476851851804702,-1.0,-4.070009460762069,-4.175242980947034,-0.09186408989885764,-2.6035537561859257,-0.3251734687150255,5.411351158382148,-0.27538772389684474,-1.7349990555873709,-1.4124769859741944
2021-08-31,-1.4000000010000002,0.33468961192803115,-0.4051784976902516,-0.5742719709948012,-0.6303840462118123,2.649989803548454,-0.12033050931741252,1.0726867365276163,0.7858943795376687,-0.8652960526315809,-0.8552986979402133,-1.219298245337027,-1.5603864732619201,-1.3341013824494579,-0.9013088079266219,-1.0,-5.222624058740285,0.37460642609020334,0.13510256967890766,2.7889489030679946,0.06394694494300168,-0.12801889423410395,-0.2762157869012609,-0.5079607489458258,-0.344444444454731,-1.060915019161462,-1.2303615943984583,0.06814186133974975,0.6890682366341851,0.053354264104465754,-1.6337992283666498,-1.3597246127466405,-1.119871794874425,-1.627522935767194,-1.2896764252600703,-1.8458333333454835,-1.857638888901098,-1.0,-0.8987816307457077,inf,-1.3431818181728907,-1.405518741548092,-0.7660685809332635,1.669120174130553,-0.674217476248173,-0.7737782910236328,-0.47624157933786704,1.3511559871854777,1.9080775660580986
2021-09-30,0.11111110987654182,0.03235738725553916,0.3771069864836081,0.8252251400826329,0.8793198068273105,-0.4030087822588527,-0.007536459758255232,0.5112111863328472,0.1083932039586466,5.420062695924752,-7.593841774557096,6.6000000019999945,1.3522727276269157,2.4974358975660715,0.007843137251826393,-inf,-1.8814062757827519,0.15785439183211158,-0.03263894837359327,0.21454950832261144,0.025933641821488385,-0.2293309878684998,-0.3334256656331436,0.028997770818005142,0.41176470586696934,39.85810894349454,3.1619627381284303,-0.015954915314529194,-0.07551359271462366,-0.028161164240492087,-5.1882171226586244,-0.43585386576622964,8.046391752553383,1.2708333333612276,3.5888888889320913,-1.5885959533954543,-1.387096774188668,-inf,-2.010416666661241,-3.4489795918627597,0.9512195122121061,-0.17709798817259015,-7.390791376408471,-1.2649196758317724,0.8010485571604367,-4.065473972693493,0.43631121166017395,-0.6355913771219677,-0.6954975575841384
2021-10-31,-1.0,-0.13456890518401532,1.3103726755326632,0.21928249538868338,1.6612221404646657,1.2902180777202057,0.27687086081221524,0.3858018569399526,-0.1706615064660152,-1.765355086372351,-1.5296536855075111,0.785714288265305,-0.25170068006386237,-0.8833732057286419,-8.559288537525983,-13.03715170277461,1.37045836478537,0.10505046386677463,-0.08804811541639745,-0.2221998882628634,0.08694558884285453,0.9935329167272386,1.3535476653285827,0.785844289782857,-0.4574468085196911,-2.313045895257471,-2.6529618270463473,0.028108787806755853,-0.4929558490705872,0.017783233260211473,-1.735712376174663,-1.0,0.8642642642175193,-0.3949579831773852,-0.8011782032320875,2.4409282700671078,11.51527224441632,-2.2499999937500004,4.938144329928791,-0.051612903251819,-0.1146179401849825,1.7123989740247039,-2.6564722436147403,-1.4248901098903153,2.534180328478198,-1.9693387007459497,1.0950220163219488,-0.8519972010686518,-1.307013004239613
2022-03-31,inf,0.32497761364254374,0.39638622751069286,-0.1187315002549435,-0.4917753407866823,0.8232891990410867,-1.035427703540926,-0.02050514737282494,0.3337526074445687,-3.0965939533103923,-0.3475931966964263,1.6474358978409893,6.473684210769138,10.982240437304771,-0.4928846153675732,-0.2600917134719145,0.8183945025012012,-0.18043992165409417,0.2370119444610692,1.778928217090169,0.08185893569896119,0.41591751702925306,-0.04498563022212776,-0.43018836506787983,0.052631578933515666,0.30271245554880455,0.046585103345578416,0.06405989580331362,0.9830178467739428,0.06087050421921236,-2.4845552937174533,-3.3383857522027744,-1.8247863248612024,0.0764155286565602,1.1996844715484647,0.13825275660541436,-0.280851535623188,-0.5766129017689906,-0.004444444412837867,-0.5133689839283837,1.0936035082928863,2.4221684530366523,0.25088618598643664,-0.17313259988505558,-5.146758676471552,-0.3623819239953394,0.15568505571490143,0.34082719408818773,0.13492177257720006
2022-04-30,-0.5666666634166667,-0.027832135354908583,-0.6029522855563392,0.1522076834980215,0.9498075392587695,-0.4819372095334775,35.33667677090266,-0.07286883294717306,-0.16667906869624283,-3.4331421334921997,-0.09565048762451278,-0.684210526234995,-0.502386218049881,-0.08242434894406314,0.7371234208249362,0.07000291377301893,-1.336641028585119,-0.5648548246392536,-0.1335076605239931,0.23918841871717222,-0.18244126163615837,-0.6419444150631083,-0.17443127039151107,-0.45118963400135703,-1.527777777770063,-0.725219997701613,-1.0651930866637556,-0.08350203688005109,0.257465046860643,-0.08595497351491155,-2.963408300607043,-2.74566969640411,-1.3548590926001611,0.34179054436278977,0.3006644518934676,-0.832266325219112,-1.161936995577655,0.5253968269276894,1.3340248963344266,-2.9675925926461764,-0.5407950364926647,-0.4595386590652305,-0.77296175879417,-2.803525450582632,0.7665352232836828,-0.16343376457463055,-0.3002158359543985,-0.3381807391003683,-0.2668976112344108
2022-05-31,1.0512820553224556,-0.09470486101211117,1.1338705655829515,0.12474618394606463,0.050949914402502516,-0.3092500971836063,1.0677005229747678,0.04662959577213366,-0.4105281589346843,-2.7624507658644193,0.1462422952430673,-1.3417989418222618,-1.1823287671361886,-1.0563346081514535,0.022807865919145076,0.14453079691249449,-2.2325911279222206,-1.4827922958484432,-0.2541537116460503,0.09598949572917492,-0.266696773233551,0.9097283501047766,0.10509293954323384,0.04958456721209492,-1.9729729729802776,-0.7235664787714267,3.1815508640398837,-0.015240428794373928,0.16866820837724328,-0.017290143350332743,-1.345658216284188,-0.6000093292126115,0.01991869921792966,-1.0121070650487158,-1.0972760849545862,-6.916666666695591,7.603030302999072,-0.5606960946782013,-0.44252669035853165,-2.40230366483649,-1.0,-1.454153938203111,-1.0645527702120106,-2.06811931457744,0.2367002152533486,0.0671091689260912,0.46950251065827975,2.1183280821455086,1.497495206687654
2022-06-30,-0.5714285706864564,-0.15209715087740505,0.3890585438760463,0.013100187378846107,0.21379019466662896,1.2139160193961316,0.32589148872851403,-0.11659344815584027,-0.7248689359014018,-1.0082431457431449,0.18335502335963993,-3.448267844626349,-2.889356195380688,-4.295614035071709,-0.7293370852628389,-0.7032099184725399,-0.36746477193717353,2.0792488040324537,-0.22061597074963457,0.2850982129739348,-0.31674810729982406,0.5875649466509145,0.5654386059344079,0.4657670011521835,-1.0,-3.258448854403513,0.4803704537311746,-0.08210162559258405,0.07538234878667405,-0.08370335248028127,-1.4457344943745998,5.209004739429159,-0.059633027495584634,-52.11135371176715,-4.787732041948588,0.40909090904643164,0.24602543715853686,0.8357487928316989,-0.36632422949731247,-1.2497820401228827,inf,-2.433293143685548,19.928765987499695,0.37912973408295114,-0.061079960481924545,0.09904220872002778,-0.14411640218590172,0.49896668631757546,0.37631104071380816
2022-07-31,-0.3202479335632812,-0.04624026999683406,-1.0051596781320042,-0.03779236981992651,-0.43368402432881425,-0.9616237522678115,0.1819429817142304,-0.21672012561174792,-2.0794442633733454,-75.90272373540861,0.7359154032785387,-1.0666491043238553,-2.447009966811625,-3.280588539012711,-2.59391080618497,-1.3886148007611725,-3.383938136334677,0.3151239631394591,0.15355341870119998,0.5775360034041601,-0.1371630417573625,-0.9848847234061064,-0.6323387558457949,0.6383280384383125,-inf,-2.591765426538584,-0.9933059544980668,-0.013456627141933075,0.1511478559634345,-0.014817291653470566,-3.671518137044333,-1.4531309690044223,-0.6370296370202678,-1.6175122308390415,-2.146558704475602,-1.7309982001569844,-1.4528763769664492,-0.11168831136785329,-1.7871794871936872,-3.0845070422138416,-1.596491228082487,-2.052305776372467,-1.342388214693519,-1.2085714285708287,-0.24344255267064685,1.0232902423678847,-2.1111076585938995,-0.7997451776557435,-0.9808060148595668
2022-08-31,-0.003926038270205878,-0.022503131793412345,-13.211312817785887,0.21725549636461783,0.39283735900811645,20.21101492902379,0.01353100526413109,-0.4181105003183069,1.3961436047566185,-1.945287356321773,-0.29908969441828814,-19.860438292897317,-3.157706093107661,-2.728162377605738,-1.0580186097421447,0.011516314777060055,-0.3204057952553161,-0.08226072572341792,0.33955201844470184,0.454835767108698,0.04929978727068418,22.68424708827122,1.6274632285409858,-0.6494139278849187,-2.0285714285632652,-0.4759542948153439,-72.4017961746137,-0.04726741441673221,0.1148131155799681,-0.048386162609278194,-1.828021908901094,-1.2337155597939435,-4.523728813591648,-2.3499698613426823,-2.7744252873133846,-1.2302371541580086,-1.9450549450750714,-0.6299771166254099,-1.2096774193517157,-1.3073593073705516,-1.6721698113118544,-1.4541286506157307,-1.6136236583845247,3.336569579290554,-0.6232742377783478,-0.33499362125537646,-0.6479974795206632,0.5573940176648677,5.951894455650474
2022-09-30,-0.7448662924634117,-0.019512115393443552,3.8754757733878193,-0.06206882459693486,0.126978095629682,-0.18304965490812608,-0.11852669719979492,-0.24101929031478753,-0.007316168086957786,-1.3577302631579165,-0.21640006575660997,0.15181159426759017,0.03636363643342566,0.20079365086218215,50.87223587226371,-10.104854368911738,0.28410685713756334,-0.2860545511608993,0.13109059616865149,0.13461078808724336,0.055661655406066046,0.11510616728940626,-0.1584311587958196,0.04771910477336028,-1.9722222222299384,2.0206953421457143,-0.12482127338797067,-0.07808961171917239,0.07199773918417152,-0.07898525631384024,0.04425465178322141,0.9204771371927438,-1.3608562691005255,0.9133029133372026,0.2715384615859613,5.733064516075401,2.1038759689261477,0.0066526611320067985,13.195953141684033,0.3688888888730866,3.3927927928301287,-2.070893785212667,-4.116712336392257,-0.9471713596962457,-0.9624117619675631,-0.15028325439577372,-0.38978044389752264,1.3024182629253325,2.964344807796486
2022-10-31,1.0577445652967374,0.07621552154420086,0.33938699308812814,0.08656061360347111,-0.38141969343554183,-0.012501351427937846,-0.1894966590213637,0.6005020521577202,-0.5916184173393584,-0.37959183673470764,0.3575653109409145,-0.6920970025072581,-0.7754083484446104,-0.6734372600030964,-0.13034188031767258,-0.04462019135126882,-1.3886738658461777,-0.5276694188241831,0.057531206232996235,0.025761293795867557,0.11635157838210874,0.24078227726853085,-0.243996582441799,0.4133350344097624,-2.0285714285632652,-1.2431428504857371,-0.9561392355068046,-0.009539233129505553,0.13920732808621628,-0.010317697092512845,-1.816730192784115,-2.8526703499350536,-0.35119047618251154,-0.7784746970712406,-0.7678018575758708,-2.293305144387892,-2.452209005831593,0.09813664602542338,-0.01855239086884186,-2.425691244216268,-0.7262816352932872,-4.329996829464364,-2.833086667723516,2.2278156996590863,3.5955739684759456,0.2363133169609759,0.7320704338856334,0.16067320763360504,0.09550023576852618
2022-11-30,0.11888111895490816,0.007282133691591364,-0.4868667144213241,-0.13968463395603903,-0.12123156450324335,-1.2021588363769542,-0.39832035824977763,0.660211431880531,-2.4487697586563955,-0.3194444444444541,-0.6236094411969786,-1.419451028372474,-3.037470726019996,-2.4531165311902976,-1.3529411764782764,-1.3029818956385009,-1.9302432478882916,-1.2885530788738446,-0.11742521227603642,-0.1660840737492466,0.014803121577797729,-0.5060111947533098,-0.17990005217298444,-0.28699500549140533,-1.0,2.831325627532471,-116.55566903524588,-0.07520505668392141,0.054962617650959,-0.07583707848661958,0.12813629239497537,-0.8827213822931486,-4.192982456165389,-3.525630914842169,-3.1435278336877057,-1.4150579150862599,-1.3931877606187621,-0.4239713774297029,-1.0734323432367743,-1.8652312599873366,-2.245168004767632,-2.071595619291493,0.8688086209097179,-3.4081160909216597,5.2552897338174125,-0.789878863690276,-0.3216852709307574,-0.15564954206225468,-0.30700742782523927
2022-12-31,-0.6275132274908317,-0.02790150182495288,-0.7916319440119903,0.18758981115765327,0.19814652455960036,-3.2639178921311838,-0.4039814236923428,0.2894254521908006,0.5608381172029644,3.056338028168974,0.6342970772897041,-1.2376185458361624,-1.4222803955671761,-1.5305383022626642,1.4459183673273754,1.605393219444191,1.5877014468304975,0.6495414471615302,-0.173947581943956,-0.20062359414233866,-0.036942488911099525,-0.0707682658265073,0.3627926620110098,-0.47375044597969573,-inf,2.7925485175049984,1.405572531435809,-0.0068553906359120065,0.09364180546793355,-0.007412057661701388,-1.258624420115879,-4.307142857130293,0.30518783538578065,-1.1586189642204068,-1.3994799054289573,-0.7606837606910658,-0.6591126715745776,-0.920370370368227,7.58499999997874,1.1963302751851792,-0.6556838905812028,-0.11766745825951197,1.6746917789711504,-2.023423721339423,0.5679824733215164,0.7470167067801055,1.7825931099761623,-0.00786143208112211,-0.11661780729687488
2023-01-31,-0.33734756096192586,-0.19599443475105371,8.409467017846596,-0.039968540330193814,0.13278043161570152,4.580930053982307,-0.23157948436226106,-0.011063189173107557,-0.7326456403369328,-1.2781716417910332,5.207641829732409,-7.6213151927539995,-3.027421494936365,-2.707216494869276,-0.9293982037381423,-0.7963998211120041,-1.2338317420281766,-2.680501920510201,-0.3802780211881077,-0.35600681378493715,-0.22254076351548902,1.7116109922003107,0.30978177513675487,2.5409936800095463,0.028571428563265444,-1.7290260261779786,-1.8984162918501548,-0.040249576854924585,0.027728223576770183,-0.040723195732840445,-2.97781569243888,-2.8555093555313995,-0.3922738693694595,-6.359961685838331,-3.040559264407491,0.5260869565103856,-0.22424892704967847,7.17431192662286,-1.0,-1.0,0.8576713395568256,-4.352473564630106,-1.4512664018409533,0.5598770093875576,-0.06898806682344605,3.7662384493068783,-1.4520003940618418,0.4425807347449353,0.8208051874470703
2023-02-28,-0.011948990849736774,-0.37653740295488713,-0.2570771199523375,-0.006069497200639762,0.09563658566465638,-0.769753771703343,0.04396846052121983,-0.2553521527471232,-4.705670715412209,1.0160246317483876,-0.7569632760130729,-4.142517814692983,-2.679292929251188,-2.224747474715192,-6.369696969688794,-2.016363636360661,-1.7513440860217173,2.2746974667520425,-0.6676793505266099,-0.5676566395355247,-0.43659845012519516,-0.43754010950960154,-0.2919569314047017,-0.4064186439500622,-3.0588235293944637,-0.9432924947624505,-1.0862744257193173,-0.13526354963630804,-0.09808152017421845,-0.13562769784451112,-1.6396975339444995,-0.8245326037434966,-1.0,-2.18144432912529,-2.4146042794281666,-4.251488095200248,-6.3032305432584845,-0.7182916585856209,inf,-inf,-2.336220959657139,-1.2314721590449673,-1.2750021286865294,-0.6386597782405603,-0.4714532759694863,-0.4275306937599056,-1.6626824473865427,-0.1398405202853661,-0.2129657220471416
2023-03-31,-0.6841721371223548,0.013207766377629104,-0.7969632810564946,-0.2699931069855125,-0.30501545933491014,-1.2070130870758573,-0.18099907574369078,-0.1710028062891059,0.7324901570282907,-2.3977009209567663,-0.11913270810708654,-2.0940748441072614,-1.9157894737174055,-1.9877551020694504,-0.7587719298226363,0.3118664281493415,1.7981438936455785,0.4277904221156976,-0.05213145699563504,-0.1501406496936042,-0.16469037035451517,-0.6172061715778823,-0.06497063740560338,-0.49223076961104406,-1.4722222222299384,-0.7344815374163852,3.902423520571423,0.07346207846304154,0.06844168451069832,0.07310714906238003,-2.4418431809782826,-5.585308056851823,inf,-1.5318234686056251,-1.8824890946520196,-1.5336798787277488,-1.5108777194568994,-0.31461377870258056,-1.2063909774456858,-2.7295150501051957,-1.4587941787984382,0.481219780624464,0.1877338589074662,-3.3767563527664195,-0.43569946948611993,-0.11531406374976094,0.037663150488363106,0.5567887566557885,0.7301347635662787
2023-04-30,1.2112903225889644,0.401045995038235,4.476582544819796,-0.0783866732316556,0.43965501272617535,-6.846168000127251,-1.204709959286959,-0.3660861424151588,-0.33308050088854413,-1.4387289072640592,-0.10550507702351009,-0.9684072249601631,-0.8198275862138402,-0.8975966562206488,-4.22173913044092,-2.4684763572734685,-2.8222257672662128,-0.307378548381956,2.138965602113408,1.051507698324956,0.2919377826380518,1.5177964388297878,-0.08640234812038161,0.9023184211738742,0.028571428563265444,28.267442744533714,-1.7773436220062013,-0.06876162110127926,-0.10620773793457117,-0.0690572487772384,0.6161497326119705,-1.1279718583235863,-1.1286391333852075,-0.7274689377614675,-0.9037842190037536,0.33307210028746215,0.19444444440971975,1.9567901234656686,2.0238726790387753,-0.9145180023181211,-1.628516174399494,-1.5754505927300992,-1.7924417389523186,-1.3743581303484718,-0.07911764983845115,-0.5619352974543641,-0.9035701822243285,0.0012293711160626941,-0.05786965765190277
2023-05-31,0.2301587301685888,0.610163102125731,-0.7425585211753534,0.11368115829659886,-0.22785795734118153,-0.46052409707104147,8.527736529842423,-0.4497029509027123,-1.2261962568621332,7.112067026540826,-0.14759434424317464,-19.089108910869435,-3.6210826210639486,-6.05813953486682,-2.5832042677580196,-2.3767329716618306,-2.17647073223348,-0.9498715337172409,1.2616088928170144,1.0535839878967006,0.6454375080535546,-0.6511970189029238,-0.06073386133794856,0.08797930398445786,-4.088235294091696,-1.591104185551508,-1.3736463618960026,-0.0009386575743741687,-0.08187914496535698,-0.001206107295501635,-1.8766081566661532,-4.235320088292438,-3.7051282051097334,-4.551376146779564,-7.056074766342016,-1.0,-0.29090909093594775,0.09551986475996777,-3.048913043464969,5.4371980676632,0.25095433338385886,-0.6066659475584599,-3.6164749894051558,-3.6909225228564515,0.7705239688609629,0.4595643234491853,20.03857775960693,-0.8193563549725444,-1.2855683131675195
2023-06-30,-0.9169960474300468,0.14371272846208027,0.9138128387644127,-0.23172926938068483,-0.46084496534254915,0.7594207593816953,0.41498159924032163,-0.3749585432421382,3.420620300380116,-1.6752677430255265,-0.7358568537934796,0.1987373737616489,0.5913740990746106,-0.19670329669046727,-1.0957173447546622,-1.0798671288278667,-0.8124232028356618,-12.582950027365616,0.25317239931401736,0.23064578978108852,0.12056653583431487,0.5810024444746091,-0.4023077160504631,-0.20946135708142255,-1.3063063063136109,1.4729315862915642,2.467394699649279,-0.06654538093659856,-0.14029664993945634,-0.06677045545623539,-2.771413972514444,-4.863539445658095,-4.3703703704303845,-0.6603091498349014,-0.36873156341399493,inf,-1.8992939427465325,-0.5623822975478853,-0.9470351180189015,-2.4475524475937673,-0.021308980209852724,-0.2385935640906207,0.7373158195548637,-2.1945185719422495,0.1670870752158098,-0.3664973400612175,-1.059427201029838,1.1016431224185115,-1.8709867681463415
2023-07-31,0.992125984253474,-0.03072650524955245,-0.02243207631268429,0.15465496783090105,0.1663434364037042,0.41157513106745447,-0.05966502728353007,0.4689912998485144,0.06421689943844378,-1.3862274945313526,0.4678926455894481,-0.980776792345247,-0.8839014093222071,-0.10081828005690929,-1.5021505376339461,-0.49826086956551985,-5.45878682471185,0.16979100968672967,-0.01757278137643059,-0.014862085672216918,-0.10978683929649491,-0.24504543270456658,-0.30363879953726014,-0.23451261640613486,0.02777777777006163,-2.1589189026793534,-1.2107105615342104,0.001092997026599818,-0.06782812127110305,0.0008875697859769272,-1.0121387429903193,-0.5295524691516544,-0.5486322188761084,-1.589708404804517,-0.5774572649540677,2.6824324324628632,-0.22310258546897244,-0.37655149278527156,7.976744186052299,-0.12000000004000111,-0.30061741536929354,0.2839620871136148,-1.6344197513896592,0.2901389887388892,-0.12161164361593957,0.44805707922343885,-1.1314804678915562,-0.04518206312176609,0.14763690854063438
2023-08-31,4.208984375008006,-0.23849782424519184,1.489282282652999,-0.2691727048834438,0.013412905209707171,-0.4921131619061476,-0.3999169388946696,0.8098056302166656,-0.5163815905794993,-3.7824987709811855,1.4869646334370823,-3.993852459017742,-0.011961722485159032,-0.280226700244278,27.93776824035732,-29.04878048779691,-0.15584623856484148,-0.5081161132950744,-0.26856309639745535,-0.2575573855867398,-0.3820099709288425,1.825375138768186,-0.1827986397003576,0.1399600122799347,-4.085714285689791,-0.9670961798562102,-1.2651503797682122,-0.032356035020826956,-0.08983582017763225,-0.03253646522233822,-2.4955979457082975,-1.246600365329698,-1.5793528505201406,-3.5259965337909738,0.6890225563962906,-1.8118143460147054,-2.280469897233276,-0.012750455371096314,2.4747474747678897,-1.0679347826057421,2.6456681351034406,1.4000329086402221,-1.2779146597824365,-1.2583006035064932,-0.5231224432373045,0.6583741423021818,-154.8151476352398,0.44238413290309353,0.9194897035564427
2023-09-30,-1.0,-0.2629468541362727,-0.29737390461764357,0.6310019133442333,0.38640148641690697,1.4818231464253824,-0.2776855452345063,0.2859484862906365,-0.7698818380847776,-1.3896825396825057,-0.2182162990727905,-7.037113402054174,6.312529550847981,3.044417277943512,-0.41567398118387744,-0.5232558139496222,0.41249456113682004,-0.5788344321453134,-0.2979217370322458,-0.3203433033594164,-0.3362629648170996,0.07522880322744285,2.3556842518992793,0.169855892568316,-1.0,8.299243990089243,-1.887863834352682,-0.06360114379945492,-0.1399925599412365,-0.063754878116977,-67.12441660523469,1.953246753258897,-1.8060109289766788,1.6640765765882697,2.4950376454664482,-1.8952609889890657,-1.6158914728530758,-1.0,-0.4506425233541159,-7.962162162182615,-0.6667544982283,0.10054418729638015,-1.4689065756131772,-0.21504048305233636,-1.3282217820175504,-0.24775595520546745,-0.6787286597341895,-0.08433128220138408,-0.03697393520263759
