Date,FEDFUNDS,GDP,CPIAUCSL,CUSR0000SAH1,CPILFESL,PCE,PRFI,PNFI,EXPGS,HOUST,DSPI,DGS2,DGS5,DGS10,AAA,BAA,WTISPLC,IMPGS,GCE,FGCE,GDPCTPI,PCEPI,PCEPILFE,PAYEMS,UNRATE,INDPRO,CUMFNS,M1,M1V,M2,VIXCLS,BAMLH0A0HYM2,BAA10Y,BAMLC0A4CBBBEY,BAMLC0A1CAAAEY,T10YIE,T5YIE,DGS3MO,DGS30,BAA10YM,MORTGAGE30US,RSXFS,TCU,UMCSENT,NETEXP,PI,PPIACO,M1REAL,M2REAL
2003-05-31,1.254,11264.584123781406,183.24,211.76,192.56,7597.24,608.0848211946957,1355.6314924688668,1006.571005476723,1720.4,8318.76,1.52,2.728,3.7600000000000002,5.794,6.917999999999999,31.75,1528.1379798580563,2190.027648843848,815.4101266099125,76.65557730772333,77.5098,78.4594,130325.4,5.9399999999999995,90.84382000000001,73.7621,1243.76,8.971682062424318,5870.1,26.125999999999998,7.523999999999999,3.004,5.452,3.9979999999999998,1.7760000000000002,1.52,1.154,5.016,3.06,5.74,266559.4,75.78644,83.6,-521.5662665607132,9338.18,137.52,679.28,3205.1
2003-06-30,1.25,11325.829940818681,183.33999999999997,211.98000000000002,192.68,7628.9,615.3655336518199,1365.7551756213622,1010.4421224417744,1723.2,8350.36,1.44,2.616,3.668,5.553999999999999,6.686,31.306,1530.8470311183028,2198.141816945198,822.9034749261209,76.76566393644703,77.5872,78.55499999999999,130247.8,6.04,90.72036,73.73216,1254.98,8.946218687072493,5908.08,23.796,7.0920000000000005,2.934,5.218,3.8659999999999997,1.7419999999999998,1.512,1.104,4.912,2.972,5.608,267192.6,75.71218,85.06,-520.4041422991182,9371.22,138.06,684.78,3224.2599999999998
2003-07-31,1.2,11400.058085144068,183.35999999999999,212.3,192.86,7670.58,625.8565704177306,1375.0233459859817,1017.2742692964508,1776.8,8405.880000000001,1.4940000000000002,2.754,3.8239999999999994,5.462,6.598000000000001,30.284,1536.989249380846,2205.787285135016,827.6834995373305,76.89568016317682,77.6452,78.6684,130196.0,6.1,90.66764,73.76892000000001,1264.52,8.934274624663868,5948.219999999999,21.768,6.55,2.8080000000000003,5.1979999999999995,3.942,1.77,1.512,1.05,4.933999999999999,2.868,5.638,269225.4,75.69532000000001,87.26,-519.7143690410564,9410.3,138.07999999999998,690.08,3245.9
2003-08-31,1.1560000000000001,11480.022946971441,183.48,212.71999999999997,193.08,7718.7,638.0244795339445,1383.8664511844436,1027.4338549703052,1798.2,8471.22,1.582,2.8899999999999997,3.9480000000000004,5.46,6.609999999999999,29.892000000000003,1546.668127652778,2213.45536541696,831.4598358842647,77.03661050402431,77.716,78.7744,130180.2,6.14,90.62618,73.72532000000001,1276.24,8.938027309303711,5996.4,19.663999999999998,6.098,2.692,5.1659999999999995,3.998,1.842,1.58,1.0139999999999998,5.018000000000001,2.7520000000000002,5.720000000000001,271254.4,75.68516,89.6,-519.2338938914224,9451.3,137.44,695.8399999999999,3269.7799999999997
2003-09-30,1.106,11559.912625251769,183.85999999999999,213.2,193.32,7762.539999999999,650.498271039964,1392.3388629086642,1040.6329494018248,1857.4,8516.36,1.58,2.8899999999999997,3.9620000000000006,5.456,6.597999999999999,29.9,1559.7017945643752,2221.6644148733494,835.6719725213104,77.18278673406446,77.862,78.88500000000002,130195.4,6.159999999999999,90.81634,73.91798,1285.5800000000002,8.955244438117397,6033.02,19.966,5.912,2.654,5.0920000000000005,3.966,1.8980000000000001,1.6620000000000001,0.976,5.048,2.678,5.758,273101.0,75.86466,89.94000000000001,-519.0686713041581,9496.52,137.78,699.5400000000001,3281.96
2003-10-31,1.0559999999999998,11635.31879042699,184.26,213.61999999999998,193.54000000000002,7805.960000000001,662.2501776541943,1399.6393580927622,1056.1768092660209,1900.6,8557.82,1.684,3.0839999999999996,4.154,5.5520000000000005,6.668000000000001,30.338,1576.0647407272704,2230.7424286518167,840.9866225487734,77.33209931968679,78.0278,79.0022,130244.0,6.14,91.03732,74.12432000000001,1291.1399999999999,8.981188960215988,6054.38,19.292,5.5,2.556,5.17,4.066,2.058,1.8219999999999998,0.9460000000000001,5.156000000000001,2.604,5.884,274581.4,76.06626,89.44,-519.8878923818506,9537.72,138.3,701.18,3286.2
2003-11-30,1.012,11703.684070356161,184.64000000000001,214.11999999999998,193.74,7850.56,672.672297743386,1404.5608145924275,1072.774068207466,1943.8,8605.6,1.832,3.268,4.314,5.688,6.7620000000000005,30.412,1595.4709474543415,2240.747450884015,847.2958846775407,77.4851425959841,78.19659999999999,79.1322,130302.0,6.04,91.3587,74.39392000000001,1295.7599999999998,9.008178749327893,6069.2,18.651999999999997,5.17,2.46,5.244000000000001,4.168,2.1919999999999997,1.936,0.9479999999999998,5.282,2.504,6.014,276161.8,76.3486,90.24000000000001,-522.6969163039207,9584.3,138.48,701.7,3287.3799999999997
2003-12-31,1.006,11764.52968671736,185.0,214.57999999999998,193.9,7889.240000000001,681.7341206468202,1406.5825036937229,1089.331219364738,1975.8,8633.3,1.8399999999999999,3.242,4.27,5.714,6.758,30.689999999999998,1617.8698215790616,2251.5881289523923,854.0983362004059,77.6450849001963,78.3544,79.24260000000001,130384.0,5.9399999999999995,91.59596,74.60584,1299.3,9.029870537848165,6075.34,18.416,4.872,2.412,5.1240000000000006,4.095999999999999,2.2299999999999995,1.9920000000000002,0.946,5.298,2.4419999999999997,5.996,277013.8,76.55902,90.58,-528.5386704459386,9628.619999999999,138.84,702.36,3283.66
2004-01-31,1.0,11820.195391607975,185.35999999999999,215.04000000000002,194.1,7920.24,690.1434469557696,1406.608840477677,1105.0900214952878,1991.4,8649.220000000001,1.818,3.184,4.212,5.646,6.644,31.226,1643.172399023635,2262.9675178583143,860.5923986048865,77.81664843927335,78.5204,79.376,130506.6,5.859999999999999,91.90266,74.87654,1300.5,9.042635331094042,6069.52,18.016,4.590000000000001,2.3579999999999997,4.99,4.023999999999999,2.26,2.026,0.932,5.234,2.388,5.868,277203.4,76.82684,93.48,-538.0824312152287,9667.22,139.52,702.0200000000001,3274.54
2004-02-29,1.0,11873.85989048451,185.68,215.4,194.34,7957.58,698.8124299406797,1406.9252060859208,1119.8704229541145,1972.8,8686.279999999999,1.85,3.2159999999999997,4.218000000000001,5.601999999999999,6.540000000000001,32.516000000000005,1670.9184835905858,2274.5090850708775,866.2852398829373,78.00129104250306,78.6712,79.5132,130620.6,5.76,92.20618,75.1407,1305.4,9.047651821116663,6075.58,16.381999999999998,4.356,2.286,4.944,4.026,2.334,2.13,0.9279999999999999,5.194,2.322,5.787999999999999,278103.8,77.0924,94.82,-551.0480211570174,9703.8,140.24,703.42,3273.3599999999997
2004-03-31,0.998,11928.865814136547,186.11999999999998,215.85999999999999,194.64000000000001,8003.860000000001,708.4661346118228,1410.0283769302791,1133.721722653259,1979.0,8726.42,1.8,3.122,4.1240000000000006,5.5280000000000005,6.4159999999999995,33.802,1700.5036608244202,2286.1147059626774,871.1816648901574,78.19969502619446,78.8444,79.648,130760.6,5.720000000000001,92.41256,75.38398000000001,1311.92,9.048495721109395,6091.780000000001,16.51,4.292,2.2720000000000002,4.828,3.938,2.3299999999999996,2.1759999999999997,0.93,5.114,2.29,5.68,280392.8,77.27727999999999,96.06,-566.7817140287618,9742.88,141.0,705.0799999999999,3274.9
2004-04-30,0.998,11986.991917170099,186.6,216.4,195.02,8040.780000000001,719.1065020655068,1417.5354372781183,1146.4435467467629,1963.0,8763.24,1.85,3.1719999999999997,4.162000000000001,5.5440000000000005,6.3759999999999994,34.922,1730.0426028371025,2297.7299156291297,875.7464544451819,78.40516512117347,79.0272,79.8028,130946.0,5.68,92.5664,75.54848,1316.92,9.050369307349314,6115.14,16.684,4.178,2.216,4.84,3.97,2.352,2.2399999999999998,0.932,5.12,2.2399999999999998,5.704,281323.6,77.41918000000001,96.16,-583.5986143682868,9778.4,142.18,706.88,3279.5199999999995
2004-05-31,1.002,12048.40476413663,187.14,217.0,195.42000000000002,8086.0,730.0676580068396,1429.5214134732676,1157.213951923069,1947.8,8809.48,1.9899999999999998,3.284,4.24,5.628,6.406000000000001,36.547999999999995,1757.0490019087924,2309.389161500979,880.5123975077595,78.60833585045398,79.227,79.9598,131165.8,5.66,92.84866000000001,75.83346,1323.4,9.056233082538398,6154.42,16.122,4.1979999999999995,2.154,4.944,4.0760000000000005,2.4299999999999997,2.344,0.9579999999999999,5.18,2.18,5.798,283451.6,77.66923999999999,95.67999999999999,-599.834493255745,9825.759999999998,143.64000000000001,707.72,3291.4800000000005
2004-06-30,1.008,12111.68859989645,187.66,217.6,195.82,8116.1,740.4153501554404,1444.4528320095005,1165.599681449769,1931.2,8856.119999999999,2.162,3.412,4.332,5.7219999999999995,6.474000000000001,37.298,1780.1643854489134,2321.0204891983763,885.6572470182118,78.80124166257305,79.4114,80.1014,131370.4,5.64,92.95632,76.02556,1331.1799999999998,9.065886854384585,6194.36,15.663999999999998,4.208,2.1339999999999995,5.074,4.2,2.472,2.3979999999999997,1.036,5.25,2.1319999999999997,5.912000000000001,284495.6,77.77322,94.03999999999999,-614.5642293854378,9877.08,144.8,709.6800000000001,3303.16
2004-07-31,1.058,12176.642622739588,188.14,218.3,196.2,8155.4,749.5883756645107,1460.3946546770362,1172.1641855594225,1962.4,8901.539999999999,2.366,3.5519999999999996,4.434,5.786,6.544,38.488,1800.4886339703658,2332.7854725294237,891.0600691031153,78.9858228293032,79.57700000000001,80.2362,131576.0,5.619999999999999,93.08646,76.23118,1334.8799999999999,9.07685323554828,6229.04,15.818000000000001,4.144,2.112,5.206,4.331999999999999,2.4939999999999998,2.404,1.12,5.296000000000001,2.118,6.0120000000000005,285780.8,77.89496000000001,94.5,-628.3242620309135,9930.6,145.85999999999999,709.92,3312.84
2004-08-31,1.144,12242.120228174632,188.56,218.82000000000002,196.48000000000002,8189.959999999999,757.351687675563,1475.8315964277547,1178.2287237829817,1967.6,8943.56,2.528,3.658,4.4879999999999995,5.85,6.614,40.124,1820.1493690583459,2344.3659259922842,896.0947631957972,79.16385248051611,79.7264,80.3504,131735.4,5.54,93.30512000000002,76.50413999999999,1340.1399999999999,9.086748925231396,6261.58,15.528,4.074,2.0919999999999996,5.286,4.427999999999999,2.4880000000000004,2.4,1.23,5.346,2.098,6.096000000000001,286127.2,78.08818,94.52000000000001,-641.9208289698082,9983.079999999998,146.84,711.04,3322.5
2004-09-30,1.266,12308.896071007006,189.04,219.34,196.8,8236.82,764.2452165499229,1490.362578724225,1185.3867125115892,1948.0,8980.679999999998,2.592,3.6079999999999997,4.409999999999999,5.796,6.5760000000000005,41.976,1841.3470658612525,2355.6996567500814,900.4300833681164,79.34263183015638,79.878,80.45320000000001,131870.2,5.5,93.47304,76.71822,1346.78,9.095908798923992,6293.66,14.758000000000001,4.058,2.104,5.242,4.395999999999999,2.478,2.3980000000000006,1.374,5.286,2.104,6.038,288164.6,78.23440000000001,94.52000000000001,-655.9608304804611,10032.02,147.42000000000002,712.3799999999999,3330.4
2004-10-31,1.418,12378.746607679275,189.56,219.78000000000003,197.14000000000001,8280.939999999999,771.1330377051561,1504.2693134277793,1194.8859561780107,1966.2,9011.439999999999,2.596,3.5060000000000002,4.288,5.682,6.468000000000001,44.54600000000001,1865.0369926648423,2366.8827328098555,904.1346887826736,79.52971879666366,80.04679999999999,80.569,132018.6,5.4799999999999995,93.67004,76.95138,1352.4599999999998,9.107753235214634,6314.02,14.912,3.928,2.1159999999999997,5.134,4.302,2.43,2.386,1.524,5.172000000000001,2.12,5.901999999999999,289537.2,78.39854,94.82,-670.151597450985,10073.880000000001,148.06,713.5,3332.34
2004-11-30,1.598,12452.851717756908,190.12,220.18,197.48000000000002,8338.320000000002,778.6428339702509,1517.804785031599,1206.582809568666,1957.0,9037.12,2.66,3.4880000000000004,4.236,5.584,6.351999999999999,46.634,1889.4812488727944,2378.2109724788106,907.9030975152555,79.72718313565588,80.2322,80.6942,132162.6,5.44,94.05732,77.2701,1357.92,9.127459276019561,6339.66,14.691999999999998,3.7419999999999995,2.088,5.078,4.266,2.4479999999999995,2.4520000000000004,1.688,5.066000000000001,2.112,5.796,291946.0,78.71374,94.26,-682.8988887962063,10110.5,148.9,714.7,3336.1200000000003
2004-12-31,1.778,12530.674958025711,190.64000000000001,220.58,197.84,8391.82,787.0006622505373,1530.9954356870126,1219.711075395423,1965.0,9124.880000000001,2.74,3.472,4.184,5.514,6.258,47.162,1912.1590302397387,2389.8470435941476,912.3735161736062,79.9326329385576,80.41139999999999,80.8212,132319.2,5.42,94.45558,77.55588,1364.96,9.15898231683292,6367.460000000001,14.285999999999998,3.558,2.04,5.026,4.225999999999999,2.462,2.498,1.86,4.986000000000001,2.072,5.741999999999999,294427.0,79.02832,94.34,-692.4481881660853,10208.06,149.45999999999998,716.46,3341.0800000000004
2005-01-31,1.948,12609.201828938629,191.11999999999998,221.0,198.26,8437.04,796.0192455683421,1543.7447230919358,1233.1404374727194,1989.0,9138.74,2.916,3.5479999999999996,4.186,5.456,6.17,47.542,1930.8505179179242,2401.6557692394867,917.782597073704,80.13959930365327,80.6036,81.0004,132487.8,5.4,94.90526,77.85210000000001,1366.1399999999999,9.20284272715707,6387.360000000001,13.791999999999998,3.404,1.952,5.05,4.266,2.4899999999999998,2.5599999999999996,2.034,4.91,1.996,5.71,296178.0,79.37508,94.25999999999999,-697.7101283554463,10241.82,150.04,716.0,3344.62
2005-02-28,2.126,12683.58726674865,191.64000000000001,221.42,198.64000000000001,8480.560000000001,805.2815492462531,1555.8972084902953,1246.2655016806225,2049.4,9153.719999999998,3.1079999999999997,3.6719999999999997,4.23,5.404,6.08,47.946,1945.6859811252166,2413.0483722389595,923.5272046771254,80.3408050919367,80.80919999999999,81.1764,132677.8,5.4,95.47238000000002,78.26248000000001,1368.0400000000002,9.25432018925444,6405.24,13.539999999999997,3.2039999999999997,1.848,5.112,4.343999999999999,2.548,2.658,2.214,4.826,1.8979999999999997,5.704,297661.6,79.80784,94.24,-699.420426158537,10276.26,150.82,714.94,3344.6799999999994
2005-03-31,2.3,12751.845121218545,192.1,222.01999999999998,199.07999999999998,8520.82,814.7520805153547,1567.759238587652,1259.0823917208559,2007.8,9172.4,3.3560000000000003,3.8480000000000003,4.32,5.39,6.05,48.182,1958.4344948084422,2423.7938952295212,928.9366109606311,80.53844407696783,80.99459999999999,81.3576,132821.6,5.340000000000001,95.84538,78.4374,1369.52,9.308645383541394,6420.1,13.09,3.182,1.7580000000000002,5.268,4.4879999999999995,2.6060000000000003,2.7340000000000004,2.4160000000000004,4.792,1.7879999999999998,5.784000000000001,298900.2,80.06588,94.42,-699.3520301833576,10313.98,151.56,714.1199999999999,3343.8199999999997
2005-04-30,2.472,12814.297975381094,192.5,222.58,199.45999999999998,8567.6,824.4153921016592,1579.6939484475995,1271.2366088035005,2063.6,9200.88,3.4839999999999995,3.8839999999999995,4.290000000000001,5.352,6.02,49.098,1971.3586550603686,2433.9647278631683,933.519152717597,80.73727392585656,81.1636,81.52279999999999,133022.8,5.3,96.21202,78.66482,1367.0,9.359885570890281,6431.06,13.504,3.386,1.72,5.356,4.5280000000000005,2.604,2.7279999999999998,2.562,4.732,1.7280000000000002,5.796,300416.8,80.30686,93.4,-700.1220027084435,10362.1,152.28,711.02,3342.72
2005-05-31,2.6399999999999997,12874.194723339908,192.88,223.07999999999998,199.84,8601.04,834.4003265975055,1592.0881239029786,1281.6629018947353,2060.2,9170.640000000001,3.5879999999999996,3.91,4.242,5.288,5.992,50.398,1985.3402531098868,2444.1943146322374,937.5262592374431,80.94458493940195,81.3332,81.7008,133233.6,5.24,96.44874,78.80408,1365.22,9.405153213831637,6441.36,13.504,3.592,1.7280000000000002,5.402,4.5680000000000005,2.5660000000000003,2.694,2.698,4.648,1.718,5.764,300819.4,80.42798,91.35999999999999,-703.6773971367581,10350.76,153.1,708.58,3341.8199999999997
2005-06-30,2.7920000000000003,12934.683614779646,193.29999999999998,223.54000000000002,200.16,8652.179999999998,844.5909707025654,1604.8284929219103,1289.6928943281596,2045.0,9212.82,3.6620000000000004,3.912,4.202,5.208,5.96,52.282,2000.515429385126,2455.032705520335,941.4376411882962,81.16334111261048,81.49180000000001,81.8318,133465.6,5.18,96.7027,78.86305999999999,1369.3,9.44468495434058,6460.64,13.347999999999999,3.7039999999999997,1.752,5.427999999999999,4.593999999999999,2.5220000000000002,2.64,2.832,4.55,1.73,5.738,303678.0,80.55254,91.46,-710.8227376285224,10400.960000000001,153.78,708.3799999999999,3342.94
2005-07-31,2.944,12999.48773413725,193.8,223.95999999999998,200.45999999999998,8711.119999999999,854.9217381502942,1617.6796252270808,1295.8424413916491,2014.4,9259.34,3.748,3.936,4.186,5.18,5.986,54.428,2017.5904693749276,2467.0575717630654,945.7241134125559,81.39935597468676,81.6746,81.9598,133718.4,5.1,96.75645999999999,78.7239,1369.3,9.482447618550612,6480.0,13.246,3.7980000000000005,1.768,5.462000000000001,4.638,2.462,2.54,2.9739999999999998,4.514,1.754,5.754,306270.6,80.50156000000001,91.94,-721.7484383147787,10456.079999999998,154.72,706.3399999999999,3345.0799999999995
2005-08-31,3.118,13066.180544187579,194.4,224.2,200.66,8761.46,864.5645430065208,1629.5099033121342,1301.4450872489888,2060.6,9304.460000000001,3.7560000000000002,3.874,4.09,5.118,5.966,56.56,2037.7408755853135,2479.692364461241,949.9930692052194,81.64358646668458,81.875,82.061,133986.6,5.04,96.90124,78.73710000000001,1370.1,9.519700494033435,6505.4,12.962,3.8260000000000005,1.7939999999999998,5.37,4.587999999999999,2.3939999999999997,2.4539999999999997,3.118,4.448,1.782,5.7,308018.2,80.51936,91.24000000000001,-736.2963800293446,10510.420000000002,155.5,704.88,3347.96
2005-09-30,3.2840000000000003,13132.916391612871,195.42000000000002,224.38000000000002,200.88,8805.859999999999,873.020771466402,1640.1031610653022,1308.52004413458,2078.6,9350.16,3.8599999999999994,3.9299999999999997,4.1160000000000005,5.078,5.962000000000001,59.065999999999995,2061.811448283166,2492.423070268395,953.9550623441758,81.88759553910344,82.1888,82.1798,134194.0,5.0,96.62958,78.5059,1373.44,9.558061001990648,6534.92,12.284,3.696,1.8039999999999998,5.362,4.640000000000001,2.386,2.4520000000000004,3.248,4.4079999999999995,1.8060000000000003,5.726,309400.8,80.18654,89.08,-753.2920754770199,10565.539999999999,156.94,703.3199999999999,3345.8
2005-10-31,3.44,13198.975803385256,196.51999999999998,224.78000000000003,201.18,8859.24,879.9970086902692,1650.1531349545098,1319.0770852165886,2086.6,9400.439999999999,4.0200000000000005,4.068,4.2299999999999995,5.118,6.0200000000000005,61.574,2089.6866688667037,2504.9696123839885,957.7057371659788,82.12163472265634,82.52000000000001,82.3124,134385.8,4.9799999999999995,96.57278,78.45302000000001,1376.1399999999999,9.598870318235935,6567.8,12.690000000000001,3.592,1.7900000000000003,5.4719999999999995,4.764,2.4259999999999997,2.4859999999999998,3.4260000000000006,4.438000000000001,1.8,5.8260000000000005,311141.4,80.02748,86.54,-770.6101816788262,10626.18,159.32,700.48,3343.94
2005-11-30,3.632,13267.109731243647,197.4,225.28000000000003,201.56,8897.8,885.7160923941758,1661.3890190408988,1333.6628524332687,2102.4,9453.74,4.172,4.208,4.340000000000001,5.209999999999999,6.1259999999999994,61.98199999999999,2118.979808812035,2517.777298351973,962.1891932082326,82.34035596054892,82.80619999999999,82.4758,134598.2,4.9799999999999995,96.64344,78.50844,1375.44,9.643484651965055,6597.88,12.693999999999999,3.556,1.794,5.604,4.892,2.446,2.4939999999999998,3.6119999999999997,4.522,1.798,5.976,311604.2,79.97058,83.66,-785.3173645543491,10689.66,161.2,696.9,3344.0800000000004
2005-12-31,3.812,13340.348358507126,198.04,225.78000000000003,201.94,8923.26,890.1897292053854,1675.2850084204579,1351.791854505077,2090.4,9503.08,4.25,4.254,4.362,5.272,6.2,62.128,2146.793758995684,2531.4439047954866,968.2581487987951,82.54452705534148,83.0232,82.6324,134770.8,4.959999999999999,96.86996,78.63678,1376.0000000000002,9.692237124798613,6627.539999999999,12.794,3.6380000000000003,1.8240000000000003,5.6419999999999995,4.944000000000001,2.44,2.4899999999999998,3.748,4.57,1.814,6.066,311594.8,80.04084,82.66,-795.0020848175502,10748.619999999999,162.54,695.1600000000001,3347.84
2006-01-31,3.9699999999999998,13419.786893986902,198.68,226.3,202.36,8967.560000000001,893.0601930800573,1692.3157002380478,1371.8767186075042,2126.0,9570.66,4.39,4.374,4.464,5.312,6.256,62.23599999999999,2170.4956391020723,2546.3113891067487,976.0687867226255,82.74245757831252,83.25460000000001,82.81280000000001,134956.8,4.92,97.06368,78.8085,1376.66,9.743459055028836,6657.9800000000005,12.863999999999999,3.59,1.8259999999999998,5.746,5.062,2.472,2.518,3.9120000000000004,4.596,1.8380000000000003,6.136,314055.2,80.08234,83.08,-798.6189390781635,10832.42,163.87999999999997,693.08,3352.56
2006-02-28,4.144,13500.937458016357,198.8,227.04000000000002,202.82,9006.68,893.5500354050866,1711.0439943894842,1392.2081698576087,2119.6,9636.460000000001,4.492,4.459999999999999,4.506,5.356,6.303999999999999,61.448,2189.544953443612,2561.6672719343196,984.4204059965799,82.94158096314811,83.337,82.9836,135192.8,4.88,97.64214000000001,79.11572,1377.3600000000001,9.79339053792278,6687.2,12.947999999999999,3.556,1.794,5.786,5.136,2.466,2.5100000000000002,4.122,4.62,1.812,6.206,315954.8,80.4411,85.04,-797.3367507168994,10915.4,163.8,692.6400000000001,3365.04
2006-03-31,4.306,13578.890331919567,198.92000000000002,227.74,203.28,9045.560000000001,890.4944436177644,1729.9166076003712,1411.7976749453937,2100.4,9699.98,4.5760000000000005,4.534000000000001,4.564,5.392,6.3260000000000005,61.553999999999995,2205.3675015911076,2576.622934097234,991.7209447485614,83.1530470979043,83.42519999999999,83.15299999999999,135471.8,4.82,98.03218000000001,79.20154,1377.6,9.840048539319167,6712.340000000001,12.162,3.46,1.766,5.83,5.21,2.4539999999999997,2.498,4.29,4.638,1.782,6.246,318032.8,80.64205999999999,87.97999999999999,-793.569831813701,10996.3,163.0,692.88,3375.4800000000005
2006-04-30,4.464,13647.495112621438,199.44,228.45999999999998,203.74,9094.640000000001,883.3955158087981,1747.1591544950509,1429.4537152952896,2035.2,9764.2,4.666,4.6339999999999995,4.68,5.476,6.384,63.831999999999994,2220.6483853705367,2589.862257241152,996.3937067554543,83.3797696868032,83.626,83.3312,135713.6,4.76,98.26838000000001,79.20829999999998,1379.56,9.883102465081105,6740.24,12.068,3.3340000000000005,1.722,5.886,5.306,2.5159999999999996,2.5620000000000003,4.44,4.71,1.75,6.306,319884.4,80.71354000000001,89.14000000000001,-791.1947084464139,11079.12,163.12,691.6200000000001,3381.2399999999993
2006-05-31,4.62,13703.754465320357,200.07999999999998,229.24,204.26000000000002,9144.779999999999,872.4415981430368,1762.2350947800555,1443.8494586605168,2024.8,9826.62,4.792,4.772,4.8260000000000005,5.5920000000000005,6.470000000000001,66.13399999999999,2237.234950336523,2600.542673755443,997.8892955707379,83.61878228957741,83.872,83.5342,135931.0,4.7,98.4154,79.16396,1381.92,9.924997928673665,6765.94,12.941999999999998,3.2159999999999997,1.69,6.0200000000000005,5.436,2.5780000000000003,2.6380000000000003,4.614,4.8260000000000005,1.7080000000000002,6.386,321548.6,80.70804,86.66,-793.3854599790754,11158.72,163.68,690.7,3382.9399999999996
2006-06-30,4.76,13749.256634401332,200.57999999999998,230.11999999999998,204.8,9182.380000000001,858.8874707476991,1775.5934092942505,1454.6873433125797,1930.6,9867.7,4.916,4.898000000000001,4.95,5.712000000000001,6.578,67.224,2254.7093888616505,2608.8820420733923,997.1069052040382,83.85744133601618,84.07900000000001,83.7424,136111.6,4.68,98.59796,79.04428,1380.6399999999999,9.968366722130321,6790.0,12.968,3.2020000000000004,1.668,6.16,5.5600000000000005,2.594,2.648,4.7299999999999995,4.942,1.6780000000000002,6.518000000000001,321715.8,80.72628,85.4,-800.0218245274481,11209.560000000001,164.04000000000002,688.58,3386.5199999999995
2006-07-31,4.91,13790.876622946584,201.28,231.0,205.34,9231.939999999999,844.1247999627885,1788.693657389646,1463.3937351768839,1854.2,9905.039999999999,4.9719999999999995,4.958,5.038,5.811999999999999,6.676,69.78,2270.9173018222577,2616.402253438668,996.0268927911277,84.08410887876173,84.33380000000001,83.9402,136269.6,4.66,98.75924,78.91186,1379.84,10.016274731279164,6817.280000000001,13.49,3.218,1.674,6.258000000000001,5.632,2.604,2.62,4.837999999999999,5.054,1.672,6.609999999999999,322522.4,80.7203,85.0,-807.523117441037,11253.460000000001,165.04000000000002,685.6,3388.4
2006-08-31,5.042,13832.637887796858,202.1,231.84,205.84,9273.8,829.7140883125712,1801.6542763969833,1471.8114671664332,1790.4,9935.7,4.965999999999999,4.933999999999999,5.014,5.842,6.711999999999999,71.81,2282.0750461229777,2624.405297653499,996.3711216209322,84.27727545116173,84.6096,84.1264,136399.0,4.659999999999999,98.96191999999999,78.89043999999998,1378.28,10.066830883789255,6847.92,13.674000000000001,3.2900000000000005,1.682,6.255999999999999,5.614,2.602,2.592,4.93,5.108,1.6760000000000002,6.628,323413.4,80.73908,83.62,-810.2630145818922,11288.46,166.18,681.76,3389.9199999999996
2006-09-30,5.134,13877.846083693357,202.52,232.62000000000003,206.32,9310.560000000001,816.3685250640613,1814.4405232055838,1481.9748461080746,1770.2,9963.2,4.933999999999999,4.868,4.928,5.776,6.661999999999999,70.646,2286.69011615255,2633.977980149098,998.8243844505039,84.43552882425509,84.763,84.2882,136522.0,4.62,99.07032000000001,78.8211,1374.1200000000001,10.117647439311494,6877.219999999999,13.752,3.37,1.6919999999999997,6.212000000000001,5.552,2.54,2.508,4.9719999999999995,5.066000000000001,1.6800000000000002,6.574,323548.4,80.67128,83.22,-804.7147960888154,11319.34,166.4,678.66,3397.12
2006-10-31,5.196,13927.73170373096,202.64000000000001,233.42000000000002,206.76,9342.92,804.206405918613,1826.7523935410195,1495.2933006710389,1680.0,9991.0,4.868,4.774,4.826,5.688,6.595999999999999,68.234,2285.474201002916,2645.6341571912935,1002.9968400446578,84.57254512668831,84.8312,84.4386,136642.4,4.58,99.15342000000001,78.71262,1370.9599999999998,10.166399502885376,6913.6,12.684000000000001,3.404,1.688,6.128,5.464,2.466,2.392,5.013999999999999,4.996,1.69,6.530000000000001,323725.2,80.57338,86.12,-790.1807242929526,11352.679999999998,165.68,676.5799999999999,3413.56
2006-11-30,5.248,13981.60728090286,202.68,234.2,207.14000000000001,9371.039999999999,792.9566608543424,1838.7068728993029,1511.421419705089,1633.6,10020.22,4.76,4.644,4.688000000000001,5.576,6.4799999999999995,65.916,2282.319779962643,2658.993993720194,1007.6132023674907,84.71614137348257,84.86359999999999,84.55460000000001,136790.4,4.5600000000000005,99.16472,78.57133999999999,1370.3600000000001,10.213279520186145,6950.639999999999,12.25,3.374,1.682,5.99,5.332,2.404,2.314,5.044,4.904,1.6760000000000002,6.401999999999999,323757.0,80.40822,87.56,-770.8985433803073,11389.98,165.38000000000002,675.98,3431.06
2006-12-31,5.247999999999999,14038.444569386895,202.72,234.95999999999998,207.5,9399.94,782.3104910847344,1850.7615475808038,1529.134247288946,1616.0,10060.279999999999,4.73,4.601999999999999,4.632,5.470000000000001,6.372,63.44,2281.561084827229,2673.5009978793687,1011.6671030333935,84.88986012155297,84.8984,84.67699999999999,136936.2,4.5,99.3922,78.70270000000001,1369.16,10.259165339172466,6986.56,11.572,3.2620000000000005,1.674,5.932,5.2780000000000005,2.348,2.258,5.022,4.814,1.6740000000000002,6.2940000000000005,324286.0,80.41026000000001,88.96,-752.4272876739199,11443.079999999998,165.14,675.28,3448.6399999999994
2007-01-31,5.247999999999999,14097.01983063341,202.6474,235.711,207.85999999999999,9439.24,771.9133945222738,1863.6013153625795,1546.5766102116118,1567.8,10102.18,4.76,4.626,4.65,5.414,6.322,59.74400000000001,2286.9277923790137,2688.5540915016236,1014.8013354516077,85.10482741439677,84.9366,84.8338,137093.6,4.4799999999999995,99.46218,78.65824,1368.72,10.304551185265986,7024.9800000000005,11.193999999999999,3.108,1.642,5.928,5.287999999999999,2.334,2.254,5.026,4.784000000000001,1.6480000000000001,6.256,324657.4,80.28004000000001,91.94,-740.3517094362633,11503.14,164.35999999999999,675.46,3468.7599999999998
2007-02-28,5.25,14156.130770615113,202.9326,236.5324,208.24699999999999,9477.36,761.6967110804017,1877.3818707658816,1562.6255165529287,1519.8,10151.7,4.748,4.612,4.634,5.39,6.292,58.822,2298.658269422873,2703.8388872751675,1017.6555407511638,85.34690774016711,85.07239999999999,85.0008,137239.8,4.4799999999999995,99.76057999999999,78.64685999999999,1368.4,10.347373266026597,7061.88,11.882,2.9840000000000004,1.6179999999999999,5.888,5.267999999999999,2.332,2.284,5.072000000000001,4.7780000000000005,1.6179999999999999,6.2379999999999995,325600.8,80.33104,93.12,-736.0332264908549,11573.2,164.64000000000001,674.38,3481.7
2007-03-31,5.252,14216.546443256699,203.61020000000002,237.24,208.61060000000003,9520.98,751.3806810807148,1892.2156303884487,1577.544207903109,1520.6,10211.12,4.7219999999999995,4.606,4.642,5.348000000000001,6.2620000000000005,59.158,2315.452073783551,2719.6743990946543,1021.3275556811226,85.59734450939196,85.3108,85.1544,137426.4,4.4799999999999995,100.11504,78.82818,1367.22,10.385837142586979,7094.0599999999995,12.59,2.896,1.64,5.888,5.268,2.366,2.366,5.078,4.752000000000001,1.6219999999999999,6.1899999999999995,327181.0,80.42728000000001,92.08,-737.9082733409343,11653.92,166.06,671.78,3486.4200000000005
2007-04-30,5.252,14277.753097003826,204.39100000000002,237.908,209.0,9569.66,740.7957535403231,1907.3848365159708,1592.3378042169961,1504.6,10269.58,4.718,4.618,4.676,5.3759999999999994,6.299999999999999,60.077999999999996,2333.8890562986953,2735.9495942478047,1026.5707837249893,85.82828921615894,85.5838,85.3244,137581.2,4.4799999999999995,100.61024,79.08044,1368.8600000000001,10.41898833182955,7134.3,13.252,2.8040000000000003,1.6480000000000001,5.91,5.294,2.3920000000000003,2.408,5.066000000000001,4.787999999999999,1.6420000000000001,6.194,328424.4,80.63934,91.08000000000001,-741.5516897052069,11731.68,167.42000000000002,669.9,3492.94
2007-05-31,5.254,14338.311145619407,205.122,238.53539999999998,209.3916,9609.16,729.605281730627,1921.950737569498,1608.0179729969022,1457.8,10318.48,4.7379999999999995,4.65,4.714,5.406,6.334,60.364,2351.655678193627,2752.036777075805,1033.1871197262626,86.0231763408807,85.84660000000001,85.4918,137729.6,4.48,100.91312,79.09024000000001,1371.26,10.448523563653987,7170.44,13.55,2.718,1.64,5.9399999999999995,5.334,2.404,2.4219999999999997,5.045999999999999,4.832,1.638,6.242,329895.0,80.7033,90.4,-743.6382506228374,11795.9,168.96,668.9,3497.44
2007-06-30,5.254,14396.748702679655,205.88139999999999,239.1534,209.75,9642.78,717.5415754370986,1935.1722658316878,1625.05509214861,1465.6,10364.220000000001,4.724,4.67,4.7540000000000004,5.484,6.406000000000001,62.946000000000005,2367.9047697117558,2767.3053627407053,1040.3543631111522,86.18124775712516,86.0892,85.6188,137849.0,4.4799999999999995,101.29314,79.208,1370.98,10.477788578440991,7203.56,14.712,2.77,1.6440000000000001,5.99,5.3759999999999994,2.394,2.404,4.9719999999999995,4.902,1.6420000000000001,6.326,330674.0,80.84058000000002,88.08,-742.8503141919089,11852.32,170.92000000000002,666.08,3500.96
2007-07-31,5.254,14454.56816680145,206.5568,239.70059999999998,210.07760000000002,9679.8,703.9702221274806,1947.200863619785,1644.0314068656517,1440.4,10402.32,4.706,4.686,4.798,5.552,6.4799999999999995,65.93,2383.7302226383244,2782.0784844715613,1047.3816949820243,86.32031405826146,86.30519999999999,85.73479999999999,137946.2,4.5200000000000005,101.44888,79.26592000000001,1372.76,10.511749942158142,7239.94,16.332,3.044,1.6940000000000002,6.112,5.44,2.3899999999999997,2.3579999999999997,4.932,4.959999999999999,1.6599999999999997,6.42,331551.8,80.81484,87.9,-739.6994156303941,11896.62,172.57999999999998,664.76,3507.3199999999997
2007-08-31,5.206,14511.656526773164,207.0326,240.283,210.4178,9717.24,688.9336854485871,1957.9985374595126,1664.5007959401046,1407.4,10428.38,4.62,4.628,4.776000000000001,5.65,6.556,68.296,2399.6402389483537,2796.7017367026724,1054.0411269018146,86.44887713926087,86.4704,85.8592,137993.2,4.5600000000000005,101.6087,79.15705999999999,1374.08,10.551630207443335,7286.0599999999995,18.080000000000002,3.3840000000000003,1.754,6.176,5.454,2.3419999999999996,2.25,4.78,5.002,1.714,6.478,332269.8,80.8145,86.9,-735.1398602559724,11924.960000000001,173.2,664.1600000000001,3521.1
2007-09-30,5.144,14567.605113950971,207.5612,240.86239999999998,210.7792,9757.539999999999,672.5578077805601,1968.0299903946707,1685.9343197409212,1346.0,10457.9,4.494,4.572,4.768000000000001,5.704,6.596000000000001,71.488,2416.6407653854685,2811.9388529013254,1060.7206751960111,86.5761793567596,86.66199999999999,86.00619999999999,138045.4,4.6,101.6828,79.0084,1375.16,10.594842367522066,7321.2,18.836000000000002,3.6760000000000006,1.818,6.25,5.470000000000001,2.32,2.182,4.576,4.986000000000001,1.7879999999999998,6.529999999999999,333446.2,80.7715,86.16,-730.7066148144326,11956.44,173.61999999999998,662.26,3528.6800000000003
2007-10-31,5.046,14619.183776851347,208.0482,241.45120000000003,211.183,9796.92,655.0820493598642,1977.6446146596427,1707.600723377158,1315.8,10484.939999999999,4.298,4.432,4.684,5.742,6.614,76.036,2435.975038625952,2828.30006591415,1068.013638528835,86.70677348396745,86.8564,86.178,138081.8,4.66,101.68634,78.86202,1374.52,10.634821316711312,7355.5199999999995,19.932,4.056,1.8960000000000001,6.264,5.412000000000001,2.316,2.168,4.401999999999999,4.96,1.85,6.5120000000000005,334111.8,80.70114,84.67999999999999,-728.3743096031893,11984.06,173.9,660.5600000000001,3536.96
2007-11-30,4.894,14660.694125761143,208.76819999999998,242.04319999999998,211.6366,9846.74,636.8978793954384,1986.787557816946,1728.8263768608147,1265.6,10518.079999999998,3.932,4.13,4.4719999999999995,5.672000000000001,6.554,81.464,2458.745107223821,2845.3690250943973,1076.0094584542749,86.84166180442922,87.1068,86.3554,138125.6,4.680000000000001,101.79874000000001,78.7665,1374.7599999999998,10.664014102935168,7388.68,21.259999999999998,4.61,2.072,6.232000000000001,5.2379999999999995,2.308,2.15,4.1240000000000006,4.824,1.9799999999999998,6.398000000000001,336123.2,80.74654,82.84,-729.9187167360188,12018.78,174.94,658.6600000000001,3540.44
2007-12-31,4.6899999999999995,14688.498760097393,209.5366,242.67039999999997,212.1156,9891.08,618.5277987943987,1995.1363642304027,1749.552342321375,1202.2,10559.579999999998,3.63,3.9,4.324,5.6240000000000006,6.554,84.974,2485.5526342257444,2862.480774715278,1084.56311188474,86.97818410510534,87.37140000000001,86.5418,138196.4,4.74,101.95496,78.73292,1375.1599999999999,10.677665843473081,7421.3,21.056,4.9559999999999995,2.206,6.214,5.114,2.302,2.17,3.746,4.708,2.1599999999999997,6.294,336892.6,80.85459999999999,79.86,-736.0004453359892,12064.179999999998,175.64000000000001,656.4,3543.0199999999995
2008-01-31,4.474,14704.390327484096,210.43800000000002,243.29319999999998,212.64600000000002,9930.58,600.739165472979,2002.3349307681078,1770.5222618967414,1153.0,10607.219999999998,3.2340000000000004,3.614,4.15,5.532,6.532000000000001,89.086,2515.9228135550375,2879.0592106646804,1093.452665034991,87.10978425488108,87.6686,86.7372,138272.4,4.82,102.04596,78.74010000000001,1376.4,10.676321701627506,7445.1,21.62,5.436,2.3880000000000003,6.188000000000001,4.95,2.33,2.206,3.446,4.587999999999999,2.3240000000000003,6.14,337541.2,80.93568,78.86,-745.4009538603316,12117.119999999999,177.35999999999999,653.72,3539.2599999999998
2008-02-29,4.081999999999999,14716.520706046844,211.266,243.871,213.123,9957.9,584.4127460299062,2008.3585913142408,1792.7632862823914,1137.0,10648.619999999999,2.77,3.268,3.938,5.49,6.578,92.17,2548.2680519833257,2895.2586241204626,1102.7219385211697,87.22993917702972,87.9342,86.9026,138317.0,4.859999999999999,102.01252,78.62608,1375.34,10.665946785275839,7481.340000000001,23.327999999999996,6.13,2.632,6.178,4.752,2.352,2.2439999999999998,3.082,4.534,2.526,6.104000000000001,337369.6,80.93863999999999,76.34,-755.5053721187876,12165.0,179.2,651.5799999999999,3543.06
2008-03-31,3.652,14734.268375488095,212.11759999999998,244.4866,213.59160000000003,9988.42,570.10347300596,2013.3169343057066,1817.4261435654087,1085.2,10692.119999999999,2.306,2.928,3.732,5.46,6.660000000000001,96.042,2581.689904528488,2912.007294148008,1112.6647820617304,87.3402237721969,88.1976,87.0572,138333.2,4.9399999999999995,101.97376,78.50126,1377.8999999999999,10.65312812712138,7528.660000000001,24.744,6.9,2.9240000000000004,6.232,4.593999999999999,2.352,2.23,2.5380000000000003,4.458,2.812,6.008,336902.2,80.953,74.06,-764.2644360184145,12218.58,181.84,649.82,3551.3
2008-04-30,3.21,14764.330469518052,212.73919999999998,244.94719999999998,213.9716,10011.3,557.9351492639144,2017.3534628862133,1844.6215709300443,1048.4,10722.24,2.1559999999999997,2.852,3.692,5.482,6.773999999999999,99.632,2615.55514441249,2930.299949302861,1123.320718751401,87.45186403549064,88.40119999999999,87.188,138282.4,5.0,101.6815,78.16314,1382.1799999999998,10.64387032611052,7580.960000000001,24.328,7.122,3.05,6.304,4.603999999999999,2.338,2.234,2.13,4.442,3.0199999999999996,5.994,335644.2,80.77588,71.36,-770.9341653165136,12258.539999999999,184.22,649.76,3565.1
2008-05-31,2.758,14806.222322340685,213.4918,245.3318,214.3252,10043.2,547.6429824356542,2020.1960862530145,1873.0888837127918,1035.6,10853.98,2.0780000000000003,2.844,3.696,5.498,6.83,106.36399999999999,2649.572504801439,2950.562550139904,1134.3091574746493,87.5830026887619,88.6404,87.3158,138172.6,5.08,101.25294,77.72596000000001,1385.4999999999998,10.638216363277431,7628.4,23.394,7.244,3.146,6.368,4.648,2.372,2.2600000000000002,1.8679999999999999,4.4559999999999995,3.12,5.976,335995.8,80.49266,68.22,-776.4840326160896,12397.86,187.82,649.3599999999999,3575.0
2008-06-30,2.37,14850.458050890284,214.5496,245.7002,214.6558,10081.34,538.4002193016372,2021.1221494651206,1898.656689547579,1028.0,10936.4,2.17,2.948,3.7600000000000002,5.568,6.936,114.55999999999999,2679.919907820071,2971.762810618575,1144.894770755706,87.7417198208706,88.96459999999999,87.44919999999999,138031.0,5.2,100.79764,77.23328000000001,1391.08,10.625310635650042,7674.32,22.944,7.324,3.164,6.5,4.76,2.4059999999999997,2.356,1.682,4.5280000000000005,3.1540000000000004,6.13,336175.6,80.18186,63.82000000000001,-781.263431633752,12484.5,191.71999999999997,648.6800000000001,3578.3399999999992
2008-07-31,2.1759999999999997,14881.762485149733,215.8154,246.0876,215.061,10122.02,528.659716412737,2018.9248359838293,1914.8723413611121,992.0,10990.119999999999,2.344,3.098,3.8520000000000003,5.595999999999999,7.0040000000000004,122.178,2698.774142954667,2992.1410809641397,1154.5029489753308,87.92626268122326,89.33720000000001,87.5972,137864.2,5.380000000000001,100.32639999999999,76.6955,1399.62,10.582273391922978,7712.32,22.224,7.390000000000001,3.164,6.6579999999999995,4.912000000000001,2.388,2.3280000000000003,1.5799999999999998,4.538,3.168,6.186,336613.0,79.84384,61.9,-783.9018588168358,12534.48,196.28000000000003,648.6600000000001,3574.6
2008-08-31,2.054,14884.84315168846,216.8638,246.39739999999998,215.4556,10150.1,517.2712346489359,2012.077799045296,1913.38121494185,959.8,11022.939999999999,2.492,3.226,3.928,5.622,7.056,124.38799999999999,2693.1840700606895,3008.8306345793735,1162.5001915365424,88.11343284564467,89.6446,87.7326,137654.8,5.58,99.60606,76.04174,1403.38,10.483635047380094,7740.12,21.232,7.42,3.132,6.75,5.014,2.35,2.268,1.6740000000000002,4.5600000000000005,3.1439999999999997,6.296,336383.4,79.28556,60.6,-779.8027913116257,12556.74,198.5,647.26,3569.66
2008-09-30,1.9600000000000002,14854.665350529034,217.8508,246.8204,215.8862,10159.320000000002,503.65640735767886,1999.1751260178003,1890.1052828553372,921.2,11066.68,2.434,3.2159999999999997,3.944,5.642,7.1240000000000006,122.654,2654.3486600920546,3020.199636778018,1168.798374272122,88.27851377523771,89.9342,87.8758,137399.2,5.8,98.1665,75.04140000000001,1415.7,10.321454409754004,7769.140000000001,24.951999999999998,8.24,3.3120000000000003,7.029999999999999,5.338,2.216,2.01,1.642,4.526,3.21,6.308,335083.4,78.12946,62.14,-764.2431839481108,12585.22,199.7,650.78,3568.0799999999995
2008-10-31,1.7579999999999998,14793.787263370154,218.20819999999998,247.23899999999998,216.25660000000002,10139.68,487.8626547869787,1978.2558962375429,1843.8308046120299,882.0,10996.920000000002,2.214,3.094,3.934,5.784000000000001,7.514000000000001,112.90599999999999,2576.3467727011816,3025.4468863200937,1173.4448821184083,88.39945282129032,90.02839999999999,87.9622,137088.6,6.0200000000000005,97.03948,74.04866,1430.8,10.104056632049176,7820.38,33.364,10.168000000000001,3.818,7.756,5.708,1.8939999999999997,1.3379999999999999,1.428,4.4399999999999995,3.614,6.384,330460.0,77.19568000000001,61.7,-732.5155880485642,12498.66,197.66000000000003,657.1200000000001,3585.6
2008-11-30,1.436,14714.00067045979,217.3462,247.65500000000003,216.5612,10079.3,470.70427119763946,1948.1769862138553,1779.7524640500037,803.2,10960.9,1.8880000000000003,2.8120000000000003,3.722,5.872,7.942000000000002,97.608,2464.2179293405075,3025.6412384363402,1176.6344056171235,88.4739651468424,89.7816,88.00059999999999,136660.0,6.26,95.71726000000001,72.80981999999999,1452.4,9.862495002498658,7873.5199999999995,39.742000000000004,12.674000000000001,4.428,8.406,5.882,1.458,0.364,1.088,4.302,4.156000000000001,6.287999999999999,323064.2,76.08334,61.480000000000004,-684.4648516621506,12443.88,192.92,670.0600000000001,3626.9
2008-12-31,1.0659999999999998,14628.37513086999,215.82259999999997,247.984,216.75320000000002,10002.58,453.1189175566418,1909.0945690057185,1706.1677873726326,730.6,10926.18,1.536,2.472,3.374,5.747999999999999,8.196000000000002,79.124,2329.527610567715,3022.9606192008487,1178.7921537051766,88.50970653623162,89.35220000000001,87.9988,136131.2,6.56,93.9587,71.26718000000001,1485.7,9.628994215330831,7952.719999999999,43.153999999999996,14.698000000000002,4.948,8.946000000000002,5.876,1.012,-0.12000000000000006,0.762,3.9619999999999997,4.728,6.0040000000000004,314515.0,74.60718,61.260000000000005,-623.35898065304,12388.62,186.0,691.8199999999999,3691.9
2009-01-31,0.696,14550.715594890009,214.4712,248.33499999999998,216.9438,9936.880000000001,436.0800723443891,1863.8388629527865,1635.206856508877,659.8,10918.58,1.2520000000000002,2.222,3.182,5.630000000000001,8.394,64.15,2192.16543091653,3020.9203955580697,1180.8454676034044,88.52305177664307,88.9394,87.97,135502.6,6.9,92.06312,69.47785999999999,1521.7,9.430851218028174,8048.4,47.992000000000004,16.278,5.3660000000000005,9.39,6.014,0.8099999999999999,-0.42200000000000004,0.438,3.6879999999999997,5.2,5.744,307440.6,73.01216,60.9,-556.9575842586232,12328.54,180.44,712.46,3760.2400000000002
2009-02-28,0.378,14488.845692002817,213.2368,248.6078,217.1596,9878.5,420.27668368016396,1817.5313959404787,1577.0947265916193,612.2,10886.84,1.052,2.024,3.016,5.554,8.548,51.202,2070.9452228339155,3022.3208447101274,1183.852802955645,88.52369701587789,88.5432,87.9372,134813.6,7.340000000000001,90.9202,68.18789999999998,1544.5,9.274524881041183,8138.8,49.384,17.562,5.609999999999999,9.690000000000001,5.946,0.682,-0.5,0.26799999999999996,3.5519999999999996,5.518000000000001,5.54,301298.2,72.01164,58.1,-493.849477572798,12241.02,174.92000000000002,726.22,3822.8
2009-03-31,0.22000000000000003,14444.775692576197,212.33679999999998,248.8808,217.45260000000002,9826.32,406.05485864590264,1774.2702640597606,1537.8975427121193,557.8,10850.96,0.9019999999999999,1.798,2.7560000000000002,5.398000000000001,8.456,45.467999999999996,1978.2222210514205,3028.820121419748,1188.7227551766998,88.51329552646412,88.24680000000001,87.94200000000001,134053.6,7.779999999999999,89.31428,66.74968,1566.22,9.151067087495331,8218.84,46.234,17.733999999999998,5.652,9.53,5.5,0.764,-0.16200000000000006,0.174,3.446,5.6240000000000006,5.217999999999999,296792.2,70.64536000000001,58.04,-440.32376868143,12144.78,171.26,738.9799999999999,3876.38
2009-04-30,0.172,14415.266156936961,212.248,249.0994,217.8044,9803.78,394.0580053692589,1737.6765108713414,1517.962477439358,523.0,10839.06,0.884,1.816,2.8020000000000005,5.252,8.292000000000002,43.938,1918.9822613934634,3039.5879088248307,1195.4086183969277,88.49186606880332,88.1872,87.99380000000001,133309.4,8.22,87.82000000000001,65.5793,1586.34,9.043134444673237,8293.62,42.366,16.448,5.4479999999999995,9.282,5.2620000000000005,0.992,0.45,0.16799999999999998,3.3980000000000006,5.58,4.9799999999999995,295248.6,69.37328,60.0,-401.0191060501812,12069.240000000002,169.72,748.4,3911.5199999999995
2009-05-31,0.176,14398.286040063282,212.5728,249.3264,218.2002,9801.8,385.4987558411303,1709.534586932079,1515.403949550207,519.0,10883.52,0.916,1.9739999999999998,3.0460000000000003,5.35,8.218,47.565999999999995,1894.7190623183574,3052.53379466181,1203.072221286445,88.46395035100528,88.245,88.0678,132633.8,8.639999999999999,86.68339999999999,64.74392,1592.3400000000001,8.943621349145559,8344.92,40.15,15.164000000000001,5.142,8.914,5.128,1.33,0.7739999999999999,0.198,3.6700000000000004,5.332,4.941999999999999,295743.8,68.3952,61.71999999999999,-379.3147793798912,12057.46,169.7,748.72,3928.0199999999995
2009-06-30,0.188,14393.347432675402,213.1442,249.43220000000002,218.5534,9802.84,381.0881813856722,1689.4843112320882,1525.9831526434373,538.0,10887.679999999998,0.95,2.1119999999999997,3.178,5.462,8.09,53.153999999999996,1900.610165477899,3065.3158472981318,1210.6612812806045,88.43993661035218,88.4058,88.16979999999998,132021.2,8.98,85.94408,64.31746,1604.8799999999999,8.854823766345152,8379.2,36.452000000000005,14.022,4.794,8.526,4.788,1.452,0.966,0.20800000000000002,3.9480000000000004,4.9639999999999995,5.006,296443.0,67.74647999999999,63.64,-374.62708005718144,12040.92,170.28000000000003,753.8199999999999,3933.1799999999994
2009-07-31,0.176,14402.031336722019,213.5484,249.44459999999998,218.84759999999997,9815.2,380.62179734115443,1675.094051271892,1545.2598146472083,540.4,10899.579999999998,0.976,2.2199999999999998,3.278,5.49,7.892,58.14,1928.0729835291484,3076.629595947429,1217.6783631927844,88.43341044152432,88.537,88.273,131490.6,9.219999999999999,85.51253999999999,64.10448,1623.46,8.782530740958233,8408.64,32.366,12.39,4.372,7.956,4.364,1.6219999999999999,1.114,0.184,4.112,4.628,5.042,297477.2,67.358,65.58,-382.81359410652175,12039.119999999999,170.92,761.3,3939.06
2009-08-31,0.172,14427.486630372452,214.1384,249.4764,219.0962,9861.380000000001,383.29733731731176,1665.8307536469208,1570.7971657741548,556.6,10915.76,1.008,2.364,3.4159999999999995,5.442,7.524000000000001,62.75600000000001,1970.4132970677551,3086.0918064955613,1224.17662771546,88.45671793326974,88.73920000000001,88.3898,131087.8,9.4,85.54662,64.27612,1640.8200000000002,8.733817106392895,8425.0,28.740000000000002,10.808,3.8199999999999994,7.292,4.156000000000001,1.6940000000000002,1.1920000000000002,0.174,4.258,4.106,5.1,300821.8,67.35814,67.26,-399.6167234281024,12048.3,172.3,766.8,3935.3
2009-09-30,0.172,14468.703729572302,214.7688,249.44359999999998,219.339,9892.439999999999,387.24276730099183,1660.5114309363357,1600.52973613117,578.0,10925.1,1.016,2.4219999999999997,3.446,5.39,7.108,66.69,2020.506360644858,3094.428803967608,1230.7752273327403,88.51138523637854,88.94500000000001,88.49859999999998,130771.0,9.559999999999999,85.86498,64.6683,1651.1799999999998,8.706772342944955,8440.16,26.562,9.704,3.3760000000000003,6.692,3.910000000000001,1.75,1.302,0.16599999999999998,4.343999999999999,3.595999999999999,5.152,302305.6,67.60745999999999,68.94,-419.97712836819056,12058.64,173.3,769.52,3930.4200000000005
2009-10-31,0.15999999999999998,14521.75938603578,215.4662,249.44359999999998,219.65839999999997,9929.46,390.26977047011803,1658.198972083735,1632.9315406976918,576.8,10901.92,1.012,2.416,3.434,5.311999999999999,6.754,70.022,2072.898678492757,3102.5163373661208,1238.13987635517,88.59095956478737,89.2002,88.65919999999998,130489.2,9.680000000000001,86.39244,65.20328,1662.8799999999999,8.695786225640463,8448.4,26.916000000000004,8.884,3.09,6.2540000000000004,3.748,1.7899999999999998,1.352,0.144,4.336,3.222,5.176,303836.2,68.04769999999999,69.32000000000001,-439.9673260475912,12036.6,174.18,772.64,3921.4
2009-11-30,0.142,14578.662743237353,215.955,249.38739999999999,219.9692,9956.12,390.895782343564,1657.3501638843547,1665.2745188429762,577.4,10917.04,0.924,2.3099999999999996,3.3699999999999997,5.228,6.517999999999999,71.702,2122.7612215545228,3110.313240265574,1246.2078199455007,88.68155867051864,89.3952,88.81280000000001,130300.4,9.760000000000002,87.04528,65.90302,1669.1599999999999,8.693665440519585,8459.820000000002,26.548000000000002,8.304,2.96,5.892,3.6119999999999997,1.8560000000000003,1.434,0.118,4.2940000000000005,3.05,5.048,304737.4,68.61238,68.64,-457.4865081176752,12053.939999999999,174.83999999999997,773.12,3918.1
2009-12-31,0.134,14633.30142691519,216.4792,249.40140000000002,220.2928,9989.380000000001,389.0076480361703,1657.1684820404255,1695.028777741129,574.8,10952.960000000001,0.9259999999999999,2.3419999999999996,3.436,5.198,6.3740000000000006,73.744,2167.155986253341,3117.4740629885073,1254.618510735836,88.7730821037665,89.5986,88.9664,130129.6,9.84,87.55630000000001,66.38481999999999,1675.4599999999998,8.69588071440936,8471.08,25.7,7.7379999999999995,2.846,5.7,3.56,1.968,1.5959999999999999,0.092,4.3100000000000005,2.9,5.026,305859.6,69.08936,69.94,-472.1267270631997,12091.900000000001,175.96,774.04,3913.3
2010-01-31,0.124,14683.196332691377,216.88780000000003,249.1044,220.52020000000002,9999.78,386.1627330942743,1657.9379115461143,1720.6032104936826,580.4,10992.66,0.8960000000000001,2.332,3.482,5.198,6.308,75.176,2205.5966744972293,3123.9111757307555,1262.965893992106,88.86157610143485,89.78979999999999,89.12019999999998,129992.6,9.88,88.06638,66.85961999999999,1678.8399999999997,8.700052142520551,8472.539999999999,25.422000000000004,7.2219999999999995,2.7640000000000002,5.508,3.5159999999999996,2.1060000000000003,1.754,0.07,4.356,2.806,4.994000000000001,305700.8,69.588,71.68,-484.99290663298706,12143.2,177.33999999999997,773.9399999999999,3907.1400000000003
2010-02-28,0.12,14730.76999483211,217.1718,248.82080000000002,220.6824,10032.900000000001,384.3989170326894,1660.9533323315766,1742.2208419134927,584.2,11023.52,0.868,2.33,3.5420000000000003,5.242,6.314,76.568,2239.1914509817825,3130.3255679058043,1271.222595184879,88.950632472801,89.9518,89.25840000000001,129884.8,9.88,88.49087999999999,67.19672,1684.7599999999998,8.7056238373884,8484.12,24.2,6.978,2.716,5.386,3.4839999999999995,2.182,1.846,0.068,4.442,2.754,4.996,307185.6,70.03775999999999,71.7,-496.97015647023255,12184.5,178.72,776.14,3907.84
2010-03-31,0.128,14781.696962512719,217.3406,248.475,220.7388,10068.76,384.92742983859114,1668.0238570666775,1761.4588764842574,604.6,11064.66,0.892,2.3779999999999997,3.628,5.266,6.3100000000000005,77.652,2270.141310200402,3137.6212236973834,1279.6278031628726,89.04927997670235,90.0714,89.3578,129845.6,9.860000000000001,89.00182,67.70248,1691.7,8.712836347869546,8491.420000000002,21.580000000000002,6.6259999999999994,2.6380000000000003,5.284,3.4659999999999997,2.2300000000000004,1.89,0.08399999999999999,4.531999999999999,2.682,4.988,309503.4,70.57174,72.3,-508.6821792450306,12236.8,180.34,778.6800000000001,3907.88
2010-04-30,0.144,14839.590412699026,217.3744,248.2246,220.76999999999998,10108.08,387.08559242060323,1679.7919409660487,1780.1312952457429,624.4,11115.220000000001,0.952,2.4619999999999997,3.7239999999999993,5.286,6.295999999999999,78.932,2300.286463979094,3145.786468161608,1287.9345995783824,89.16169461162417,90.15599999999999,89.4508,129856.8,9.86,89.5062,68.19328,1693.8799999999999,8.721154715790835,8497.74,21.088,6.218,2.516,5.188000000000001,3.4659999999999997,2.2939999999999996,1.9420000000000002,0.10600000000000001,4.608,2.578,5.044,311907.6,71.11363999999999,73.26,-520.1550964976562,12299.240000000002,181.74,780.04,3910.44
2010-05-31,0.16,14903.143337107624,217.363,248.00639999999999,220.7862,10139.72,388.5154960790074,1695.4480160604642,1798.9073335569665,624.8,11172.0,0.876,2.3440000000000003,3.6159999999999997,5.226000000000001,6.232,78.84,2330.010360216448,3153.4440433364343,1295.1835991462153,89.28366799879066,90.23599999999999,89.5484,130024.4,9.8,90.1984,68.8872,1698.08,8.728081098523052,8515.039999999999,23.166,6.336,2.586,5.104,3.3619999999999997,2.218,1.8539999999999999,0.12799999999999997,4.568,2.548,4.9719999999999995,313306.8,71.81514,73.47999999999999,-531.10310375869,12370.34,183.07999999999998,781.68,3919.2799999999997
2010-06-30,0.174,14967.8847381561,217.3052,248.0586,220.89839999999998,10174.759999999998,387.18206548863026,1713.0015697341216,1817.8589913474166,609.2,11222.720000000001,0.834,2.234,3.4840000000000004,5.15,6.228,78.266,2358.473332649264,3159.0609838641954,1300.5299858219664,89.40735197718807,90.269,89.6282,130165.6,9.720000000000002,90.74112,69.4509,1708.7599999999998,8.729407224011682,8546.66,25.15,6.454000000000001,2.6879999999999997,5.07,3.252,2.116,1.78,0.13999999999999999,4.474,2.65,4.914,314615.0,72.4033,73.8,-540.6145643578054,12426.94,183.4,787.12,3934.2
2010-07-31,0.184,15031.16817681552,217.36999999999998,248.1452,221.0248,10209.7,382.31025156653504,1730.7850716592443,1837.7407895705915,597.6,11276.1,0.782,2.094,3.35,5.023999999999999,6.162000000000001,78.256,2385.1322925876075,3161.8793942170996,1303.8456850119126,89.53102830271311,90.3178,89.6928,130309.2,9.64,91.29118000000001,70.1027,1714.3799999999999,8.719680292591772,8568.56,25.95,6.43,2.746,4.9719999999999995,3.116,2.05,1.7,0.15,4.348,2.7199999999999998,4.811999999999999,316060.4,72.99816,72.64,-547.3919095804717,12491.16,184.02,789.12,3943.28
2010-08-31,0.19,15091.16975600368,217.484,248.2484,221.17,10239.92,375.38792418080567,1747.5360705211515,1859.3238186114327,590.2,11327.48,0.6719999999999999,1.85,3.0759999999999996,4.868,6.040000000000001,77.372,2408.763974561687,3162.3218959013766,1305.6077289267846,89.65614803226113,90.366,89.748,130420.8,9.56,91.78278,70.6053,1721.4599999999998,8.693821582459996,8600.880000000001,27.642000000000003,6.645999999999999,2.854,4.832,2.896,1.9060000000000001,1.5719999999999998,0.152,4.180000000000001,2.804,4.686,316313.4,73.54252,71.7,-549.4407436793565,12555.560000000001,184.33999999999997,792.08,3956.34
2010-09-30,0.188,15148.411950354377,217.65839999999997,248.3702,221.3478,10268.880000000001,368.9188305205484,1762.9063824567813,1883.463742573954,571.6,11360.34,0.5619999999999999,1.6179999999999999,2.8440000000000003,4.715999999999999,5.922,75.538,2430.210664930884,3161.7262319540832,1306.7661199208756,89.78893377969135,90.4224,89.8042,130465.8,9.48,92.2613,71.00672,1735.58,8.650407420006328,8634.3,27.971999999999998,6.776000000000001,2.9880000000000004,4.714,2.714,1.782,1.4300000000000002,0.15,3.996,2.9259999999999997,4.537999999999999,316577.0,74.06703999999999,70.9,-546.7476140323278,12601.880000000001,184.44,797.6200000000001,3968.3
2010-10-31,0.186,15202.338742267943,218.00740000000002,248.483,221.5214,10304.0,365.3578611695379,1776.594589206296,1910.4116453645777,563.6,11383.42,0.47800000000000004,1.432,2.7079999999999997,4.659999999999999,5.856,77.15,2451.488003994712,3161.3596340563236,1308.0314295627074,89.93463695927699,90.5308,89.86800000000001,130460.8,9.440000000000001,92.44168,71.23852,1749.72,8.589865763384335,8665.84,25.798000000000002,6.566,3.04,4.534,2.5279999999999996,1.81,1.3880000000000001,0.14400000000000002,3.912,3.036,4.428,318293.2,74.33936,69.72,-541.0769878257695,12637.86,184.8,802.78,3976.56
2010-11-30,0.188,15249.184667878691,218.48560000000003,248.6226,221.71240000000003,10344.460000000001,364.97248410694766,1787.7376814420163,1938.8076573192914,565.4,11413.579999999998,0.446,1.3679999999999999,2.676,4.6579999999999995,5.794,78.90799999999999,2474.999642496273,3161.256927105876,1309.2046684685286,90.08951015796497,90.68299999999999,89.9466,130511.4,9.52,92.59474,71.4858,1766.86,8.516102385554479,8697.279999999999,23.598000000000003,6.384,3.03,4.43,2.438,1.86,1.3880000000000001,0.14800000000000002,3.9240000000000004,3.0620000000000003,4.37,320807.4,74.57334,68.84,-536.1923707652612,12680.82,185.64000000000001,809.8599999999999,3982.6
2010-12-31,0.188,15286.278858561654,219.05900000000003,248.79339999999996,221.90839999999997,10385.039999999999,366.6957007876121,1795.728582185883,1966.9957474439084,564.0,11459.0,0.458,1.45,2.7479999999999998,4.718,5.812,81.442,2502.4559944665084,3160.986137221195,1309.8182497295813,90.24813313899193,90.861,90.02860000000001,130594.6,9.5,92.86208,71.72754,1789.0800000000004,8.43485956754058,8735.3,22.448,6.148000000000001,2.984,4.4399999999999995,2.482,1.9600000000000002,1.468,0.14400000000000002,4.01,3.024,4.434,323604.6,74.88204,70.18,-535.4602599135953,12737.7,186.76,818.0200000000001,3988.9
2011-01-31,0.184,15315.390111692885,219.71179999999998,249.03159999999997,222.1672,10426.48,368.5485153674398,1801.0660585888745,1993.5544838323026,570.2,11512.439999999999,0.48,1.574,2.938,4.828,5.898,83.962,2534.2986532738096,3160.242379745339,1309.612197836716,90.40676590554258,91.06899999999999,90.13199999999999,130677.8,9.42,93.02114,71.94986,1810.52,8.354905767191209,8769.019999999999,21.144,5.779999999999999,2.918,4.488,2.5780000000000003,2.124,1.6219999999999999,0.142,4.154000000000001,2.972,4.522,326631.2,75.08462,71.24,-540.7438030399125,12823.26,188.32,824.4799999999999,3991.0800000000004
2011-02-28,0.178,15343.598382473816,220.4364,249.30280000000002,222.4676,10469.18,369.6317153877973,1805.6710390017383,2018.21607692091,554.8,11577.079999999998,0.534,1.746,3.1159999999999997,4.965999999999999,5.9959999999999996,86.816,2568.934698762431,3159.696193469408,1309.1482198122053,90.56722496378356,91.31,90.25680000000001,130820.6,9.32,93.05138,72.17558,1832.14,8.284325301543216,8806.48,20.074,5.484,2.822,4.552,2.7,2.2459999999999996,1.7919999999999998,0.13799999999999998,4.33,2.8840000000000003,4.648,329555.4,75.16373999999999,73.1,-550.7179802279596,12919.7,190.5,831.2,3994.9
2011-03-31,0.168,15379.396821418693,221.2386,249.596,222.7924,10515.84,370.0943539630927,1812.4536449919299,2042.0376244798565,566.2,11637.18,0.626,1.9600000000000002,3.2840000000000003,5.056,6.058,91.024,2604.6801952887245,3160.1286911156644,1309.0587119470888,90.73984554798467,91.567,90.38159999999999,130952.2,9.24,93.3244,72.4709,1853.7400000000002,8.223392302725781,8842.679999999998,19.381999999999998,5.252000000000001,2.708,4.634,2.836,2.316,1.938,0.132,4.458,2.772,4.773999999999999,332335.8,75.41916,73.06,-562.6418339078531,13010.62,193.02,838.7,3997.94
2011-04-30,0.15,15426.39529475947,222.1392,249.8798,223.108,10559.539999999999,370.78536161606013,1824.1661990825517,2065.9409547346927,568.0,11696.4,0.658,2.06,3.386,5.114,6.078,96.20400000000001,2638.3365843543475,3161.502857538351,1309.4122863655166,90.93028837089926,91.86600000000001,90.52459999999999,131122.2,9.1,93.5221,72.65642,1869.4399999999998,8.163029555067007,8885.04,17.624000000000002,4.959999999999999,2.6180000000000003,4.634,2.896,2.416,2.12,0.11599999999999999,4.5200000000000005,2.652,4.85,334809.8,75.5937,72.7,-572.3949903692459,13100.08,196.1,841.4799999999999,4002.8599999999997
2011-05-31,0.132,15480.568634581801,223.006,250.15500000000003,223.47439999999997,10599.78,372.19170460495434,1842.4596289749193,2089.693932253494,572.4,11740.84,0.626,1.9939999999999998,3.336,5.101999999999999,6.014,98.662,2666.8924425105315,3162.3327906963577,1309.1788038021882,91.13570504545508,92.17999999999999,90.707,131295.8,9.040000000000001,93.55824,72.75236,1889.78,8.087267351712919,8932.82,17.163999999999998,4.896,2.6119999999999997,4.548,2.828,2.406,2.154,0.096,4.494,2.6119999999999997,4.798,336670.6,75.61749999999999,72.66,-577.1981411086699,13173.280000000002,198.98,847.6,4011.8
2011-06-30,0.11600000000000002,15534.303473566362,223.72979999999998,250.46639999999996,223.85320000000002,10635.880000000001,374.2558614313949,1866.4684859873312,2111.748059494331,568.0,11776.52,0.6,1.956,3.2880000000000003,5.0920000000000005,5.946,100.036,2688.83415969914,3160.982359227195,1307.3303479541678,91.34105543582419,92.4354,90.8708,131515.2,9.04,93.69032,72.84412,1909.58,7.98665826603236,8988.24,16.562,4.964,2.62,4.508,2.7800000000000002,2.4240000000000004,2.168,0.074,4.436000000000001,2.622,4.74,338571.0,75.69846,72.12,-577.0861007032867,13216.279999999999,201.21999999999997,855.3399999999999,4028.12
2011-07-31,0.098,15582.350408434733,224.42919999999998,250.8484,224.2542,10674.08,376.59695507129464,1894.0951936388374,2130.356942443202,589.2,11812.100000000002,0.534,1.8,3.168,5.034000000000001,5.868,101.558,2705.0810238413214,3156.355009450419,1303.3563349845876,91.529610630153,92.67139999999999,91.03,131702.8,9.04,93.98858,72.98078000000001,1932.3799999999999,7.85885289413402,9066.179999999998,17.942,5.124,2.66,4.412000000000001,2.6719999999999997,2.434,2.152,0.05600000000000001,4.36,2.6599999999999997,4.66,339908.2,75.89386,69.36,-574.7244531622682,13260.320000000002,202.98,863.9,4053.8399999999992
2011-08-31,0.09,15624.11209629775,225.04119999999998,251.2826,224.7358,10700.2,378.90423664551025,1922.0138769439168,2143.0549472887815,586.2,11848.960000000001,0.41400000000000003,1.544,2.92,4.882,5.734,98.236,2716.305362555745,3149.039429598791,1298.1142315541763,91.677770554852,92.8774,91.1982,131871.8,9.04,94.21438,73.07428000000002,1975.22,7.718265711045059,9184.12,20.717999999999996,5.63,2.7939999999999996,4.3420000000000005,2.532,2.348,2.054,0.04,4.188,2.748,4.531999999999999,340724.4,76.01142,67.02000000000001,-573.251052998508,13304.74,203.78,880.96,4092.88
2011-09-30,0.086,15665.276028729626,225.542,251.73379999999997,225.214,10726.42,381.25189215596157,1948.0256574929754,2149.8824218431305,605.4,11879.84,0.34199999999999997,1.342,2.6399999999999997,4.668,5.5840000000000005,93.35,2724.754495137227,3141.0222463465884,1293.1772442074398,91.78301352860748,93.0314,91.3372,132020.2,9.02,94.48784,73.26892000000001,2019.7599999999998,7.583717618762007,9297.759999999998,26.360000000000003,6.36,2.9379999999999997,4.369999999999999,2.4240000000000004,2.184,1.8639999999999997,0.03,3.9239999999999995,2.8939999999999997,4.378,341893.0,76.15014000000001,64.96,-574.8728097154693,13342.48,203.89999999999998,898.78,4130.2
2011-10-31,0.08199999999999999,15714.138898224328,225.9308,252.2386,225.6802,10752.560000000001,384.10793248640283,1971.0637268567414,2152.515354199712,615.2,11908.48,0.302,1.204,2.4639999999999995,4.472,5.502,90.36600000000001,2732.8854850108073,3134.9559030732626,1290.2687455097155,91.8581738730247,93.12960000000001,91.4418,132190.8,8.98,94.8712,73.52882000000001,2061.38,7.474322640129995,9406.1,29.262,6.756,3.0119999999999996,4.388,2.354,2.152,1.8399999999999999,0.026000000000000002,3.692,3.016,4.278,343636.4,76.36154,62.260000000000005,-580.3707698277112,13375.939999999999,203.3,913.7800000000001,4166.2
2011-11-30,0.08,15774.40922276616,226.4034,252.7268,226.12060000000002,10774.96,388.03615344608977,1991.6289938716213,2154.183605973648,635.8,11931.22,0.262,1.044,2.2439999999999998,4.247999999999999,5.38,90.55,2742.551884423049,3132.4051343132946,1289.8869820638051,91.93031214956419,93.2698,91.5652,132343.8,8.88,95.1969,73.72585999999998,2104.46,7.396340939788809,9508.4,31.518,7.2299999999999995,3.116,4.428,2.284,2.0759999999999996,1.786,0.02,3.45,3.092,4.172,345124.2,76.51322,60.7,-588.3686497737375,13400.74,202.79999999999998,931.2,4198.38
2011-12-31,0.08,15844.85779728707,226.769,253.19,226.558,10792.2,393.27721767700586,2010.889233708601,2157.6689272902454,650.0,11963.9,0.24,0.9400000000000001,2.058,4.048,5.2780000000000005,90.826,2754.174483400303,3133.409670779533,1291.4719878556054,92.02234994548937,93.3892,91.692,132525.8,8.780000000000001,95.53392,73.92482,2138.66,7.346948926100711,9583.36,31.148000000000003,7.5600000000000005,3.2159999999999997,4.504,2.21,1.98,1.69,0.014000000000000002,3.1919999999999997,3.194,4.052,346789.2,76.66276,61.94000000000001,-596.5055520728848,13435.36,201.84,944.7,4221.96
2012-01-31,0.07600000000000001,15919.163870479179,227.11620000000002,253.6266,226.96099999999996,10821.5,399.4708975274948,2030.49114441333,2164.72237488572,677.6,12013.3,0.244,0.89,1.9780000000000002,3.944,5.252000000000001,93.60799999999999,2766.5148481595857,3136.234152984905,1293.446199151133,92.14656943658926,93.5288,91.8374,132749.8,8.64,95.86634000000001,74.17486,2157.9800000000005,7.314469108007107,9627.98,28.712,7.422,3.214,4.4799999999999995,2.152,1.9919999999999998,1.722,0.016,3.068,3.2340000000000004,4.004,348907.4,76.7995,65.78,-601.7920985567515,13481.62,201.33999999999997,950.86,4235.38
2012-02-29,0.08,15990.647665654691,227.4626,254.08319999999998,227.3442,10862.3,405.6964788175288,2051.0475607485123,2174.913134420949,688.4,12079.820000000002,0.254,0.8720000000000001,1.9900000000000002,3.896,5.226000000000001,96.93599999999999,2777.5012997497515,3138.7259239763416,1294.5181790324716,92.29482701995418,93.6842,91.9962,132984.8,8.5,96.2747,74.44044,2175.9399999999996,7.289590884423376,9674.72,23.806,6.936,3.1740000000000004,4.368,2.1,2.094,1.8199999999999998,0.032,3.054,3.21,3.992,351266.6,76.99092,68.94,-602.5875321319683,13547.539999999999,200.92000000000002,957.0600000000001,4251.54
2012-03-31,0.092,16055.53007631162,227.87400000000002,254.54120000000003,227.7386,10900.5,411.1154097554662,2072.1128757896186,2186.8199551467446,705.4,12156.02,0.27,0.882,2.0020000000000002,3.8980000000000006,5.198,100.89200000000001,2785.086782599878,3139.465930740712,1294.180083234262,92.45459106565872,93.87519999999999,92.1776,133222.4,8.379999999999999,96.44906,74.54094,2192.08,7.266388049381234,9722.74,20.913999999999998,6.720000000000001,3.184,4.316000000000001,2.052,2.1399999999999997,1.848,0.044000000000000004,3.084,3.178,3.97,353453.8,76.99134000000001,72.02000000000001,-598.2661163345726,13625.960000000001,201.54000000000002,964.0600000000001,4267.44
2012-04-30,0.10400000000000001,16112.65831278523,228.27760000000004,255.0286,228.1398,10942.84,415.2270319693387,2091.7493517623266,2198.1333761319715,713.8,12241.72,0.274,0.8539999999999999,1.9760000000000002,3.9159999999999995,5.208,102.116,2787.8672659990284,3138.301130969844,1292.9339025281922,92.61130239875014,94.0528,92.34819999999999,133447.8,8.3,96.7637,74.7384,2208.16,7.24057883540298,9774.179999999998,18.784,6.37,3.176,4.182,1.9739999999999998,2.18,1.908,0.05800000000000001,3.116,3.1799999999999997,3.95,354958.8,77.10146,74.56,-589.7332767939297,13715.64,202.0,967.2,4283.719999999999
2012-05-31,0.122,16162.460591439623,228.57559999999998,255.4888,228.5036,10980.64,418.1918146070855,2107.573289779669,2207.3990760650127,716.6,12300.84,0.278,0.8219999999999998,1.916,3.8899999999999997,5.172,101.342,2785.298243308715,3136.2234221314984,1291.7254455722352,92.76379751880923,94.19840000000002,92.5072,133654.4,8.239999999999998,97.01942,74.7859,2228.0,7.206584983886428,9827.14,18.916,6.316000000000001,3.2019999999999995,4.081999999999999,1.934,2.206,1.934,0.074,3.106,3.18,3.91,356203.0,77.16398,76.44,-577.8987738577246,13775.920000000002,202.42,973.8799999999999,4301.64
2012-06-30,0.138,16206.092824393194,228.712,255.94899999999998,228.85279999999997,10999.24,420.750123781007,2118.342257671649,2214.3004690627417,723.4,12334.64,0.3,0.8240000000000001,1.884,3.8480000000000003,5.13,97.776,2778.5275278326326,3134.532090328617,1291.1766552159172,92.91726015239546,94.27040000000001,92.6302,133807.4,8.219999999999999,97.16288,74.75016,2242.3199999999997,7.160400583510833,9874.0,18.443999999999996,6.282,3.232,4.048,1.9100000000000001,2.21,1.902,0.08600000000000001,3.04,3.2079999999999997,3.846,356100.8,77.13836,76.08000000000001,-564.2269101096202,13817.02,202.24,979.7400000000001,4322.36
2012-07-31,0.15,16245.845496785807,228.76420000000002,256.38939999999997,229.24,11005.16,424.0656869805217,2124.562260787409,2219.6026349731633,730.6,12333.820000000002,0.28600000000000003,0.7699999999999999,1.7900000000000003,3.758,5.076,94.912,2769.810543660985,3134.2277025893827,1291.254462681315,93.08295959527504,94.3072,92.7466,133933.8,8.2,97.28392,74.62024,2263.1800000000003,7.098826899377615,9928.02,18.544,6.318,3.2659999999999996,3.978,1.8400000000000003,2.198,1.8699999999999999,0.088,2.936,3.242,3.754,355368.4,77.09742,75.48,-550.2079198174422,13821.38,201.94,988.96,4344.660000000001
2012-08-31,0.15000000000000002,16281.372925429594,228.9864,256.82399999999996,229.59099999999998,11017.58,428.8720279472144,2127.701475699526,2223.7466278606676,742.4,12322.36,0.264,0.6799999999999999,1.658,3.656,5.012,92.506,2761.6245549301625,3135.177833507921,1291.0788384183093,93.25693421548726,94.37140000000001,92.8434,134050.6,8.18,97.42642000000001,74.55366000000001,2285.7400000000002,7.023762077032946,9987.9,18.938,6.316000000000001,3.2939999999999996,3.878,1.764,2.184,1.8560000000000003,0.092,2.834,3.276,3.6740000000000004,355342.8,77.07768,75.1,-537.8779324969072,13815.38,201.64,999.0,4365.780000000001
2012-09-30,0.15000000000000002,16314.407430402565,229.352,257.2594,229.94179999999997,11034.939999999999,435.30373089553916,2130.0913770934435,2227.273021095528,761.2,12323.039999999999,0.256,0.6399999999999999,1.598,3.562,4.941999999999999,90.78399999999999,2755.592948030876,3136.400318301067,1289.4907137187922,93.4303714643705,94.4684,92.935,134187.4,8.1,97.42056,74.38904,2315.38,6.94205313603386,10051.14,18.653999999999996,6.256,3.268,3.7739999999999996,1.698,2.218,1.866,0.098,2.774,3.272,3.5780000000000003,356275.8,76.94424,75.47999999999999,-528.31976825348,13824.579999999998,201.78,1010.3799999999999,4386.32
2012-10-31,0.15,16348.704377227263,229.93699999999998,257.7324,230.30180000000001,11061.06,443.0596840268762,2133.9803992391217,2230.6629998458893,802.6,12351.54,0.262,0.65,1.6239999999999999,3.496,4.844,89.758,2752.433371743936,3136.550690673173,1285.2977648829492,93.59163854838621,94.6428,93.053,134334.8,8.02,97.43487999999999,74.24774,2346.96,6.864439001238511,10121.560000000001,17.562,5.99,3.134,3.628,1.634,2.3,1.9460000000000002,0.1,2.768,3.184,3.5100000000000002,357439.4,76.83072000000001,76.14,-521.7699688905379,13864.36,202.1,1022.04,4404.62
2012-11-30,0.15,16390.06760564788,230.48199999999997,258.213,230.64319999999998,11098.78,451.57108955315414,2140.3112046867186,2234.466337878213,817.8,12415.5,0.246,0.628,1.614,3.468,4.742,90.608,2751.6954915959404,3135.0449870597904,1278.2871678425752,93.73633048244628,94.8138,93.172,134499.4,7.92,97.5212,74.15788,2375.84,6.8014863829614445,10192.240000000002,17.32,5.832,3.0460000000000003,3.4899999999999998,1.57,2.3560000000000003,2.004,0.1,2.788,3.0759999999999996,3.442,359586.4,76.77799999999999,78.03999999999999,-517.228546484366,13943.080000000002,202.5,1034.04,4423.56
2012-12-31,0.15,16441.95838232284,231.0082,258.7112,230.9942,11131.66,460.3727578193624,2148.771417545555,2238.9841498954993,865.0,12558.72,0.25,0.6519999999999999,1.668,3.518,4.694,90.672,2752.5422927478835,3132.151619464685,1269.0826424399124,93.86487840400727,94.975,93.2856,134683.6,7.859999999999999,97.6246,74.21542,2405.52,6.759035684291956,10271.380000000001,17.137999999999998,5.668,2.9619999999999997,3.418,1.6480000000000001,2.4059999999999997,2.056,0.094,2.8459999999999996,2.9899999999999998,3.414,361674.2,76.74258,78.16,-513.5574606233118,14108.779999999999,202.78000000000003,1044.3400000000001,4448.839999999999
2013-01-31,0.152,16502.734543022125,231.36040000000003,259.21020000000004,231.3934,11170.939999999999,469.0906859147323,2157.8352875923315,2244.0945362822,891.8,12553.98,0.26,0.7100000000000001,1.7579999999999998,3.582,4.6579999999999995,90.77799999999999,2753.815998628579,3128.9992817817756,1259.2719625011277,93.98173973809051,95.109,93.42519999999999,134870.4,7.840000000000001,97.80464,74.25768000000001,2432.7599999999998,6.735303341678765,10343.82,16.5,5.462,2.884,3.378,1.752,2.4739999999999998,2.132,0.088,2.908,2.9080000000000004,3.4019999999999997,363367.8,76.77204,78.06,-509.7208637412424,14131.16,202.74,1053.36,4473.38
2013-02-28,0.154,16564.630860829395,231.74480000000003,259.70739999999995,231.7754,11207.98,477.46233903021493,2166.0668316236665,2249.212566354893,914.8,12527.060000000001,0.264,0.74,1.8059999999999998,3.664,4.66,90.898,2754.8916480931252,3126.666478767872,1250.4385943544926,94.08835196939444,95.2532,93.5624,135077.6,7.82,98.08898,74.39702,2448.22,6.722451092933099,10399.64,16.456,5.3100000000000005,2.848,3.354,1.8399999999999999,2.496,2.146,0.086,2.966,2.8579999999999997,3.4240000000000004,365541.0,76.88777999999999,77.92,-505.6786723122127,14128.74,202.72,1058.72,4491.9
2013-03-31,0.15000000000000002,16620.978431947668,231.87359999999998,260.17940000000004,232.12939999999998,11238.52,485.5641718702835,2172.9436943289243,2253.778215186787,933.8,12479.960000000001,0.254,0.75,1.8359999999999999,3.7560000000000002,4.714,91.594,2755.741030998161,3125.82155846102,1243.4439614191895,94.18802246432244,95.316,93.6716,135281.2,7.760000000000001,98.39215999999999,74.55862,2459.5600000000004,6.712131538172258,10453.619999999999,15.276,5.156000000000001,2.8939999999999997,3.364,1.936,2.4979999999999998,2.17,0.084,3.018,2.87,3.4560000000000004,366996.4,77.02306,77.11999999999999,-501.9626238897728,14105.34,202.82,1062.98,4514.5
2013-04-30,0.148,16667.959370573477,231.98319999999998,260.67199999999997,232.42979999999997,11259.060000000001,493.45705717008394,2178.8965209893468,2257.3578841567337,934.2,12406.86,0.248,0.764,1.8519999999999999,3.8020000000000005,4.7299999999999995,92.676,2756.7556266222396,3126.4423938772843,1238.2973488158818,94.28566789667616,95.3724,93.77000000000001,135490.2,7.74,98.59938,74.59012,2479.0,6.698068556824919,10506.439999999999,14.806000000000001,4.936,2.87,3.3379999999999996,2.016,2.4839999999999995,2.18,0.078,3.0439999999999996,2.864,3.472,367846.8,77.08896,75.86,-499.39771004404895,14054.179999999998,203.16,1067.96,4533.86
2013-05-31,0.138,16708.704843257383,232.11759999999998,261.19579999999996,232.68400000000003,11287.140000000001,501.08475739765834,2185.001618097944,2260.0598119982897,925.0,12285.4,0.258,0.8300000000000001,1.9280000000000002,3.85,4.75,93.98599999999999,2758.246802366215,3128.109116173141,1234.4458696953345,94.39034685844418,95.4458,93.87660000000001,135693.4,7.659999999999999,98.76936,74.56881999999999,2490.8599999999997,6.679908580627796,10540.78,14.462,4.792,2.8579999999999997,3.38,2.0759999999999996,2.436,2.136,0.072,3.0900000000000003,2.842,3.564,368921.4,77.1318,78.17999999999999,-498.1870254991876,13948.4,203.68,1072.76,4545.139999999999
2013-06-30,0.128,16750.789401593345,232.2708,261.7268,232.9082,11305.539999999999,508.1735976642584,2192.482710401321,2262.9618920086427,915.2,12316.679999999998,0.27599999999999997,0.9359999999999999,2.028,3.944,4.8420000000000005,94.208,2760.214859550745,3130.2145597150434,1231.1749823648104,94.50941551251631,95.52540000000002,93.9778,135894.6,7.56,98.97906,74.6267,2504.2,6.660597622378335,10577.179999999998,14.978,4.844,2.8600000000000003,3.508,2.194,2.316,2.0220000000000002,0.06799999999999999,3.154,2.856,3.75,369674.0,77.212,80.24,-497.2529973315621,13989.1,204.04000000000002,1075.8799999999999,4559.0
2013-07-31,0.11599999999999999,16805.203178813103,232.2634,262.23079999999993,233.17040000000003,11321.960000000001,514.5020416004512,2202.7788649760687,2268.223468701089,898.8,12345.74,0.288,1.058,2.17,4.032,4.936,96.066,2762.442016985485,3132.2756779358015,1227.8060752109627,94.65096603232917,95.561,94.08259999999999,136063.2,7.4799999999999995,99.03012,74.51146,2518.14,6.643158812123086,10628.02,14.565999999999999,4.790000000000001,2.818,3.63,2.342,2.254,1.9600000000000002,0.05600000000000001,3.242,2.83,3.91,369864.4,77.17502,81.74,-494.2185530040191,14023.1,204.06,1082.2199999999998,4577.780000000001
2013-08-31,0.10400000000000001,16875.928403045793,232.4982,262.7676,233.4788,11345.26,519.4623476624068,2216.4736593629564,2277.9492783337546,880.2,12379.699999999999,0.316,1.2280000000000002,2.352,4.154,5.05,98.77,2764.6674451760555,3134.1042859207128,1224.4304595695733,94.81172643527734,95.6502,94.19059999999999,136252.0,7.42,99.11866,74.54794,2532.8399999999997,6.627070555113411,10678.08,15.428,4.7700000000000005,2.738,3.78,2.508,2.1719999999999997,1.8679999999999999,0.046,3.3619999999999997,2.7880000000000003,4.098,370514.0,77.17332,82.44,-486.71815719354237,14060.12,204.1,1087.56,4591.900000000001
2013-09-30,0.09,16958.38935698429,232.84759999999997,263.296,233.8524,11378.22,522.931370556351,2233.116427970078,2292.30195236734,883.2,12420.52,0.33799999999999997,1.3699999999999999,2.54,4.336,5.226000000000001,101.614,2767.260408644289,3135.7360564981464,1221.3789959352753,94.98337952431379,95.7672,94.31179999999999,136440.6,7.340000000000001,99.33396,74.65204000000001,2546.6400000000003,6.607973550257194,10728.48,16.044,4.8260000000000005,2.722,3.944,2.674,2.142,1.8039999999999998,0.038,3.5340000000000003,2.754,4.281999999999999,371566.4,77.2757,82.66,-474.9584497308012,14101.48,204.18,1092.86,4606.54
2013-10-31,0.086,17040.248707625426,233.20280000000002,263.78020000000004,234.23739999999998,11413.5,525.0354020625684,2251.4693180026443,2309.3834125084977,882.2,12441.060000000001,0.33999999999999997,1.422,2.622,4.464,5.342,102.76199999999999,2771.4108317483697,3137.243701797395,1219.1280004584855,95.15375264098479,95.89559999999999,94.443,136630.4,7.279999999999999,99.50703999999999,74.73334,2567.3,6.5791842251238055,10796.14,15.534,4.774,2.694,4.0,2.762,2.134,1.778,0.04,3.6479999999999997,2.732,4.34,372317.0,77.34982,80.4,-462.02742013671667,14121.439999999999,203.85999999999999,1100.42,4628.74
2013-11-30,0.08399999999999999,17107.33537581192,233.53379999999999,264.32000000000005,234.6392,11457.12,526.3236755808751,2269.8964467274254,2325.2852420353743,934.4,12464.22,0.32399999999999995,1.4140000000000001,2.668,4.536,5.38,102.374,2778.7814182323395,3138.4823335180818,1217.716194367314,95.31278553397547,96.01019999999998,94.5732,136839.0,7.159999999999999,99.69426,74.78532,2582.8,6.537174165647203,10854.880000000001,14.902000000000001,4.586,2.65,3.964,2.78,2.166,1.764,0.044,3.728,2.6860000000000004,4.306,372922.2,77.43838,78.6,-453.49617748259544,14146.579999999998,203.24,1108.94,4647.1
2013-12-31,0.084,17152.714388946617,233.8976,264.91780000000006,235.01500000000001,11501.24,527.4756703244996,2287.4730098396076,2337.042867023609,958.8,12495.18,0.338,1.488,2.756,4.5920000000000005,5.392,100.978,2790.7688017326473,3139.287839732176,1216.8378289838581,95.45688890209647,96.1346,94.6996,137034.2,7.040000000000001,99.98931999999999,74.93868,2606.7599999999998,6.482900547878944,10913.46,14.956,4.444,2.58,3.9579999999999997,2.818,2.17,1.7280000000000002,0.05,3.784,2.6340000000000003,4.34,373593.2,77.61296,78.08,-453.72592892602296,14185.48,202.76,1118.48,4666.960000000001
2014-01-31,0.082,17181.10539359565,234.26399999999998,265.5242,235.34,11535.68,529.2823314224754,2304.2767527474616,2343.97220855905,953.0,12534.04,0.328,1.462,2.734,4.582,5.345999999999999,98.588,2807.757390637041,3139.6545520541167,1215.8812775605509,95.59065800422027,96.2706,94.8262,137217.6,6.92,100.08936,74.80682,2634.82,6.42310835964946,10970.619999999999,15.236,4.3340000000000005,2.548,3.886,2.786,2.178,1.716,0.05,3.786,2.564,4.3020000000000005,373767.8,77.63712,77.9,-463.7851731589397,14235.86,202.68,1130.6200000000001,4687.74
2014-02-28,0.08,17206.50279729431,234.6646,266.1562,235.637,11573.88,532.1725093928815,2321.077484580087,2348.5262861697397,971.8,12575.140000000001,0.32799999999999996,1.486,2.738,4.544,5.272,97.494,2828.257492713873,3139.9413127941757,1214.487739082962,95.72114971309897,96.4074,94.93939999999999,137395.8,6.82,100.23458,74.80506,2663.28,6.366849641154216,11032.9,14.716000000000003,4.130000000000001,2.468,3.808,2.766,2.1740000000000004,1.7259999999999998,0.05600000000000001,3.7600000000000002,2.5100000000000002,4.312,374978.4,77.69626,78.72,-479.7312099949051,14290.8,203.04,1141.02,4708.219999999999
2014-03-31,0.078,17245.88077587617,235.1364,266.87679999999995,235.97779999999997,11618.74,536.3999307150958,2339.3489514380844,2354.1194026413723,980.8,12641.12,0.354,1.5699999999999998,2.77,4.514,5.2219999999999995,97.54599999999999,2850.1924738081116,3140.964262727504,1212.7975134040628,95.8587343265605,96.5498,95.0488,137585.4,6.720000000000001,100.60254,74.91852000000002,2689.54,6.32146347777527,11080.98,14.742,4.012,2.3899999999999997,3.786,2.75,2.166,1.718,0.05600000000000001,3.748,2.44,4.372,376748.0,77.92715999999999,80.08,-496.0730986535623,14371.34,203.94,1148.7800000000002,4719.719999999999
2014-04-30,0.08,17310.773349353716,235.60999999999999,267.56219999999996,236.3204,11658.7,541.6740169301889,2359.8187304099265,2363.1632931041427,969.4,12713.0,0.382,1.634,2.754,4.436,5.1259999999999994,99.188,2869.9128301396113,3143.802587464915,1211.6614068257581,96.00843277949767,96.69800000000001,95.15939999999999,137782.6,6.580000000000001,100.93636,75.03710000000001,2721.62,6.291784495501331,11140.28,14.684000000000001,3.9,2.3,3.7299999999999995,2.712,2.1719999999999997,1.7719999999999998,0.048,3.692,2.346,4.380000000000001,379272.0,78.12971999999999,81.88,-506.7495694753091,14454.319999999998,205.35999999999999,1157.98,4734.3
2014-05-31,0.08,17402.194493518902,236.0498,268.2596,236.67440000000002,11701.52,547.5962098774644,2382.17528859346,2374.9579710900907,970.4,12789.16,0.38,1.592,2.6420000000000003,4.343999999999999,5.002,100.098,2883.9591783811125,3149.483152661403,1212.2531080305678,96.16938324820875,96.84459999999999,95.28200000000001,138009.2,6.5,101.30940000000001,75.22836000000001,2746.9,6.279433242418244,11198.98,14.220000000000002,3.8339999999999996,2.278,3.622,2.6180000000000003,2.168,1.8199999999999998,0.04,3.592,2.29,4.308,381330.0,78.3597,81.76,-509.001175524507,14538.919999999998,206.56,1165.2400000000002,4749.4400000000005
2014-06-30,0.086,17509.02885003409,236.4384,268.911,237.0496,11758.1,553.7618027958421,2404.968521022581,2386.725705730361,975.0,12860.52,0.406,1.6179999999999999,2.614,4.296,4.924,102.33200000000001,2891.300613886011,3157.9164100995677,1214.9232782932681,96.33237721090141,96.97240000000001,95.4056,138265.6,6.4,101.8269,75.63264000000001,2775.5,6.280170088451361,11260.460000000001,12.852,3.6979999999999995,2.234,3.554,2.58,2.1919999999999997,1.876,0.04,3.522,2.2640000000000002,4.272,384255.0,78.69778,82.02000000000001,-504.57472468210847,14617.1,207.46000000000004,1172.0400000000002,4764.3
2014-07-31,0.09,17616.27869239693,236.8286,269.593,237.4516,11811.6,560.1256019314919,2426.914820582834,2395.376554086085,1003.2,12926.26,0.446,1.668,2.598,4.238,4.85,102.88600000000001,2893.9607483409463,3168.1190787820756,1218.9856804051549,96.48783241298628,97.11859999999999,95.5534,138538.8,6.3,102.23656,75.9692,2798.66,6.2849258118028235,11317.14,13.442000000000002,3.7439999999999998,2.198,3.532,2.566,2.2159999999999997,1.9120000000000001,0.036,3.4560000000000004,2.224,4.2219999999999995,386192.6,78.94775999999999,82.05999999999999,-498.58379530888413,14690.039999999999,207.92,1179.16,4778.08
2014-08-31,0.092,17708.718051454896,237.115,270.2342,237.8076,11863.880000000001,566.5892294142537,2446.1484308886347,2399.2627742046143,1006.0,12985.2,0.454,1.6480000000000001,2.522,4.178,4.776000000000001,102.034,2894.920582328711,3178.0811405748545,1222.7207156041482,96.61888591124259,97.2314,95.6804,138792.8,6.18,102.4143,76.09488,2808.7599999999998,6.284665211456563,11370.58,13.062000000000001,3.758,2.192,3.47,2.526,2.214,1.9240000000000002,0.031999999999999994,3.372,2.21,4.162000000000001,387987.2,79.01388,82.55999999999999,-495.6572070615863,14757.88,207.92,1180.94,4792.9
2014-09-30,0.092,17781.4364096659,237.3168,270.8732,238.1504,11909.7,573.204393939703,2462.0596175860214,2398.4363674091496,1002.0,13038.6,0.48599999999999993,1.666,2.492,4.152,4.756,100.262,2896.4135911054555,3185.9708234167815,1224.5951100139664,96.7165361285694,97.31660000000001,95.8004,139046.0,6.12,102.63717999999999,76.22938,2823.88,6.273046094320472,11419.46,13.642000000000001,3.8959999999999995,2.218,3.476,2.5420000000000003,2.172,1.8439999999999999,0.03,3.3200000000000003,2.226,4.136,388603.2,79.11178,82.66,-497.97651855278855,14823.220000000001,207.54000000000002,1187.26,4809.120000000001
2014-10-31,0.092,17836.28445236602,237.4192,271.47619999999995,238.4828,11961.18,579.9804062488031,2474.4412962903057,2393.1044644349668,1015.4,13091.26,0.5119999999999999,1.682,2.466,4.104000000000001,4.742,96.706,2898.337059363647,3190.296952006199,1223.697974192613,96.77368229173729,97.364,95.9048,139306.8,6.0,102.78155999999998,76.30992,2838.08,6.24687096517182,11468.74,14.167999999999997,4.022,2.252,3.5119999999999996,2.564,2.112,1.764,0.027999999999999997,3.25,2.2640000000000002,4.1080000000000005,389338.8,79.14792,83.66,-505.2319610601629,14889.86,206.62000000000003,1194.7800000000002,4828.139999999999
2014-11-30,0.09,17879.81001080572,237.3696,272.1336,238.80699999999996,12005.619999999999,586.7188345136686,2483.502019260054,2382.6788377828016,1033.4,13143.66,0.512,1.6560000000000001,2.396,4.038,4.74,90.70599999999999,2897.506718921151,3190.971727017031,1220.765754588886,96.79089078911211,97.3716,96.0046,139557.8,5.94,102.98563999999999,76.45026,2850.6,6.208108698947653,11510.92,14.52,4.25,2.32,3.5480000000000005,2.55,2.018,1.6420000000000001,0.024,3.1740000000000004,2.3160000000000003,4.074,390095.4,79.23086,84.91999999999999,-514.8275004327767,14956.64,205.14000000000001,1201.02,4849.0
2014-12-31,0.096,17918.96887202388,237.12040000000002,272.7548,239.0848,12043.960000000001,593.1776040927584,2489.5438847725227,2366.908081864417,1031.0,13200.960000000001,0.54,1.634,2.314,3.964,4.742,81.846,2890.6107388924097,3189.2003621460344,1217.256583201767,96.77861884612553,97.31739999999999,96.0848,139815.8,5.819999999999999,103.14957999999999,76.50094,2868.46,6.162295784370877,11557.88,14.969999999999999,4.45,2.388,3.604,2.532,1.8960000000000001,1.502,0.024,3.074,2.384,4.024,390089.2,79.2864,87.28,-523.702655308825,15026.6,202.94,1212.3,4876.4800000000005
2015-01-31,0.1,17961.45353438406,236.57779999999997,273.40860000000004,239.36600000000004,12060.560000000001,599.1791552877822,2493.364807608725,2347.389745274256,1051.2,13249.460000000001,0.5379999999999999,1.544,2.18,3.84,4.694,71.982,2876.159323810406,3187.6949504199265,1215.0085736816732,96.7629807344077,97.17240000000001,96.1506,140076.8,5.74,103.1816,76.55244,2893.1,6.119142548096082,11609.859999999999,16.767999999999997,4.734,2.464,3.6340000000000003,2.4619999999999997,1.802,1.4080000000000001,0.024,2.9259999999999997,2.444,3.936000000000001,388936.8,79.24629999999999,90.39999999999999,-528.7699548974658,15093.920000000002,199.94,1229.1399999999999,4914.26
2015-02-28,0.10400000000000001,18011.327837284785,236.15079999999998,274.079,239.64319999999998,12085.600000000002,604.7372436903771,2496.0151307482683,2328.0567433365222,1023.8,13303.679999999998,0.548,1.488,2.0759999999999996,3.7399999999999998,4.636000000000001,63.456,2857.005808146271,3188.9428660951608,1214.733464756573,96.77334419458444,97.0548,96.21279999999999,140330.2,5.660000000000001,103.02058,76.49062,2923.0600000000004,6.087216571856084,11680.32,16.174,4.746,2.498,3.6119999999999997,2.424,1.7740000000000002,1.394,0.024,2.788,2.496,3.8560000000000003,388001.4,79.06598000000001,92.56,-528.949701311542,15166.34,196.88000000000002,1243.96,4955.1
2015-03-31,0.10800000000000001,18070.9528174003,235.86000000000004,274.7846,239.956,12107.880000000001,610.2282887478245,2498.5095284048903,2312.4795220927845,1001.0,13344.060000000001,0.56,1.4380000000000002,1.9939999999999998,3.684,4.606,56.14,2837.359040607068,3194.675201097806,1216.2442648881604,96.83377456244166,96.97959999999999,96.2876,140554.4,5.6,102.78574,76.49928,2951.48,6.07135022626817,11744.22,16.426,4.85,2.53,3.59,2.3899999999999997,1.7420000000000002,1.39,0.026000000000000002,2.706,2.518,3.7980000000000005,388066.4,78.83810000000001,93.78,-524.8802264286867,15224.64,194.5,1255.3200000000002,4987.840000000001
2015-04-30,0.11400000000000002,18137.00210244541,235.7078,275.49800000000005,240.33360000000002,12132.92,616.1324675645812,2501.664773006021,2302.5052141046795,1038.8,13380.960000000001,0.5820000000000001,1.426,1.968,3.604,4.5440000000000005,51.872,2822.1035455446654,3204.5685686488096,1218.396714229187,96.94597210237418,96.94019999999999,96.381,140777.2,5.5200000000000005,102.31128000000001,76.40090000000001,2973.46,6.0697756464592185,11811.939999999999,16.669999999999998,4.834,2.5460000000000003,3.5759999999999996,2.404,1.7719999999999998,1.456,0.026000000000000002,2.616,2.534,3.7399999999999998,388017.4,78.43524,95.2,-519.5989378984715,15280.539999999999,192.5,1265.5,5017.62
2015-05-31,0.11400000000000002,18204.231393376474,235.8576,276.2034,240.75439999999998,12168.78,622.8562113352287,2505.8598748260847,2296.8885244434073,1040.0,13415.179999999998,0.5700000000000001,1.394,1.9579999999999997,3.6420000000000003,4.574,51.86800000000001,2813.310797289409,3216.9922552756498,1220.232252783077,97.09271796429297,96.98159999999999,96.4844,141011.8,5.5200000000000005,101.74176,76.33014,2985.08,6.07683922518124,11867.74,15.598000000000003,4.742,2.588,3.5379999999999994,2.43,1.796,1.516,0.024,2.642,2.566,3.7399999999999998,389267.0,77.96892,94.62,-516.4226742194012,15334.9,191.78,1266.6399999999999,5036.62
2015-06-30,0.11800000000000002,18266.598153112413,236.4396,276.90780000000007,241.205,12217.02,630.3415092368974,2510.6625099764756,2292.5466186794365,1064.0,13453.9,0.6039999999999999,1.484,2.092,3.7880000000000003,4.71,54.388,2809.601509409945,3229.5523895146434,1221.3613706459691,97.24457946562553,97.154,96.618,141238.4,5.44,101.27506000000001,76.28587999999999,3001.7599999999998,6.085065279185319,11923.3,15.05,4.69,2.632,3.604,2.572,1.8399999999999999,1.58,0.022,2.772,2.606,3.812,391135.0,77.59148,94.22,-517.0550742754613,15384.539999999999,192.34,1268.66,5044.2
2015-07-31,0.122,18320.62909200068,236.978,277.6796,241.68359999999998,12266.679999999998,638.3274563088532,2515.035200139545,2285.8172274126346,1116.0,13486.779999999999,0.612,1.492,2.132,3.896,4.848,54.452,2806.908816297335,3240.2523909974825,1222.044685161251,97.37516578812198,97.31,96.74879999999999,141470.0,5.380000000000001,101.06559999999999,76.46083999999999,3007.58,6.087610372561408,11964.460000000001,14.806000000000001,4.87,2.728,3.682,2.63,1.8219999999999998,1.554,0.024,2.872,2.6759999999999997,3.848,393778.0,77.4194,93.75999999999999,-521.0916163701829,15425.6,192.90000000000003,1267.84,5047.84
2015-08-31,0.128,18361.793318917516,237.38940000000002,278.41220000000004,242.096,12310.7,646.0155855942954,2517.516054681521,2275.6349717647945,1150.0,13527.779999999999,0.6479999999999999,1.526,2.186,3.9760000000000004,4.978,53.462,2802.1315486648764,3247.6903196977228,1222.720678602144,97.46623918592006,97.4308,96.866,141711.0,5.32,100.89151999999999,76.52152,3014.44,6.081117821635906,12008.8,17.434,5.046,2.848,3.808,2.714,1.796,1.504,0.032,2.918,2.78,3.878,395172.8,77.28171999999999,93.53999999999999,-526.4965399652058,15472.86,192.98,1267.3799999999999,5057.34
2015-09-30,0.132,18390.764437215938,237.6446,279.159,242.49,12346.16,652.9775598831122,2517.2768383423113,2262.742513319089,1156.8,13563.779999999999,0.66,1.514,2.1879999999999997,4.086,5.15,51.668000000000006,2793.521812773511,3252.1452415184067,1223.7641740905985,97.51767299461957,97.5074,96.97560000000001,141923.6,5.24,100.77302,76.53156,3023.72,6.066455498552075,12056.16,19.424,5.452,2.9859999999999998,3.9259999999999997,2.748,1.69,1.374,0.032,2.9899999999999998,2.906,3.914,396048.6,77.19352,91.8,-530.7792672953905,15512.26,192.62,1269.8600000000001,5071.9
2015-10-31,0.132,18410.55808506671,237.791,279.94,242.906,12370.060000000001,659.1500465333751,2514.0082710097786,2248.747558898746,1152.6,13593.539999999999,0.688,1.52,2.196,4.08,5.24,49.058,2780.604141057508,3254.771519762563,1225.3250069238272,97.53619907568738,97.5374,97.06800000000001,142132.6,5.12,100.65078,76.50542,3027.56,6.04680483440683,12102.22,19.669999999999998,5.715999999999999,3.08,4.016,2.7619999999999996,1.636,1.3000000000000003,0.032,2.976,3.022,3.8920000000000003,396020.8,77.1075,91.66,-531.8565760984125,15545.320000000002,191.44,1273.08,5089.5199999999995
2015-11-30,0.13,18426.069318341637,237.863,280.709,243.34140000000002,12393.119999999999,665.0200745268155,2508.432008242705,2234.3907885965345,1146.0,13617.4,0.748,1.524,2.168,4.054,5.306,45.581999999999994,2764.0302830098694,3256.8279199625954,1227.138136050935,97.528492173952,97.5418,97.15799999999999,142355.6,5.08,100.44633999999999,76.48552,3040.88,6.025008073188467,12158.439999999999,19.25,5.996,3.1540000000000004,4.074,2.76,1.58,1.238,0.054000000000000006,2.96,3.1079999999999997,3.878,396255.8,76.96128,90.7,-529.6395043222482,15572.6,189.62,1278.58,5112.3
2015-12-31,0.152,18442.23793206382,237.80839999999998,281.399,243.73780000000002,12410.539999999999,671.1018214882486,2501.8459157956636,2220.1761871962462,1146.0,13643.34,0.826,1.568,2.182,4.018,5.358,42.839999999999996,2745.275326223823,3259.1339984290503,1228.7765041494872,97.5049603164378,97.512,97.24159999999999,142574.4,5.04,100.0179,76.29992,3051.3599999999997,6.001851739470321,12214.76,20.468,6.314,3.2119999999999997,4.176,2.776,1.5399999999999998,1.2280000000000002,0.094,2.9400000000000004,3.176,3.8839999999999995,396021.4,76.64414,90.6,-525.0991476615562,15602.560000000001,187.54,1284.74,5138.74
2016-01-31,0.192,18464.21952503147,237.7322,282.1576,244.1654,12426.9,677.7158471453589,2496.171263597066,2207.0834640878247,1138.4,13676.220000000001,0.8300000000000001,1.526,2.1279999999999997,4.01,5.41,40.602,2727.0333613954845,3262.141334726165,1229.7753105770066,97.4870565507825,97.4888,97.3438,142787.6,4.98,99.72242,76.20902,3066.06,5.976410635983737,12282.82,18.822,6.728,3.278,4.244000000000001,2.748,1.496,1.214,0.132,2.94,3.2439999999999998,3.8739999999999997,395340.0,76.4278,90.62,-519.9498989493889,15631.560000000001,185.68,1292.3799999999999,5172.34
2016-02-29,0.24,18495.29818145177,237.6998,282.91060000000004,244.6042,12460.52,684.5535937446934,2492.948506553965,2197.2232056821276,1138.6,13707.079999999998,0.858,1.496,2.064,3.9880000000000004,5.41,37.57,2712.19592660947,3265.9963761905337,1230.026119224299,97.50326184362697,97.4824,97.45179999999999,143016.8,4.96,99.38046,76.09624,3080.7400000000002,5.947666113572693,12358.24,18.032,6.954000000000001,3.3299999999999996,4.29,2.722,1.498,1.246,0.19,2.874,3.322,3.8259999999999996,395764.4,76.17298,91.52000000000001,-514.9727182758305,15656.64,184.11999999999998,1299.8799999999999,5205.58
2016-03-31,0.28800000000000003,18537.554224776017,237.7692,283.6492,245.03320000000002,12488.939999999999,691.0656119687058,2493.1817580189067,2193.131525430632,1149.2,13739.560000000001,0.8539999999999999,1.434,1.9880000000000002,3.9620000000000006,5.368,35.836,2703.074765736206,3270.823451817948,1229.7590623776268,97.57619905576378,97.5216,97.5814,143233.2,4.96,98.9819,75.9813,3108.88,5.914827923046482,12442.74,17.808,7.184,3.3160000000000003,4.247999999999999,2.676,1.516,1.304,0.246,2.832,3.316,3.816,396244.6,75.8708,91.72,-509.94323798387467,15681.36,183.04,1310.16,5238.4
2016-04-30,0.33799999999999997,18589.31083176515,237.96419999999998,284.394,245.4952,12526.6,696.5870860735968,2496.8497856355903,2196.4084014968134,1147.4,13774.36,0.82,1.3599999999999999,1.9119999999999997,3.874,5.234,35.498000000000005,2700.5239116633084,3276.5371173789217,1229.565815387627,97.70524445616658,97.6126,97.7384,143442.4,4.96,98.79008,75.87660000000001,3131.2400000000002,5.878998630260766,12522.78,17.722,7.145999999999999,3.2479999999999998,4.146,2.612,1.54,1.364,0.266,2.75,3.272,3.758,396674.6,75.72246,91.26,-504.1155097039788,15710.060000000001,182.54000000000002,1318.6599999999999,5267.92
2016-05-31,0.364,18647.699115078336,238.3234,285.2092,246.0132,12566.74,700.8123992839119,2503.5793951059954,2207.202432857769,1147.8,13800.86,0.782,1.282,1.826,3.81,5.078,37.402,2704.4129585897126,3283.1057117790747,1230.0524412042819,97.8682227153115,97.752,97.91600000000001,143606.0,4.92,98.65164,75.79662,3162.3399999999997,5.842606159863267,12607.619999999999,16.918,6.95,3.1699999999999995,4.002000000000001,2.552,1.54,1.3960000000000001,0.276,2.682,3.2020000000000004,3.6839999999999997,397227.6,75.61012000000001,91.68,-497.21052640980724,15731.820000000002,182.9,1327.74,5294.599999999999
2016-06-30,0.372,18708.956466928023,238.83740000000003,286.0302,246.5302,12617.380000000001,703.9760407257563,2512.4458203801937,2222.9849086973727,1170.0,13821.040000000003,0.7460000000000001,1.218,1.736,3.71,4.894,40.818,2713.2126135292383,3290.364857764499,1231.5265559305722,98.03413176247311,97.9178,98.0798,143797.2,4.94,98.51012,75.69242,3189.36,5.808762013630566,12685.119999999999,16.003999999999998,6.638,3.058,3.8019999999999996,2.482,1.538,1.434,0.278,2.6,3.108,3.622,399248.2,75.49051999999999,91.97999999999999,-490.2277054177872,15757.0,183.9,1336.52,5312.4
2016-07-31,0.374,18771.477692209304,239.3904,286.8346,246.994,12657.820000000002,706.8279198376049,2522.534593762504,2239.649425548775,1172.8,13851.24,0.724,1.18,1.6800000000000002,3.5740000000000003,4.67,43.684000000000005,2724.9119842066184,3298.2756944794464,1234.014651794825,98.18049266092913,98.0972,98.2384,144018.0,4.92,98.49452,75.64934,3215.7200000000003,5.779568859125441,12752.460000000001,14.268,6.226000000000001,2.8899999999999997,3.586,2.428,1.552,1.45,0.276,2.522,2.9400000000000004,3.594,400410.8,75.46288,91.64,-485.26255876116073,15796.12,185.18,1342.64,5328.78
2016-08-31,0.382,18833.51153129764,239.8834,287.68359999999996,247.496,12708.04,709.9765112984998,2532.9181747345383,2252.908273378768,1184.8,13882.14,0.738,1.176,1.64,3.474,4.492,45.117999999999995,2737.8951177835725,3306.500242087629,1237.2423963446956,98.30342176272819,98.25840000000001,98.4038,144217.6,4.9,98.61036,75.56636,3246.8,5.756874100241143,12825.76,14.162,5.836,2.788,3.4659999999999997,2.416,1.522,1.4060000000000001,0.27599999999999997,2.4379999999999997,2.8280000000000003,3.5380000000000003,401822.4,75.53224,91.4,-484.9868442144797,15836.060000000001,186.07999999999998,1353.22,5348.44
2016-09-30,0.388,18895.416493179546,240.32020000000003,288.58680000000004,247.95420000000004,12755.060000000001,713.8700587969844,2543.103612862822,2261.311393063426,1165.8,13921.420000000002,0.738,1.1480000000000001,1.594,3.432,4.396,46.004,2751.5782763622797,3314.718479338597,1240.7101029872763,98.41826378888297,98.393,98.5472,144438.6,4.88,98.6459,75.5402,3272.0,5.739912394611635,12896.08,13.679999999999998,5.587999999999999,2.754,3.3939999999999997,2.412,1.5,1.376,0.288,2.384,2.768,3.4899999999999998,403422.8,75.53775999999999,91.84,-490.2668831333369,15884.1,186.82,1361.5,5367.539999999999
2016-10-31,0.394,18958.410196144177,240.757,289.4914,248.35520000000002,12797.920000000002,718.7735986252362,2552.948495839458,2266.2549631027587,1198.8,13969.220000000001,0.736,1.136,1.594,3.404,4.336,46.618,2766.5119862219226,3322.582006471989,1243.8017090720691,98.54841738725224,98.53599999999999,98.68260000000001,144672.2,4.9,98.73966,75.55449999999999,3291.66,5.726661198727283,12963.24,14.254,5.3759999999999994,2.7079999999999997,3.336,2.428,1.538,1.4,0.298,2.3579999999999997,2.7180000000000004,3.4560000000000004,404905.4,75.58746,90.34,-500.25702308820036,15940.539999999999,187.1,1367.5,5386.5199999999995
2016-11-30,0.4,19022.976532410918,241.1178,290.37299999999993,248.7434,12830.28,724.6922575712194,2562.5201210846144,2271.683806659875,1186.2,14018.820000000002,0.842,1.3,1.7700000000000002,3.476,4.372,45.998,2783.573372461237,3329.8323596930204,1246.0580304632813,98.70381212727582,98.65119999999999,98.80640000000001,144879.4,4.86,98.66222,75.53479999999999,3313.56,5.714519271402696,13031.939999999999,13.794,5.068,2.614,3.418,2.57,1.6460000000000001,1.4780000000000002,0.33399999999999996,2.44,2.654,3.566,405193.0,75.50798,90.4,-511.8895658522835,15997.779999999999,186.84,1374.74,5407.5599999999995
2016-12-31,0.43,19088.495829435262,241.625,291.28139999999996,249.1616,12880.119999999999,731.4635733109415,2572.0564716308377,2280.9052906611482,1188.8,14069.88,0.9480000000000001,1.48,1.968,3.6319999999999992,4.494,47.461999999999996,2803.20394011748,3336.363682604603,1247.3954365748727,98.87939839421998,98.797,98.92460000000001,145058.4,4.84,98.7013,75.52754,3330.4,5.701256227249668,13096.539999999999,14.228,4.773999999999999,2.528,3.5239999999999996,2.724,1.738,1.584,0.376,2.616,2.5780000000000003,3.7340000000000004,406968.4,75.5221,92.03999999999999,-522.2986494999652,16055.98,186.94,1380.44,5422.960000000001
2017-01-31,0.4800000000000001,19153.195347022676,242.23959999999997,292.16179999999997,249.57039999999998,12935.24,738.6695636260343,2581.985239193861,2295.2279230826507,1192.6,14136.62,1.026,1.6219999999999999,2.1420000000000003,3.752,4.578,49.017999999999994,2824.8681674137906,3342.302859369006,1248.2359488716743,99.05593208028412,98.99139999999998,99.061,145252.8,4.8,98.71592,75.6178,3346.2,5.684989176660179,13156.74,13.941999999999998,4.554,2.452,3.6239999999999997,2.862,1.8539999999999999,1.718,0.42000000000000004,2.768,2.488,3.8860000000000006,409384.4,75.52442,93.78,-529.6402443386021,16128.38,187.76,1383.56,5434.58
2017-02-28,0.532,19214.671830499923,242.8056,292.9966,250.0016,12983.6,745.7547599193259,2592.518447588724,2312.2986858679865,1233.2,14204.1,1.116,1.7719999999999998,2.294,3.8600000000000003,4.644,50.676,2846.735588821212,3347.8433095872306,1249.203899837769,99.21497979255545,99.1754,99.2064,145430.2,4.720000000000001,98.672,75.67552,3363.06,5.665077866126126,13218.66,13.868,4.308,2.3520000000000003,3.696,2.9739999999999998,1.938,1.8060000000000003,0.46799999999999997,2.904,2.396,4.034000000000001,411301.2,75.49100000000001,94.8,-534.4369029399828,16201.26,188.7,1386.6200000000001,5447.360000000001
2017-03-31,0.61,19273.08975733365,243.2358,293.72339999999997,250.362,13038.18,752.3472881053385,2603.912246766823,2328.757888564146,1208.6,14271.060000000001,1.198,1.8959999999999997,2.406,3.96,4.704,50.586,2866.8576295103985,3353.2996695439942,1250.8160110902256,99.35005551196033,99.30879999999999,99.31800000000001,145611.6,4.62,98.7371,75.67348,3382.56,5.641123075015334,13281.539999999999,12.930000000000001,4.11,2.278,3.7600000000000002,3.06,1.986,1.842,0.5519999999999999,3.02,2.312,4.168000000000001,412875.0,75.55152000000001,96.74000000000001,-538.0997409373065,16272.4,189.66,1393.44,5463.0199999999995
2017-04-30,0.708,19329.808069217223,243.6692,294.4262,250.71120000000002,13093.42,758.0747877175108,2615.7527962474683,2341.091369167426,1209.8,14341.6,1.232,1.892,2.3899999999999997,3.9620000000000006,4.676,51.666,2882.904788331559,3358.8507703375385,1253.1267749727235,99.46635172477515,99.4736,99.4616,145808.6,4.5600000000000005,99.07656,75.86666,3404.7400000000002,5.61470914857262,13340.039999999999,12.428,3.9379999999999997,2.244,3.7159999999999997,3.048,1.982,1.85,0.624,3.036,2.252,4.168,415028.4,75.8334,97.38,-541.8134191652432,16346.079999999998,191.0,1398.84,5477.74
2017-05-31,0.782,19387.784258902444,243.9426,295.1052,251.0132,13126.62,762.6704982613539,2627.3274586555985,2348.4757713675494,1190.8,14418.3,1.248,1.8559999999999999,2.342,3.9200000000000004,4.619999999999999,50.968,2893.283254162008,3364.615497519683,1255.7425153933557,99.57643170194274,99.5958,99.59819999999999,146004.4,4.5,99.29404,76.04068,3439.16,5.588161556013624,13406.38,11.702000000000002,3.842,2.2340000000000004,3.662,3.018,1.954,1.826,0.7020000000000001,3.006,2.2340000000000004,4.093999999999999,415391.6,76.03376,97.16,-544.8074827952533,16424.22,191.92000000000002,1411.32,5498.120000000001
2017-06-30,0.86,19450.323483888533,244.0516,295.7944,251.269,13158.920000000002,766.3057224673037,2638.200529977429,2353.24885617495,1202.6,14476.24,1.286,1.8539999999999999,2.314,3.872,4.561999999999999,49.504000000000005,2899.0926478939537,3370.9940016311766,1258.2821736497665,99.69359879720966,99.6588,99.7086,146194.8,4.42,99.59828,76.20833999999999,3465.8799999999997,5.564201960815618,13464.8,11.540000000000001,3.7960000000000003,2.2060000000000004,3.624,2.9799999999999995,1.89,1.764,0.798,2.9619999999999997,2.224,4.032,415510.6,76.31237999999999,96.46000000000001,-545.843791709176,16486.359999999997,192.5,1421.52,5518.3
2017-07-31,0.958,19523.12063852938,244.099,296.421,251.46639999999996,13193.9,769.7617786755274,2648.924283454283,2360.2925737049572,1189.6,14531.1,1.31,1.8439999999999999,2.302,3.822,4.5120000000000005,48.136,2904.4852679078253,3379.099314161984,1260.7663160410907,99.83290905878356,99.70219999999999,99.7984,146379.6,4.36,99.92846,76.34176,3496.5,5.544674976979178,13519.52,11.008,3.7700000000000005,2.1799999999999997,3.5879999999999996,2.95,1.85,1.72,0.9099999999999999,2.932,2.194,3.9839999999999995,415678.6,76.62186,95.88,-544.192694188938,16546.84,192.88000000000002,1433.06,5539.78
2017-08-31,1.032,19608.002616786227,244.3572,297.19939999999997,251.7846,13224.84,773.8055207465375,2660.2827581746096,2373.3931457425742,1183.4,14585.7,1.322,1.798,2.246,3.746,4.438000000000001,47.878,2914.3942003327093,3390.146978125539,1263.710561096439,99.99656832007675,99.8006,99.9182,146565.8,4.360000000000001,100.04508000000001,76.50076,3527.06,5.531933677602092,13572.48,10.652,3.7560000000000002,2.16,3.53,2.8939999999999997,1.8079999999999998,1.682,0.966,2.876,2.174,3.9200000000000004,416077.0,76.77775999999999,95.86,-541.0010545980302,16610.56,193.34,1442.6,5555.62
2017-09-30,1.0819999999999999,19704.504466552593,244.8056,297.9934,252.10160000000002,13274.460000000001,778.8307116302175,2673.5516231144843,2393.4483291694632,1190.4,14644.76,1.3599999999999999,1.8199999999999998,2.2540000000000004,3.6980000000000004,4.384,47.629999999999995,2932.1134715874114,3404.7081187131685,1267.813722277958,100.180482421676,99.9356,100.0216,146731.0,4.34,99.9864,76.50014000000002,3548.0199999999995,5.526177644309984,13622.439999999999,10.39,3.7060000000000004,2.104,3.5060000000000002,2.87,1.7920000000000003,1.6560000000000001,1.014,2.844,2.1399999999999997,3.88,418005.6,76.80782,95.47999999999999,-538.665142463945,16683.74,193.7,1449.7800000000002,5565.86
2017-10-31,1.13,19809.898779843028,245.33,298.864,252.5208,13329.579999999998,784.6058853466524,2690.1384101601307,2418.6638429680656,1210.4,14697.3,1.424,1.8719999999999999,2.288,3.6480000000000006,4.337999999999999,48.25,2958.659438100719,3422.6052686194425,1273.738775745734,100.37641617756428,100.1054,100.1582,146882.4,4.3,100.15866,76.68994,3566.5199999999995,5.526788281022009,13670.64,10.344,3.66,2.04,3.502,2.868,1.8060000000000003,1.67,1.052,2.828,2.082,3.878,420467.2,77.02194,96.2,-539.9955951862532,16755.26,194.12,1454.16,5574.0199999999995
2017-11-30,1.154,19919.24768419073,245.9542,299.707,252.9348,13392.66,790.165416588292,2710.5023066351255,2445.0742619477583,1215.2,14754.560000000001,1.504,1.922,2.3099999999999996,3.6260000000000003,4.318,50.541999999999994,2990.979984855615,3442.3311458423123,1281.3956338010291,100.57718528275728,100.2872,100.2778,147039.8,4.28,100.34112,76.88138000000001,3588.56,5.532199096196601,13718.26,10.363999999999999,3.628,1.9979999999999998,3.5119999999999996,2.884,1.832,1.6900000000000002,1.1019999999999999,2.8280000000000003,2.0300000000000002,3.882,423433.2,77.2475,96.9,-545.9057228782585,16833.96,194.57999999999998,1458.94,5580.0599999999995
2017-12-31,1.184,20028.062803781555,246.66660000000002,300.65739999999994,253.40659999999997,13473.220000000001,794.6842929546841,2734.1018342063007,2469.337011232487,1209.4,14812.179999999998,1.614,1.9939999999999998,2.33,3.5879999999999996,4.284,52.791999999999994,3024.397675542942,3462.287517454342,1290.2245459028904,100.7810488675772,100.49080000000001,100.4124,147189.6,4.24,100.62124,77.09944,3600.4,5.541258283540191,13762.9,10.52,3.632,1.9400000000000002,3.534,2.898,1.8599999999999999,1.7280000000000002,1.152,2.806,1.98,3.896,426812.4,77.54864,97.4,-555.0606641390738,16912.420000000002,195.14000000000001,1460.0800000000002,5582.56
2018-01-31,1.234,20132.59769869098,247.4018,301.5192,253.9404,13554.960000000001,797.9044226976615,2759.0501603078746,2489.5630364987105,1237.4,14888.8,1.7759999999999998,2.1580000000000004,2.45,3.572,4.273999999999999,55.924,3053.1975024288713,3481.109693534024,1299.2105895950858,100.99111388687912,100.7252,100.59020000000001,147341.6,4.16,100.99181999999999,77.29706000000002,3610.3199999999997,5.552954374028068,13799.02,11.11,3.5199999999999996,1.8239999999999998,3.598,2.976,1.9299999999999997,1.8080000000000003,1.232,2.822,1.8960000000000001,3.9620000000000006,429641.4,77.91682,97.18,-563.6344657326579,16994.02,195.96,1460.94,5580.5199999999995
2018-02-28,1.2879999999999998,20230.28127480378,248.0206,302.3338,254.52020000000002,13619.24,800.493026623913,2782.901623610463,2506.253974087108,1256.6,14962.38,1.932,2.304,2.558,3.6100000000000003,4.316000000000001,58.406000000000006,3074.269353801952,3498.44475692633,1307.5282997730267,101.2081601812726,100.9284,100.7818,147552.6,4.12,101.38856000000001,77.612,3619.5199999999995,5.566480940808471,13834.74,13.177999999999997,3.5020000000000002,1.7600000000000002,3.7,3.0780000000000003,1.986,1.8800000000000001,1.34,2.892,1.8060000000000003,4.0760000000000005,431119.6,78.29964,98.1,-568.0153798028224,17066.46,196.85999999999999,1460.86,5580.5
2018-03-31,1.3599999999999999,20322.378651893418,248.6108,303.13340000000005,255.0692,13688.38,803.4538001236924,2804.0419011971603,2520.8357478308635,1268.8,15037.64,2.066,2.414,2.63,3.664,4.38,60.636,3087.4502496313876,3515.214597843204,1315.0049173294465,101.43596694073213,101.127,100.9684,147779.4,4.08,101.62956,77.74294,3631.5199999999995,5.581595222871945,13870.539999999999,15.136000000000001,3.5439999999999996,1.748,3.818,3.1719999999999997,2.0200000000000005,1.9060000000000001,1.468,2.934,1.7739999999999998,4.176,432362.2,78.55464,98.24000000000001,-566.6145023934985,17133.940000000002,197.74,1461.94,5581.42
2018-04-30,1.466,20410.656122559634,249.19940000000003,303.9914,255.632,13747.939999999999,807.453044676103,2821.4785334003345,2534.1410440437703,1269.4,15117.939999999999,2.2079999999999997,2.544,2.736,3.72,4.46,62.55800000000001,3095.8897091445456,3532.6340165088395,1321.935601017741,101.66823074027221,101.3452,101.18180000000001,147989.6,4.040000000000001,102.05072,77.96102,3638.28,5.59734400289536,13908.2,16.066,3.5140000000000002,1.73,3.9479999999999995,3.276,2.082,1.98,1.576,2.988,1.75,4.312,433144.8,78.93928000000001,98.3,-561.7486657875705,17200.18,198.62,1460.66,5582.120000000001
2018-05-31,1.5459999999999998,20496.12848349998,249.7968,304.8674,256.1922,13795.720000000001,812.1692967016804,2834.980922679891,2544.67014609454,1305.4,15204.12,2.31,2.6399999999999997,2.822,3.818,4.581999999999999,64.978,3103.1393149314144,3551.3445051564204,1328.7908688970074,101.89292718272404,101.5692,101.40119999999999,148236.4,3.9799999999999995,102.2295,78.06667999999999,3646.6800000000003,5.612056462465502,13948.14,16.944,3.5140000000000002,1.754,4.084,3.368,2.104,2.0140000000000002,1.6880000000000002,3.0599999999999996,1.7560000000000002,4.426,434503.2,79.12438,98.72,-558.46916832452,17269.420000000002,200.0,1460.44,5584.2
2018-06-30,1.6280000000000001,20577.80514223645,250.2286,305.6614,256.6312,13841.14,816.5651056222953,2845.2935455502557,2550.594469624711,1284.0,15276.34,2.386,2.682,2.848,3.9,4.696,65.812,3111.755438491254,3570.7792367763695,1335.8252776988063,102.0980927464533,101.7352,101.57419999999999,148496.6,3.9799999999999995,102.57757999999998,78.31876,3650.62,5.623730077624815,13997.560000000001,17.454,3.5980000000000003,1.8399999999999999,4.214,3.434,2.104,2.0300000000000002,1.7899999999999998,3.094,1.8039999999999998,4.506,435854.4,79.4269,99.22,-561.1609663848943,17338.760000000002,201.26,1458.2800000000002,5594.18
2018-07-31,1.7260000000000002,20655.637116357288,250.5656,306.51460000000003,257.0288,13888.36,819.4413108123638,2854.2004173077926,2551.0123486094258,1270.2,15351.7,2.4699999999999998,2.7220000000000004,2.8660000000000005,3.91,4.752,67.562,3123.0777158634714,3590.011432796434,1343.2152063393467,102.28313235046055,101.8794,101.7358,148690.4,3.9200000000000004,102.90242,78.43824,3663.1800000000003,5.630759544136519,14047.48,16.049999999999997,3.596,1.8699999999999999,4.281999999999999,3.46,2.104,2.022,1.8699999999999999,3.07,1.8539999999999999,4.534000000000001,437129.8,79.69718,98.86,-572.0653644488152,17415.460000000003,202.26000000000002,1461.6799999999998,5606.280000000001
2018-08-31,1.8059999999999998,20724.871285216104,250.9828,307.35299999999995,257.3528,13932.519999999999,820.008433500866,2862.6293523224867,2546.9273431748466,1264.2,15426.14,2.54,2.758,2.89,3.912,4.778,68.62800000000001,3136.4612227323432,3607.0888640518483,1350.4872050362164,102.44495830048838,102.0162,101.8552,148889.2,3.88,103.27526,78.60166,3666.44,5.631686919094203,14093.6,14.628,3.55,1.884,4.328,3.4859999999999998,2.11,2.034,1.938,3.0599999999999996,1.8699999999999999,4.55,438462.8,79.99008,97.82,-589.5338812798893,17494.620000000003,203.07999999999998,1461.66,5615.7
2018-09-30,1.8579999999999999,20784.50429862072,251.37380000000002,308.1134,257.7004,13968.4,818.4679631282258,2871.2531393264476,2541.1758989915475,1259.0,15492.920000000002,2.604,2.788,2.9099999999999997,3.938,4.82,69.424,3149.90970545195,3621.3500649985153,1357.3754137984665,102.5907628261422,102.1466,101.9758,149076.2,3.8200000000000003,103.425,78.65498,3678.4800000000005,5.627570032714134,14138.960000000001,13.866,3.5140000000000002,1.8939999999999997,4.36,3.5060000000000002,2.104,2.02,2.0140000000000002,3.0759999999999996,1.886,4.577999999999999,439239.2,80.09558,98.08000000000001,-608.7338155515607,17567.579999999998,203.74,1463.02,5626.38
2018-10-31,1.956,20835.271218089547,251.76979999999998,308.832,258.0548,14004.02,815.5526347362563,2880.1156224757165,2536.9622476560485,1231.8,15557.02,2.698,2.848,2.9739999999999998,3.9659999999999997,4.868,69.578,3160.3624089777536,3633.0754047389055,1363.8452338173388,102.7284027988704,102.27740000000001,102.093,149230.2,3.8200000000000003,103.73474000000002,78.76106,3691.2400000000002,5.6211983858004,14176.6,15.026,3.55,1.922,4.442,3.5840000000000005,2.1,1.9940000000000002,2.092,3.118,1.9,4.638,440005.8,80.31142,98.2,-623.400171753796,17636.66,204.01999999999998,1466.44,5632.52
2018-11-30,2.032,20881.126017554336,252.08499999999998,309.6448,258.4628,14050.52,812.1331150690266,2888.9715751617987,2535.6768203168185,1229.6,15615.420000000002,2.754,2.87,3.006,4.018,4.946,67.396,3165.4591455178806,3643.7670231140205,1370.3232828025543,102.86167895548085,102.39760000000001,102.2298,149361.0,3.78,103.89214,78.71736,3697.46,5.616394333939127,14200.820000000002,15.422,3.6659999999999995,1.9779999999999998,4.526,3.636,2.072,1.936,2.178,3.1799999999999997,1.936,4.6899999999999995,441622.8,80.39718,98.05999999999999,-629.7823194067047,17698.120000000003,203.64000000000001,1468.48,5636.42
2018-12-31,2.104,20927.157159589853,252.3956,310.4612,258.9356,14065.88,808.9444140713817,2897.9830215212683,2537.088163493748,1207.0,15698.66,2.716,2.802,2.952,4.048,5.014,63.104,3164.6053727474973,3655.1802527696623,1377.1912072119565,102.99201033958016,102.51039999999998,102.3756,149517.2,3.8,104.02994000000001,78.7174,3712.34,5.61561006738425,14239.519999999999,17.94,4.04,2.102,4.5920000000000005,3.6399999999999997,1.9899999999999998,1.8379999999999999,2.262,3.1979999999999995,2.0159999999999996,4.692,440740.6,80.45756,98.14,-627.5171759536222,17783.079999999998,202.98,1473.2199999999998,5646.12
2019-01-31,2.202,20979.234613641398,252.5752,311.26000000000005,259.51059999999995,14080.76,806.6631178831001,2907.9652089198767,2539.5911951845715,1194.6,15768.1,2.682,2.7399999999999998,2.9059999999999997,4.058,5.0840000000000005,59.76800000000001,3159.7787700491904,3669.014780597373,1384.522590958667,103.1213776300928,102.6116,102.548,149674.8,3.84,103.89020000000001,78.53192000000001,3724.5199999999995,5.618968410363093,14287.220000000001,18.682,4.216,2.194,4.606,3.6079999999999997,1.9440000000000002,1.782,2.332,3.198,2.122,4.68,440624.8,80.29472000000001,97.14,-620.187536531872,17861.059999999998,202.12,1476.1,5659.84
2019-02-28,2.2920000000000003,21039.927531343572,252.80259999999998,312.16999999999996,260.0742,14100.3,805.787452841127,2919.9442840775105,2541.9725222761967,1168.8,15846.679999999998,2.624,2.656,2.842,4.02,5.098,56.712,3154.328664553479,3685.56928573388,1391.7493405131067,103.25318871416201,102.70039999999999,102.69879999999998,149816.0,3.8600000000000003,103.63446000000002,78.2607,3733.3199999999997,5.624107536067557,14334.24,19.214,4.343999999999999,2.27,4.593999999999999,3.572,1.906,1.7440000000000002,2.386,3.1719999999999997,2.2,4.606,440698.6,80.03586,95.88,-612.3561655904301,17952.64,201.23999999999998,1478.6399999999999,5672.92
2019-03-31,2.336,21112.394202749398,253.1036,313.1,260.60420000000005,14131.7,806.7985855250879,2935.209956242599,2543.6912671068203,1162.8,15921.5,2.504,2.506,2.694,3.946,5.0520000000000005,54.19199999999999,3150.9574686533356,3704.8476979973807,1398.3478071950844,103.39455594222724,102.7926,102.8354,149969.8,3.8599999999999994,103.41574,78.02912,3736.8199999999997,5.628633499928776,14386.560000000001,17.71,4.3919999999999995,2.316,4.468,3.444,1.8719999999999999,1.72,2.418,3.1,2.27,4.446,441251.2,79.80064,95.84,-607.2663811158013,18048.58,200.48,1477.6,5686.86
2019-04-30,2.38,21196.107144548136,253.63139999999999,314.08500000000004,261.11580000000004,14154.779999999999,809.7930962717026,2953.681980686152,2544.67037091588,1181.0,15987.4,2.3979999999999997,2.3939999999999997,2.594,3.84,4.9479999999999995,55.572,3150.6606085533685,3725.579148002316,1404.0087494080703,103.54611422188759,102.9408,102.979,150165.8,3.84,103.06818000000001,77.73804,3754.1799999999994,5.6313639366307395,14449.84,16.72,4.279999999999999,2.29,4.298,3.332,1.8679999999999999,1.736,2.43,3.016,2.284,4.324,441448.4,79.46214,95.78,-605.9906354025184,18141.860000000004,200.44,1480.44,5697.6
2019-05-31,2.404,21290.314553000608,254.13719999999998,315.0646,261.5466,14212.619999999999,814.6973806382922,2974.027491898582,2544.714459236944,1220.6,16012.560000000001,2.2920000000000003,2.278,2.484,3.7700000000000005,4.848000000000001,57.834,3152.0079474797335,3746.586644391198,1409.057023041157,103.70187342732598,103.08579999999999,103.10819999999998,150333.0,3.78,102.74268,77.40428,3760.1,5.633231157008942,14508.38,15.378,4.132,2.274,4.13,3.222,1.8739999999999999,1.75,2.428,2.96,2.2700000000000005,4.212000000000001,444230.6,79.1377,96.12,-607.2940791880012,18194.78,200.57999999999998,1479.3600000000001,5708.92
2019-06-30,2.4,21390.654116931728,254.6676,316.0548,261.94120000000004,14273.179999999998,820.7964724646336,2993.652073248691,2543.590504990206,1224.0,16045.2,2.152,2.144,2.3579999999999997,3.668,4.715999999999999,58.489999999999995,3151.817641559586,3766.810140075361,1414.0615433652472,103.85133360537955,103.23679999999999,103.24980000000001,150489.4,3.7,102.57922,77.2886,3781.5200000000004,5.633062791035163,14574.439999999999,15.080000000000002,4.072,2.2600000000000002,3.9620000000000006,3.1060000000000003,1.842,1.716,2.3880000000000003,2.866,2.2660000000000005,4.066000000000001,446340.4,78.93636,97.52000000000001,-608.2278125059486,18246.1,200.82,1483.1399999999999,5724.339999999999
2019-07-31,2.4,21493.002185824946,255.1642,316.99580000000003,262.36,14344.439999999999,827.0106078792467,3009.9332110870973,2541.0052220818798,1247.8,16070.84,2.026,2.008,2.2159999999999997,3.568,4.582,58.96999999999999,3145.9508643356908,3786.146633992187,1419.7137850485574,103.98831799565653,103.38600000000001,103.3992,150662.8,3.6800000000000006,102.41534000000001,77.1436,3799.0200000000004,5.625440551710769,14652.6,15.348000000000003,4.074,2.242,3.7939999999999996,2.972,1.8039999999999998,1.6600000000000001,2.33,2.776,2.256,3.946,449134.8,78.73357999999999,98.44000000000001,-604.946249175719,18281.54,201.12,1489.1599999999999,5743.98
2019-08-31,2.3440000000000003,21587.845009900157,255.516,317.85959999999994,262.822,14401.559999999998,831.97956135655,3020.046195879674,2536.963538993382,1284.6,16107.3,1.8719999999999999,1.8399999999999999,2.034,3.41,4.388,58.302,3131.843626970701,3803.7447278475206,1425.8367170226409,104.1057126611702,103.50699999999999,103.55160000000001,150835.0,3.6399999999999997,102.40440000000001,77.14202,3822.44,5.6022075450372695,14737.34,16.402,4.090000000000001,2.242,3.626,2.8099999999999996,1.738,1.5740000000000003,2.238,2.604,2.25,3.85,451013.8,78.64704,96.72,-594.8804921747221,18320.359999999997,200.8,1497.06,5769.9
2019-09-30,2.268,21673.088787438042,255.7554,318.7124,263.30019999999996,14457.02,835.5628547518621,3023.8566621341424,2532.6371708677675,1292.4,16153.779999999999,1.7439999999999998,1.6940000000000002,1.8679999999999999,3.278,4.23,56.92,3111.2254591121878,3819.845598579075,1431.776939331729,104.21087611636142,103.5836,103.67460000000001,150986.2,3.6,102.44146,77.1291,3847.7400000000002,5.568293608159047,14829.52,17.026,4.148000000000001,2.254,3.4899999999999998,2.666,1.654,1.4740000000000002,2.138,2.448,2.258,3.7380000000000004,452093.2,78.5986,95.92,-578.5884458126781,18362.82,200.06,1505.2,5802.719999999999
2019-10-31,2.156,21753.582236950057,256.1272,319.47880000000004,263.8508,14505.66,838.9936713829175,3023.0115045622438,2530.4701393697733,1298.8,16211.580000000002,1.658,1.61,1.7779999999999998,3.146,4.088,55.54600000000001,3089.6002929562064,3835.2766725345514,1436.4699412892394,104.32078552682371,103.69059999999999,103.80799999999999,151149.8,3.6,102.2755,76.97391999999999,3875.66,5.545810654335722,14929.539999999999,15.928,4.0600000000000005,2.216,3.364,2.5620000000000003,1.614,1.4460000000000002,1.9939999999999998,2.322,2.254,3.696,452861.4,78.39734000000001,95.02000000000001,-559.1301454802775,18417.32,199.44,1514.22,5834.16
2019-11-30,1.9899999999999998,21836.587262672456,256.66040000000004,320.2112,264.4126,14563.14,844.4658094891327,3020.1725934450133,2532.078076196837,1320.8,16276.1,1.6300000000000001,1.582,1.734,3.074,3.9840000000000004,56.02,3073.0436257887472,3851.3891384354347,1439.394613721249,104.45283234049425,103.7962,103.904,151314.2,3.6,102.19688,76.88124,3896.8199999999997,5.5638253573760705,15025.14,15.436000000000002,4.05,2.17,3.3019999999999996,2.5140000000000002,1.598,1.4400000000000002,1.864,2.2640000000000002,2.202,3.686,454297.0,78.26762000000001,94.74,-540.9655396337856,18481.36,199.18,1520.48,5859.9800000000005
2019-12-31,1.8199999999999998,21902.162062133495,257.226,320.90520000000004,264.9606,14617.039999999999,852.4858520123191,3014.8126873979286,2530.8039543666264,1382.4,16321.8,1.568,1.552,1.714,3.018,3.904,56.525999999999996,3058.1276805475045,3869.636914490594,1441.7413128811165,104.60649198066861,103.931,104.01859999999999,151485.8,3.5800000000000005,102.18415999999999,76.926,3921.8599999999997,5.602078106208345,15115.36,14.968,3.9840000000000004,2.1399999999999997,3.2340000000000004,2.472,1.6,1.464,1.748,2.21,2.162,3.684,455103.4,78.19566,94.91999999999999,-527.3238836978827,18532.4,198.84,1528.28,5883.360000000001
2020-01-31,1.704,21892.58176665245,257.8,321.71459999999996,265.5248,14675.039999999999,860.5975658510549,3002.143030440263,2508.864092624501,1423.0,16388.0,1.534,1.538,1.716,3.01,3.8839999999999995,57.068000000000005,3028.1059138126375,3891.321608371759,1446.8957142250551,104.75513008708965,104.0904,104.1514,151663.8,3.5799999999999996,101.89532,76.82471999999999,3943.0799999999995,5.565585149020624,15209.7,14.939999999999998,3.964,2.114,3.178,2.4579999999999997,1.6199999999999999,1.514,1.6600000000000001,2.23,2.116,3.6700000000000004,455171.0,77.92184,96.92,-519.2422251735084,18611.98,198.85999999999999,1533.8600000000001,5905.34
2020-02-29,1.612,21738.81710470963,258.3632,322.5252,266.1276,14726.060000000001,864.071265502258,2975.42456417463,2445.857473230738,1468.2,16460.140000000003,1.3800000000000001,1.4060000000000001,1.6059999999999999,2.96,3.8239999999999994,55.786,2961.09963759704,3916.597295605824,1458.6245431530801,104.85751148288891,104.24980000000001,104.30639999999998,151854.0,3.5799999999999996,101.73765999999999,76.86746,3965.22,5.320221619316935,15293.7,19.714,4.172,2.15,3.0780000000000003,2.3739999999999997,1.596,1.5100000000000002,1.582,2.1919999999999997,2.0959999999999996,3.632,456005.2,77.76028,98.47999999999999,-515.242769236956,18702.22,198.51999999999998,1536.6,5924.4400000000005
2020-03-31,1.376,21413.316345702537,258.56219999999996,323.2498,266.5472,14567.86,859.9785996798186,2931.0470006678634,2331.847327006783,1453.6,16463.96,1.122,1.178,1.408,2.962,3.8980000000000006,50.836,2846.4507483704015,3944.4255448954996,1478.8229308620034,104.88871784807561,104.30519999999999,104.41399999999999,151742.0,3.7400000000000007,100.9413,76.33672,4021.8,4.766094690053071,15444.019999999999,27.778,5.096,2.5,3.3519999999999994,2.2979999999999996,1.4620000000000002,1.32,1.306,2.0460000000000003,2.338,3.5760000000000005,451171.4,77.12492,97.19999999999999,-514.6040918631239,18707.8,197.42000000000002,1560.94,5982.46
2020-04-30,1.076,20991.77375604901,258.2116,323.8138,266.5968,14077.8,850.467969747262,2875.1597304349843,2184.812344426457,1369.2,16922.52,0.8400000000000001,0.9259999999999999,1.1800000000000002,2.836,3.936,42.74,2703.156721458008,3971.393383310454,1504.6341381059035,104.86441085635151,104.26500000000001,104.4482,147493.0,5.98,97.44766,73.41,4183.719999999999,3.9384483529865,15784.420000000002,32.083999999999996,5.818,2.73,3.386,2.1639999999999997,1.3539999999999999,1.1640000000000001,1.02,1.844,2.606,3.4859999999999998,435237.6,74.44363999999999,92.2,-518.3449643916686,19131.840000000004,194.71999999999997,1628.32,6125.76
2020-05-31,0.776,20635.252433324407,257.6552,324.3948,266.485,13779.820000000002,843.2332358001256,2822.6438554211527,2045.5164478103711,1270.2,17204.7,0.556,0.648,0.9259999999999999,2.734,3.95,36.476,2576.400318508986,3992.9735186072626,1529.38809301224,104.8407089951498,104.1866,104.46520000000001,143742.6,7.9,94.26140000000001,71.01192,6627.0199999999995,2.998201691238663,16285.8,34.83,6.406000000000001,2.95,3.3560000000000003,1.964,1.23,0.9940000000000001,0.732,1.6600000000000001,2.8579999999999997,3.368,432532.2,72.01276,86.8,-530.8842854877807,19390.52,192.64,2588.2799999999997,6336.9800000000005
2020-06-30,0.48199999999999993,20483.857961919508,257.2748,324.81,266.31319999999994,13622.1,846.0434810852428,2788.366454394685,1953.703135988913,1205.4,17442.48,0.322,0.442,0.756,2.634,3.9240000000000004,32.634,2508.779655169627,4006.120049265548,1546.4945502917833,104.87593225591857,104.1348,104.47559999999999,140864.6,9.379999999999999,92.32886,69.67448,9141.920000000002,2.151883089581312,16830.28,37.147999999999996,6.888,3.1100000000000003,3.306,1.834,1.168,0.906,0.454,1.5139999999999998,3.038,3.2920000000000003,436010.4,70.55746,82.46,-555.0767478000636,19610.4,191.01999999999998,3570.8199999999997,6560.719999999999
2020-07-31,0.184,20604.951846324442,257.10720000000003,325.1658,266.3074,13516.98,864.1440880387278,2781.661854405849,1933.2799235082905,1202.6,17708.480000000003,0.172,0.30599999999999994,0.64,2.5060000000000002,3.864,30.668,2524.7930992437377,4010.3076912999286,1551.9592990546705,105.01138740492809,104.1328,104.52539999999999,138250.8,10.719999999999999,90.99524,68.81066000000001,11695.02,1.560960556163222,17405.26,34.018,6.9079999999999995,3.154,3.2159999999999997,1.702,1.1960000000000002,0.9199999999999999,0.172,1.3820000000000001,3.154,3.2,440753.4,69.57854,76.75999999999999,-591.5132500986599,19863.579999999998,190.27999999999997,4562.1,6786.0
2020-08-31,0.074,20944.25875181837,257.3504,325.6246,266.57180000000005,13644.060000000001,895.8558342169614,2801.645698390204,1980.5847362779846,1232.4,17902.14,0.154,0.288,0.644,2.352,3.66,33.294,2615.7966688410065,4007.310015753255,1546.4424556216297,105.23885389707507,104.25900000000001,104.654,136226.0,11.52,90.65992,68.89078,14229.26,1.2792614976561862,17896.46,28.592000000000002,6.1579999999999995,2.902,2.774,1.6059999999999999,1.3820000000000001,1.16,0.13200000000000003,1.3619999999999999,2.994,3.082,451362.8,69.38148,73.76,-635.2118582018913,20066.940000000002,190.52,5535.06,6965.5199999999995
2020-09-30,0.082,21366.756977639645,258.1154,326.1388,267.19259999999997,14129.4,934.3612303199509,2837.5553309075017,2066.473159215274,1338.8,17650.640000000003,0.13999999999999999,0.272,0.654,2.3280000000000003,3.5060000000000002,37.910000000000004,2745.406153070485,4002.13872703987,1535.742481317426,105.52015629616503,104.5094,104.8846,138505.8,10.12,92.90196,71.24928,16711.859999999997,1.2242413239652346,18227.58,27.036,5.714,2.806,2.5780000000000003,1.5619999999999998,1.494,1.316,0.126,1.392,2.836,3.016,474256.4,71.1727,75.47999999999999,-678.9327450516845,19865.74,192.52,6482.18,7069.68
2020-10-31,0.09,21723.74750090321,258.9956,326.5856,267.9564,14419.62,971.1943217439009,2875.3791119684183,2153.8483776615703,1436.8,17578.84,0.13600000000000004,0.288,0.7,2.298,3.404,40.077999999999996,2869.1641012607497,4001.680415687902,1528.212427251222,105.81359851719239,104.75619999999999,105.1058,140396.4,8.84,95.00492,73.19695999999999,16935.56,1.2572352368807973,18405.28,29.137999999999998,5.470000000000001,2.712,2.46,1.5939999999999999,1.6039999999999999,1.468,0.12,1.4300000000000002,2.71,2.9479999999999995,483452.2,72.87752,77.38,-715.315279891475,19842.0,194.1,6546.780000000001,7114.660000000001
2020-11-30,0.092,21959.630983705334,259.77380000000005,327.037,268.782,14549.359999999997,1001.886764861689,2906.7794280917433,2221.8633038727603,1496.6,17472.52,0.136,0.302,0.736,2.2700000000000005,3.336,40.604,2963.4863177611774,4011.5450095486294,1529.8588402662313,106.11038182220406,104.9558,105.3108,141417.6,7.9799999999999995,96.0606,74.2235,17140.999999999996,1.2825274317432445,18565.260000000002,27.166000000000004,5.048,2.584,2.354,1.578,1.69,1.5719999999999998,0.10600000000000001,1.456,2.614,2.866,486147.4,73.79984,77.14000000000001,-741.6224495002222,19779.9,195.51999999999998,6607.18,7156.2
2020-12-31,0.092,22097.90948700945,260.4932,327.4122,269.3754,14652.7,1025.8242419213634,2930.429511740622,2268.0086850658154,1519.0,17346.04,0.14,0.332,0.812,2.2939999999999996,3.306,41.866,3026.7405371662035,4033.638814119849,1542.1474109855367,106.42936264012894,105.189,105.508,142073.2,7.279999999999999,96.70063999999999,74.86464,17334.879999999997,1.272173567977011,18713.620000000003,26.824,4.788,2.5,2.2960000000000003,1.6059999999999999,1.7779999999999998,1.682,0.098,1.528,2.522,2.802,489230.8,74.42104,78.78,-758.7313432427816,19696.640000000003,197.01999999999998,6667.860000000001,7198.140000000001
2021-01-31,0.09,22223.662340522616,261.1236,327.7658,269.7818,14776.48,1045.538961565569,2950.911831263034,2304.8832185200768,1566.6,17723.379999999997,0.134,0.366,0.89,2.334,3.3,43.798,3075.8090567955733,4064.509240376848,1561.063266709654,106.80368978279526,105.4442,105.7156,142501.6,6.880000000000001,97.27745999999999,75.426,17564.9,1.2495995557479105,18905.28,28.160000000000004,4.5520000000000005,2.4,2.2520000000000002,1.6219999999999999,1.8439999999999999,1.786,0.094,1.6199999999999999,2.43,2.766,495120.8,75.00771999999999,79.76,-770.9256125133825,20129.98,199.12,6740.92,7254.1
2021-02-28,0.088,22386.529987801077,261.85,328.1952,270.1644,14835.12,1062.5959906691633,2971.834494006217,2341.760178142479,1555.4,17771.12,0.13600000000000004,0.45999999999999996,1.04,2.412,3.312,47.68,3123.29967719215,4097.1709033398,1580.271835222392,107.23750304795026,105.739,105.9374,142826.2,6.5600000000000005,97.20062,75.36376,17855.00584635242,1.2333931409870846,19179.312876388754,28.476000000000006,4.184,2.274,2.238,1.6920000000000002,1.948,1.964,0.08,1.7440000000000002,2.326,2.7800000000000002,496483.6,75.0966,79.04,-781.5397056077101,20231.8,202.14000000000001,6810.1,7307.860000000001
2021-03-31,0.084,22599.10373336472,262.7822,328.7076,270.60060000000004,15026.14,1077.5177491961256,2994.7919725425454,2382.026713975061,1580.4,18661.32,0.13999999999999999,0.5680000000000001,1.2120000000000002,2.55,3.372,52.266,3174.629846640274,4125.622535016687,1594.4209871095406,107.7309962490724,106.1274,106.23240000000001,143182.4,6.42,97.53407999999999,75.62840000000001,18384.818668550495,1.227647064162968,19747.067115253056,24.752000000000002,3.7920000000000003,2.158,2.258,1.7719999999999998,2.082,2.1540000000000004,0.06599999999999999,1.8980000000000001,2.222,2.852,508735.2,75.51114,79.66,-792.6037897275467,21174.46,205.84,6879.4800000000005,7362.24
2021-04-30,0.08,22831.78452196749,263.9536,329.4046,271.3402,15261.8,1090.1886607932204,3018.255657445688,2422.2588995853293,1568.2,18945.760000000002,0.14,0.668,1.374,2.67,3.432,56.422000000000004,3227.1522934792065,4145.918410497674,1600.4133168149879,108.25698968329195,106.62039999999999,106.64079999999998,143548.8,6.3,97.80984,75.80648,19317.461558745174,1.225473470957872,20813.198215308323,24.36,3.5819999999999994,2.092,2.318,1.8699999999999999,2.21,2.332,0.052000000000000005,2.034,2.13,2.904,522161.8,75.88575999999999,81.94,-804.8943578065167,21513.219999999998,209.76000000000005,6949.780000000001,7417.74
2021-05-31,0.074,23056.439948353633,265.24300000000005,330.2346,272.371,15479.439999999999,1100.9583676748248,3039.6179646561804,2458.012349452573,1562.6,19116.879999999997,0.14200000000000002,0.754,1.504,2.8099999999999996,3.524,60.052,3277.1023801915157,4158.094177370056,1598.2444732515428,108.79360079597586,107.12039999999999,107.0944,144054.0,6.119999999999999,98.0064,76.04034,20942.878936954072,1.2221974476224389,22735.96711944454,23.162,3.478,2.0540000000000003,2.382,1.956,2.2960000000000003,2.456,0.038,2.164,2.084,2.96,532113.0,76.20212000000001,82.38,-819.0910692645843,21738.120000000003,214.64000000000001,7026.160000000001,7481.9800000000005
2021-06-30,0.072,23260.753883793193,266.87219999999996,331.2864,273.8036,15691.679999999998,1110.5910693953092,3057.120961468808,2487.9746419962207,1562.4,18913.260000000002,0.17,0.8380000000000001,1.572,2.878,3.564,63.928,3322.8240329929345,4165.643089951251,1591.1084093786124,109.32625080719201,107.6424,107.572,144635.2,6.0200000000000005,98.17335999999999,76.13654,23532.403795041268,1.2172031133487393,25847.564335035877,19.71,3.318,1.9940000000000002,2.4059999999999997,1.996,2.334,2.508,0.03,2.232,2.036,3.018,539513.0,76.49434000000001,83.67999999999999,-834.8502901641256,21572.8,219.45999999999998,7078.160000000001,7522.660000000001
2021-07-31,0.07600000000000001,23458.554010693457,268.5544,332.5376,275.3634,15932.2,1120.2666441887254,3071.1808662083267,2516.132659436529,1601.0,19055.44,0.18,0.826,1.532,2.8520000000000003,3.528,66.618,3367.275328366879,4174.245515701683,1583.9258151700785,109.87033514294708,108.194,108.0962,145298.8,5.86,99.08528,76.97673999999999,27442.401767177205,1.2128297018005172,30582.29636725993,17.768,3.268,1.9600000000000002,2.368,1.956,2.384,2.5420000000000003,0.032,2.212,1.988,2.984,547436.4,77.36114,84.56000000000002,-851.1433102200048,21753.3,223.70999999999998,7121.340000000001,7555.1
2021-08-31,0.08,23662.674131280557,270.1302,333.7658,276.86980000000005,16061.8,1130.1216511879254,3083.1870376297684,2547.8507275525876,1586.4,18368.12,0.188,0.796,1.444,2.754,3.428,67.69800000000001,3413.517161004558,4186.981984201704,1580.417377727122,110.42259958652873,108.7288,108.59880000000001,145889.2,5.659999999999999,99.45494,77.30882,32980.3435224591,1.2108429232200437,37317.91073537427,17.184,3.2379999999999995,1.9420000000000002,2.306,1.8940000000000001,2.3760000000000003,2.53,0.036,2.1279999999999997,1.954,2.924,545671.8,77.80073999999999,81.64,-865.66678763381,21100.4,227.39299999999997,7163.3,7587.9
2021-09-30,0.08199999999999999,23884.075657709112,271.55719999999997,334.98679999999996,278.0788,16170.76,1140.2826949850473,3096.3040360599252,2587.164526458121,1600.6,18286.96,0.21200000000000002,0.82,1.418,2.6799999999999997,3.354,69.684,3465.719799158568,4204.219774361926,1581.651073033549,110.99210589050021,109.2156,109.01680000000002,146511.8,5.380000000000001,99.5877,77.48562,40394.06356798861,1.2113285342238553,46357.321896885405,18.09,3.2119999999999997,1.92,2.2920000000000003,1.8739999999999999,2.368,2.518,0.04,2.056,1.932,2.93,543933.0,78.04388,78.53999999999999,-878.5553872817333,21049.8,230.9486,7193.26,7609.9800000000005
2021-10-31,0.086,24122.53432801885,273.1536,336.30219999999997,279.30460000000005,16315.52,1150.8929110437687,3114.400845200554,2634.5754953978226,1596.6,18314.46,0.27999999999999997,0.898,1.4120000000000001,2.624,3.3,72.946,3527.5336930412327,4224.0826029183245,1586.477145877689,111.58951395989145,109.7358,109.4268,147216.2,5.12,99.8212,77.70724,50056.448296883915,1.213158421325522,58157.03076219295,17.99,3.174,1.86,2.31,1.8719999999999999,2.386,2.582,0.046,2.004,1.886,2.968,545978.6,78.35418,76.3,-892.9581820811061,21110.14,234.0616,7209.039999999999,7617.9
2021-11-30,0.08600000000000001,24360.548278468865,274.78060000000005,337.633,280.46619999999996,16442.14,1162.4239206129905,3139.8155378812526,2684.646172505217,1609.8,18353.7,0.33399999999999996,0.952,1.408,2.59,3.268,74.5,3599.160948561913,4244.257544183184,1592.5149761363068,112.22104462581896,110.2836,109.85140000000001,147891.2,4.76,100.14522000000001,78.04907999999999,62195.30896140086,1.2149823507425446,72995.45451887095,20.262,3.3,1.848,2.364,1.8960000000000001,2.4219999999999997,2.648,0.048,1.9599999999999997,1.846,2.984,548675.0,78.7209,72.68,-914.5147791224821,21182.82,236.939,7233.32,7634.56
2021-12-31,0.08199999999999999,24578.501034118948,276.5434,338.9196,281.78799999999995,16571.82,1175.1272932889606,3173.005196716166,2732.064182719018,1641.2,18360.02,0.442,1.066,1.464,2.606,3.28,74.34400000000001,3678.531959195043,4263.755938880215,1597.8283594138197,112.89487620786255,110.87559999999999,110.3166,148491.6,4.46,100.37082000000001,78.26183999999999,77203.55520950342,1.2161082942803607,91353.59134725148,20.058,3.2560000000000002,1.828,2.448,1.948,2.4539999999999997,2.71,0.05,1.9420000000000002,1.83,3.0460000000000003,552741.2,78.9933,70.56,-946.4679432521592,21222.1,238.8366,7255.420000000001,7649.32
2022-01-31,0.08,24762.729967968207,278.4636,340.28360000000004,283.35159999999996,16688.420000000002,1188.6135277627986,3211.8597467583963,2774.318378770377,1664.6,18303.8,0.638,1.236,1.5619999999999998,2.682,3.348,77.442,3761.001957109239,4283.183838703308,1601.2420449696278,113.61951856315875,111.4934,110.81960000000001,149049.2,4.24,100.6055,78.41882000000001,95396.6353675328,1.2166411496849503,113617.37364741796,21.728,3.34,1.826,2.6100000000000003,2.0759999999999996,2.476,2.778,0.06999999999999999,1.9780000000000002,1.802,3.182,558578.2,79.25402,69.94000000000001,-986.6839817185175,21239.6,241.4442,7261.44,7648.6
2022-02-28,0.08,24917.003438535605,280.5932,341.764,285.06699999999995,16808.579999999998,1201.4972458226748,3252.7438002033646,2814.592384941934,1700.4,18309.86,0.8699999999999999,1.3820000000000001,1.624,2.826,3.496,81.44,3841.1653461825213,4303.846605351679,1602.946682219585,114.38883122193963,112.17339999999999,111.37,149683.2,4.06,101.17556,78.85292000000001,116565.9499083788,1.2172821789464616,139530.81348632107,23.13,3.464,1.9240000000000002,2.82,2.21,2.5260000000000002,2.8979999999999997,0.124,2.04,1.8379999999999999,3.3579999999999997,564354.8,79.75854000000001,67.94,-1026.573566228088,21314.6,244.8406,7257.4,7636.92
2022-03-31,0.10400000000000001,25057.971510510542,282.817,343.26300000000003,286.55060000000003,16926.54,1211.8672202634825,3293.5817238205686,2859.1617210685345,1718.6,18311.9,1.23,1.6300000000000001,1.778,2.976,3.684,86.844,3914.889962582414,4327.499188616903,1603.8979273169766,115.2064269267465,112.901,111.9026,150244.0,3.88,101.63936,79.20991999999998,141481.03070876916,1.219054065111751,170036.0462828852,23.99,3.5200000000000005,1.9720000000000002,3.104,2.418,2.592,2.988,0.20400000000000001,2.1100000000000003,1.916,3.664,570433.8,80.15864,65.48,-1055.7289223359671,21376.420000000002,248.75039999999998,7245.360000000001,7617.719999999999
2022-04-30,0.154,25204.461224620976,284.81000000000006,344.8202,287.975,17040.32,1217.4599089737762,3332.5960343272427,2911.4253514174916,1743.4,18316.2,1.666,1.986,2.07,3.2039999999999997,3.96,91.37,3976.467854260315,4354.140534770849,1605.460760931289,116.03684624960283,113.55999999999999,112.39659999999999,150733.0,3.8,101.96616,79.41204,170317.4692933271,1.2228244699684283,205347.60534636295,25.232,3.5800000000000005,2.02,3.5120000000000005,2.7399999999999998,2.668,3.088,0.346,2.2840000000000003,1.954,4.064,576427.0,80.4287,65.03999999999999,-1065.0431043950502,21433.14,253.15500000000003,7227.220000000001,7592.76
2022-05-31,0.292,25363.277450605012,286.9202,346.527,289.34520000000003,17157.439999999995,1216.2341088196797,3369.1747303211705,2967.9050441414256,1700.0,18330.68,2.026,2.2960000000000003,2.336,3.5,4.324,98.93799999999999,4018.703944558338,4382.092943202011,1608.4265760095702,116.82430718154106,114.2012,112.8386,151166.0,3.7399999999999998,102.32038,79.5605,203512.28103895354,1.2290509023787088,246000.4457371345,27.026,3.804,2.086,3.908,3.0420000000000003,2.684,3.106,0.532,2.5279999999999996,2.0300000000000002,4.462000000000001,582653.8,80.69702,62.6,-1050.7993091940564,21493.98,259.5376,7191.0,7550.4
2022-06-30,0.518,25528.78836170439,289.4414,348.45300000000003,290.77739999999994,17289.72,1207.749639714583,3402.9573389029056,3019.7702336732877,1666.0,18421.72,2.374,2.574,2.574,3.7620000000000005,4.662000000000001,105.26199999999999,4037.8037651256623,4409.189442413637,1613.0849180116516,117.51741384803918,114.93440000000001,113.30340000000001,151632.8,3.66,102.64194,79.73780000000001,241044.72359362585,1.2375380589394556,291968.7138631196,27.802,4.252000000000001,2.162,4.316,3.314,2.662,3.058,0.8099999999999999,2.758,2.092,4.892,587060.8,80.91510000000001,59.160000000000004,-1018.0337193015579,21583.16,266.29720000000003,7136.18,7491.360000000001
2022-07-31,0.8379999999999999,25693.568764708434,291.52979999999997,350.43199999999996,292.131,17401.06,1192.6630778575848,3434.5550870277802,3057.428028596197,1596.0,18523.04,2.6639999999999997,2.772,2.742,3.9240000000000004,4.909999999999999,107.258,4034.6943378983697,4434.822285605042,1619.720185455267,118.10819488528682,115.5374,113.723,152065.2,3.6,102.88288,79.7748,284130.9303466419,1.2480114186741327,344741.41996161273,26.038,4.464,2.1659999999999995,4.578,3.4879999999999995,2.6439999999999997,2.982,1.2079999999999997,2.928,2.146,5.1739999999999995,589946.8,81.04477999999999,56.9,-977.2663351440639,21680.02,270.21999999999997,7082.460000000001,7439.5
2022-08-31,1.264,25847.72456091242,293.06100000000004,352.6,293.6366,17498.78,1172.3837786233678,3462.0126972733196,3073.194032903538,1564.4,18632.86,2.898,2.948,2.9080000000000004,4.0520000000000005,5.082,104.292,4012.397144554565,4459.055212435948,1628.8667898158599,118.58496613032824,116.02619999999999,114.1786,152447.4,3.6,102.98229999999998,79.69264,332559.23053166026,1.2600964439195033,404059.0511711721,27.1,4.784000000000001,2.2159999999999997,4.836,3.686,2.572,2.83,1.6619999999999997,3.072,2.164,5.35,590961.8,81.03774,56.660000000000004,-939.2030742076524,21782.780000000002,272.1264,7029.26,7393.42
2022-09-30,1.7100000000000002,25991.640669645476,294.5764,354.8774,295.1904,17597.48,1149.2910428500227,3485.0903201346364,3069.461323548737,1492.8,18747.48,3.2019999999999995,3.1759999999999997,3.096,4.218,5.288,100.788,3979.4098973619853,4483.559355932672,1640.8135120802167,118.98421167969681,116.53119999999998,114.6662,152826.2,3.56,103.10834,79.64524,386457.64737678727,1.273669734437004,470077.9399242986,26.744,5.076,2.254,5.138,3.9159999999999995,2.426,2.598,2.154,3.222,2.216,5.67,590312.4,81.0273,55.339999999999996,-909.9485489476104,21890.82,272.64399999999995,6965.3,7342.58
2022-10-31,2.1719999999999997,26130.75808801136,295.8772,357.26059999999995,296.6462,17703.54,1126.1040703281492,3504.738165305795,3055.1300206110027,1472.8,18871.739999999998,3.598,3.467999999999999,3.345999999999999,4.412,5.516,96.388,3945.9545964308318,4510.284352804479,1655.6031137244227,119.354519165715,117.0104,115.15240000000001,153220.0,3.56,103.204,79.63956,446318.8785541363,1.2889173584889075,543401.1691563975,26.682,5.1579999999999995,2.274,5.49,4.202,2.402,2.54,2.73,3.4159999999999995,2.228,6.066,591623.8,80.97106,55.64,-890.824580018927,22007.84,271.006,6898.44,7295.3
2022-11-30,2.686,26270.38607246256,296.6076,359.67060000000004,297.9102,17772.04,1105.356767245242,3524.0483154149833,3041.9100233327713,1448.4,18986.18,3.8899999999999997,3.63,3.4859999999999998,4.5440000000000005,5.676,90.29400000000001,3920.396627148927,4539.472980305995,1672.2964173576415,119.73248663451598,117.33220000000001,115.57639999999999,153581.4,3.56,103.26068000000001,79.56674000000001,512250.92403696803,1.305926478731045,624160.5740300369,25.056,4.894,2.242,5.613999999999999,4.3420000000000005,2.404,2.5060000000000002,3.286,3.566,2.2380000000000004,6.242,590613.6,80.86569999999999,56.98,-878.4866084276051,22113.239999999998,267.5872,6838.9,7260.94
2022-12-31,3.17,26411.04227911185,297.3746,362.211,299.1838,17849.48,1088.6458904101132,3546.075924237485,3036.5283308429666,1438.0,19082.420000000002,4.194,3.8879999999999995,3.728,4.618,5.752000000000001,85.25800000000001,3905.4116306173937,4569.527319152096,1689.413349429195,120.12560029042308,117.69959999999999,116.0432,153832.0,3.56,103.01590000000002,79.19096,584766.5047522417,1.3247719678692604,712983.734750555,25.124000000000002,4.89,2.168,5.826,4.58,2.3579999999999997,2.426,3.6980000000000004,3.678,2.17,6.465999999999999,589155.6,80.51034,58.64,-868.8832750028903,22193.6,264.7118,6769.12,7219.76
2023-01-31,3.5700000000000003,26547.718010932935,298.404,364.76959999999997,300.41179999999997,17956.96,1076.2180152035228,3572.8431903747414,3038.528590409025,1406.2,19255.98,4.346,3.9539999999999997,3.8019999999999996,4.683999999999999,5.822,82.148,3896.599407561306,4597.090209055967,1704.9536999712102,120.5124333405748,118.1238,116.5038,154130.4,3.5200000000000005,102.93136,79.05394,664181.0690262986,1.3453150564586005,810256.583718035,23.830000000000002,4.744,2.112,5.851999999999999,4.642,2.31,2.364,4.0920000000000005,3.7840000000000003,2.114,6.582000000000001,591657.4,80.26844,59.98,-858.0707798314228,22293.8,262.848,6685.280000000001,7168.280000000001
2023-02-28,3.972,26672.154554366825,299.43760000000003,367.3754,301.5798,18055.46,1067.30925281782,3603.1495939298898,3041.008199205235,1393.0,19435.66,4.4639999999999995,3.978,3.8200000000000003,4.678,5.802,80.662,3886.462687961749,4619.280128387388,1717.4432921565203,120.86116324547898,118.5382,116.9432,154435.2,3.54,102.7849,78.86841999999999,749200.695281137,1.3669045621204055,914393.8912318675,21.645999999999997,4.502,2.044,5.799999999999999,4.646,2.366,2.452,4.406000000000001,3.832,2.048,6.542,593533.4,79.97146000000001,61.64,-845.4545095766923,22399.18,261.0022,6599.360000000001,7117.6
2023-03-31,4.286,26782.39885306111,300.2138,369.8418,302.73199999999997,18128.96,1061.1746021861406,3634.7302238073507,3036.6454037237445,1373.4,19611.56,4.374,3.844,3.696,4.578,5.692,77.80799999999999,3868.844572819745,4635.625378050143,1726.6263034441076,121.15703391883707,118.8758,117.3816,154697.0,3.5200000000000005,102.65892,78.56696,841631.6864685742,1.3894019052276998,1027607.6352265738,20.21,4.492,2.01,5.638,4.516,2.3259999999999996,2.398,4.604000000000001,3.778,2.002,6.39,592486.8,79.68768,62.06,-832.199348398135,22502.32,259.4024,6504.2,7061.359999999999
2023-04-30,4.496,26884.03915751054,301.0906,372.2108,303.9814,18223.219999999998,1057.3267743741444,3663.5082651164266,3022.829011470113,1363.0,19797.739999999998,4.306,3.782,3.6480000000000006,4.491999999999999,5.5840000000000005,76.824,3843.4147215343264,4649.021051337001,1733.803057808807,121.40735978353798,119.2336,117.82659999999998,154962.8,3.4799999999999995,102.68258,78.48124,941531.3889947475,1.4121056284248157,1149967.6830913029,19.25,4.4879999999999995,1.996,5.586,4.4719999999999995,2.294,2.356,4.7540000000000004,3.714,1.98,6.359999999999999,593817.4,79.52006,63.46,-820.5861098819556,22610.0,258.1526,6397.360000000001,6997.039999999999
2023-05-31,4.688000000000001,26990.47873128038,302.00120000000004,374.43580000000003,305.226,18316.06,1056.3067525441024,3686.3613736814864,3005.016536969968,1411.6,19984.94,4.304,3.732,3.6,4.54,5.62,75.852,3816.3168339761787,4664.470767342599,1741.0277937559872,121.64020444148719,119.56799999999998,118.24980000000001,155262.0,3.5200000000000005,102.91344,78.66558,1049455.063355044,1.4342697013657457,1282153.6558065389,18.503999999999998,4.464,2.03,5.572,4.442,2.2700000000000005,2.304,4.944000000000001,3.754,2.026,6.39,596805.2,79.51736,63.3,-811.3008867541265,22722.86,257.3072,6300.4400000000005,6944.539999999999
2023-06-30,4.838,27112.242364184367,302.7306,376.4424,306.33320000000003,18367.219999999998,1058.489530119703,3702.663505343588,2991.758741852039,1422.4,20075.0,4.436,3.832,3.658,4.59,5.67,74.27799999999999,3795.472842591088,4685.750103285974,1749.9041997702438,121.88144578235793,119.80999999999999,118.5954,155512.8,3.56,102.84009999999998,78.46738,1164804.0675605254,1.4551737273781078,1423431.9665361254,17.342000000000002,4.414,2.026,5.676,4.516,2.266,2.286,5.09,3.7960000000000003,2.032,6.506,595707.2,79.28587999999999,63.160000000000004,-803.7147680605843,22802.079999999998,256.0338,6214.54,6901.1
2023-07-31,4.948,27257.06071201741,303.3544,378.28000000000003,307.2974,18427.0,1063.8010282787507,3714.7950789271245,2990.3076424106293,1436.2,20146.440000000002,4.45,3.832,3.668,4.61,5.7,74.126,3786.625409383225,4714.886840457829,1761.402485320577,122.15107032808514,120.0074,118.88519999999998,155743.0,3.54,102.89448,78.31674000000001,1290797.5999277302,1.4750109311988022,1577745.0858279592,15.928,4.328,2.0,5.662000000000001,4.51,2.254,2.224,5.23,3.8280000000000003,2.0319999999999996,6.5680000000000005,595992.8,79.16134000000001,64.08,-796.3183635753568,22869.68,255.067,6136.9800000000005,6863.26
2023-08-31,5.0840000000000005,27415.944838925723,304.243,379.99300000000005,308.20619999999997,18500.8,1071.2165864591757,3724.962081087081,3001.212140465779,1428.8,20212.22,4.608,3.9579999999999997,3.79,4.68,5.762,75.748,3790.3863396615066,4749.6032179963895,1774.788277167055,122.4304771688544,120.26200000000001,119.1192,155986.0,3.6,102.95063999999999,78.27454,1425847.3753757935,1.4931465447928765,1743147.1730060354,14.902000000000001,4.182,1.9440000000000002,5.74,4.62,2.238,2.174,5.369999999999999,3.9299999999999997,1.9920000000000002,6.74,598628.4,79.04956,65.56,-789.1746095935937,22937.0,255.1906,6073.2,6834.139999999999
2023-09-30,5.184,27575.47765904315,305.0942,381.7802,309.0272,18586.34,1079.4069421508439,3735.715362356133,3018.89103158,1427.8,20270.980000000003,4.806,4.176,4.0200000000000005,4.812,5.888,77.744,3802.151366122797,4785.8342449006495,1788.5791855055504,122.69746584456648,120.5368,119.35919999999999,156222.6,3.6800000000000006,102.96744000000001,78.1494,1569961.6058538263,1.5096140450461522,1919647.9784778492,15.25,4.082000000000001,1.884,5.916,4.824,2.272,2.178,5.468,4.088,1.934,6.9159999999999995,601297.4,78.92068,66.38000000000001,-783.2605257287162,23011.02,255.5958,6023.92,6812.9
2023-10-31,5.238,27720.853678624007,305.9274,383.42240000000004,309.77599999999995,18670.14,1087.4668408160146,3748.9038449685722,3035.5175985699498,1384.2,20314.66,4.94,4.392,4.268,5.0,6.06,80.556,3816.0082502124765,4819.12479004895,1800.972917486817,122.93330753071015,120.79459999999999,119.5654,156431.6,3.7,102.88687999999999,77.92519999999999,1723752.8003129377,1.5244044829670063,2107997.167203811,15.290000000000001,4.0280000000000005,1.8219999999999998,6.102,5.032,2.3200000000000003,2.244,5.526,4.306,1.86,7.162000000000001,603279.0,78.73188,67.34,-780.49068228126,23073.579999999998,255.90019999999998,5973.1,6784.719999999999
2023-11-30,5.287999999999999,27846.920528793602,306.73159999999996,385.0956,310.5968,18753.66,1095.6666883259572,3764.928227314599,3047.4847257443657,1403.2,20362.940000000002,4.912000000000001,4.427999999999999,4.38,5.126,6.168,82.04400000000001,3829.721554720557,4847.740330462264,1811.0876833097186,123.14746982759387,121.0096,119.752,156629.0,3.72,102.98805999999999,77.87177999999999,1887209.1474473928,1.5375322774769233,2308179.992321484,15.156,3.9859999999999998,1.78,6.119999999999999,5.08,2.322,2.2380000000000004,5.546,4.464,1.818,7.264,604884.8,78.69595999999999,66.75999999999999,-782.2367905988058,23137.6,255.69940000000003,5926.26,6759.24
2023-12-31,5.33,27956.456883216026,307.55440000000004,386.7214,311.44960000000003,18837.32,1104.7696182379061,3783.3146930389435,3055.3909750180005,1422.2,20416.8,4.782000000000001,4.36,4.362,5.142,6.148000000000001,81.21000000000001,3844.6324062088506,4872.18176920002,1818.9478429814044,123.36355076849506,121.22460000000001,119.94660000000002,156847.6,3.7600000000000002,102.8998,77.7641,2060963.1794631458,1.5488861437797237,2520970.6160612116,14.920000000000002,3.906,1.748,6.037999999999999,5.034,2.2800000000000002,2.208,5.536,4.5,1.7740000000000002,7.223999999999999,606690.4,78.52704,66.4,-789.2413997392214,23202.64,254.9056,5886.24,6738.38
2024-01-31,5.33,28059.482257613425,308.254,388.5748,312.40600000000006,18912.6,1115.4805106891604,3802.804861001525,3063.0478724443424,1436.4,20477.379999999997,4.6659999999999995,4.296,4.342,5.1259999999999994,6.08,79.76200000000001,3864.226591072573,4894.836341998705,1825.4968398473393,123.61067325436775,121.45720000000001,120.2394,157075.4,3.7399999999999998,102.57737999999999,77.44534,2245330.344686539,1.5584531870783551,2746754.9708230766,15.075999999999999,3.854,1.7040000000000002,5.926,4.973999999999999,2.284,2.226,5.514,4.4959999999999996,1.7280000000000002,7.126,606317.8,78.19048000000001,68.32000000000001,-801.1787148995417,23295.739999999998,253.6308,5853.6,6722.18
2024-02-29,5.33,28163.177500831887,309.0072,390.326,313.39019999999994,18981.5,1127.2003046217044,3822.433236377451,3072.7061904419816,1473.0,20534.2,4.587999999999999,4.228,4.273999999999999,5.106,6.002,77.326,3889.621674769285,4917.165084161345,1831.6574808973485,123.89306876244473,121.6772,120.51580000000001,157301.2,3.7600000000000002,102.46110000000002,77.31892,2438812.943234636,1.5663920841405388,2983698.7563658003,14.252,3.7060000000000004,1.6580000000000001,5.794,4.888,2.2800000000000002,2.262,5.49,4.478,1.684,7.052,606000.4,78.01898,70.14,-816.9154933316279,23385.760000000002,252.82920000000004,5825.04,6708.039999999999
2024-03-31,5.33,28272.379611631477,309.947,392.1454,314.4518,19068.879999999997,1138.0532404201736,3842.200099310674,3084.5158439481374,1459.8,20609.379999999997,4.491999999999999,4.106,4.138,4.986,5.825999999999999,76.45400000000001,3919.939342584802,4939.5513705182775,1838.2522117176177,124.1942582920914,121.97179999999999,120.8386,157556.0,3.7600000000000002,102.4455,77.33546,2643450.9173853965,1.573000637835745,3234299.61442117,13.225999999999999,3.4519999999999995,1.5879999999999999,5.574,4.736,2.2600000000000002,2.258,5.464,4.36,1.6260000000000001,6.85,606693.2,77.93104000000001,73.25999999999999,-835.4234993595368,23497.199999999997,252.8098,5802.219999999999,6697.1
2024-04-30,5.33,28387.65952855789,310.9836,393.9194,315.50640000000004,19148.82,1144.9308153346306,3862.5227853025453,3096.4327118916517,1433.2,20683.04,4.553999999999999,4.188000000000001,4.202,4.986,5.767999999999999,77.98600000000002,3951.431229461813,4961.12289416159,1845.8992398804592,124.47205465433694,122.3344,121.20360000000001,157796.0,3.8,102.36724000000001,77.19962000000001,2859182.8020714135,1.578768817313466,3498482.0516188284,13.772,3.3200000000000003,1.542,5.5840000000000005,4.796,2.2960000000000003,2.314,5.448,4.36,1.56,6.840000000000001,607177.8,77.80008000000001,76.44000000000001,-854.9985097355332,23608.760000000002,253.63540000000003,5780.960000000001,6684.959999999999
2024-05-31,5.33,28509.31603843713,311.88019999999995,395.697,316.4926,19223.36,1144.2023057305723,3883.9739220533593,3106.0016004994545,1382.6,20759.6,4.7,4.348000000000001,4.351999999999999,5.088,5.83,79.61,3979.9324284600857,4980.718388416198,1855.2583282873907,124.67796335109514,122.674,121.56299999999999,158021.2,3.8600000000000003,102.49574,77.2058,3086686.7262609657,1.5841611571982308,3777076.0131979026,14.36,3.284,1.5059999999999998,5.696,4.926,2.34,2.368,5.452,4.456,1.53,7.416207415616728,607433.8,77.82886,76.32,-873.9308373836282,23726.04,254.7158,5764.92,6678.4800000000005
