Date,FEDFUNDS,GDP,CPIAUCSL,CUSR0000SAH1,CPILFESL,PCE,PRFI,PNFI,EXPGS,HOUST,DSPI,DGS2,DGS5,DGS10,AAA,BAA,WTISPLC,IMPGS,GCE,FGCE,GDPCTPI,PCEPI,PCEPILFE,PAYEMS,UNRATE,INDPRO,CUMFNS,M1,M1V,M2,VIXCLS,BAMLH0A0HYM2,BAA10Y,BAMLC0A4CBBBEY,BAMLC0A1CAAAEY,T10YIE,T5YIE,DGS3MO,DGS30,BAA10YM,MORTGAGE30US,RSXFS,TCU,UMCSENT,NETEXP,PI,PPIACO,M1REAL,M2REAL
2003-06-30,-0.0031897926634768536,0.00543702424912218,0.0005457323728441654,0.0010389119758218435,0.0006231823847113738,0.0041673028626185715,0.011973185653310514,0.007467872507194606,0.0038458458906411863,0.0016275284817484081,0.0037986430669956217,-0.052631578947368474,-0.04105571847507339,-0.024468085106382986,-0.04142216085605799,-0.03353570396068217,-0.013984251968503947,0.001772779222788623,0.003705052813206988,0.009189667961768233,0.0014361202744812562,0.0009985834049370812,0.001218464581681511,-0.0005954326631646412,0.01683501683501687,-0.0013590357604954528,-0.00040589950665737007,0.009021032996719747,-0.0028381941284423284,0.0064700771707466576,-0.0891831891602235,-0.05741626794258359,-0.023302263648468657,-0.042920029347028654,-0.03301650825412705,-0.019144144144144448,-0.0052631578947368585,-0.04332755632582308,-0.020733652312599715,-0.02875816993464053,-0.02299651567944261,0.0023754555269854816,-0.000979858666009359,0.01746411483253607,-0.0022281430684890635,0.0035381626826640478,0.003926701570680535,0.008096808385349208,0.005977972606158843
2003-07-31,-0.040000000000000036,0.006553881235481507,0.00010908694229305738,0.0015095763751296065,0.0009341914054390443,0.005463435095492075,0.017048463380217038,0.006786114034239565,0.0067615420051634345,0.031104921077065972,0.006648815140904096,0.03750000000000009,0.05275229357798161,0.04252998909487449,-0.016564638098667595,-0.013161830690995968,-0.03264549926531657,0.004012300470058294,0.003478150559204307,0.00580873061890852,0.0016936768349640197,0.0007475459869670242,0.001443574565591188,-0.00039770345449219313,0.009933774834437026,-0.0005811264417380224,0.0004985612790946448,0.0076017147683629105,-0.0013350961815727924,0.006794085388146298,-0.08522440746343918,-0.07642413987591667,-0.042944785276073594,-0.003832886163281035,0.019658561821003673,0.016073478760046056,0.0,-0.048913043478260865,0.004478827361563464,-0.03499327052489909,0.005349500713266897,0.00760799513160193,-0.0002226854384590471,0.025864095932283115,-0.001325456893971677,0.0041702147639262055,0.00014486455164397505,0.007739712024299905,0.006711617549453264
2003-08-31,-0.036666666666666514,0.007014425823985926,0.0006544502617802372,0.0019783325482805036,0.0011407238411282883,0.006273319618594675,0.019442009066218402,0.0064312400398705005,0.009987066399389732,0.012044124268347556,0.0077731302374051126,0.058902275769745494,0.04938271604938249,0.032426778242678145,-0.00036616623947272053,0.0018187329493783988,-0.012944128912957154,0.006297297314103334,0.0034763462159834724,0.004562536705208231,0.0018327471783645688,0.0009118400107153146,0.0013474279380283338,-0.00012135549479252994,0.006557377049180246,-0.0004572745027884295,-0.0005910348152039502,0.009268338974472545,0.0004200323806349271,0.008099902155602967,-0.0966556413083427,-0.06900763358778628,-0.04131054131054135,-0.006156213928434018,0.014205986808726534,0.04067796610169494,0.04497354497354511,-0.034285714285714475,0.017024726388326084,-0.04044630404463023,0.014544164597375175,0.007536436012352432,-0.00013422230066550966,0.026816410726564266,-0.0009244984904315245,0.004356928046927333,-0.004634994206257126,0.008346858335265273,0.007356973412612655
2003-09-30,-0.04325259515570934,0.006959017298950876,0.002071070416394205,0.002256487401278706,0.0012430080795524656,0.005679712905022782,0.019550647202645433,0.006122275539644173,0.012846660996878478,0.03292181069958855,0.005328630350764252,-0.0012642225031606058,0.0,0.0035460992907800915,-0.000732600732600619,-0.0018154311649016819,0.0002676301351529631,0.008426931853426911,0.003708703407643954,0.005065953224987707,0.0018974904150608207,0.0018786350301096544,0.0014040094243816803,0.0001167612278978325,0.0032573289902280145,0.002098289920197338,0.0026132134794394357,0.007318372719864685,0.001926278385361746,0.00610699753185262,0.015358014646053908,-0.030501803870121358,-0.01411589895988119,-0.014324428958575108,-0.008004002001000488,0.030401737242128135,0.051898734177215244,-0.03747534516765272,0.005978477481068056,-0.026889534883721034,0.006643356643356579,0.006807631507544043,0.0023716670480713464,0.003794642857143149,-0.0003182045494489749,0.004784526996286287,0.002473806752037344,0.005317314325132383,0.0037250212552526474
2003-10-31,-0.04520795660036192,0.006523073972938498,0.0021755683672359805,0.0019699812382738546,0.0011380095178978866,0.005593529952824916,0.01806600745524234,0.005243332193462624,0.014936928407976113,0.023258318079035112,0.00486827705733428,0.06582278481012649,0.06712802768166082,0.048460373548712576,0.017595307917888547,0.010609275538042251,0.014648829431438193,0.010491073498742454,0.004086131873784815,0.006359732289965558,0.001934532192220395,0.0021294084405742986,0.0014857070418961005,0.0003732850776603236,-0.0032467532467531646,0.002433262560459948,0.0027914723860149593,0.004324896155820435,0.002897131650383633,0.0035405153637813047,-0.03375738755885005,-0.06968876860622464,-0.0369253956292388,0.01531814611154747,0.025214321734745138,0.08429926238145402,0.096269554753309,-0.030737704918032738,0.021394611727416857,-0.02763256161314409,0.021882598124348895,0.005420705160362083,0.002657363784402289,-0.005559261730042397,0.001578251824819743,0.004338431341164961,0.0037741326752795956,0.0023443977470907207,0.0012919109312727883
2003-11-30,-0.04166666666666652,0.005875668828723368,0.002062303267122756,0.0023406048122835976,0.0010333781130515973,0.0057135829545629235,0.0157374364565801,0.0035162318573060958,0.015714470149159165,0.02272966431653156,0.005583197590040445,0.0878859857482186,0.05966277561608302,0.03851709195955699,0.02449567723342927,0.014097180563887202,0.0024391851803018394,0.01231307713800911,0.004485063853044258,0.007502214612695957,0.0019790394628320662,0.0021633315305569223,0.0016455237955397273,0.00044531801848846087,-0.01628664495113996,0.0035302005814759063,0.0036371328600384167,0.0035782331892744157,0.0030051465603788685,0.002447814639979562,-0.03317437279701452,-0.06000000000000005,-0.03755868544600938,0.014313346228239876,0.025086079685194385,0.06511175898930999,0.06256860592755231,0.002114164904862381,0.024437548487199257,-0.03840245775729645,0.02209381373215491,0.005755670267541646,0.0037117639279229397,0.008944543828264928,0.005403133951053629,0.00488376677025526,0.0013015184381777178,0.0007416070053340995,0.00035907735378248873
2003-12-31,-0.005928853754940677,0.005198843030572942,0.001949740034661973,0.002148328040351144,0.0008258490760812975,0.004927037052133931,0.013471378164128245,0.0014393745577203632,0.015433959160606747,0.01646259903282221,0.0032188342474666065,0.004366812227074135,-0.00795593635250913,-0.010199350950394148,0.004571026722925531,-0.0005915409642118785,0.00914112850190718,0.014039036035384145,0.004837974071598472,0.008028425070722545,0.0020641673855612552,0.002017990552019011,0.001395133712951413,0.0006293073014995709,-0.01655629139072856,0.0025970159382742164,0.002848619887216408,0.002731987405075076,0.0024080104451624784,0.001011665458380051,-0.012652798627492912,-0.05764023210831726,-0.019512195121951237,-0.022883295194508046,-0.017274472168906208,0.017335766423357546,0.02892561983471098,-0.002109704641350074,0.0030291556228700944,-0.024760383386581597,-0.002993016295310902,0.0030851479096674073,0.002756042677927395,0.003767730496453847,0.011176178698979022,0.004624229208184172,0.0025996533795495935,0.0009405728943991942,-0.0011316002409212933
2004-01-31,-0.005964214711729587,0.00473165577995549,0.0019459459459458817,0.0021437226209339855,0.001031459515213884,0.0039294025787020015,0.012335199389713392,1.872395247692893e-05,0.014466492697914113,0.007895535985423585,0.0018440225637939012,-0.01195652173913031,-0.01789019123997526,-0.013583138173302034,-0.011900595029751604,-0.016868896123113375,0.017464972303681936,0.01563943965521153,0.00505393893296846,0.00760341301374079,0.002209586599043245,0.0021185791736009207,0.0016834379487800089,0.0009402994232421413,-0.013468013468013518,0.0033484009556752348,0.0036284022805721516,0.0009235742322788454,0.0014136186329996026,-0.0009579710765158511,-0.021720243266724726,-0.05788177339901457,-0.022388059701492602,-0.0261514441842311,-0.017578125,0.013452914798206317,0.017068273092369246,-0.014799154334038,-0.012080030200075531,-0.02211302211302202,-0.021347565043362215,0.0006844424357199674,0.0034982161474899076,0.032015897549127814,0.018056882689847065,0.004008881854305146,0.004897723998847692,-0.0004840822370293374,-0.0027773886455966235
2004-02-29,0.0,0.0045400686789522915,0.0017263703064307467,0.0016741071428569843,0.001236476043276813,0.004714503600901088,0.012561132070657344,0.00022491370673916045,0.01337483930840988,-0.009340162699608356,0.0042847794367582015,0.017601760176017667,0.010050251256281229,0.0014245014245017895,-0.007793127878143902,-0.015653220951234115,0.04131172740664857,0.016885680762065647,0.0051001912848869235,0.0066150262159874185,0.002372790488063714,0.0019205200177279114,0.0017284821608545275,0.0008735190404163262,-0.017064846416382173,0.0033026247553662458,0.003527940794272766,0.003767781622453059,0.0005547597397155268,0.0009984315069395677,-0.0906971580817052,-0.0509803921568629,-0.030534351145037997,-0.00921843687374757,0.0004970178926442248,0.032743362831858525,0.0513326752221126,-0.0042918454935623185,-0.007642338555598038,-0.027638190954773822,-0.013633265167007691,0.0032481564078938874,0.003456604488743631,0.014334617030380636,0.024095917632000585,0.003783921334158169,0.0051605504587155515,0.001994245178199794,-0.00036035595839423173
2004-03-31,-0.0020000000000000018,0.004632522546111462,0.0023696682464453556,0.002135561745589598,0.0015436863229392195,0.005815838483559155,0.013814443271941368,0.0022056402365491223,0.01236866285173055,0.0031427412814273303,0.004621080600671457,-0.027027027027027084,-0.029228855721393,-0.02228544333807503,-0.013209568011424255,-0.018960244648318247,0.039549760118095634,0.017705936899004016,0.005102472866771679,0.005652208743487153,0.0025435987153505923,0.0022015680452311948,0.0016953159978467802,0.0010718064378818504,-0.006944444444444309,0.002238244768409281,0.003237659484141231,0.004994637658955137,9.327281922622e-05,0.002666412095635451,0.007813453790746161,-0.014692378328741929,-0.006124234470691103,-0.02346278317152095,-0.021857923497267673,-0.001713796058269268,0.021596244131455222,0.0021551724137931494,-0.015402387370042403,-0.013781223083548677,-0.018659295093296446,0.008230739745375582,0.0023981611676378023,0.013077409829149955,0.02855230808870135,0.004027288278818597,0.00541928123217339,0.0023598987802451177,0.0004704645990665224
2004-04-30,0.0,0.004872726706730779,0.0025789813023857633,0.002501621421291622,0.0019523222359227876,0.00461277433638263,0.015018879426768939,0.005324049126005814,0.011221293408519184,-0.008084891359272373,0.004219370601002526,0.0277777777777779,0.01601537475976933,0.009214354995150442,0.0028943560057888007,-0.006234413965087282,0.03313413407490673,0.01737070180628808,0.005080764161202067,0.00523976770746204,0.0026275050677651013,0.0023184905966688873,0.0019435516271595343,0.0014178582845290055,-0.0069930069930072,0.0016647087798455917,0.002182161249644654,0.0038112080004877313,0.00020706052118124596,0.0038346755792231235,0.010539067231980503,-0.02656104380242308,-0.02464788732394363,0.0024855012427504874,0.008125952260030544,0.009442060085836923,0.02941176470588247,0.0021505376344086446,0.001173249902229223,-0.02183406113537134,0.004225352112676051,0.0033196287493830745,0.0018362447539563842,0.0010410160316467465,0.029670859033168462,0.0036457392475326422,0.008368794326241158,0.002552901798377638,0.0014107300986287985
2004-05-31,0.004008016032064132,0.00512329092994257,0.002893890675241151,0.0027726432532346745,0.00205107168495533,0.0056238325137609735,0.015242743473809162,0.008455503742583081,0.009394623230135624,-0.007743250127356105,0.005276587198342231,0.07567567567567557,0.035308953341740335,0.01874098990869766,0.015151515151515138,0.004705144291091701,0.04656090716453809,0.015610250884805943,0.0050742455814947185,0.005442149423941389,0.0025912926650497603,0.002528243440233391,0.0019673495165581922,0.0016785545186563944,-0.0035211267605632646,0.003049270577661023,0.0037721473681535667,0.004920572244327737,0.0006479045207936629,0.006423401590151645,-0.03368496763366102,0.00478697941598849,-0.02797833935018068,0.02148760330578514,0.026700251889168802,0.03316326530612246,0.046428571428571486,0.027896995708154293,0.01171875,-0.02678571428571408,0.016479663394109556,0.007564242743943295,0.0032299489609677323,-0.004991680532445919,0.027820283475197494,0.004843328151844739,0.010268673512449089,0.0011883205070168934,0.0036468751524616483
2004-06-30,0.0059880239520957446,0.005252465948702989,0.0027786683766164444,0.0027649769585254003,0.002046873400880056,0.003722483304476887,0.014173607110402608,0.010445047129412632,0.007246481528125681,-0.00852243556833343,0.005294296598664205,0.08643216080402016,0.03897685749086488,0.02169811320754711,0.016702203269367333,0.010615048392132564,0.020520958739192574,0.01315579902154651,0.0050365386186526084,0.005843017684946439,0.0024540121608229715,0.002327489365999025,0.0017708898721606747,0.0015598578287938647,-0.0035335689045937757,0.0011595213113468894,0.0025331825819367992,0.005878797037932371,0.0010659809391171393,0.006489644840618647,-0.028408386056320678,0.0023820867079562547,-0.009285051067781103,0.02629449838187692,0.0304219823356231,0.01728395061728416,0.023037542662115884,0.08141962421711924,0.013513513513513598,-0.022018348623853434,0.019661952397378446,0.0036831684844960133,0.001338753926264813,-0.017140468227424766,0.024556333947625575,0.005223005650453638,0.008075744917850125,0.0027694568473408676,0.003548555664928621
2004-07-31,0.04960317460317465,0.00536292048027831,0.002557817329212453,0.003216911764706065,0.00194055765498935,0.00484222717807814,0.012389026655301727,0.01103658237518057,0.005631868482915747,0.016155758077879057,0.00512865679326846,0.09435707678075866,0.041031652989449,0.023545706371191244,0.011184900384481056,0.010812480691998472,0.03190519598906105,0.011417062765429309,0.005068883874915997,0.00610035327220948,0.002342363684071591,0.0020853429104639165,0.001682866966120411,0.001565040526633199,-0.0035460992907802025,0.0014000123929174269,0.0027046167104851637,0.0027794888745324986,0.00120963137306207,0.0055986413447071115,0.009831460674157633,-0.01520912547528519,-0.010309278350515205,0.026014978320851423,0.03142857142857114,0.008899676375404342,0.002502085070892557,0.08108108108108114,0.00876190476190497,-0.0065666041275795894,0.01691474966170503,0.004517468811468417,0.001565320299198314,0.004891535516801548,0.02238990163686494,0.005418605498791251,0.007320441988950099,0.000338180588434156,0.002930527131595362
2004-08-31,0.08128544423440442,0.005377311912954319,0.002232380142447088,0.00238204306000922,0.0014271151885831834,0.004237683007577653,0.010356766811078222,0.010570390477177005,0.005173795871151521,0.002649816551161699,0.004720531503537684,0.06846999154691469,0.0298423423423424,0.012178619756427533,0.011061182163843775,0.010696821515892463,0.04250675535231774,0.010919666315596155,0.004964217069777899,0.005650229728899836,0.0022539443767986,0.0018774268947054917,0.001423297713500915,0.0012114671368639307,-0.0142348754448397,0.002348998984385231,0.0035806870626953202,0.00394042910224135,0.0010902114891933046,0.005223918934538885,-0.018333544063724894,-0.016891891891891997,-0.009469696969697239,0.015366884364194977,0.02216066481994461,-0.002405773857257154,-0.0016638935108153063,0.09821428571428559,0.009441087613292876,-0.009442870632672351,0.0139720558882237,0.0012121178189719028,0.0024805199206723305,0.0002116402116403293,0.02163941098652944,0.005284675649003923,0.006718771424653935,0.0015776425512734615,0.0029159271199332704
2004-09-30,0.10664335664335667,0.0054545978627700276,0.002545608824777279,0.0023763824147700063,0.0016286644951140072,0.005721639666127931,0.009102150277788823,0.00984596232499868,0.006075211530767177,-0.00996137426306154,0.004150472518773096,0.025316455696202445,-0.013668671405139499,-0.017379679144385096,-0.009230769230769154,-0.005745388569700527,0.046156913567939384,0.011646130346913974,0.004834454652381082,0.004838015297464526,0.002258345747944368,0.001901503140741445,0.0012793962444495044,0.0010232632990070378,-0.0072202166064981865,0.0017996868767757856,0.002798279936223169,0.004954706224722827,0.0010080474070501833,0.005123307535797705,-0.0495878413189077,-0.003927344133529687,0.005736137667304186,-0.00832387438516824,-0.0072267389340560095,-0.004019292604501734,-0.0008333333333330195,0.11707317073170742,-0.01122334455667795,0.0028598665395616063,-0.009514435695538226,0.007120609295446112,0.0018724985010536432,0.0,0.021871858455169813,0.00490229468260317,0.003949877417597447,0.0018845634563455782,0.00237772761474786
2004-10-31,0.12006319115323838,0.005674801076336777,0.002750740584003486,0.0020060180541625616,0.0017276422764227473,0.0053564361003395344,0.009012580001909853,0.009331108350465023,0.008013624217446003,0.00934291581108826,0.003425130391017106,0.0015432098765431057,-0.028270509977826874,-0.02766439909297025,-0.019668737060041352,-0.01642335766423353,0.0612254621688586,0.01286554134351059,0.0047472418768368385,0.0041142621542584745,0.0023579627016629967,0.0021132226645632635,0.0014393461043189504,0.0011253490174427672,-0.003636363636363771,0.0021075595701178784,0.0030391737451676004,0.004217466846849316,0.0013021718392827175,0.0032350015730115977,0.010435018295162024,-0.032035485460818136,0.00570342205323171,-0.020602823349866406,-0.021383075523202733,-0.01937046004842613,-0.005004170141785003,0.10917030567685582,-0.02156640181611791,0.0076045627376426506,-0.022524014574362483,0.004763249892596244,0.002098054052948495,0.0031739314430807575,0.021633558455204982,0.004172639209252038,0.00434133767467082,0.001572194615233613,0.000582512611097874
2004-11-30,0.12693935119887167,0.0059864792798700606,0.002954209748892156,0.0018200018200016377,0.001724662676270583,0.0069291650464806676,0.009738651954847466,0.008998037441165785,0.009789096047349233,-0.0046790763910080635,0.002849711033974911,0.024653312788905923,-0.00513405590416427,-0.012126865671641895,-0.017247448081661565,-0.01793444650587528,0.04687289543393325,0.013106579818036312,0.004786143188220793,0.004167972736070613,0.0024829000024140235,0.002316145055142993,0.0015539475480643716,0.0010907553935581848,-0.007299270072992581,0.004134513020385144,0.0041418360528426845,0.004037087973027154,0.0021636555466537644,0.004060804368690496,-0.01475321888412029,-0.04735234215885953,-0.013232514177693555,-0.01090767432800932,-0.008368200836819994,0.007407407407407085,0.027661357921207053,0.1076115485564304,-0.020494972931167754,-0.0037735849056603765,-0.017960013554727094,0.008319483644934067,0.00402048303450564,-0.0059059270196160085,0.01902150408013248,0.0036351435593831027,0.005673375658516777,0.0016818500350386234,0.0011343380327337726
2004-12-31,0.11264080100125162,0.006249431217255408,0.0027351146644225555,0.0018166954310110395,0.0018229694146241204,0.006416160569514995,0.010733840877556577,0.008690610798897325,0.01088053445038728,0.004087889626980035,0.009711058390283744,0.03007518796992481,-0.004587155963302836,-0.01227573182247399,-0.012535816618911122,-0.014798488664987342,0.011322211262169146,0.012002120360005364,0.004892783377922427,0.00492389404836846,0.0025769103437676133,0.0022335172162795125,0.0015738429775622453,0.0011849040500111485,-0.003676470588235392,0.004234226533352148,0.003698455159240055,0.00518439967008355,0.003453649023247962,0.0043850932068913995,-0.027634086577729366,-0.049171566007482514,-0.02298850574712641,-0.01024025206774326,-0.009376465072667872,0.005718954248366215,0.018760195758564358,0.1018957345971565,-0.01579155151993683,-0.018939393939393923,-0.009316770186335588,0.008498146917580662,0.003996506836036362,0.0008487163165711298,0.013983474752334413,0.009649374412739276,0.003760913364674101,0.0024625717084090226,0.0014867570710885847
2005-01-31,0.0956130483689539,0.006266771037949814,0.0025178346621903547,0.0019040710853204246,0.0021229276182772594,0.005388580784621455,0.011459435487658709,0.008327449649908392,0.011010281326618854,0.012213740458015376,0.0015189240844810659,0.06423357664233564,0.021889400921658808,0.00047801147227533036,-0.010518679724338065,-0.014062000639181838,0.008057334294559126,0.009775069637300016,0.004941205621084244,0.005928581665525456,0.002589259949121958,0.0023902083535420893,0.002217240031080925,0.001274191500552968,-0.0036900369003689537,0.004760756325883575,0.0038194396092212646,0.0008644941976321263,0.00478878644011993,0.0031252650193325238,-0.03457930841383172,-0.04328274311410907,-0.04313725490196085,0.004775169120573075,0.009465215333648969,0.011372867587327251,0.024819855884707476,0.09354838709677393,-0.015242679502607381,-0.03667953667953672,-0.005572971090212375,0.00594714479310654,0.0043877941477181714,-0.0008479966080137125,0.007599038136408387,0.0033071905925317058,0.0038806369597217394,-0.000642045613153619,0.0010595376345372554
2005-02-28,0.09137577002053376,0.00589929789523258,0.002720803683549766,0.0019004524886876428,0.0019166750731363091,0.005158207143737714,0.011635778568768185,0.007872082227442068,0.010643608634554491,0.030367018602312834,0.001639175641280799,0.06584362139917688,0.03494926719278468,0.010511227902532339,-0.009530791788856408,-0.014586709886547755,0.008497749358461926,0.007683382566191499,0.00474364525732196,0.006259224811777653,0.0025106912192192077,0.002550754556868373,0.002172828776154212,0.0014340943090609404,0.0,0.005975643499633421,0.005271277203826363,0.0013907798615078182,0.005593647922012446,0.002799278575185804,-0.018271461716937387,-0.05875440658049358,-0.05327868852459006,0.012277227722772288,0.01828410689170168,0.023293172690763253,0.038281250000000044,0.08849557522123908,-0.017107942973523582,-0.049098196392785676,-0.0010507880910682887,0.005009149903098642,0.005452088993170179,-0.00021217907914272693,0.0024513013837452746,0.0033626835855347093,0.005198613703012445,-0.001480446927374257,1.7939257673349474e-05
2005-03-31,0.08184383819379115,0.005381589059495928,0.002400333959507339,0.0027097823141539745,0.002215062424486325,0.004747328006640794,0.011760521867123508,0.007623916305413481,0.010284237205434588,-0.02029862398750859,0.0020407003928459844,0.07979407979407993,0.04793028322440107,0.02127659574468077,-0.002590673575129543,-0.004934210526315819,0.004922204146331488,0.006552194859240856,0.004453090586241215,0.005857332903795642,0.002460007524258234,0.002294293224038846,0.0022321758540659875,0.0010838286435259636,-0.011111111111111072,0.003906889091902732,0.0022350428966726454,0.0010818397122889234,0.005870252290387956,0.0023199755200431493,-0.0332348596750367,-0.006866416978776435,-0.04870129870129858,0.030516431924882514,0.03314917127071837,0.02276295133438011,0.028592927012791813,0.09123757904245733,-0.0070451719850808114,-0.057955742887249695,0.014025245441795509,0.004161101062414518,0.003233266305666227,0.0019100169779286968,-9.778950202399272e-05,0.003670596111814861,0.0049065110728021555,-0.0011469493943550013,-0.00025712474735983815
2005-04-30,0.07478260869565223,0.004897554320090647,0.0020822488287350893,0.00252229528871295,0.00190878038979303,0.005490081940470626,0.01186043192450903,0.0076125909936906044,0.0096532341033162,0.027791612710429403,0.0031049670751384095,0.03814064362336089,0.009355509355509106,-0.006944444444444309,-0.007050092764378402,-0.0049586776859504855,0.01901124901415452,0.0065992302965387495,0.004196244843121866,0.004933104910384456,0.0024687570161985306,0.0020865588570102567,0.0020305417072281617,0.0015148138555776125,-0.0074906367041199795,0.0038253278353113096,0.0028993821824794264,-0.0018400607512121248,0.00550458044512947,0.0017071385180915666,0.031627196333078755,0.06411062225015729,-0.021615472127417656,0.016704631738800213,0.00891265597147961,-0.0007674597083654477,-0.002194586686174338,0.06043046357615878,-0.012520868113522488,-0.0335570469798655,0.0020746887966804906,0.0050739343767585154,0.003009771453208243,-0.01080279601779277,0.0011009798954670913,0.004665512246484926,0.004750593824228044,-0.004341007113650264,-0.0003289650758713236
2005-05-31,0.06796116504854366,0.0046742122021734556,0.0019740259740259614,0.0022463833228500985,0.0019051438884991612,0.0039030767075960426,0.012111533325926738,0.0078459346302866,0.008201693547079447,-0.0016476061252180818,-0.0032866421472727003,0.029850746268656803,0.006694129763130885,-0.011188811188811432,-0.01195814648729443,-0.0046511627906976605,0.026477656931035876,0.007092366482186474,0.004202849224544725,0.0042924738160765585,0.002567723722450399,0.0020896066709708006,0.0021834382528569396,0.0015846907447445435,-0.011320754716981019,0.002460399438656502,0.0017702957942316022,-0.0013021214337965992,0.004836345764967609,0.0016016022242055783,0.0,0.06083874778499698,0.0046511627906977715,0.008588498879761097,0.008833922261484162,-0.014592933947772613,-0.012463343108504277,0.05308352849336462,-0.01775147928994092,-0.0057870370370372015,-0.00552104899930983,0.0013401381014643832,0.0015082148648322136,-0.021841541755888816,0.005078249811547808,-0.001094372762277973,0.0053848174415549455,-0.0034316896852408796,-0.0002692418150488374
2005-06-30,0.057575757575757835,0.004698460194180187,0.002177519701368702,0.0020620405235791672,0.0016012810248198228,0.0059457926018247065,0.012213135326318847,0.008002301397550093,0.006265292083864837,-0.00737792447335206,0.004599460888225826,0.02062430323299913,0.000511508951406503,-0.009429514380009385,-0.015128593040847238,-0.005340453938584733,0.03738243581094469,0.007643614867259396,0.004434340929120761,0.0041720238897995365,0.0027025424044400115,0.0019500031967265574,0.0016034114721030779,0.0017413024942656286,-0.011450381679389388,0.002633108529981776,0.0007484384057270255,0.0029885293212814634,0.004203200055349132,0.0029931567246670454,-0.011552132701421858,0.031180400890868487,0.01388888888888884,0.0048130322102923895,0.005691768826619814,-0.017147310989867548,-0.020044543429844075,0.0496664195700518,-0.02108433734939752,0.006984866123399325,-0.004510756419153328,0.009502711593733615,0.0015487147631954024,0.0010945709281962035,0.010154284507131406,0.004849885419041744,0.004441541476159383,-0.0002822546501455303,0.00033514671646006633
2005-07-31,0.054441260744985565,0.005010104714394226,0.002586652871184869,0.001878858369866565,0.0014988009592324936,0.006812156011548609,0.012231681140440376,0.008007791712229873,0.004768225901324419,-0.014963325183374065,0.005049485391009467,0.0234844347351173,0.006134969325153339,-0.0038077106139933203,-0.005376344086021612,0.004362416107382527,0.04104663172793699,0.008535320317449191,0.004898047270690764,0.004553113277740994,0.0029078997838298815,0.002243170478501977,0.001564184094691834,0.0018941210319363133,-0.015444015444015413,0.0005559307030724714,-0.0017645777376631422,0.0,0.003998297920215554,0.002996607147279562,-0.007641594246328931,0.02537796976241924,0.009132420091324311,0.006263817243920666,0.00957771005659569,-0.023790642347343405,-0.037878787878787956,0.05014124293785316,-0.007912087912087862,0.01387283236994219,0.0027884280237013837,0.008537332305929235,-0.0006328788639065053,0.0052481959326482475,0.015370499715170904,0.005299510814386066,0.006112628430225087,-0.0028798102713232243,0.0006401550730792405
2005-08-31,0.05910326086956519,0.005130418322192076,0.003095975232198178,0.001071619932130785,0.0009977052778609163,0.005778820633856485,0.011279166765708615,0.007313115588874819,0.004323554838443711,0.02293486894360597,0.004872917508159436,0.002134471718249653,-0.0157520325203252,-0.022933588150979456,-0.011969111969111879,-0.003341129301703938,0.039171014918791824,0.009987361913257109,0.005121401641691836,0.004513954685219312,0.003000398333296017,0.002453639197498303,0.0012347516709412254,0.0020057075166919347,-0.0117647058823529,0.0014963341982541234,0.00016767461977895692,0.000584240122690316,0.003928613896051925,0.003919753086419675,-0.021440434848256085,0.007372301211163723,0.014705882352941124,-0.016843647015745256,-0.010780508840017355,-0.027619821283509594,-0.03385826771653555,0.04841963685272366,-0.014621178555604741,0.015963511972634015,-0.00938477580813335,0.005706065159372331,0.00022111372748545577,-0.007613661083315071,0.02015652676510693,0.005196976304695733,0.00504136504653574,-0.0020669932327206375,0.0008609659559712934
2005-09-30,0.0532392559332906,0.0051075252786842995,0.00524691358024687,0.0008028545941125564,0.0010963819395992669,0.0050676485425944495,0.009780910550037936,0.006500885776536958,0.005436231582038209,0.008735319809764164,0.004911623028096113,0.02768903088391883,0.01445534331440368,0.006356968215159187,-0.007815552950371285,-0.000670465973851786,0.044306930693069235,0.011812381537931627,0.005133985969231203,0.004170549520188693,0.0029887108464843326,0.0038326717557251033,0.0014477035376121439,0.001547915985628423,-0.007936507936507908,-0.002803472896734882,-0.0029363540186266857,0.002437778264360313,0.004029591895381213,0.004537768622990157,-0.05230674278660696,-0.03397804495556722,0.00557413600891854,-0.0014897579143389184,0.011333914559721325,-0.0033416875522136458,-0.0008149959250201011,0.041693393200769924,-0.00899280575539585,0.013468013468013629,0.004561403508771988,0.00448869579784561,-0.0041334158642096774,-0.023673827268741898,0.023082682339139016,0.005244319446796375,0.009260450160771594,-0.0022131426625809913,-0.0006451689984348086
2005-10-31,0.04750304506699132,0.005030064138272561,0.005628901852420265,0.0017826900793296296,0.0014934289127837008,0.0060618724349468245,0.007990917801588227,0.006127647411324988,0.008067924621659506,0.003848744347156652,0.005377448086449688,0.04145077720207291,0.03511450381679393,0.027696793002915276,0.007877116975187004,0.009728279100972737,0.042460975857515404,0.013519771949442205,0.0050338733681527525,0.0039317101715319325,0.0028580541657390324,0.004029746145460367,0.0016135351996475755,0.0014292740360968281,-0.004000000000000115,-0.0005878117239049852,-0.000673579947494285,0.001965866728797616,0.004269622911674986,0.005031431142232812,0.03305112341256922,-0.02813852813852813,-0.007760532150775767,0.02051473330846698,0.026724137931034342,0.016764459346185978,0.013866231647634342,0.05480295566502469,0.0068058076225048225,-0.0033222591362127574,0.01746419839329394,0.005625712667840732,-0.0019836246831450577,-0.028513695554557628,0.02298989564019993,0.005739413224501666,0.015165031222122982,-0.004037991241540029,-0.0005559208559986484
2005-11-30,0.05581395348837215,0.005162061729131695,0.004477915733767768,0.0022243971883619817,0.0018888557510685633,0.00435251782319912,0.006498980845876412,0.006808994782595557,0.011057554846603423,0.007572126905013077,0.00566994736416615,0.03781094527363171,0.034414945919370776,0.026004728132388077,0.017975771785853523,0.01760797342192677,0.006626173384870038,0.014017957994256536,0.005112910713434005,0.004681454718566513,0.0026633814418242086,0.003468250121182459,0.00198512010341112,0.001580524132758221,0.0,0.0007316761513957992,0.0007064100273002083,-0.0005086691761011508,0.00464787336946948,0.004579920216815303,0.00031520882584690213,-0.010022271714922093,0.0022346368715082665,0.02412280701754388,0.026868178001679288,0.008244023083264773,0.0032180209171359664,0.054290718038528585,0.018927444794952564,-0.0011111111111110628,0.02574665293511824,0.0014874266169657702,-0.0007110057695181027,-0.03327940836607357,0.019085113621886363,0.005973924778236439,0.011800150640220997,-0.005110781178620405,4.186677990647425e-05
2005-12-31,0.04955947136563865,0.0055203151814600115,0.003242147922998928,0.002219460227272707,0.0018852947013296983,0.002861381465081303,0.005050869967956562,0.008364079225455123,0.013593392092110745,-0.005707762557077611,0.005219098473196793,0.01869606903163956,0.01093155893536113,0.005069124423962901,0.01190019193857994,0.012079660463597985,0.0023555225710691907,0.01312610439607842,0.005428044192971049,0.006307445181676474,0.0024795993703303765,0.0026205767201008534,0.0018987387815576628,0.0012823351278099526,-0.004016064257028162,0.0023438735210585815,0.001634728699232868,0.0004071424416915992,0.005055483011903172,0.004495383365565653,0.007877737513786176,0.02305961754780661,0.016722408026756064,0.006780870806566641,0.010629599345870933,-0.0024529844644318732,-0.001603849238171584,0.037652270210409844,0.010614772224679436,0.008898776418242438,0.015060240963855387,-3.0166474007775612e-05,0.0008785730952558524,-0.011953143676787015,0.012332237513552169,0.005515610412304861,0.008312655086848642,-0.0024967714162719146,0.0011243750149516618
2006-01-31,0.04144805876180491,0.005954757203106897,0.0032316703696224636,0.0023031269377269403,0.0020798256907992307,0.0049645533134752284,0.0032245529020360486,0.010165847442070275,0.014857956153154106,0.017030233448143806,0.007111378626718956,0.03294117647058825,0.028208744710860323,0.023383768913342484,0.007587253414264028,0.00903225806451613,0.0017383466391962532,0.011040594843855223,0.005873124141956065,0.008066689584301567,0.002397863674697076,0.00278717274207696,0.0021831630208006825,0.0013801209164003847,-0.00806451612903214,0.0019997943634950666,0.002183710981044751,0.0004796511627906952,0.005284840803075896,0.004592956059111142,0.005471314678755501,-0.01319406267179779,0.0010964912280699846,0.018433179723502446,0.02386731391585739,0.013114754098360715,0.011244979919678766,0.043756670224119665,0.005689277899343592,0.013230429988974723,0.011539729640619889,0.007896152310629123,0.0005184853132476075,0.005081054923784301,0.0045494902839700035,0.007796349670934566,0.008244124523194118,-0.0029921169227228317,0.0014098642706938946
2006-02-28,0.04382871536523947,0.0060470829135010895,0.0006039863096436449,0.003269995581087093,0.002273176517098241,0.004362390661450721,0.0005484986665231784,0.011066666904290923,0.014820173689324978,-0.0030103480714958053,0.006875178932278514,0.02323462414578592,0.019661636945587535,0.009408602150537515,0.008283132530120474,0.007672634271099543,-0.012661482100391863,0.008776481278451431,0.006030638237437991,0.008556383922486477,0.002406544241777331,0.0009897351017240652,0.0020624830944007133,0.0017487077346232116,-0.008130081300813052,0.005959592712742934,0.0038983104614349617,0.0005084770386296622,0.005124615663897547,0.004388718500205613,0.006529850746268551,-0.009470752089136392,-0.017524644030668002,0.006961364427427563,0.014618727775582707,-0.0024271844660193054,-0.003177124702144374,0.053680981595091826,0.005221932114882533,-0.01414581066376508,0.011408083441981853,0.006048618204697709,0.004479889074170407,0.023591718825228813,-0.0016055070804408267,0.007660338133122613,-0.0004881620698069522,-0.0006348473480694006,0.003722528455866625
2006-03-31,0.0390926640926641,0.005773886009443396,0.0006036217303824198,0.0030831571529246204,0.0022680209052361455,0.0043167959780963105,-0.003419609049578276,0.011029881915818773,0.01407081606897087,-0.009058312889224318,0.006591632196885522,0.01869991095280521,0.016591928251121546,0.012871726586773047,0.006721433905900076,0.0034898477157361274,0.0017250358026297263,0.007226409360817421,0.005838253205937116,0.007416078240059187,0.0025495792616991864,0.0010583534324488664,0.0020413672099064417,0.002063719369670647,-0.012295081967213073,0.003994586763460983,0.0010847401755302855,0.00017424638438745532,0.004764233716169297,0.003759420983371342,-0.06070435588507861,-0.02699662542182235,-0.015607580824972156,0.0076045627376426506,0.014408099688473452,-0.004866180048662017,-0.004780876494023922,0.040756914119359555,0.003896103896103842,-0.01655629139072845,0.0064453754431195165,0.006576890112129918,0.002498225409647281,0.03457196613358393,-0.004724376368970162,0.007411546988658202,-0.004884004884004978,0.00034650034650018924,0.0031024891234578966
2006-04-30,0.036692986530422855,0.005052311273227028,0.002614116227629193,0.0031614999560900525,0.002262888626525017,0.00542586639190934,-0.007971894557955772,0.0099672705718441,0.012506069859180569,-0.031041706341649267,0.006620632207489319,0.019667832167832078,0.022055580061755453,0.025416301489921134,0.015578635014836806,0.009168510907366478,0.03700815544075109,0.006928951192218369,0.005138246255871559,0.004711771019495492,0.0027265698228948754,0.0024069465820881764,0.00214303753322187,0.0017848733094267821,-0.012448132780083054,0.0024094129091078997,8.535187573355252e-05,0.0014227642276423147,0.0043753773764330095,0.0041565236564296,-0.007728991942114849,-0.03641618497109811,-0.02491506228765572,0.009605488850771948,0.018426103646832948,0.02526487367563157,0.02562049639711761,0.034965034965035,0.015523932729624823,-0.017957351290684653,0.009606147934678066,0.005822040997029321,0.0008863860868635332,0.01318481473062083,-0.0029929607604396447,0.0075316242736194194,0.0007361963190184451,-0.0018184967093867188,0.0017064239752564436
2006-05-31,0.034946236559139754,0.004122320780088673,0.003208985158443589,0.003414164405147746,0.002552272504172004,0.00551313740840742,-0.012399788622123986,0.00862883054827468,0.010070800622077769,-0.0051100628930818015,0.006392740828741639,0.02700385769395619,0.029779887785930326,0.031196581196581308,0.02118334550766998,0.01347117794486219,0.03606341646822897,0.0074692441519590425,0.004123932261041796,0.0015010018681809179,0.0028665538855767725,0.0029416688589671836,0.0024360623631964895,0.001601902830666857,-0.012605042016806678,0.0014961068860603888,-0.0005597898200059293,0.0017106903650441208,0.0042391003979351805,0.003812920608168291,0.07242293669207811,-0.03539292141571704,-0.018583042973286945,0.022765885151206255,0.0245005653976631,0.02464228934817192,0.029664324746291992,0.03918918918918912,0.02462845010615733,-0.02399999999999991,0.01268633047890888,0.005202504404716146,-6.814222248230362e-05,-0.027821404532196725,0.002768915804509442,0.00718468614835821,0.00343305541932315,-0.0013302102310518427,0.0005027741302008337
2006-06-30,0.030303030303030276,0.003320416254985137,0.002499000399839968,0.0038387715930900956,0.0026436894154509005,0.004111635271707215,-0.015535856410546223,0.0075803248691186376,0.007506242833735133,-0.04652311339391546,0.004180481182746387,0.025876460767946696,0.026404023470243176,0.025694156651471234,0.02145922746781115,0.016692426584234976,0.01648168869265465,0.007810730170516589,0.0032067800317641115,-0.0007840452544910503,0.0028541320490924615,0.002468046547119407,0.0024923923375097523,0.00132861525332717,-0.004255319148936287,0.0018549942387064977,-0.0015117990560351569,-0.0009262475396550895,0.004369652645605404,0.003556046905529797,0.0020089630659867463,-0.004353233830845515,-0.013017751479289963,0.023255813953488413,0.022810890360559277,0.006206361520558312,0.0037907505686125553,0.02514087559601208,0.02403646912556967,-0.01756440281030447,0.02067021609771391,0.0005199836043447981,0.00022599978886872485,-0.01453957996768973,0.008364615792867847,0.004556078116486617,0.0021994134897360684,-0.003069349934848753,0.0010582511070251766
2006-07-31,0.03151260504201692,0.003027071910281842,0.0034898793498854275,0.003824091778202865,0.0026367187500000444,0.005397293512139356,-0.01718813149301046,0.00737795490049864,0.005985060572863743,-0.039573189681964105,0.00378406315554769,0.011391375101708512,0.012249897917517183,0.017777777777777892,0.017507002801120164,0.014898145332927992,0.038022134951802844,0.00718847095802011,0.002882541733967958,-0.0010831460571316676,0.002703010479860657,0.003030483236004189,0.0023620053879516156,0.0011608121570829688,-0.004273504273504147,0.0016357336399253075,-0.0016752635358308066,-0.0005794414184725483,0.004806003880503784,0.0040176730486010115,0.04025293028994459,0.004996876951904872,0.003597122302158251,0.015909090909091095,0.01294964028776957,0.0038550501156515704,-0.010574018126888185,0.02283298097251585,0.022662889518413554,-0.0035756853396902155,0.014114759128566856,0.0025071818045616645,-7.407748752952248e-05,-0.004683840749414636,0.009376360348693824,0.003916300015343932,0.006096074128261408,-0.004327746957506817,0.0005551421518257271
2006-08-31,0.02688391038696536,0.003028180585764151,0.004073926868044531,0.0036363636363636598,0.0024349858770820187,0.004534258238246824,-0.01707177854607822,0.007245857306975356,0.00575219900646351,-0.034408370186603365,0.0030953938600957187,-0.0012067578439259874,-0.0048406615570796285,-0.004763795156808248,0.005161734342739255,0.0053924505692029,0.029091430209229108,0.00491332039778225,0.003058797325339757,0.00034560194337718286,0.002297301772901328,0.003270337634495135,0.0022182458464479193,0.0009495881693348807,-2.220446049250313e-16,0.0020522636666704397,-0.0002714420874126988,-0.0011305658627086546,0.005047400741935659,0.004494461134059158,0.01363973313565614,0.02237414543194549,0.004778972520907976,-0.0003195909236179961,-0.003196022727272707,-0.0007680491551460555,-0.010687022900763399,0.019016122364613697,0.01068460625247325,0.0023923444976077235,0.002723146747352523,0.0027625988148420877,0.00023265523046878123,-0.016235294117647014,0.003392964339569149,0.003110154565795664,0.006907416383906906,-0.005600933488914883,0.00044858930468638647
2006-09-30,0.01824672748909184,0.0032682266580823516,0.0020781791192479027,0.0033643892339545456,0.0023319082782742306,0.003963855161853935,-0.016084532535359797,0.0070969480527478535,0.006905353823073668,-0.011282394995531742,0.0027677969342874142,-0.006443817962142551,-0.013376570733684479,-0.01715197447147987,-0.011297500855871223,-0.0074493444576877454,-0.016209441581952366,0.002022312998607667,0.003647562556041928,0.0024621978461003557,0.0018777703983212657,0.0018130330364403147,0.001923296373076644,0.0009017661419805645,-0.008583690987124304,0.0010953708254650696,-0.0008789404647759902,-0.0030182546362131912,0.005047919857685157,0.004278671479806873,0.00570425625274229,0.024316109422492183,0.005945303210463715,-0.007033248081841248,-0.011043819023868973,-0.023827824750192073,-0.03240740740740744,0.008519269776876337,-0.008222396241190033,0.0023866348448686736,-0.008147254073627042,0.0004174224073585364,-0.0008397420431345282,-0.0047835446065535026,-0.006847429036286101,0.002735536999732613,0.00132386568780829,-0.004547054681999563,0.0021239439278804007
2006-10-31,0.012076353720295918,0.003594622662389968,0.0005925340707091387,0.003439085203335912,0.002132609538580743,0.0034756233781854107,-0.014897829561096754,0.0067854912729155,0.008986963981163942,-0.05095469438481526,0.0027902681869278467,-0.013376570733684479,-0.019309778142974632,-0.020698051948051965,-0.015235457063711877,-0.009906934854398086,-0.03414206041389467,-0.000531735866196037,0.004425313017057064,0.004177366571251007,0.001622732803846283,0.0008045963451033256,0.001784354156334933,0.0008819091428486914,-0.008658008658008698,0.0008387981385342691,-0.0013762812241899791,-0.002299653596483764,0.004818517730165173,0.00528992819773122,-0.07766143106457235,0.01008902077151319,-0.0023640661938533203,-0.013522215067611199,-0.015850144092218854,-0.029133858267716528,-0.046251993620414766,0.0084473049074818,-0.013817607579944768,0.005952380952380931,-0.006693033160936834,0.0005464406561737079,-0.0012135669596415877,0.034847392453737136,-0.0180611464664292,0.0029454014103293957,-0.0043269230769230616,-0.0030648631126043435,0.0048393933685004775
2006-11-30,0.01000769822940728,0.0038682233631386342,0.00019739439399923953,0.003341615971210521,0.0018378796672471331,0.003009765683533505,-0.013988629015483145,0.006544115885957824,0.010785923421720911,-0.027619047619047654,0.0029246321689520016,-0.022185702547247388,-0.02723083368244661,-0.02859510982179836,-0.019690576652601988,-0.017586416009702788,-0.03397133393909191,-0.0013802041777100094,0.005049767176835918,0.004602569159268155,0.0016979061772250947,0.0003819349484623924,0.0013737792905141877,0.001083119148961087,-0.004366812227074135,0.00011396480323111469,-0.0017948837175031374,-0.00043764953025593467,0.004611270419528912,0.005357556121267981,-0.034216335540838916,-0.008813160987073965,-0.0035545023696682554,-0.022519582245430825,-0.024158125915080597,-0.02514193025141942,-0.032608695652173836,0.005983246908655815,-0.018414731785428406,-0.008284023668638896,-0.019601837672282074,9.823146298160168e-05,-0.002049808509957063,0.016720854621458336,-0.024402241563028393,0.003285567813062773,-0.0018107194591983067,-0.0008868130893611159,0.0051266126858762195
2006-12-31,-2.220446049250313e-16,0.004065146970739786,0.00019735543714216597,0.003245089666951362,0.0017379550062759375,0.003083969335313963,-0.01342591631443979,0.006556061142303227,0.01171931755956801,-0.010773751224289807,0.003997916213416497,-0.006302521008403228,-0.009043927648578975,-0.011945392491467755,-0.019010043041606695,-0.016666666666666607,-0.037562958917410016,-0.00033242280160517,0.005455824343129967,0.004023270691945857,0.002050597976418045,0.0004100698061360042,0.0014475853472193378,0.0010658642711769417,-0.013157894736842257,0.0022939609974192976,0.0016718564300928218,-0.0008756823024607119,0.004492760517875727,0.005167869433606365,-0.055346938775510224,-0.03319502074688785,-0.0047562425683710385,-0.009682804674457368,-0.010127531882970664,-0.02329450915141429,-0.02420051858254113,-0.004361617763679493,-0.01835236541598695,-0.0011933174224343368,-0.016869728209934154,0.0016339415055117712,2.5370540474689562e-05,0.0159890360895385,-0.02396068310804289,0.004661992382778424,-0.0014512032893942983,-0.0010355335956685474,0.005123780988965265
2007-01-31,0.0,0.0041724894062871165,-0.0003581294396211021,0.003196288729996777,0.0017349397590360471,0.004180877750283418,-0.013290243044093875,0.006937559189382769,0.011406691697337878,-0.02982673267326741,0.004164894018854559,0.006342494714587588,0.0052151238591917615,0.0038860103626945364,-0.010237659963437062,-0.007846829880728157,-0.0582597730138712,0.0023522085766074508,0.005630479896657992,0.0030980867212311303,0.0025323082466619518,0.00044994958680022457,0.0018517425038677704,0.001149440396330581,-0.004444444444444584,0.0007040793945600754,-0.0005649107336851422,-0.0003213649244793171,0.004423931635083811,0.005499129757706278,-0.03266505357760108,-0.047210300429184615,-0.019115890083632014,-0.0006743088334457692,0.0018946570670705931,-0.005962521294718859,-0.001771479185119551,0.0007964954201511443,-0.0062318238471124054,-0.015531660692950977,-0.006037496027963218,0.0011452853345503833,-0.0016194450807645033,0.03349820143884896,-0.016048830811263515,0.005248586918906506,-0.004723265108392938,0.00026655609524950385,0.005834183910179203
2007-02-28,0.00038109756097570724,0.004193151509459758,0.0014073706349058135,0.0034847758483904645,0.0018618300779371655,0.004038460723532866,-0.013235530714161503,0.007394583428173229,0.010377052281374644,-0.03061615001913509,0.004901912260522057,-0.0025210084033612246,-0.003026372676178224,-0.0034408602150537426,-0.0044329516069450126,-0.004745333755140857,-0.015432512051419489,0.005129360482193812,0.005685136044633943,0.002812575427175501,0.0028444958191571335,0.0015988396050699016,0.001968554986337967,0.0010664246908680397,0.0,0.0030001353278199527,-0.0001446765145014517,-0.0002337950786135412,0.0041556473436554775,0.005252683993406393,0.0614614972306593,-0.03989703989703974,-0.01461632155907433,-0.006747638326585648,-0.0037821482602118373,-0.0008568980291345785,0.013309671694764713,0.009152407481098468,-0.0012541806020067714,-0.01820388349514579,-0.0028772378516624952,0.002905832425196486,0.0006352762156072167,0.012834457254731424,-0.005833015430864119,0.006090510938752569,0.0017035775127769437,-0.0015989103721908426,0.003730439696029819
2007-03-31,0.0003809523809523707,0.004267809729971983,0.003339039661444332,0.002991556336468193,0.0017460035438687793,0.004602547544885871,-0.013543487650162556,0.00790130119692467,0.00954719553222838,0.0005263850506644907,0.00585320685205426,-0.0054759898904803705,-0.001300954032957602,0.0017263703064307467,-0.007792207792207573,-0.004767959313413783,0.005712148515861326,0.007305916057237294,0.005856677294646451,0.0036083082957996115,0.002934339109124995,0.0028023189659631687,0.0018070418160769375,0.0013596638875894573,0.0,0.0035531068484164763,0.0023054957311712254,-0.0008623209587840241,0.00371725998197725,0.004556860212861169,0.05958592829489984,-0.029490616621984045,0.013597033374536549,0.0,2.220446049250313e-16,0.014579759862778818,0.0359019264448337,0.0011829652996844242,-0.005441607367099199,0.0024721878862794533,-0.007694773966014701,0.0048531821789135066,0.0011980425001345552,-0.011168384879725157,0.002547502996595785,0.0069747347319668584,0.008624878522837554,-0.0038553931018120435,0.001355659591579128
2007-04-30,0.0,0.004305310997394729,0.003834778414833817,0.002815714044849038,0.0018666357318370963,0.005112919048249287,-0.014087303289681885,0.00801663715483003,0.00937761125157377,-0.010522162304353544,0.005725131033618158,-0.0008470986869969499,0.002605297438124321,0.007324429125376897,0.005235602094240566,0.006068348770360554,0.015551573751648062,0.007962584379912263,0.005984243981032478,0.00513373796163763,0.0026980358805597238,0.003200063766838346,0.0019963736459889247,0.001126421124325594,0.0,0.004946309765246237,0.003200124625482914,0.0011995143429734956,0.0031919612051911628,0.005672351234695006,0.05258141382049253,-0.03176795580110481,0.004878048780488031,0.0037364130434782705,0.0049354593773727196,0.010989010989011172,0.017751479289940697,-0.0023631350925560346,0.007575757575757347,0.012330456226880449,0.0006462035541197064,0.0038003429294488633,0.0026366675585696164,-0.010860121633362141,0.004937492227559348,0.0066724329667613436,0.008189810911718665,-0.0027985352347494885,0.0018701131820031414
2007-05-31,0.00038080731150036407,0.004241427079187288,0.003576478416368545,0.002637153857793839,0.0018736842105264717,0.0041276283587923235,-0.015106015060448064,0.007636582180307716,0.009847262771994991,-0.03110461252160035,0.004761635821523447,0.004239084357778644,0.006929406669553995,0.008126603934987209,0.005580357142857206,0.005396825396825511,0.004760478045207961,0.007612453491301574,0.005879926611887409,0.006445085040571064,0.0022706630471327482,0.00307067459028465,0.0019619241389332576,0.001078635743837042,2.220446049250313e-16,0.0030104291571115827,0.00012392444958586601,0.0017532837543647872,0.002834750446375711,0.005065668671067947,0.022487171747660684,-0.030670470756062884,-0.004854368932038944,0.0050761421319796,0.0075557234605212464,0.0050167224080266415,0.005813953488372103,-0.0039478878799844574,0.009189640768588303,-0.0024360535931792215,0.007749434937035948,0.004477742823005837,0.0007931612535518884,-0.007465963987703161,0.002813776769168941,0.0054740668003216975,0.009198423127463773,-0.001492760113449787,0.0012883129970739926
2007-06-30,0.0,0.004075623444543597,0.003702186991156431,0.002590810420591838,0.001711625490229629,0.00349874494752922,-0.016534565463826256,0.006879223282751701,0.010595104929054466,0.005350528193167836,0.004432823439111333,-0.002954833262980072,0.004301075268817067,0.008485362749257597,0.01442841287458374,0.011367224502684126,0.04277383871181506,0.006909638884979197,0.005548103787015535,0.006937023553670096,0.0018375445196081586,0.0028259709761364604,0.0014855225881311718,0.0008669160441909796,-2.220446049250313e-16,0.003765813602829793,0.0014889321362534513,-0.00020419176523778226,0.0028008756078039543,0.004618963410892629,0.0857564575645755,0.019131714495952856,0.0024390243902441266,0.008417508417508435,0.007874015748031482,-0.004159733777038155,-0.007431874483897483,-0.01466508125247723,0.01448675496688745,0.0024420024420026554,0.013457225248317828,0.002361357401597486,0.0017010456821471287,-0.025663716814159354,-0.0010595695289592477,0.004783017828228431,0.011600378787878896,-0.004215876812677433,0.001006450432316175
2007-07-31,0.0,0.004016147347979393,0.003280529469879445,0.0022880711710557833,0.0015618593563766492,0.0038391418242456066,-0.018913682181204372,0.006215776238880588,0.011677336238460567,-0.01719432314410463,0.0036761087665062586,-0.0038103302286197627,0.003426124197002167,0.00925536390408066,0.012399708242158969,0.011551670309084994,0.04740571283322215,0.006683314772196303,0.005338450150736085,0.0067547483050458546,0.001613649195799649,0.0025090255223649827,0.0013548426280209913,0.0007051193697451552,0.008928571428571619,0.0015375177430574372,0.0007312392687608416,0.0012983413324774151,0.003241272093142733,0.005050280694545384,0.11011419249592169,0.09891696750902534,0.03041362530413627,0.020367278797996713,0.011904761904762085,-0.001670843776107156,-0.019134775374376134,-0.008045052292839694,0.011831905344757088,0.010962241169305553,0.0148593107809043,0.002654578225079751,-0.0003184044448965029,-0.002043596730245123,-0.00424163320835691,0.0037376648622380326,0.009712146033231672,-0.00198174393466255,0.001816644577487203
2007-08-31,-0.00913589645983992,0.003949502974625929,0.0023034826256023155,0.002429697714565693,0.0016194015925543592,0.0038678485092666914,-0.021359620345092645,0.005545228559346027,0.012450728732413818,-0.022910302693696205,0.002505210376146705,-0.018274543136421628,-0.01237729406743493,-0.004585243851604748,0.017651296829971352,0.011728395061728403,0.03588654633702415,0.0066744198479053995,0.005256232817561379,0.006358171000787394,0.001489372257295507,0.001914137270987215,0.0014509860640021799,0.000340712538656307,0.008849557522123908,0.001575374710888866,-0.001373351876821971,0.0009615664792097522,0.003793874997468416,0.006370218537722572,0.10702914523634588,0.11169513797634711,0.03541912632821709,0.010471204188481575,0.0025735294117645857,-0.020083682008368187,-0.045801526717557106,-0.03081914030819144,0.008467741935483941,0.03253012048192794,0.00903426791277262,0.002165574127481751,-4.207148093238189e-06,-0.011376564277588153,-0.006164065129801277,0.0023821892268560685,0.003592536794530199,-0.0009025813827545637,0.003928925789491666
2007-09-30,-0.011909335382251252,0.003855423884556952,0.0025532210869205763,0.0024113233145914847,0.0017175353035723262,0.004147268154331751,-0.023769889633664998,0.00512331993269699,0.012876848033413602,-0.04362654540287059,0.002830736892978525,-0.027272727272727337,-0.012100259291270565,-0.0016750418760469454,0.009557522123893714,0.006101281269066616,0.04673772988169134,0.007084614668974476,0.0054482449803952004,0.0063370850754467245,0.0014725722497661575,0.0022157871364072435,0.0017121054004693992,0.00037827950942492805,0.008771929824561209,0.000729268261477678,-0.001878038421335937,0.0007859804378202995,0.0040953065288669155,0.004822908403169901,0.04181415929203536,0.08628841607565008,0.03648802736602064,0.011981865284974136,0.0029336266960031665,-0.009393680614859012,-0.03022222222222226,-0.04267782426778255,-0.00319872051179515,0.043173862310385,0.008027168879283675,0.003540496307518737,-0.0005320827326777966,-0.008515535097813665,-0.006030478934982764,0.002639841139928212,0.0024249422632793838,-0.00286075644423045,0.0021527363607964922
2007-10-31,-0.019051321928460263,0.003540641203335415,0.0023462959358493407,0.002444549253017625,0.0019157488025383085,0.004035853299089842,-0.02598402430025437,0.0048854053606388614,0.012851273850078782,-0.022436849925705826,0.0025856051406112357,-0.04361370716510893,-0.03062117235345574,-0.017617449664429685,0.0066619915848527,0.002728926622195038,0.0636190689346463,0.008000474674356273,0.005818481079680415,0.006875479570977561,0.0015084302423384877,0.002243197710646072,0.0019975304105983582,0.0002636813685932271,0.013043478260869712,3.481414752548595e-05,-0.0018527143949249592,-0.00046540038977294085,0.003773435017004001,0.004687756105556495,0.05818645147589696,0.10337323177366686,0.04290429042904287,0.0022400000000000198,-0.010603290676416743,-0.0017241379310344307,-0.006416131989000817,-0.03802447552447563,-0.005214600882471054,0.034675615212528044,-0.0027565084226645054,0.001996124112375375,-0.0008710993357806673,-0.01717734447539465,-0.0031918490457836235,0.002310052155992892,0.0016127174288678159,-0.002566967656207453,0.0023464865048685724
2007-11-30,-0.03012286959968291,0.0028394436750651675,0.003460736502406414,0.0024518412002092482,0.0021479001624182814,0.005085271697635507,-0.02775861433265503,0.004623147702842889,0.012430103356760203,-0.03815169478644176,0.003160723857265735,-0.08515588645881811,-0.0681407942238268,-0.04526046114432125,-0.012190874259839668,-0.009071666162685177,0.07138723762428323,0.009347414582175917,0.006035059499505557,0.00748662717121662,0.001555683772349159,0.0028829193933896935,0.0020585300192625944,0.00031720328095397043,0.0042918454935623185,0.0011053598742958304,-0.0012112294359186704,0.00017460640805500027,0.002745018966889834,0.004508178891499348,0.06662653020268916,0.1365877712031558,0.09282700421940926,-0.005108556832694622,-0.03215077605321526,-0.003454231433506094,-0.008302583025830312,-0.06315311222171716,-0.02741935483870972,0.07027027027027,-0.017506142506142464,0.006020140563727461,0.0005625695002573483,-0.021728861596598814,0.002120348167786057,0.0028971817564331648,0.005980448533639882,-0.0028763473416494323,0.0009838957749026545
2007-12-31,-0.04168369431957508,0.001896542830628567,0.003680637185165203,0.0025912729628430053,0.0022633136234471163,0.004503013179996573,-0.028843055056922307,0.0042021636287223885,0.011988459765516879,-0.050094816687736965,0.003945587027290198,-0.0768056968463886,-0.05569007263922521,-0.033094812164579546,-0.008462623413258097,0.0,0.04308651674359232,0.01090293049212887,0.006013894672348474,0.007949422157266905,0.0015720830053156387,0.0030376503326949855,0.002158521644274547,0.0005125769589415796,0.012820512820512775,0.0015345965971680364,-0.000426323373515447,0.00029095987663296796,0.0012801690251098563,0.004414861653231794,-0.009595484477892602,0.07505422993492394,0.0646718146718146,-0.0028883183568678694,-0.023673157693776203,-0.0025996533795492605,0.009302325581395321,-0.09165858389912718,-0.024046434494195634,0.09090909090909083,-0.016255079712410248,0.0022890416371139644,0.0013382616765993394,-0.03597295992274263,0.008332062818125818,0.0037774216684220985,0.004001371898936901,-0.003431208817903153,0.0007287229835837294
2008-01-31,-0.04605543710021309,0.0010819054857991173,0.004301873753797869,0.0025664440327293203,0.0025005232995594096,0.003993497171188576,-0.028759634338330953,0.0036080574073851235,0.011985877225909602,-0.04092497088670777,0.004511543072735824,-0.1090909090909089,-0.07333333333333336,-0.04024051803885276,-0.016358463726884875,-0.0033567287152882486,0.04839127262456744,0.012218682843847084,0.005791632242858169,0.008196436936530827,0.001513024801905516,0.0034015707657195637,0.0022578684520082604,0.0005499419666503691,0.016877637130801704,0.0008925509852584224,9.119438222304765e-05,0.0009017132551849549,-0.0001258834903881123,0.0032069852990717074,0.02678571428571419,0.09685230024213087,0.08250226654578441,-0.004184100418409997,-0.03206883066093069,0.012163336229365829,0.01658986175115218,-0.08008542445274958,-0.025488530161427603,0.07592592592592617,-0.024467747060692657,0.0019252426440949932,0.0010027877201792545,-0.012521913348359615,0.012772422331960742,0.004388197125706039,0.009792757913914762,-0.004082876294942084,-0.0010612415397033281
2008-02-29,-0.0876173446580244,0.000824949439765188,0.003934650585920574,0.0023749122458005534,0.0022431646962557394,0.002751098123171092,-0.027177218302752992,0.003008318165743873,0.012561843962257457,-0.013876843018213347,0.003903001917561877,-0.14347557204700068,-0.09573879358052018,-0.05108433734939766,-0.007592190889370909,0.007042253521126751,0.034618234065958875,0.012856212541188405,0.0056266343518660555,0.00847706881384025,0.0013793504733874418,0.0030295909824042955,0.0019069096074117997,0.0003225517167562142,0.00829875518672174,-0.0003276954815261135,-0.001448055057080344,-0.0007701249636734575,-0.0009717688021788629,0.004867631059354505,0.07900092506937995,0.1276674025018396,0.10217755443886078,-0.001616031027795839,-0.040000000000000036,0.009442060085836923,0.017225747960108784,-0.10562971561230416,-0.011769834350479402,0.08691910499139399,-0.00586319218241016,-0.0005083823841357527,3.657225095277106e-05,-0.03195536393608922,0.013555681953620446,0.0039514340041197915,0.010374379792512434,-0.003273572783454859,0.001073670767335555
2008-03-31,-0.10534051935325794,0.0012059691142864981,0.004030937301790161,0.002524285380385516,0.002198730310665864,0.0030649032426515177,-0.0244848749811728,0.0024688534273260565,0.013756895554326132,-0.04555848724714151,0.004085036370909956,-0.16750902527075806,-0.10403916768665844,-0.052310817673946186,-0.005464480874316946,0.01246579507449086,0.04200933058478906,0.01311551683864276,0.005784861458666191,0.009016637098827385,0.0012642975130745526,0.002995421576587942,0.0017790031598592382,0.00011712226262861059,0.016460905349794164,-0.00037995336258722645,-0.0015875139648320324,0.0018613579187691798,-0.0012018303121626994,0.00632507010776151,0.06069958847736645,0.12561174551386634,0.11094224924012175,0.008740692780835335,-0.033249158249158306,0.0,-0.0062388591800355275,-0.17650876054510045,-0.01676224084693423,0.11322248614410135,-0.01572739187418104,-0.0013854241757407237,0.00017741835049389643,-0.029866387215090384,0.011593648732188822,0.004404438964241697,0.014732142857142971,-0.0027011264925256295,0.0023256732880618802
2008-04-30,-0.12102957283680182,0.002040284136535009,0.002930449901375365,0.001883947831905708,0.0017790961816848139,0.002290652575682506,-0.021344061768096778,0.0020049146320317845,0.014963704280870571,-0.033910799852561735,0.002817027867251909,-0.06504770164787521,-0.025956284153005438,-0.010718113612004254,0.004029304029304015,0.01711711711711672,0.03737947981091616,0.01311747000466612,0.006281802656062707,0.009576951532451305,0.0012782227760823606,0.002308452837718855,0.0015024604512896556,-0.0003672292696187407,0.012145748987854255,-0.0028660314182785696,-0.004307192011949956,0.003106176065026389,-0.0008690218403824002,0.006946787343298899,-0.016812156482379548,0.032173913043478164,0.043091655266757734,0.011553273427471034,0.002176752285589778,-0.00595238095238082,0.0017937219730941312,-0.16075650118203322,-0.0035890533871690833,0.07396870554765278,-0.0023302263648469212,-0.0037340213272575307,-0.0021879362098995436,-0.036456926816095137,0.008726991580095378,0.0032704291333363056,0.013088429388473433,-9.233326151869559e-05,0.0038859009376848164
2008-05-31,-0.14080996884735197,0.0028373689487053433,0.003537664896737569,0.0015701342983305278,0.0016525557597364404,0.003186399368713566,-0.01844688731627442,0.0014090854275652376,0.015432603213240359,-0.012209080503624792,0.012286611752768017,-0.03617810760667872,-0.0028050490883591017,0.0010834236186347823,0.002918642831083451,0.008266902863891534,0.0675686526417214,0.013005789788687716,0.006914855539571496,0.009782102777790902,0.0014995524076883981,0.002705845622005265,0.00146579804560254,-0.000794027294868993,0.016000000000000014,-0.004214729326377009,-0.005593173457463241,0.002402002633520972,-0.0005311942610968234,0.0062577826554945926,-0.038391976323577826,0.017130019657399576,0.03147540983606567,0.010152284263959421,0.009556907037358897,0.014542343883661157,0.011638316920322467,-0.12300469483568077,0.0031517334533992525,0.03311258278145712,-0.0030030030030029353,0.0010475378391761048,-0.003506244685913651,-0.0440022421524664,0.007198886168571228,0.011365138099643346,0.019541852133318827,-0.0006156119182468833,0.002776920703486674
2008-06-30,-0.14068165337200866,0.0029876444907119826,0.004954757044532743,0.0015016398200315972,0.0015425157657615873,0.0037975943922254896,-0.016877351541892405,0.00045840263646068635,0.013650076116039633,-0.007338740826573931,0.00759352790404999,0.04427333974975922,0.03656821378340358,0.017316017316017396,0.012731902510003446,0.015519765739385072,0.07705614681659201,0.011453697894146186,0.007185158802230918,0.009332211779568,0.001812191032919186,0.0036574744698805173,0.0015277876398085422,-0.0010248052074001146,0.023622047244094446,-0.004496659553786753,-0.006338680152680132,0.0040274269216891145,-0.0012131476919325923,0.006019610927586294,-0.019235701461913335,0.011043622308117174,0.005721551176096629,0.020728643216080256,0.024096385542168752,0.01433389544688013,0.04247787610619458,-0.0995717344753747,0.016157989228007485,0.01089743589743608,0.025769745649263598,0.0005351257366907891,-0.003861221631885403,-0.0644972148929931,0.006155180038358132,0.006988302820002845,0.020764561814503146,-0.0010471849205369033,0.0009342657342654714
2008-07-31,-0.08185654008438836,0.002107977690127383,0.005899801258077542,0.0015767182932695523,0.0018876731958792359,0.004035177863260353,-0.0180915656043652,-0.0010871750041790973,0.00854059183147915,-0.035019455252918275,0.004912036867707803,0.08018433179723505,0.05088195386702843,0.024468085106382986,0.005028735632183867,0.009803921568627416,0.06649790502793307,0.007035372616763125,0.006857300411981182,0.00839219329588059,0.00210325100453268,0.004188182715372468,0.0016924111369802652,-0.0012084241945649055,0.034615384615384714,-0.0046751094569278395,-0.006963060483770933,0.0061391149322826966,-0.004050445695457094,0.004951578771799969,-0.03138075313807531,0.009011469142545137,0.0,0.02430769230769214,0.031932773109243806,-0.007481296758104605,-0.011884550084889423,-0.06064209274673016,0.0022084805653710404,0.00443880786303108,0.009135399673735778,0.001301105731647434,-0.00421566673559326,-0.030084612973989455,0.0033771287330912614,0.004003364171572654,0.02378468600041761,-3.08318431275767e-05,-0.0010451773727481184
2008-08-31,-0.0560661764705882,0.00020700952201058165,0.004857855370840047,0.0012589013018127204,0.0018348282580291642,0.002774149823849381,-0.021542178097242903,-0.003391427365940891,-0.000778708004212092,-0.03245967741935485,0.002986318620724848,0.0631399317406145,0.04131697869593287,0.019730010384215957,0.004646175839885691,0.007424328954882764,0.01808836288038762,-0.002071337799263606,0.005577796355062281,0.006927000548859086,0.0021287173901611833,0.003440895841821723,0.0015457115067605276,-0.0015188859761999796,0.037174721189590976,-0.007179964595560029,-0.008524098545546921,0.002686443463225885,-0.009321092064978331,0.0036046222148458096,-0.044636429085673224,0.00405953991880903,-0.010113780025284513,0.013817963352358076,0.020765472312703537,-0.015912897822445538,-0.0257731958762889,0.059493670886076044,0.004847950639048193,-0.00757575757575768,0.01778208858713226,-0.0006820889270466868,-0.006992148674212051,-0.02100161550888524,-0.005229057003891979,0.0017759013537059776,0.011310372936621071,-0.002158295563161161,-0.0013819728081463367
2008-09-30,-0.0457643622200582,-0.002027418149582738,0.004551243683823758,0.0017167388941605743,0.001998555618883957,0.0009083654348234216,-0.02632048020319011,-0.006412611397838552,-0.012164816872219597,-0.04021671181496134,0.003968088368438982,-0.02327447833065799,-0.0030998140111594408,0.004073319755600879,0.003557452863749644,0.00963718820861681,-0.013940251471202925,-0.014419887003029763,0.003778545082592899,0.005417790707849202,0.0018735046889188922,0.003230534800757745,0.0016322324882653838,-0.0018568186507116335,0.03942652329749108,-0.014452534313675325,-0.013155143477779352,0.008778805455400551,-0.015469885864313748,0.0037492958765499296,0.17520723436322516,0.11051212938005395,0.05747126436781613,0.04148148148148145,0.06461906661348227,-0.05702127659574463,-0.11375661375661372,-0.019115890083632125,-0.007456140350877383,0.020992366412213803,0.001905972045743276,-0.0038646377912822105,-0.014581469816193682,0.025412541254125287,-0.019953259384137056,0.002268104619510991,0.006045340050377712,0.005438309180236578,-0.0004426191850205319
2008-10-31,-0.10306122448979615,-0.004098246962979335,0.001640572355024572,0.00169597002516797,0.0017157187444125643,-0.0019332002535603632,-0.031358188518952,-0.010463930602181315,-0.02448248712018919,-0.042553191489361764,-0.006303606863124145,-0.09038619556285954,-0.037935323383084585,-0.002535496957403627,0.025168380007089652,0.054744525547445244,-0.07947559802370896,-0.029386451208775144,0.001737384998719227,0.003975457143478689,0.0013699714786832295,0.0010474324561733361,0.0009832058427916568,-0.002260566291506838,0.03793103448275881,-0.01148069860899592,-0.013229230797933034,0.010666101575192322,-0.021062707741980935,0.006595324579039552,0.33712728438602113,0.233980582524272,0.15277777777777768,0.10327169274537717,0.06931434994379915,-0.14530685920577635,-0.33432835820895523,-0.1303288672350792,-0.01900132567388424,0.12585669781931452,0.012048192771084487,-0.013797759005668486,-0.011951701701253037,-0.0070807853234631235,-0.04151505249368481,-0.006877909166466689,-0.010215322984476582,0.009742155567165733,0.004910203807089619
2008-11-30,-0.18316268486916942,-0.005393249983249193,-0.003950355669493422,0.0016825824404727019,0.0014085119251852074,-0.005954823031890655,-0.0351705206803159,-0.015204761972854364,-0.03475283111755434,-0.08934240362811785,-0.0032754625840691887,-0.14724480578139099,-0.09114414996767928,-0.05388917132689375,0.015214384508990264,0.05696034069736511,-0.13549324216604952,-0.04352241885633745,6.423914335607073e-05,0.0027180854825983314,0.0008429048277336371,-0.002741357171736847,0.00043655115492780006,-0.003126445233228803,0.03986710963455131,-0.013625588265724242,-0.016730079923120922,0.015096449538719803,-0.023907390699326125,0.006795066224403401,0.19116412900131907,0.24645948072383939,0.15976951283394447,0.08380608561113978,0.030483531885073578,-0.2302006335797253,-0.7279521674140508,-0.23809523809523803,-0.031081081081081097,0.14997232982844522,-0.015037593984962516,-0.02238031834412635,-0.014409355549429792,-0.003565640194489461,-0.06559687898850264,-0.00438286984364733,-0.02398057270059717,0.01969198928658389,0.01151829540383753
2008-12-31,-0.2576601671309193,-0.005819324159859862,-0.0070100144377958085,0.0013284609638406497,0.0008865854086512748,-0.0076116396972011335,-0.03735966447947081,-0.02006101985841169,-0.041345455710128265,-0.09038844621513942,-0.003167623096643424,-0.18644067796610186,-0.12091038406827892,-0.09349811929070384,-0.021117166212534122,0.0319818685469655,-0.18936972379313177,-0.05465844443751755,-0.0008859673121314193,0.0018338305235272578,0.0004039763486343162,-0.00478271717144696,-2.0454405992520464e-05,-0.0038694570466850653,0.04792332268370614,-0.018372444008531108,-0.021187251939367213,0.022927568163040535,-0.023675630467611897,0.010059033316737631,0.08585375673091411,0.15969701751617493,0.11743450767841024,0.06423982869379019,-0.0010200612036721513,-0.3058984910836763,-1.3296703296703298,-0.2996323529411765,-0.07903300790330081,0.1376323387872953,-0.045165394402035486,-0.02646285165611051,-0.019401882199178044,-0.0035783994795055563,-0.08927539648050808,-0.0044407371334341805,-0.035869790586771644,0.032474703757872314,0.017921641070886896
2009-01-31,-0.347091932457786,-0.005308828580427805,-0.006261624130188159,0.0014154138976707475,0.0008793411123801942,-0.0065683053772125355,-0.03760347350786286,-0.02370532439181461,-0.04159082792966684,-0.0969066520667945,-0.0006955770452253818,-0.18489583333333326,-0.10113268608414239,-0.05690574985180796,-0.020528879610299033,0.024158125915080264,-0.1892472574692886,-0.058965680006561105,-0.0006749091039492949,0.0017418795092702943,0.00015077713997380116,-0.004619919822903107,-0.00032727719014358225,-0.004617604193601466,0.051829268292683084,-0.02017460863123899,-0.025107209237127392,0.024231002221175135,-0.020577746010812192,0.0120311038235974,0.11211011725448405,0.10749761872363561,0.08447857720291019,0.04963112005365522,0.023485364193328806,-0.19960474308300402,2.5166666666666653,-0.4251968503937008,-0.06915699141847553,0.09983079526226746,-0.04330446369087282,-0.02249304484682768,-0.02137890749925153,-0.00587659157688547,-0.10652192148551987,-0.004849611982609803,-0.029892473118279583,0.02983434997542722,0.01851079390015986
2009-02-28,-0.4568965517241379,-0.0042520178807508024,-0.005755551328103792,0.0010985161173415747,0.0009947276667967575,-0.00587508352722399,-0.036239648785750145,-0.024845209493563836,-0.03553809090632465,-0.07214307365868433,-0.00290697141936036,-0.15974440894568698,-0.08910891089108908,-0.052168447517284666,-0.01349911190053299,0.018346437931856086,-0.20183943881527677,-0.05529701653580643,0.00046358359992426657,0.0025467645299468433,7.28894024626392e-06,-0.004454718606152097,-0.00037285438217571354,-0.005084773281103128,0.06376811594202914,-0.012414526033877715,-0.018566490102026822,0.014983242426233723,-0.016576058022011342,0.011232046120968286,0.029004834139022995,0.07887946922226341,0.04547148714125959,0.03194888178913735,-0.01130695044895258,-0.15802469135802455,0.18483412322274861,-0.3881278538812787,-0.03687635574837311,0.061153846153846336,-0.035515320334261746,-0.01997914393869893,-0.013703470764321879,-0.04597701149425282,-0.11330864049518174,-0.007098975223343573,-0.030591886499667376,0.019313364960839907,0.016637235921111326
2009-03-31,-0.4179894179894179,-0.0030416501330360335,-0.004220659848581554,0.001098115183835624,0.0013492380719066777,-0.005282178468390963,-0.03383919590715223,-0.023802137326124462,-0.024854045364930077,-0.08885984972231309,-0.003295722174662341,-0.14258555133079864,-0.11166007905138342,-0.08620689655172409,-0.028087864602088564,-0.010762751520823621,-0.11198781297605565,-0.04477327587429436,0.0021504257964524154,0.00411364673791903,-0.00011749949182415786,-0.0033475184994442575,5.458440796379804e-05,-0.0056374134360331896,0.059945504087193235,-0.01766296158609415,-0.021092011925869403,0.014062803496277088,-0.013311495211816404,0.009834373617732428,-0.06378584156811917,0.0097938731351781,0.007486631016042855,-0.016511867905056987,-0.07500840901446348,0.12023460410557174,-0.6759999999999999,-0.3507462686567163,-0.029842342342342176,0.019209858644436473,-0.05812274368231063,-0.0149552835031872,-0.018973043802362866,-0.001032702237521499,-0.1083846623761544,-0.007862089923878823,-0.020923850903270202,0.017570433202059865,0.01401590457256452
2009-04-30,-0.21818181818181837,-0.0020429210025325606,-0.00041820353325472404,0.0008783321172223246,0.0016178238383903754,-0.0022938394027468556,-0.02954490759364481,-0.02062467817314817,-0.012962544460280001,-0.062387952671208224,-0.0010966771603617698,-0.019955654101995512,0.010011123470522909,0.01669085631349798,-0.027047054464616638,-0.019394512771995998,-0.03365003958828172,-0.029946059157333282,0.0035551095718537873,0.005624409216625104,-0.00024210439271687978,-0.0006753785972976045,0.0005890245843851449,-0.005551510738988075,0.05655526992287929,-0.01673058328410626,-0.01753386682902447,0.012846215729590993,-0.011794541750172582,0.009098607589392183,-0.08366137474585811,-0.07251607082440503,-0.03609341825902346,-0.026023084994753365,-0.04327272727272724,0.2984293193717278,-3.777777777777777,-0.034482758620689724,-0.013929193267556483,-0.007823613086771042,-0.04561134534304323,-0.0052009453078619705,-0.01800656122355404,0.03376981392143352,-0.08926309553751421,-0.006219956228107781,-0.008992175639378708,0.012747300332891287,0.009065158730568124
2009-05-31,0.023255813953488413,-0.0011779260048908613,0.0015302853265990457,0.0009112828051773825,0.001817226832883101,-0.0002019629163446668,-0.021720785801846776,-0.01619514550792356,-0.001685501405454426,-0.007648183556405397,0.004101831708653858,0.03619909502262453,0.08700440528634346,0.08708065667380427,0.018659558263518727,-0.008924264351182098,0.08257089535254214,-0.012643784970418293,0.004259092424796718,0.006410864679722961,-0.0003154608331610298,0.0006554239163960585,0.0008409683409513757,-0.005067909689789318,0.05109489051094873,-0.012942382145297415,-0.012738470828447368,0.0037822913120770796,-0.01100427027116635,0.006185477511629234,-0.052306094509748435,-0.0780642023346303,-0.056167400881057095,-0.03964662788192208,-0.02546560243253526,0.340725806451613,0.7199999999999998,0.17857142857142883,0.08004708652148307,-0.04444444444444451,-0.007630522088353464,0.0016772306456322994,-0.014098799999077372,0.028666666666666618,-0.05412292417701925,-0.0009760349450340655,-0.00011784115012969387,0.000427578834847786,0.004218308994968778
2009-06-30,0.06818181818181834,-0.0003429996719149786,0.0026880202923422747,0.00042434335072427665,0.0016186969581146737,0.00010610296068080949,-0.011441215798049797,-0.011728499588869346,0.0069811109416537676,0.03660886319845846,0.00038222927876252477,0.03711790393013081,0.06990881458966558,0.04333552199606028,0.020934579439252365,-0.015575565831102423,0.11747887146280966,0.003109222510451426,0.004187358272224495,0.006308066847428684,-0.00027145227584590703,0.0018221995580485206,0.0011581985697379782,-0.004618732178373608,0.03935185185185208,-0.008528968637593781,-0.006586873331117515,0.00787520253212226,-0.009928593724385482,0.0041078883919798415,-0.0921046077210459,-0.075309944605645,-0.0676779463243875,-0.04352703612295261,-0.06630265210608421,0.09172932330827055,0.24806201550387597,0.05050505050505061,0.07574931880108982,-0.06901725431357841,0.012950222581950888,0.002364208480448271,-0.009484876131658493,0.03110823071937796,-0.012358335550155086,-0.0013717648659004045,0.003417796110783966,0.006811625173629432,0.001313638932592065
2009-07-31,-0.06382978723404265,0.0006033276197379145,0.0018963687494193415,4.971290795641181e-05,0.0013461241051384576,0.0012608590979756862,-0.0012238218535719492,-0.00851754577685404,0.012632290186414208,0.004460966542750855,0.0010929784857747205,0.02736842105263171,0.05113636363636376,0.03146633102580232,0.0051263273526180875,-0.024474660074165544,0.09380291229258386,0.014449474463556822,0.00369089164474512,0.005796073617517106,-7.379210205238351e-05,0.00148406552511271,0.0011704687999747332,-0.0040190514856704995,0.026726057906458545,-0.005021171906197774,-0.003311386985742293,0.01157718957180598,-0.008164253439089997,0.0035134619056709226,-0.11209261494568212,-0.11638853230637569,-0.08802670004171875,-0.06685432793807167,-0.08855472013366761,0.11707988980716255,0.153209109730849,-0.11538461538461553,0.041540020263424404,-0.06768734891216754,0.007191370355573268,0.0034886976585717377,-0.005734320070946652,0.03048397234443745,0.021852435355422584,-0.0001494902382874752,0.0037585153864221343,0.009922793239765415,0.0014949735328666502
2009-08-31,-0.022727272727272707,0.0017674793961548474,0.002762839712215248,0.000127483216714408,0.0011359503142827077,0.004704947428478379,0.007029392417479574,-0.005530016429786566,0.016526250721647706,0.029977794226498933,0.001484460869134674,0.032786885245901676,0.06486486486486487,0.042098840756558786,-0.008743169398907069,-0.04662949822605167,0.07939456484348129,0.021959912254517988,0.0030755117745067118,0.005336601781801287,0.0002635597974687265,0.0022837909574529025,0.001323167899584199,-0.003063336846892639,0.01952277657266821,0.00039853803898259876,0.002677503974761297,0.010693210796693497,-0.0055466511876989255,0.0019456178406973557,-0.11203114379286894,-0.12768361581920906,-0.12625800548947863,-0.08345902463549526,-0.047662694775435166,0.04438964241676957,0.07001795332136451,-0.05434782608695654,0.03550583657587536,-0.11279170267934313,0.011503371677905605,0.011243214606026841,2.078446509790055e-06,0.025617566331198605,0.04389376338841555,0.0007625142036959964,0.008073952726421751,0.007224484434519951,-0.0009545424542910519
2009-09-30,0.0,0.002856845426775889,0.0029438904932510557,-0.00013147536199831222,0.0011081890055599786,0.0031496605951699674,0.010293392621232522,-0.0031931951663995983,0.01892833206275979,0.03844771828961546,0.0008556435832227649,0.007936507936507908,0.024534686971235065,0.008782201405152401,-0.009555310547592843,-0.055289739500265944,0.06268723309324997,0.025422617504484046,0.002701474225264233,0.005390234928430715,0.0006180118863334805,0.0023191554577908224,0.0012309112589912186,-0.002416700867662658,0.017021276595744483,0.003721479586218601,0.006101488391022869,0.006313916212625115,-0.003096557108820619,0.0017994065281898841,-0.07578288100208774,-0.10214655810510731,-0.11623036649214635,-0.08228195282501372,-0.05919153031761293,0.03305785123966931,0.09228187919463071,-0.04597701149425293,0.0201972757162987,-0.12420847540185109,0.010196078431372602,0.004932488270464441,0.0037014086196558438,0.024977698483496846,0.050949832042630705,0.0008582123619100823,0.005803830528148479,0.0035472091810120343,-0.001240057937132999
2009-10-31,-0.06976744186046513,0.0036669253483321285,0.003247212816759104,0.0,0.0014561933810219863,0.003742251658842566,0.007816810085889525,-0.001392618448460059,0.020244425226890295,-0.0020761245674740803,-0.002121719709659464,-0.003937007874015741,-0.002477291494632494,-0.0034822983168891763,-0.014471243042671667,-0.04980303882948789,0.049962513120408,0.025930290974772063,0.002613578760688684,0.005983748176659143,0.0008990292965849189,0.0028691888245544472,0.00181471797293975,-0.0021549120217785322,0.012552301255230436,0.00614290016721597,0.008272677648863525,0.007085841640523727,-0.001261789888579612,0.0009762848097665255,0.013327309690535527,-0.08450123660346254,-0.08471563981042662,-0.06545128511655707,-0.04143222506393884,0.022857142857142687,0.03840245775729656,-0.1325301204819277,-0.0018416206261507861,-0.10400444938820896,0.004658385093167627,0.005063088477355482,0.006511707435836289,0.005512039454598439,0.04759830078621663,-0.0018277351343102266,0.005077899596076074,0.0040544755172056135,-0.0022949201357617133
2009-11-30,-0.11249999999999993,0.00391848919190152,0.00226856926979746,-0.0002253014308645218,0.0014149242642214066,0.0026849395636823203,0.0016040490983759703,-0.0005118856142539707,0.01980669571209659,0.0010402219140084323,0.0013869116632667655,-0.08695652173913038,-0.04387417218543055,-0.018637157833430562,-0.015813253012048167,-0.03494225644062787,0.02399245951272455,0.02405450086833083,0.002513090037769894,0.006516181042550029,0.001022667619544393,0.00218609375315304,0.0017324767198443336,-0.0014468630354083079,0.008264462809917328,0.007556679727994897,0.010731668713598319,0.0037765803906475437,-0.00024388652915874331,0.0013517352398089155,-0.01367216525486703,-0.06528590724898697,-0.04207119741100318,-0.05788295490885831,-0.03628601921024566,0.03687150837988851,0.06065088757396442,-0.18055555555555558,-0.009686346863468587,-0.05338299193047802,-0.02472952086553326,0.0029660718505564176,0.008298296636036318,-0.009809578765147209,0.03981927982576816,0.0014406061512386437,0.003789183603168933,0.00062124663491403,-0.000841536186056091
2009-12-31,-0.0563380281690139,0.003747852916289096,0.0024273575513416024,5.613755947586618e-05,0.001471115047015692,0.003340658810861985,-0.004830275466452094,-0.0001096218818982253,0.01786747984279846,-0.004502944232767647,0.003290269157207426,0.0021645021645020357,0.013852813852813783,0.019584569732937762,-0.005738332058148332,-0.022092666462104726,0.028478982455161672,0.02091368744069455,0.0023022834582158147,0.006749027454107326,0.0010320458347816697,0.002275289948453718,0.0017294804352523396,-0.0013108171578904981,0.008196721311475308,0.005870737620695898,0.007310742360516986,0.003774353567063571,0.0002548147159484593,0.0013309975862367818,-0.03194214253427763,-0.0681599229287091,-0.03851351351351351,-0.03258655804480659,-0.01439645625692132,0.06034482758620663,0.11297071129707104,-0.22033898305084743,0.0037261294829995517,-0.0491803278688524,-0.004358161648177594,0.003682514847209273,0.006951806656466442,0.01893939393939381,0.03200142230589842,0.0031491777792160836,0.006405856783344932,0.0011899834437085755,-0.0012250835864321408
2010-01-31,-0.0746268656716419,0.0034096820888562807,0.0018874792589773648,-0.0011908513745312321,0.001032262516069693,0.001041105654204788,-0.007313262235994489,0.00046430372893735417,0.015087904753236847,0.009742519137091232,0.0036245909781464913,-0.03239740820734316,-0.004269854824935915,0.013387660069848817,0.0,-0.010354565422027062,0.01941852896506835,0.01773785019985863,0.00206484885268865,0.006653323846923076,0.000996856204281693,0.00213396191458326,0.00172874253650801,-0.0010527965966237174,0.004065040650406582,0.005825737268477349,0.007152237514540305,0.0020173564274885702,0.0004797016251933961,0.00017235110517188623,-0.0108171206225679,-0.06668389764797111,-0.028812368236120767,-0.03368421052631587,-0.012359550561797938,0.07012195121951237,0.09899749373433586,-0.23913043478260865,0.010672853828306073,-0.032413793103448274,-0.006366892160763804,-0.0005191924660856717,0.007217319714641901,0.02487846725764964,0.027251538267743625,0.004242509448473708,0.007842691520800082,-0.00012919228980412534,-0.0015741190299746188
2010-02-28,-0.032258064516129115,0.0032400072206901775,0.0013094328035045955,-0.0011384784853257779,0.0007355335248198092,0.0033120728656030884,-0.004567546038043768,0.001818777871271493,0.012563984123688421,0.006547208821502615,0.002807327798731274,-0.03125000000000011,-0.0008576329331045907,0.017231476163124704,0.008464794151596733,0.0009511731135067869,0.018516547834415142,0.0152316046142984,0.0020533209218243087,0.006537548822220796,0.0010021921202985062,0.0018042138416616282,0.0015507146527951043,-0.0008292779742846701,0.0,0.004820227651005871,0.005041907207968155,0.0035262443115484654,0.0006404208591599403,0.0013667684071130282,-0.048068601998269345,-0.03378565494322894,-0.01736613603473225,-0.02214960058097315,-0.009101251422070522,0.036087369420702675,0.05245153933865465,-0.02857142857142858,0.01974288337924701,-0.018531717747683585,0.0004004805766919528,0.004857036684235094,0.006463183307466869,0.0002790178571427937,0.024695721676418536,0.003401080440081694,0.007781662343520956,0.0028425976173864775,0.000179159180372368
2010-03-31,0.06666666666666665,0.0034571830052654295,0.0007772648198338672,-0.0013897551973147682,0.00025557090189343157,0.003574240747939106,0.001374907114675361,0.004256907522606657,0.011042247979099695,0.03491954809996578,0.0037320202621302645,0.02764976958525356,0.02060085836909864,0.024280067758328583,0.004578405188859325,-0.0006335128286346636,0.014157350329119245,0.013821890577980556,0.0023306380225682766,0.006611908889781137,0.0011090140807206161,0.0013296009640717532,0.0011136206788380232,-0.0003018059080046598,-0.002024291497975672,0.005773928341542112,0.007526557843894777,0.004119281084546289,0.0008284886431884075,0.000860431017005947,-0.1082644628099173,-0.050444253367727176,-0.028718703976435833,-0.018937987374675114,-0.005166475315729002,0.021998166819432008,0.02383531960996743,0.23529411764705865,0.02026114362899567,-0.02614379084967322,-0.0016012810248198228,0.0075452755597920085,0.007624173017526825,0.008368200836819994,0.02356685330560615,0.004292338626944003,0.00906445837063563,0.0032726054577782993,1.0235833606264677e-05
2010-04-30,0.125,0.003916563188457234,0.00015551627261545242,-0.0010077472582754599,0.0001413435245638528,0.00390514820097021,0.005606673920112826,0.007055105266939199,0.01060054197731497,0.0327489249090307,0.004569503265351216,0.06726457399103136,0.03532380151387726,0.026460859977949003,0.0037979491074817684,-0.0022187004754360418,0.01648379951578849,0.013278976794634412,0.0026023678073552325,0.006491572311087435,0.0012623867924730359,0.0009392548578126547,0.001040759732222618,8.62562920884713e-05,-2.220446049250313e-16,0.005667075122733678,0.007249365163580546,0.0012886445587279027,0.0009547256013047178,0.0007442806974566896,-0.02279888785912887,-0.061575611228493754,-0.04624715693707371,-0.018168054504163367,0.0,0.02869955156950632,0.02751322751322771,0.2619047619047621,0.016769638128861564,-0.03877703206562266,0.011226944667201089,0.007767927589809931,0.007678711053461074,0.013278008298755362,0.022554195371367936,0.005102641213389214,0.007763114117777636,0.0017465454358656096,0.0006550866454446691
2010-05-31,0.11111111111111116,0.004282660278427386,-5.244407805160556e-05,-0.0008790426089920755,7.337953526298513e-05,0.0031301691320211322,0.0036940244907137654,0.009320246580901914,0.01054755812752095,0.0006406149903908087,0.005108310946611905,-0.07983193277310918,-0.047928513403736606,-0.029001074113855996,-0.01135073779795659,-0.010165184243964287,-0.0011655602290578937,0.012921823739264537,0.0024342323461330473,0.005628391045792158,0.0013680021190467517,0.000887350814144261,0.0010911025949460473,0.0012906524725697643,-0.006085192697768638,0.007733542480856004,0.010175782716420168,0.002479514487448986,0.0007942047765390203,0.002035835410356013,0.09853945371775419,0.018977163074943793,0.027821939586645472,-0.016191210485736462,-0.030005770340450155,-0.033129904097645824,-0.04531410916580858,0.2075471698113205,-0.00868055555555558,-0.011636927851047196,-0.014274385408406087,0.0044859439141591295,0.009864492943969738,0.0030030030030028243,0.021047582412918153,0.005780844995300294,0.007373170463299106,0.002102456284293064,0.002260615173739877
2010-06-30,0.08749999999999991,0.004344144022776497,-0.0002659146220836961,0.00021047843926624843,0.0005081839354088569,0.0034557167259055,-0.003432116875219715,0.010353342306799185,0.01053509396338792,-0.024967989756721987,0.00453992123165059,-0.047945205479452135,-0.04692832764505128,-0.03650442477876081,-0.014542671259089257,-0.0006418485237484894,-0.007280568239472318,0.012215813679975263,0.001781208244246546,0.004127898685001519,0.0013852923067529943,0.00036570769980959206,0.0008911382001242085,0.001085950021688431,-0.008163265306122325,0.006016958172206932,0.008182942549559202,0.006289456327145837,0.0001519378055336862,0.003713429414307079,0.08564275230941898,0.01862373737373746,0.03944315545243615,-0.006661442006269502,-0.0327186198691255,-0.04598737601442737,-0.03991370010787476,0.09375,-0.020577933450087404,0.0400313971742543,-0.011665325824617878,0.004175459964482098,0.008189916499501404,0.004354926510615309,0.017908877827678804,0.004575460334962589,0.001747869783701228,0.00695936956299259,0.00380682166112134
2010-07-31,0.05747126436781613,0.004227948021145345,0.0002981981103074016,0.00034911105682278176,0.0005722087620372296,0.003433987632140978,-0.012582746868574302,0.010381486064769296,0.010936930926880306,-0.019041365725541715,0.004756422685409545,-0.062350119904076684,-0.062667860340197,-0.03846153846153855,-0.024466019417475948,-0.01059730250481683,-0.0001277694017837172,0.011303481607908283,0.000892167124123322,0.002549498455316712,0.0013832903311641331,0.0005406064097308594,0.000720755297997755,0.0011032100647174747,-0.008230452674897304,0.006061860378183681,0.009385047565978244,0.0032889346660736063,-0.001114271699131586,0.0025624044948553415,0.031809145129224614,-0.003718624109079749,0.021577380952381153,-0.01932938856015798,-0.04182041820418192,-0.031190926275992514,-0.0449438202247191,0.0714285714285714,-0.0281627179257935,0.026415094339622636,-0.020757020757020794,0.004594186545460399,0.00821592385982406,-0.015718157181571768,0.012536371880245367,0.005167804785409791,0.0033805888767721726,0.002540908628925642,0.002307966041380727
2010-08-31,0.032608695652173836,0.003991810781593719,0.0005244513962370245,0.0004158855379834403,0.0006569398547131566,0.002959930262397492,-0.0181065701413049,0.009678266317520556,0.011744327145225109,-0.012382864792503279,0.00455653993845373,-0.14066496163682873,-0.11652340019102192,-0.08179104477611954,-0.031050955414012482,-0.019798766634209652,-0.011296258433858064,0.009907912465703106,0.00013994894463276175,0.00135142059764215,0.0013975013123379565,0.0005336711035919262,0.0006154340147703774,0.0008564245655717784,-0.008298755186721962,0.005384967091015769,0.007169481346652962,0.004129772862492498,-0.0029655571378854884,0.003771929005573993,0.0652023121387284,0.03359253499222392,0.03932993445010924,-0.028157683024939595,-0.07060333761232351,-0.07024390243902423,-0.07529411764705884,0.01333333333333342,-0.03863845446182135,0.030882352941176583,-0.02618453865336645,0.0008004799082705905,0.0074571742630225035,-0.012940528634361237,0.00374290168163971,0.005155646072902975,0.0017389414194106667,0.0037510137875100824,0.0033119636444787215
2010-09-30,-0.010526315789473717,0.0037930919389417284,0.0008018980706625545,0.0004906376033038118,0.0008039064972646948,0.0028281470948992027,-0.017233089408442037,0.00879541898728653,0.012983173625210398,-0.03151474076584215,0.0029009099993997367,-0.16369047619047616,-0.12540540540540546,-0.07542262678803624,-0.03122432210353354,-0.019536423841059802,-0.023703665408674968,0.008903608072725167,-0.00018836284442302897,0.0008872427517283565,0.0014810556815627596,0.000624128543921243,0.0006261977982795486,0.0003450369879651749,-0.008368200836820106,0.0052136141441783135,0.00568540888573521,0.008202339874292752,-0.004993679941771245,0.0038856489103438197,0.011938354677664131,0.01956063797773111,0.046951646811492775,-0.024420529801324364,-0.06284530386740328,-0.06505771248688352,-0.09033078880407108,-0.013157894736842146,-0.04401913875598096,0.043509272467902926,-0.03158344003414437,0.0008333507211517599,0.007132200528347399,-0.01115760111576003,-0.004901583433718604,0.003689202233910782,0.0005424758598242541,0.006994243005757017,0.003022996001354805
2010-10-31,-0.010638297872340385,0.003559897373420995,0.001603429961811953,0.00045416076485826906,0.000784286087325059,0.0034200419130421267,-0.009652446707547946,0.0077645681504872055,0.014307630235449231,-0.013995801259622076,0.0020316293350375325,-0.14946619217081836,-0.11495673671199014,-0.04781997187060494,-0.01187446988973706,-0.011144883485308954,0.02134025258810146,0.00875534757989116,-0.0001159486530031284,0.0009682755181228409,0.001622729811483703,0.0011988179920019437,0.0007104344785657801,-3.8324219833851814e-05,-0.00421940928270037,0.001955099266973237,0.0032644797562821903,0.008147132370734944,-0.00699870580453521,0.0036528728443534497,-0.07772057772057761,-0.030991735537190257,0.01740294511378826,-0.03818413237165896,-0.06853352984524697,0.015712682379348974,-0.029370629370629397,-0.039999999999999813,-0.02102102102102099,0.03759398496240607,-0.024239753195240077,0.005421113978589798,0.0036766691365013315,-0.016643159379407746,-0.010371560956136117,0.0028551295520984343,0.0019518542615486467,0.006469246006870266,0.002081495854648008
2010-11-30,0.010752688172043001,0.0030814946571675605,0.0021935035232749645,0.0005618090573600298,0.0008622191806300084,0.003926630434782696,-0.0010547934054480068,0.00627216378087625,0.014863818498810799,0.0031937544357700798,0.0026494673832642146,-0.06694560669456073,-0.04469273743016766,-0.011816838995568513,-0.00042918454935614303,-0.010587431693989124,0.022786779001944035,0.009590762207789094,-3.2488220998661e-05,0.0008969500879756342,0.0017220639780655134,0.0016811957919293796,0.0008746161036186084,0.0003878559689960426,0.008474576271186196,0.0016557466285769262,0.003471155773590029,0.009795853050773795,-0.008587256176258773,0.003628038366736419,-0.08527792852159077,-0.02771855010660973,-0.00328947368421062,-0.022937803264225898,-0.035601265822784556,0.027624309392265234,0.0,0.0277777777777779,0.0030674846625768915,0.008563899868247793,-0.013098464317976455,0.007899006324985969,0.00314745782046022,-0.012621916236373987,-0.009027582341167961,0.0033993096932549705,0.00454545454545463,0.00881935274919643,0.001518900758444408
2010-12-31,0.0,0.002432536000504859,0.002624429253003324,0.0006869850126254295,0.0008840281373525549,0.003922872726077387,0.004721497525713492,0.004469839634090533,0.014538879098296764,-0.002476123098691163,0.0039794700698643215,0.026905829596412634,0.05994152046783641,0.02690582959641241,0.01288106483469309,0.003106662064204402,0.032113347189131725,0.011093477145937447,-8.565892963630084e-05,0.00046866718079341396,0.001760726423629455,0.00196288168675518,0.0009116520246457149,0.0006374922037462039,-0.0021008403361344463,0.0028872050399406657,0.00338165062152207,0.012575982250999207,-0.009539906207763349,0.004371481658633547,-0.04873294346978563,-0.03696741854636587,-0.015181518151815121,0.0022573363431150906,0.018047579983593076,0.053763440860215006,0.057636887608069065,-0.027027027027027084,0.021916411824668636,-0.012410189418680662,0.014645308924485123,0.0087192502417337,0.004139549066730863,0.019465427077280717,-0.00136538841576761,0.004485514343709696,0.006033182503770718,0.010075815573062252,0.0015818811831467272
2011-01-31,-0.021276595744680882,0.0019044041653686339,0.002980019081617158,0.0009574208962135344,0.0011662469739768255,0.003990355357321729,0.005052730577010056,0.002972318008378716,0.013502182921802053,0.010992907801418594,0.004663583209703948,0.048034934497816595,0.08551724137931038,0.06914119359534232,0.023314963967782987,0.01479697178251893,0.030942265661452417,0.012724562940452211,-0.00023529286228052282,-0.00015731334702961952,0.0017577401441239981,0.0022892109926149207,0.001148523913511612,0.0006370860663458267,-0.008421052631578996,0.001712862774557733,0.003099506828200038,0.011983812909428071,-0.009478972318288759,0.003860199420741006,-0.05808980755523885,-0.05985686402082002,-0.022117962466487895,0.010810810810810922,0.038678485092667136,0.083673469387755,0.1049046321525886,-0.013888888888889062,0.035910224438902905,-0.01719576719576721,0.019846639603067207,0.009352771870362986,0.002705321596473631,0.015104018238814243,0.009867292723403365,0.0067170682305282,0.008352966373955883,0.00789711742989141,0.0005465165835192298
2011-02-28,-0.03260869565217395,0.0018418251559517707,0.003297956686896253,0.0010890184217586807,0.0013521347885736557,0.004095341860340218,0.0029390975005763043,0.002556808169752456,0.012370664202364434,-0.027008067344791442,0.0056147958208685456,0.11250000000000004,0.10927573062261753,0.06058543226684798,0.028583264291631938,0.016615801966768373,0.03399156761392064,0.013666915477336561,-0.0001728305016828191,-0.00035428657832992094,0.0017748567447775088,0.002646345079006185,0.00138463586739479,0.0010927640349012169,-0.010615711252653925,0.0003250873941127441,0.0031371847005678966,0.011941320725537441,-0.008447787158193276,0.0042718570604241,-0.0506053726825576,-0.05121107266435976,-0.032899246058944565,0.01426024955436711,0.04732350659425899,0.05743879472693014,0.10480887792848326,-0.028169014084507116,0.04236880115551256,-0.029609690444145187,0.02786377708978316,0.008952604650137586,0.0010537444286191633,0.02610892756878158,0.018445291711111755,0.007520708462590786,0.011576040781648311,0.008150591888220537,0.000957134409733662
2011-03-31,-0.05617977528089879,0.0023331188716311235,0.003639144896214974,0.0011760798514897086,0.0014599878813812417,0.00445689156170781,0.0012516203454295827,0.003756279988818667,0.011803269150095108,0.020547945205479534,0.005191291759234717,0.17228464419475653,0.12256586483390608,0.05391527599486534,0.01812323801852611,0.010340226817878717,0.048470328050129075,0.013914521277443859,0.0001368795035263659,-6.837107041202106e-05,0.0019059939649264113,0.0028145876683822735,0.0013827213018851037,0.0010059577772918438,-0.008583690987124526,0.002934077925550449,0.004091688629312085,0.011789492069383511,-0.007355215614973987,0.00411060946030628,-0.034472451927867076,-0.042304886943836495,-0.04039688164422395,0.018014059753954426,0.05037037037037018,0.031166518254675202,0.08147321428571441,-0.04347826086956508,0.029561200923787556,-0.038834951456310884,0.027108433734939652,0.008436821244622195,0.003398181091042174,-0.0005471956224348817,0.02165146973221721,0.007037315107935926,0.013228346456692908,0.00902309913378252,0.0007609702370521276
2011-04-30,-0.1071428571428572,0.0030559373612963903,0.0040707182200574454,0.0011370374525232485,0.0014165653765569886,0.004155635688637194,0.0018671121176745409,0.0064622640821658806,0.01170562675647302,0.0031790886612503844,0.005088861734543926,0.051118210862619806,0.05102040816326525,0.03105968331303277,0.011471518987341778,0.003301419610432621,0.05690806820179306,0.012921505345070639,0.0004348450829074757,0.00027009821270884693,0.0020987783455492792,0.0032653685279633304,0.0015821804438072018,0.0012981836120355972,-0.015151515151515249,0.0021184170484889187,0.002559924052274676,0.008469364635817156,-0.0073403706690200465,0.004790402909525371,-0.09070271385821871,-0.05559786747905593,-0.03323485967503692,0.0,0.021156558533145242,0.04317789291882557,0.09391124871001044,-0.12121212121212133,0.013907581875280517,-0.043290043290043156,0.015919564306661194,0.007444277745581429,0.0023142660300112805,-0.004927456884752268,0.017334573921835572,0.006875921362702098,0.015956895658480796,0.003314653630618558,0.0012306337763947628
2011-05-31,-0.11999999999999988,0.0035117303029785774,0.0039020578087973767,0.0011013295192330297,0.0016422539756528742,0.0038107720601467943,0.0037928762418362183,0.010028378939138438,0.011497413546289748,0.007746478873239315,0.0037994596628023736,-0.04863221884498481,-0.03203883495145643,-0.01476668635558187,-0.002346499804458446,-0.010529779532741035,0.0255498731861461,0.01082343258457752,0.0002625122276982417,-0.00017831096115372702,0.0022590566711713223,0.003418021901465007,0.0020149219107292726,0.001323955821363354,-0.006593406593406459,0.00038643272552696395,0.0013204614265331927,0.010880263608353369,-0.009281137945538975,0.005377578491486679,-0.02610077167498892,-0.012903225806451424,-0.0022918258212378806,-0.01855848079413036,-0.023480662983425438,-0.0041390728476820016,0.016037735849056434,-0.17241379310344818,-0.005752212389380729,-0.015082956259427016,-0.010721649484536022,0.005557782358819763,0.00031484105156898146,-0.0005502063273729041,0.008391322111896082,0.005587752135864932,0.014686384497705207,0.007272900128345361,0.0022334031167716706
2011-06-30,-0.1212121212121211,0.0034711153222448665,0.003245652583338421,0.0012448282065116167,0.0016950487393636582,0.003405731062342765,0.005545950650972964,0.013030872771833568,0.010553759524512651,-0.007686932215234088,0.0030389648440827255,-0.04153354632587858,-0.01905717151454356,-0.014388489208633004,-0.001960015680125271,-0.01130695044895258,0.01392633435365176,0.008227447361151663,-0.00042703648178199494,-0.0014119200850579716,0.0022532375238297764,0.0027706660880886247,0.0018058143252450698,0.0016710359356508775,-2.220446049250313e-16,0.0014117409647722567,0.0012612649266636744,0.010477410068896909,-0.012440430284433424,0.006204087846839013,-0.03507340946166382,0.013888888888889062,0.003062787136294265,-0.008795074758135457,-0.016973125884016782,0.007481296758104827,0.006499535747446661,-0.22916666666666674,-0.012906097018246299,0.00382848392036772,-0.01208837015423092,0.005644686527424891,0.0010706516348728545,-0.007431874483897483,-0.00019411082157683168,0.0032641832558024664,0.011257412805306899,0.009131665880131923,0.004067999401764721
2011-07-31,-0.15517241379310354,0.0030929571416014046,0.003126092277381032,0.0015251546714449837,0.0017913525471155989,0.0035916163025531134,0.006255329257759401,0.014801593415005865,0.008812075316090073,0.03732394366197189,0.003021266044638038,-0.10999999999999988,-0.07975460122699385,-0.03649635036496357,-0.01139041633935578,-0.013118062563067467,0.01521452277180213,0.006042345186509923,-0.0014638961091536506,-0.0030397924868791337,0.002064298397135289,0.0025531344052169835,0.001751937916250279,0.001426451087022551,0.0,0.003183466552360903,0.0018760608268726386,0.011939798280250047,-0.016002358889186774,0.008671330538570166,0.0833232701364568,0.03223207091055591,0.01526717557251911,-0.02129547471162363,-0.03884892086330949,0.004125412541253981,-0.0073800738007380184,-0.2432432432432431,-0.017132551848512256,0.014492753623188248,-0.016877637130801704,0.003949540864397694,0.0025812942561844743,-0.03826955074875216,-0.004092366005939763,0.0033322538566074034,0.008746645462677671,0.010007716229803343,0.006385112658013892
2011-08-31,-0.08163265306122458,0.0026800634543817647,0.0027269178876900835,0.0017309259297648705,0.0021475628996023843,0.002447049300736026,0.006126660195058697,0.01473985225179919,0.005960505769055047,-0.005091649694501044,0.0031205289491282873,-0.2247191011235955,-0.14222222222222225,-0.0782828282828284,-0.030194676201827808,-0.022835719154737588,-0.032710372398038534,0.00414935398071159,-0.002317730366110493,-0.00402200326165858,0.001618710313296079,0.0022229080385103295,0.001847742502471661,0.0012831921568865479,0.0,0.0024024195279894744,0.0012811592312387265,0.022169552572475437,-0.017889020825659907,0.013008786501040426,0.15472076691561676,0.09875097580015613,0.05037593984962374,-0.015865820489573967,-0.05239520958083821,-0.035332785538208844,-0.04553903345724919,-0.2857142857142858,-0.03944954128440381,0.03308270676691749,-0.027467811158798483,0.0024012365691679083,0.001549005413613136,-0.03373702422145308,-0.0025636636054950923,0.0033498437443439943,0.00394127500246344,0.019747655978701317,0.009630375150474935
2011-09-30,-0.04444444444444451,0.002634641391342285,0.0022253702877519377,0.0017955879157569576,0.0021278318808128915,0.002450421487448784,0.006195907259405331,0.01353360704680151,0.0031858607092583036,0.03275332650972351,0.0026061358971587456,-0.17391304347826098,-0.13082901554404147,-0.09589041095890416,-0.043834494059811435,-0.026159748866410815,-0.04973736715664323,0.003110523837987156,-0.0025459138989644137,-0.0038031994617496734,0.0011479661112887563,0.0016580998176092265,0.001524152888982444,0.0011253353635880536,-0.0022123893805309214,0.0029025293166500266,0.0026635910747254687,0.0225493869037372,-0.017432425537062035,0.012373531704724883,0.2723235833574673,0.12966252220248675,0.05153901216893342,0.006448641179179759,-0.04265402843601884,-0.06984667802384992,-0.09250243427458626,-0.25,-0.06303724928366772,0.053129548762736345,-0.03398058252427161,0.0034297514354708625,0.0018249889292951682,-0.030737093404954008,0.0028290514399900157,0.00283658305235579,0.0005888703503778014,0.02022793316382132,0.009118273685033484
2011-10-31,-0.04651162790697683,0.0031191834350756675,0.0017238474430483208,0.002005292892730326,0.002070031170353648,0.002436973379748464,0.0074912161466018645,0.0118263685466109,0.0012246866758063302,0.016187644532540624,0.0024108068795538617,-0.11695906432748537,-0.10283159463487346,-0.06666666666666676,-0.04198800342759201,-0.014684813753581771,-0.03196572040706991,0.0029841183446404074,-0.0019313277008405905,-0.00224911063874067,0.0008188916611873154,0.0010555575859334532,0.001145206991236991,0.0012922264926122917,-0.0044345898004433115,0.004057241651412413,0.0035472066464197205,0.020606408682219746,-0.014424980482048877,0.011652268933592724,0.11009104704097106,0.0622641509433961,0.025187202178352575,0.004118993135011628,-0.028877887788778978,-0.014652014652014711,-0.012875536480686622,-0.1333333333333332,-0.059123343527013095,0.042156185210781016,-0.022841480127912428,0.00509925620003937,0.00277609469923501,-0.04156403940886677,0.009563785274455894,0.0025077796631509663,-0.0029426189308482398,0.016689289926344664,0.008716284925669449
2011-11-30,-0.024390243902438935,0.003835420122743294,0.002091790937756244,0.001935469036063564,0.0019514339317316942,0.0020832248320397095,0.010226867574066656,0.010433588084782786,0.0007750243317341532,0.033485045513653944,0.001909563605094755,-0.1324503311258277,-0.13289036544850497,-0.08928571428571419,-0.050089445438282865,-0.022173754998182416,0.002036164043998756,0.0035370671274956855,-0.000813653792535729,-0.00029587901531280547,0.0007853223452842784,0.0015054289935745313,0.0013494922453407554,0.0011574179141060625,-0.011135857461024412,0.003433075580365763,0.0026797655667529785,0.02089862131193665,-0.01043327992325338,0.010875920944918738,0.07709657576378914,0.07015985790408519,0.0345285524568395,0.009115770282588809,-0.029736618521665426,-0.035315985130111804,-0.029347826086956408,-0.23076923076923084,-0.06554712892741066,0.025198938992042397,-0.024777933613838177,0.004329576261420387,0.0019863402440547517,-0.025056215868936804,0.013780638794749223,0.0018540753023712497,-0.0024594195769799265,0.01906366959224326,0.0077240650952907774
2011-12-31,0.0,0.004466003989501921,0.0016148167386178525,0.0018328091836719018,0.0019343659976134298,0.0016000059396974464,0.01350663896745452,0.009670596228637418,0.0016179314088793362,0.02233406731676646,0.0027390325549272454,-0.08396946564885499,-0.09961685823754785,-0.08288770053475936,-0.04708097928436894,-0.0189591078066913,0.003048039757040266,0.004237877519571054,0.0003206917442557522,0.001228794315967452,0.0010011691875411177,0.0012801571355358643,0.0013848055811596094,0.0013752060920118048,-0.011261261261261257,0.003540241331387861,0.0026986460381746014,0.016251199832736152,-0.006677898448730568,0.00788355559294951,-0.011739323561139603,0.045643153526971014,0.03209242618741959,0.017163504968382925,-0.03239929947460585,-0.046242774566473854,-0.053751399776035935,-0.29999999999999993,-0.07478260869565234,0.03298835705045278,-0.028763183125599223,0.0048243501904532415,0.0019544334952836806,0.02042833607907757,0.013829598674702348,0.0025834394220021206,-0.004733727810650734,0.01449742268041243,0.005616452060080324
2012-01-31,-0.04999999999999982,0.0046896017712971805,0.0015310734712417062,0.001724396698131736,0.0017787939512177164,0.0027149237412205096,0.015748890533434645,0.009747881870438846,0.003269012917719971,0.04246153846153855,0.0041290883407583134,0.016666666666666607,-0.05319148936170215,-0.03887269193391629,-0.025691699604743157,-0.0049261083743842304,0.03062999581617598,0.004480603837432762,0.0009014085300469432,0.0015286520451796015,0.0013498839268228924,0.001494819529453073,0.0015857435763209082,0.0016902369199054412,-0.015945330296127658,0.0034796018000728957,0.0033823552089811137,0.009033693995305736,-0.004420858021513707,0.004655987044209775,-0.07820726852446391,-0.01825396825396841,-0.0006218905472635816,-0.005328596802841923,-0.02624434389140262,0.006060606060605878,0.018934911242603603,0.1428571428571428,-0.03884711779448613,0.012523481527864977,-0.01184600197433372,0.006108033352826503,0.0017836561063022671,0.061995479496286476,0.008862526870865972,0.0034431529932952287,-0.0024772096710267144,0.006520588546628625,0.0031786184615676394
2012-02-29,0.05263157894736836,0.0044904239793694956,0.0015252104429361868,0.0018002843550319891,0.001688395803684628,0.003770272143418074,0.01558456780848605,0.010123864066948096,0.004707651961959769,0.015938606847697656,0.005537196274129741,0.040983606557376984,-0.020224719101123445,0.006066734074823055,-0.012170385395537497,-0.004950495049504955,0.035552516878899265,0.003971224516461369,0.0007945105084277149,0.0008287780984181925,0.0016089322073671308,0.001661520301768027,0.0017291430288748355,0.0017702474881318153,-0.01620370370370372,0.00425968071796623,0.003580458392506536,0.008322597985152447,-0.0034012343502137776,0.004854600861239788,-0.1708693229311785,-0.06548100242522226,-0.012445550715619036,-0.0249999999999998,-0.024163568773234223,0.051204819277108404,0.05691056910569103,1.0,-0.0045632333767927635,-0.007421150278293265,-0.0029970029970028955,0.006761679459936776,0.0024924641436467887,0.04803891760413492,0.0013217747077842734,0.004889620090167135,-0.0020860236416010425,0.00652041309972029,0.0038154781861368114
2012-03-31,0.1499999999999999,0.004057522372673095,0.0018086489822943808,0.0018025591617236714,0.0017348144355562312,0.0035167505960984613,0.0133571061640263,0.010270515147595471,0.005474618980111812,0.024694944799535046,0.006308041013856069,0.06299212598425208,0.011467889908256756,0.0060301507537687815,0.0005133470225875403,-0.005357826253348685,0.04081043162498976,0.002731045652727415,0.0002357666079466636,-0.0002611750098885368,0.0017310184206746904,0.0020387642740182788,0.001971820575197736,0.001786670356311415,-0.014117647058823679,0.0018110677052227686,0.0013500726218169667,0.007417483937976366,-0.0031830092264467647,0.004963451138637609,-0.12148197933294136,-0.03114186851211065,0.003150598613736566,-0.011904761904761862,-0.02285714285714291,0.021967526265520343,0.015384615384615552,0.375,0.00982318271119853,-0.009968847352024968,-0.005511022044088154,0.006226609646348358,5.455188741843031e-06,0.0446765303162171,-0.007171432475720718,0.005788504776513159,0.003085805295640176,0.0073140659937724894,0.0037398213353279086
2012-04-30,0.1304347826086958,0.0035581657037844217,0.001771154234357697,0.0019148177190961846,0.0017616688607027253,0.0038842254942434984,0.010001138649407881,0.009476547442052397,0.005173457905668144,0.011908137227105264,0.0070500048535622195,0.014814814814814836,-0.031746031746031855,-0.012987012987012991,0.004617752693688804,0.0019238168526356514,0.012131784482416696,0.0009983471310559544,-0.0003710184459918553,-0.0009629113615745588,0.0016950086662557151,0.001891873466048688,0.0018507750256027133,0.0016919076671790823,-0.009546539379474694,0.003262240191869159,0.0026490140854138478,0.007335498704426735,-0.003551862879171752,0.005290689661556103,-0.10184565362914788,-0.05208333333333337,-0.002512562814070307,-0.03104726598702512,-0.03801169590643294,0.018691588785046953,0.03246753246753231,0.31818181818181834,0.01037613488975353,0.0006293266205159576,-0.005037783375314908,0.004257982231341106,0.0014302907313989977,0.03526798111635654,-0.014262615427598546,0.006581554620738617,0.002282425324997339,0.0032570586892932685,0.003814933543295318
2012-05-31,0.1730769230769229,0.0030908790894470517,0.0013054281278581659,0.0018045034949021321,0.0015946362712686568,0.003454313505451889,0.007140148423587567,0.007564930283836535,0.004215258288532864,0.003922667413841507,0.004829386720166751,0.014598540145985384,-0.0374707259953162,-0.030364372469635748,-0.00663942798774253,-0.006912442396313501,-0.007579615339417978,-0.000921501077775555,-0.0006620489085136239,-0.0009346625945796383,0.001646614571972016,0.001548066617899968,0.001721744441147699,0.0015481708952864714,-0.0072289156626508255,0.0026427265596498106,0.0006355501321944068,0.008984856169842903,-0.00469490800242911,0.00541835734557794,0.007027257240204587,-0.008477237048665542,0.008186397984886407,-0.023912003825920958,-0.020263424518743522,0.011926605504587018,0.013626834381551323,0.2758620689655169,-0.003209242618742003,2.220446049250313e-16,-0.010126582278481067,0.003505195532552019,0.0008108795864565366,0.025214592274678038,-0.020067551555752683,0.00439498266212901,0.002079207920792081,0.006906534325888947,0.004183279952938435
2012-06-30,0.1311475409836067,0.002699603362168679,0.0005967391095111907,0.0018012531273385868,0.0015282034943868705,0.0016938903379037917,0.0061175496137464425,0.005109652861991831,0.003126481782366186,0.009489254814401216,0.002747779826418384,0.07913669064748197,0.0024330900243312303,-0.01670146137787054,-0.010796915167094912,-0.008120649651972123,-0.03518777999250067,-0.002430876295688611,-0.0005392893219743344,-0.0004248506199201474,0.0016543375507573899,0.0007643441926825645,0.0013296262344986154,0.0011447434577538385,-0.0024271844660194164,0.0014786730326774578,-0.0004778975716011047,0.006427289048473783,-0.006408638832243185,0.0047684270296344256,-0.024952421230704402,-0.005383153894870318,0.009369144284822273,-0.008329250367466678,-0.012409513960703111,0.0018132366273799772,-0.016546018614270963,0.16216216216216228,-0.0212491951062459,0.008805031446540657,-0.01636828644501276,-0.0002869150456341618,-0.0003320201990616445,-0.0047095761381473755,-0.02365788675556224,0.0029834668029429245,-0.0008892401936566596,0.0060171684396437275,0.004816767558419421
2012-07-31,0.08695652173913038,0.002452946112512455,0.00022823463569920932,0.0017206552867954361,0.0016919172498655044,0.0005382190042220181,0.007880124121461662,0.002936259753698378,0.002394510584494247,0.009952999723527922,-6.64794432587712e-05,-0.04666666666666652,-0.06553398058252446,-0.04989384288747323,-0.02338877338877343,-0.010526315789473717,-0.02929144166257558,-0.003137267521854392,-9.710787143424326e-05,6.026089852495531e-05,0.0017833009992742621,0.00039036643527534665,0.0012566096154384976,0.000944641327759177,-0.0024330900243308973,0.001245743230336549,-0.0017380564804142518,0.009302864889935591,-0.00859919545213872,0.005470933765444608,0.005421817393190365,0.005730659025787954,0.010519801980197752,-0.01729249011857703,-0.036649214659685736,-0.005429864253393646,-0.01682439537329128,0.02325581395348819,-0.03421052631578947,0.010598503740648413,-0.023920956838273555,-0.0020567210183183304,-0.0005307346435677873,-0.007886435331230346,-0.024846369503103594,0.00031555284714057663,-0.0014833860759494444,0.009410659971012647,0.005159218575037983
2012-08-31,2.220446049250313e-16,0.0021868623981937674,0.0009713058249498641,0.0016950778776345654,0.0015311463967893069,0.0011285615111455982,0.011333953946887965,0.001477581980089182,0.0018669976428256074,0.01615110867779901,-0.000929152525332877,-0.07692307692307698,-0.11688311688311681,-0.07374301675977668,-0.027142096860031883,-0.012608353033884967,-0.02534979770735002,-0.0029554327279015524,0.000303146742578253,-0.0001360105758249075,0.0018690275961212865,0.000680753961521674,0.0010437040279642762,0.0008720726209516805,-0.0024390243902439046,0.0014647847249578128,-0.0008922512176319231,0.009968274728479276,-0.010574257325706937,0.0060314141188271275,0.02124676445211371,-0.0003165558721112127,0.008573178199632547,-0.0251382604323781,-0.04130434782608716,-0.006369426751592244,-0.007486631016042522,0.045454545454545414,-0.03474114441416887,0.010487353485502782,-0.021310602024507075,-7.20379189597109e-05,-0.0002560396962699718,-0.005034446210916976,-0.022409687095427566,-0.00043411005268645386,-0.0014855897791423711,0.010152078951625843,0.00486113988206216
2012-09-30,0.0,0.0020289753895001983,0.001596601370212447,0.001695324424508815,0.001527934457361102,0.0015756636212307384,0.014996788154056029,0.0011232315346925148,0.0015857891320347761,0.02532327586206895,5.518423418870988e-05,-0.030303030303030276,-0.05882352941176472,-0.036188178528347326,-0.025711159737418,-0.013966480446927387,-0.018615008756188933,-0.002184079254552773,0.00038992518385394526,-0.001230075695038635,0.0018597785820673174,0.0010278537777335117,0.0009866075563798038,0.001020510165564259,-0.009779951100244544,-6.014795575992604e-05,-0.0022080740234619034,0.012967354117266128,-0.011633215946517672,0.006331661310185366,-0.014996303727954463,-0.00949968334388862,-0.007893139040680008,-0.026817947395564867,-0.0374149659863946,0.015567765567765512,0.005387931034482651,0.0652173913043479,-0.02117148906139732,-0.0012210012210012167,-0.026129559063690855,0.002625633613513534,-0.001731240483626495,0.0050599201065246735,-0.017770136430503514,0.0006659244986384483,0.000694306685181667,0.011391391391391226,0.004704772114032085
2012-10-31,-2.220446049250313e-16,0.002102249007265966,0.002550664480797993,0.0018386111450152676,0.0015656135596051612,0.00236702691632229,0.017817336679795792,0.0018257536683636832,0.001522031074885577,0.0543878087230687,0.0023127410119583303,0.0234375,0.015625000000000222,0.016270337922402955,-0.018528916339135226,-0.019830028328611693,-0.011301550934085247,-0.0011466048674562135,4.794425355347798e-05,-0.003251631664528132,0.0017260670324661387,0.0018461199723927013,0.0012697046322698302,0.0010984637901918504,-0.00987654320987652,0.00014699155907127448,-0.0018994733632804461,0.013639229845640921,-0.011180285324017603,0.0070061704443478146,-0.058539723383724374,-0.0425191815856778,-0.041003671970624156,-0.03868574456809737,-0.03769140164899887,0.03697024346257893,0.04287245444801724,0.020408163265306145,-0.00216294160057684,-0.026894865525672218,-0.019005030743432072,0.0032660090862193236,-0.00147535410057964,0.008744038155803047,-0.012397414892489023,0.002877483438918471,0.0015858856179997716,0.011540212593281751,0.004172062229842011
2012-11-30,0.0,0.0025300615551060446,0.0023702144500450384,0.001864724807591367,0.001482402655992976,0.0034101614131014646,0.019210516851634107,0.002966665227972287,0.0017050258298032528,0.018938450037378374,0.005178301653073092,-0.06106870229007644,-0.03384615384615386,-0.006157635467980205,-0.008009153318077833,-0.021056977704376645,0.009469907974776648,-0.0002680828373795574,-0.0004800507824916922,-0.005454453615277632,0.001545992102545135,0.001806793543724483,0.0012788410905613112,0.0012252967957671057,-0.012468827930174564,0.000885925040396307,-0.0012102725281603055,0.012305280021815523,-0.009170832207221591,0.006983113275028874,-0.013779751736704315,-0.026377295492487574,-0.02807913209955315,-0.03803748621830216,-0.03916768665850667,0.024347826086956736,0.029804727646454143,0.0,0.007225433526011571,-0.03391959798994992,-0.01937321937321934,0.00600661258943469,-0.0006861838597896908,0.02495403204623048,-0.00870387848466736,0.00567786756835531,0.0019792182088076427,0.011741223435481896,0.004300030422601742
2012-12-31,0.0,0.003165989178536277,0.002283041625810389,0.0019294148629231955,0.001521831122703876,0.0029624877689258255,0.019491212944827474,0.003952795668363818,0.0020218751747123065,0.057715822939593986,0.011535580524344446,0.016260162601626105,0.03821656050955391,0.03345724907063197,0.014417531718569743,-0.010122311261071326,0.0007063393960797804,0.00030773795811689375,-0.0009229110290436271,-0.007200671049681029,0.0013713777880932643,0.0017001744471796254,0.0012192504185808417,0.0013695228380201652,-0.00757575757575768,0.0010602822770844345,0.000775912148513358,0.01249242373223769,-0.00624138552652731,0.007764730814815879,-0.0105080831408777,-0.028120713305898493,-0.02757715036112951,-0.020630372492836613,0.04968152866242037,0.021222410865874064,0.02594810379241519,-0.06000000000000005,0.020803443328550886,-0.02795838751625479,-0.00813480534572919,0.0058061150254848926,-0.0004613300685090138,0.0015376729882112805,-0.007097608757302254,0.011884031361793612,0.0013827160493828927,0.009960929944683228,0.005714854099412969
2013-01-31,0.01333333333333342,0.0036964064307951627,0.0015246212039228269,0.0019287916410268835,0.0017281819197192405,0.0035286740701745423,0.018936672397089627,0.004218163911138495,0.0022824575988797946,0.030982658959537446,-0.00037742699892984177,0.040000000000000036,0.08895705521472408,0.05395683453237399,0.01819215463331436,-0.007669365146996232,0.0011690488794775522,0.00046273798736962135,-0.0010064447912799812,-0.007730528817195714,0.0012449953174205053,0.0014108976046327548,0.0014964796281524695,0.0013869543136655338,-0.00254452926208637,0.0018442073002091774,0.0005694234432684908,0.0113239549037214,-0.003511202443914452,0.007052606368374903,-0.037227214377406836,-0.03634438955539876,-0.026333558406482105,-0.011702750146284413,0.06310679611650483,0.0282626766417291,0.03696498054474717,-0.06382978723404265,0.021784961349262222,-0.02742474916387938,-0.0035149384885765356,0.0046826674393694034,0.00038388076085005274,-0.0012794268167860556,-0.007470628267015944,0.0015862462948603717,-0.00019725811223991752,0.008637033916157444,0.005516044631859396
2013-02-28,0.013157894736842035,0.0037506703901653005,0.0016614770721350425,0.0019181343944023599,0.0016508681751510323,0.003315746033905942,0.01784655582994099,0.0038147230600347193,0.0022806659835161724,0.02579053599461756,-0.0021443398826506144,0.01538461538461533,0.04225352112676051,0.027303754266211566,0.022892238972641143,0.0004293688278231844,0.0013219061887241867,0.00039060324476358765,-0.0007455428409607334,-0.007014662765214452,0.0011343930384883905,0.0015161551483036106,0.0014685545227626218,0.0015362896528816616,-0.0025510204081633514,0.0029072240335428212,0.001876438908406275,0.006354921981617689,-0.0019081915236297542,0.00539645894843499,-0.002666666666666706,-0.02782863419992665,-0.012482662968099856,-0.007104795737122527,0.050228310502282936,0.008892481810832686,0.0065666041275795894,-0.022727272727272707,0.019944979367262805,-0.017193947730399173,0.0064667842445622625,0.005980717058583718,0.0015075801033812564,-0.001793492185498291,-0.007930205955002267,-0.0001712527492435667,-9.864851533991637e-05,0.005088478772689475,0.004140046229025751
2013-03-31,-0.02597402597402587,0.003401679855813633,0.0005557837759464501,0.0018174299230599988,0.001527340692756729,0.002724844262748549,0.016968527520985877,0.0031748155711810444,0.00202988765943668,0.020769567118495758,-0.0037598606536569656,-0.037878787878787956,0.013513513513513598,0.01661129568106312,0.025109170305676942,0.011587982832618193,0.007656934145965799,0.00030831808054010423,-0.0002702303915654847,-0.005593743640737503,0.0010593287356168712,0.0006592954357438341,0.0011671355159765806,0.0015072817402737027,-0.007672634271099654,0.0030908670882292544,0.002172130012734419,0.004631936672358172,-0.0015350881126809934,0.005190564288763744,-0.07170636849781231,-0.02900188323917141,0.016151685393258397,0.0029815146094214207,0.052173913043478404,0.0008012820512819374,0.011183597390493905,-0.02325581395348819,0.017532029669588445,0.0041987403778867005,0.009345794392523477,0.003981495919746392,0.001759447340006659,-0.010266940451745477,-0.00734863585495571,-0.0016561986419171282,0.0004932912391475419,0.004023726764394775,0.005031278523564664
2013-04-30,-0.01333333333333353,0.002826604872761651,0.00047267131747652513,0.0018933090014041642,0.001294105787547739,0.0018276427857049082,0.016255081731831433,0.0027395218182406644,0.0015882969077549713,0.0004283572499466093,-0.005857390568559495,-0.023622047244094557,0.01866666666666661,0.008714596949891185,0.012247071352502692,0.0033941450997028166,0.01181300085158421,0.0003681752431254903,0.00019861511754704075,-0.004138998429357166,0.0010367075324329011,0.0005917159763313418,0.0010504784801370626,0.0015449301159362605,-0.002577319587628968,0.002106062109013651,0.00042248636039654563,0.00790385272162486,-0.00209515878337041,0.005052795108297481,-0.03076721654883474,-0.04266873545384031,-0.008293020041464927,-0.007728894173602896,0.04132231404958686,-0.005604483586869602,0.004608294930875667,-0.07142857142857151,0.008614976805831676,-0.002090592334494823,0.004629629629629539,0.002317188942452697,0.0008555879239282582,-0.016338174273858752,-0.005109770575840833,-0.003626995166369773,0.0016763632777831994,0.004684942331934838,0.0042884040314541405
2013-05-31,-0.06756756756756743,0.0024445387571463417,0.0005793522979249399,0.0020094218021113885,0.0010936635491665125,0.0024939915055075534,0.015457677860193808,0.0028019215459691438,0.0011969426117672821,-0.009847998287304649,-0.0097897453505561,0.040322580645161255,0.086387434554974,0.04103671706263512,0.012624934245134112,0.0042283298097252064,0.014135266951530001,0.0005409169131913583,0.0005331050714769692,-0.0031103023229681614,0.0011102319589306742,0.0007696146893652056,0.00113682414418248,0.0014997394645515083,-0.010335917312661591,0.0017239459315059324,-0.0002855606077589723,0.004784187172246712,-0.0027112257874128964,0.0032684715279391874,-0.023233824125354685,-0.02917341977309562,-0.004181184668989757,0.0125823846614741,0.029761904761904656,-0.019323671497584405,-0.020183486238532167,-0.07692307692307698,0.01511169513797661,-0.007681564245810013,0.026497695852534475,0.0029213248558912497,0.0005557215974894003,0.030582652254152354,-0.0024242893399623044,-0.00752658639636028,0.0025595589683009567,0.004494550357691196,0.002487946253302953
2013-06-30,-0.07246376811594213,0.002518720554989251,0.0006600102706559863,0.0020329576509272584,0.0009635385329458401,0.0016301738084225637,0.01414698843248674,0.0034238383355931212,0.0012840722156761686,-0.010594594594594553,0.002546111644716298,0.06976744186046502,0.12771084337349392,0.051867219917012264,0.024415584415584446,0.0193684210526317,0.0023620539229247672,0.0007135174353658513,0.0006730722822347879,-0.002649680646856889,0.0012614494811711285,0.0008339811704654032,0.0010780109207191302,0.0014827545039037826,-0.01305483028720622,0.002123128063196811,0.0007761957343566106,0.005355580000481863,-0.002890901576926397,0.0034532548824657283,0.03567971234960576,0.010851419031719711,0.0006997900629812648,0.037869822485207205,0.05684007707129113,-0.049261083743842415,-0.053370786516853896,-0.05555555555555558,0.02071197411003234,0.004926108374384119,0.05218855218855212,0.0020400009324479385,0.0010397786645717222,0.026349449987209006,-0.0018748544619153762,0.0029178973932495467,0.0017674783974863661,0.002908385845855399,0.0030494110192427204
2013-07-31,-0.09375000000000011,0.0032484306211013614,-3.185936415606161e-05,0.0019256721130580523,0.0011257654303284959,0.0014523852907515344,0.012453311162328173,0.004696116656200733,0.002325084090468721,-0.017919580419580527,0.0023594020466555232,0.04347826086956519,0.13034188034188054,0.07001972386587774,0.022312373225152227,0.019413465510119687,0.019722316576086918,0.0008068782859542711,0.0006584590868894402,-0.0027363349662749004,0.0014977398711570888,0.00037267574906763024,0.0011151569838832032,0.0012406673995877249,-0.010582010582010581,0.0005158666893785302,-0.0015442194281671817,0.005566648031307464,-0.002618205038637633,0.0048065741530352035,-0.027507010281746624,-0.011147811725846335,-0.014685314685314754,0.03477765108323827,0.06745670009115767,-0.026770293609671758,-0.030662710187932762,-0.17647058823529393,0.027901077996195234,-0.0091036414565826,0.04266666666666663,0.0005150483939904138,-0.0004789410972387831,0.01869391824526412,-0.006102415357628566,0.0024304637181806754,9.801999607916834e-05,0.005892850503773639,0.004119324413248693
2013-08-31,-0.10344827586206884,0.004208531338785404,0.0010109212213376129,0.0020470516811910144,0.0013226378648403259,0.0020579475638493605,0.009640984215583792,0.006217053651927262,0.004287853364922212,-0.020694259012015936,0.0027507464113125657,0.09722222222222232,0.1606805293005673,0.08387096774193536,0.03025793650793651,0.02309562398703391,0.028147315387337724,0.0008056017744035859,0.0005837953529417295,-0.0027493068405036736,0.00169845496234311,0.0009334351879950464,0.0011479274594876632,0.0013875904726625699,-0.008021390374331472,0.0008940714198872879,0.0004895891182377099,0.005837642069146165,-0.002421778172804645,0.004710190609351406,0.059178909789921796,-0.0041753653444677186,-0.02838892831795603,0.04132231404958686,0.07087959009393674,-0.03637976929902409,-0.0469387755102042,-0.17857142857142871,0.03701418877236273,-0.014840989399293236,0.04808184143222505,0.0017563193429808166,-2.202785305405186e-05,0.008563738683631028,-0.01517627325985016,0.0026399298300661123,0.00019602077820235486,0.00493430171314535,0.0030844645221046463
2013-09-30,-0.1346153846153847,0.004886306220854619,0.0015028073335621173,0.002010902409581572,0.00160014528085628,0.0029051780214819356,0.0066781026758817585,0.007508669700097004,0.00630069956785162,0.0034083162917519783,0.003297333537969571,0.06962025316455689,0.11563517915309429,0.07993197278911568,0.043813192103996146,0.034851485148515104,0.0287941682697177,0.0009378934427566321,0.000520649738671386,-0.0024921493992975385,0.001810462645183808,0.001223207060727649,0.0012867526058863987,0.0013841998649561926,-0.010781671159029504,0.0021721439736976933,0.0013964168560529622,0.005448429430994661,-0.002881666144550432,0.004719949653870348,0.03992740471869327,0.011740041928721245,-0.005843681519357213,0.04338624338624353,0.06618819776714502,-0.013812154696132506,-0.03426124197002145,-0.17391304347826086,0.05116002379536,-0.012195121951219634,0.04489995119570511,0.002840378501217211,0.0013266242789606864,0.002668607472100959,-0.024161226140706593,0.002941653414053169,0.00039196472317493125,0.004873294346978474,0.003188222740042157
2013-10-31,-0.04444444444444451,0.0048270710689526375,0.0015254612888431218,0.001838994895479118,0.0016463376044033584,0.0031006607360377636,0.004023532770617511,0.00821851015141628,0.0074516623447085095,-0.0011322463768116409,0.001653714981337373,0.00591715976331364,0.03795620437956204,0.03228346456692899,0.029520295202952074,0.022196708763872808,0.01129765583482567,0.0014998310571407991,0.0004807947072344998,-0.0018429950771062797,0.0017937150428237736,0.0013407513219556577,0.0013911302721398844,0.0013910815402453647,-0.008174386920981158,0.0017424051150278785,0.0010890526233440223,0.008112650394244802,-0.004356755503700183,0.006306578378297845,-0.03178758414360505,-0.01077496891835894,-0.010286554004408477,0.014198782961460488,0.032909498878085364,-0.0037348272642390157,-0.014412416851441123,0.05263157894736836,0.03225806451612878,-0.00798838053740003,0.01354507239607683,0.0020200965426366846,0.000959163100431315,-0.02734091458988619,-0.02722560173719113,0.001415454264374949,-0.0015672445881086405,0.006917628973519108,0.004819235261172228
2013-11-30,-0.023255813953488413,0.003936953581931801,0.001419365462164146,0.0020464007533544937,0.0017153537394114515,0.0038217899855435,0.0024536888622097575,0.008184490269282696,0.00688574683647003,0.05917025617773741,0.0018615777112238607,-0.04705882352941182,-0.005625879043600457,0.01754385964912286,0.01612903225806428,0.007113440658929271,-0.0037757147583736828,0.002659506991722349,0.0003948152704800201,-0.0011580458250819436,0.0016713254976996605,0.0011950496164578883,0.001378609319907298,0.001526746609832097,-0.016483516483516536,0.0018814749187596735,0.0006955396346530751,0.006037471273322215,-0.00638529915550623,0.005440833483078444,-0.0406849491438136,-0.03937997486384581,-0.0163325909428359,-0.009000000000000008,0.006517016654598029,0.014995313964386137,-0.007874015748031482,0.09999999999999987,0.021929824561403688,-0.01683748169838939,-0.007834101382488412,0.0016254965526689702,0.0011449283269178157,-0.022388059701492713,-0.018464797287565227,0.0017802717003365665,-0.0030413028549003407,0.007742498318823676,0.003966522206907408
2013-12-31,2.220446049250313e-16,0.00265260557169289,0.0015578044805506508,0.0022616525423728717,0.0016016079154721474,0.0038508805005097457,0.0021887572174157377,0.007743332581326756,0.005056422659760473,0.02611301369863006,0.0024839099438231926,0.04320987654321007,0.05233380480905225,0.032983508245876925,0.012345679012345956,0.0022304832713755385,-0.013636274835407414,0.004313899402686117,0.00025665469118352213,-0.0007213219200984389,0.0015118996608238788,0.0012956956656691165,0.0013365308565218559,0.0014264939089003725,-0.016759776536312665,0.0029596488303338386,0.002050669837342589,0.009276753910484548,-0.008302305612946093,0.005396651091490456,0.003623674674540167,-0.030963802878325453,-0.026415094339622636,-0.0015136226034309086,0.01366906474820162,0.001846722068328699,-0.020408163265306034,0.13636363636363646,0.015021459227467782,-0.0193596425912137,0.007895959126799745,0.001799302910902023,0.0022544376573994107,-0.00661577608142494,0.0005066226681400554,0.0027497812192065485,-0.002361739814997099,0.008602809890525975,0.004273633018441636
2014-01-31,-0.023809523809523836,0.0016551901935317748,0.0015664974758182737,0.0022890119123741837,0.0013828904538006892,0.002994459727820642,0.0034251079236780058,0.00734598521406471,0.0029650040370317043,-0.006049228201918999,0.0031099992156975453,-0.029585798816568087,-0.017473118279569877,-0.007982583454281489,-0.002177700348432232,-0.008531157270029843,-0.023668521856245905,0.006087422538852527,0.00011681385736572736,-0.0007860960602334988,0.0014013561898189586,0.0014146831629817669,0.0013368588674080861,0.0013383520318284159,-0.017045454545454697,0.0010005068541321105,-0.0017595719593673786,0.01076432045911413,-0.009223061157254242,0.005237569020273947,0.018721583311045897,-0.024752475247524663,-0.012403100775193798,-0.018191005558362727,-0.011355571327182457,0.0036866359447005337,-0.006944444444444531,0.0,0.0005285412262157063,-0.026575550493546096,-0.008755760368663434,0.00046735326017710577,0.00031128821784398575,-0.0023053278688524026,0.02217030941283693,0.0035515188770489647,-0.000394555139080599,0.0108540161647952,0.004452577266571556
2014-02-28,-0.024390243902439046,0.001478217094700085,0.0017100365399720374,0.002380197360541958,0.0012620039092376967,0.0033114649504839555,0.005460560080739141,0.00729110850621284,0.0019428889105681524,0.019727177334732282,0.003279070435390441,-2.220446049250313e-16,0.01641586867305067,0.001463057790782818,-0.008293321693583655,-0.01384212495323589,-0.01109668519495266,0.007301236974815994,9.133512471026783e-05,-0.0011461139367033857,0.0013651094322724155,0.001420994571551315,0.0011937629051885779,0.0012986672263615162,-0.014450867052023031,0.0014509034726568615,-2.3527266631684363e-05,0.010801496876446937,-0.008758799532118444,0.005676980881663907,-0.03412969283276435,-0.047069681587448065,-0.031397174254317095,-0.02007205352547614,-0.007178750897343877,-0.0018365472910925051,0.005827505827505686,0.1200000000000001,-0.006867406233491802,-0.021060842433697324,0.0023245002324499,0.003238909290741665,0.0007617490190259257,0.010526315789473495,0.03438237735664029,0.0038592680737234986,0.001776198934280604,0.009198492862323215,0.004368842981905985
2014-03-31,-0.025000000000000022,0.0022885521273998677,0.002010529070000322,0.0027074327030516265,0.001446292390413939,0.003875968992248069,0.007943704809248997,0.007871976260759306,0.002381543057265345,0.009261164848734404,0.005246860074718862,0.0792682926829269,0.0565275908479137,0.011687363038714427,-0.006602112676056149,-0.009484066767830202,0.0005333661558659664,0.007755652075791319,0.00032578632255320095,-0.0013917190141214952,0.001437348108269676,0.0014770650385760309,0.0011523140024058964,0.0013799548457813504,-0.014662756598240456,0.003670988594953961,0.0015167423166295713,0.009860022228229681,-0.0071285118915920265,0.00435787508270713,0.0017667844522966103,-0.028571428571428914,-0.031604538087520395,-0.005777310924369727,-0.005784526391901634,-0.0036798528058880065,-0.004634994206257126,0.0,-0.0031914893617021045,-0.02788844621513953,0.013914656771799594,0.004719205159550377,0.0029718290172524586,0.017276422764227695,0.03406467688193726,0.0056357936574580325,0.004432624113475114,0.006800932498992385,0.0024425366699092343
2014-04-30,0.025641025641025772,0.00376278685448872,0.002014150084801658,0.00256822623772468,0.00145183148584338,0.0034392713839883626,0.00983237676422144,0.008750203324415784,0.003841729715418296,-0.011623164763458371,0.005686205019808321,0.07909604519774027,0.040764331210191074,-0.005776173285198527,-0.017279574656623886,-0.018383761011106836,0.016833083878375454,0.0069189560048033005,0.0009036475744383932,-0.0009367652602748633,0.0015616568900982397,0.0015349591609719049,0.0011636127967948884,0.001433291613790466,-0.02083333333333326,0.0033182064786831944,0.0015827862056003728,0.01192769023699225,-0.004694954321619149,0.005351512230867828,-0.003934337267670562,-0.02791625124626118,-0.03765690376569031,-0.014791336502905539,-0.01381818181818173,0.0027700831024930483,0.03143189755529674,-0.14285714285714302,-0.014941302027748127,-0.03852459016393439,0.0018298261665143922,0.006699438351364773,0.002599350470362305,0.022477522477522438,0.02152197095695141,0.005773991847663362,0.0069628322055506064,0.008008495969637153,0.0030891663064760433
2014-05-31,0.0,0.005281170420303516,0.001866644030389386,0.0026064967323486954,0.0014979663203007476,0.003672793707703237,0.010933130927782253,0.009473845552387061,0.004991055006806189,0.001031565917062105,0.005990718162510733,-0.005235602094240788,-0.025703794369644983,-0.04066811909949153,-0.020739404869251743,-0.02419040187280519,0.009174496914949426,0.004894346648437242,0.0018069090022183598,0.0004883387400773653,0.001676420123227329,0.0015160603114849902,0.0012883645756489592,0.0016446198576598459,-0.012158054711246313,0.0036957940627144747,0.002548872491074494,0.009288585474827471,-0.0019630763087831182,0.005269167381789286,-0.03159901934077902,-0.01692307692307704,-0.009565217391304226,-0.028954423592493228,-0.03466076696165188,-0.0018416206261507861,0.02708803611738153,-0.16666666666666663,-0.027085590465872222,-0.023870417732310356,-0.016438356164383827,0.005426184901601072,0.0029435661615069275,-0.0014655593551538004,0.004443232288345644,0.005852921479529982,0.005843396961433767,0.006269538333995683,0.00319793844919003
2014-06-30,0.07499999999999996,0.006139131277665966,0.001646262780142127,0.0024282448792141142,0.0015853003113137643,0.004835269264163999,0.011259378365232608,0.00956824316760474,0.004954923322229909,0.004740313272877161,0.005579725329888818,0.06842105263157894,0.01633165829145722,-0.010598031794095575,-0.011049723756905938,-0.015593762495001884,0.022318128234330548,0.002545610062698378,0.0026776639306795857,0.0022026507872092704,0.0016948633461857376,0.0013196399179720153,0.0012972019898827014,0.0018578471580155131,-0.01538461538461533,0.005108114350691917,0.005374037131741227,0.010411736867013799,0.00011734276083075201,0.005489785676910053,-0.0962025316455698,-0.03547209181012001,-0.019315188762072055,-0.018774157923798995,-0.014514896867838134,0.011070110701106861,0.030769230769230882,0.0,-0.01948775055679297,-0.011353711790392906,-0.00835654596100266,0.007670521595468438,0.00431446266384361,0.00318003913894338,-0.00869634699337829,0.005377290747868635,0.00435708752904751,0.005835707665373668,0.0031287899204959224
2014-07-31,0.04651162790697683,0.0061254021157564065,0.0016503241436247595,0.0025361550847677883,0.0016958476200761297,0.004550054855801511,0.011491943112580616,0.00912539992453687,0.0036245674712238607,0.02892307692307705,0.005111768419939544,0.09852216748768461,0.030902348578492056,-0.006120887528691665,-0.013500931098696434,-0.01502843216896843,0.0054137513192353826,0.0009200476913953093,0.0032308229090161067,0.0033437519755104006,0.0016137378375342681,0.001507645474382091,0.001549175310463946,0.0019759072393998878,-0.01562500000000011,0.004023101950466845,0.004449930611968522,0.008344442442802968,0.0007572602786998228,0.005033542146590575,0.045907251789604864,0.012439156300703136,-0.0161145926589078,-0.006190208216094506,-0.005426356589147363,0.010948905109489093,0.019189765458422325,-0.10000000000000009,-0.018739352640544937,-0.017667844522968212,-0.011704119850187378,0.005042484808265302,0.0031764555493178914,0.00048768593026071727,-0.011873225273023147,0.004990045905138407,0.0022172949002214892,0.006074877990512206,0.002892345150389275
2014-08-31,0.022222222222222143,0.005247382870813944,0.0012093134021819996,0.00237840003264167,0.0014992529003805544,0.004426157336855363,0.01153960372543783,0.007925127879511384,0.001622383800951921,0.002791068580542122,0.004559710233277059,0.017937219730941756,-0.011990407673860837,-0.029253271747498144,-0.014157621519584773,-0.015257731958762677,-0.008281010049958293,0.0003316679358262853,0.003144472017954758,0.0030640517432098946,0.0013582385983692546,0.0011614664956043352,0.0013290997494594947,0.0018334213953059564,-0.01904761904761909,0.0017385170236556835,0.0016543546595200187,0.003608869959194738,-4.146434724361381e-05,0.004722041081050454,-0.02826960273768786,0.003739316239316226,-0.0027297543221108667,-0.017553793884484636,-0.015588464536243185,-0.0009025270758121762,0.006276150627614996,-0.11111111111111127,-0.02430555555555569,-0.00629496402877705,-0.014211274277593278,0.004646904161291543,0.0008375158459215104,0.0060931026078479,-0.005869802177354666,0.004618094981361454,0.0,0.0015095491705960917,0.00310166426681846
2014-09-30,0.0,0.004106359251963454,0.0008510638297871687,0.0023646155815955083,0.0014415014490705147,0.0038621429077165814,0.011675415242693665,0.006504587577952803,-0.00034444196957073014,-0.003976143141153132,0.004112374087422488,0.07048458149779724,0.010922330097087318,-0.011895321173671647,-0.006223073240784971,-0.004187604690117364,-0.01736676009957472,0.0005157339326882227,0.002482530336056721,0.0015329701917188299,0.0010106742217719233,0.0008762601381859803,0.0012541753587984594,0.0018243021251824754,-0.009708737864077555,0.002176258588888258,0.0017675302201671794,0.005383158404420607,-0.0018488044701108208,0.004298813253149625,0.04440361353544642,0.0367216604576901,0.011861313868613,0.0017291066282421053,0.0063341250989708,-0.0189701897018969,-0.04158004158004169,-0.06249999999999989,-0.015421115065243018,0.007239819004524861,-0.006246996636232738,0.001587681243092609,0.0012390228147256543,0.001211240310077688,0.004679265141632527,0.00442746519147752,-0.0018276260100036357,0.005351669009433069,0.00338417242170741
2014-10-31,0.0,0.0030845676039030767,0.0004314907330622564,0.002226133851558343,0.001395756631103806,0.004322527015793831,0.011821284659958353,0.005028992237167795,-0.0022230746025346804,0.013373253493013992,0.0040387771693279895,0.05349794238683114,0.009603841536614643,-0.010433386837881087,-0.01156069364161827,-0.002943650126156494,-0.035467076260198294,0.0006640861871722858,0.0013578682383468266,-0.0007325979125812898,0.0005908623846073713,0.0004870700373831305,0.0010897658047357428,0.0018756382779798741,-0.019607843137254943,0.0014067027172803837,0.0010565480133775118,0.005028542289332361,-0.004172634594914015,0.004315440484926603,0.03855739627620558,0.03234086242299816,0.015329125338142457,0.010356731875719172,0.008654602675058909,-0.027624309392265234,-0.04338394793926237,-0.06666666666666676,-0.02108433734939763,0.017070979335130465,-0.0067698259187619625,0.0018929334601465175,0.0004568219802412177,0.012097749818533732,0.014569848651619255,0.004495649393316592,-0.004432880408595907,0.006333911695837635,0.003954985527497401
2014-11-30,-0.021739130434782594,0.002440281694090496,-0.0002089131797259336,0.002421575077299787,0.00135942717881532,0.003715352498666391,0.011618372262691246,0.003661724763215135,-0.004356528019192285,0.017727004136301128,0.0040026704839717375,2.220446049250313e-16,-0.01545778834720557,-0.028386050283860653,-0.016081871345029364,-0.000421762969211259,-0.06204372014145987,-0.0002864885710285314,0.00021150852757068073,-0.002396195520109057,0.0001778220789712126,7.805759829082604e-05,0.0010406152768160926,0.0018017785205028947,-0.009999999999999898,0.00198557017426082,0.0018390793752633972,0.004411433081519922,-0.006205069136256958,0.0036778233703091967,0.024844720496894457,0.05668821481849817,0.030195381882770933,0.01025056947608216,-0.00546021840873645,-0.04450757575757591,-0.06916099773242623,-0.1428571428571428,-0.023384615384615226,0.0229681978798586,-0.00827653359298941,0.001943294631822079,0.0010479113032915155,0.015060961032751452,0.01899234433324204,0.0044849313559696125,-0.007162907753363701,0.005222718826896733,0.004320504376426726
2014-12-31,0.06666666666666665,0.0021901161810162773,-0.0010498395750760947,0.002282702319742924,0.0011632824833445188,0.0031935043754509618,0.011008287443922793,0.00243280072478802,-0.006618918029699716,-0.0023224308109155434,0.00435951629911302,0.0546875,-0.013285024154589542,-0.03422370617696158,-0.01832590391282818,0.00042194092826997043,-0.09767821312812808,-0.002379970332323733,-0.0005551176953398906,-0.0028745657174015227,-0.00012678820172573602,-0.0005566304754158757,0.0008353766382027672,0.0018486963824309033,-0.020202020202020332,0.0015918724202714785,0.0006629146846590661,0.0062653476461096425,-0.007379528419749093,0.004079604410420545,0.030991735537190035,0.04705882352941182,0.02931034482758621,0.015783540022547893,-0.007058823529411673,-0.060455896927650965,-0.08526187576126687,0.0,-0.031505986137366215,0.02936096718480119,-0.01227295041728027,-1.5893548091061582e-05,0.000700989488186643,0.02779086198775338,0.01723908468096136,0.0046775211544840545,-0.010724383347957556,0.009392016785732205,0.005667147865539457
2015-01-31,0.04166666666666674,0.002370932315559182,-0.002288288987366993,0.00239702472697112,0.0011761517252457665,0.0013782842188116984,0.010117629447933929,0.0015347883038228094,-0.008246343294745384,0.019592628516003963,0.0036739752260441794,-0.0037037037037038756,-0.055079559363525044,-0.05790838375108032,-0.03128153380423815,-0.010122311261071326,-0.12051902353199917,-0.0049994331258663705,-0.00047203422650277105,-0.0018467836207389787,-0.00016158643204744472,-0.0014899699334340877,0.0006848117496212058,0.0018667418131570468,-0.013745704467353792,0.0003104229799095748,0.0006731943424487241,0.008589975108594716,-0.007002785615101814,0.004497364568588624,0.1201068804275216,0.06382022471910109,0.031825795644891075,0.008324084350721517,-0.027646129541864295,-0.04957805907172996,-0.062583222370173,0.0,-0.04814573845152903,0.025167785234899265,-0.021868787276341783,-0.0029541961171958286,-0.0005057613916132908,0.03574702108157646,0.00967590967369203,0.004480055368480063,-0.014782694392431295,0.013890951084714942,0.007747391561125916
2015-02-28,0.040000000000000036,0.0027767409138268473,-0.0018049030805087352,0.0024520077276279917,0.001158059206403328,0.002076188833685988,0.009276171164408042,0.0010629504080010843,-0.008235957397639049,-0.02606544901065455,0.004092242249872591,0.01858736059479571,-0.03626943005181349,-0.04770642201834885,-0.02604166666666674,-0.01235619940349364,-0.11844627823622567,-0.00665940704521184,0.0003914790137211632,-0.00022642550106988235,0.00010710149788772938,-0.0012102201859788275,0.0006469018394059667,0.0018090076301002789,-0.013937282229965042,-0.0015605495553471238,-0.0008075510068653591,0.01035567384466507,-0.00521739377520003,0.006068979298630817,-0.0354246183206105,0.0025348542458809575,0.01379870129870131,-0.006053935057787729,-0.015434606011372809,-0.015538290788013165,-0.00994318181818199,0.0,-0.04716336295283663,0.02127659574468077,-0.020325203252032686,-0.002405017987498148,-0.0022754374652189657,0.023893805309734617,0.00033993310779356634,0.0047979583832429284,-0.015304591377413135,0.01205721073270749,0.008310508601498512
2015-03-31,0.03846153846153855,0.003310415570366043,-0.00123141653553549,0.00257444021614206,0.0013052738404428776,0.0018435162507446368,0.009080051071335804,0.000999351977435392,-0.00669108314834832,-0.022269974604414933,0.0030352503968829048,0.021897810218978186,-0.03360215053763427,-0.039499036608863114,-0.014973262032085488,-0.0064710957722177165,-0.11529248613212306,-0.006876698494341138,0.0017975659155238244,0.001243729736127852,0.0006244526151304441,-0.0007748199985988524,0.0007774433339431397,0.0015976603753147245,-0.010600706713781216,-0.0022795445337231435,0.00011321649634932207,0.009722687868192859,-0.002606502561658619,0.005470740527656837,0.015580561394831216,0.021913190054782872,0.012810248198558583,-0.006090808416389759,-0.014026402640264113,-0.018038331454340528,-0.0028694404591105283,0.08333333333333348,-0.02941176470588225,0.008814102564102422,-0.015041493775933557,0.00016752516872364787,-0.002882149819682267,0.013180639585133935,-0.00769350067268193,0.003844038838638708,-0.012088581877285787,0.009132126434933774,0.006607333858045461
2015-04-30,0.05555555555555558,0.0036549973713346784,-0.0006452980581702628,0.0025962153628698026,0.001573621830669003,0.0020680746753354295,0.00967536072257813,0.0012628507377137055,-0.004313252460319439,0.03776223776223775,0.0027652753359921345,0.03928571428571437,-0.00834492350486804,-0.013039117352056095,-0.021715526601520097,-0.01346070343030814,-0.07602422515140717,-0.005376653022783673,0.0030968304845524486,0.0017697508659779704,0.0011586612257914464,-0.00040627100957313367,0.0009700106763488314,0.0015851513719955523,-0.014285714285714124,-0.004616009964028001,-0.0012860251756616758,0.007447111279764718,-0.0002593459033444212,0.005766240755026741,0.014854498965055418,-0.003298969072164981,0.006324110671936944,-0.003899721448468063,0.005857740585774263,0.017221584385763267,0.04748201438848931,0.0,-0.03325942350332589,0.006354249404289192,-0.015271195365982315,-0.00012626705120566406,-0.005109965866757493,0.015141821283855883,-0.010061892721982213,0.003671679593080679,-0.010282776349614386,0.008109486027466861,0.005970520305382365
2015-05-31,0.0,0.0037067477056751397,0.0006355326382920801,0.0025604541593766683,0.001750899582912968,0.002955595190605509,0.010912821713851217,0.0016769240488696546,-0.0024393819509573866,0.001155179052753308,0.002557365091891528,-0.020618556701030966,-0.02244039270687237,-0.005081300813008283,0.010543840177580588,0.00660211267605626,-7.711289327561044e-05,-0.0031156717368282516,0.003876867154095187,0.0015065196191466068,0.001513687043787959,0.0004270674085673498,0.0010728255569043554,0.001666463035207233,0.0,-0.005566541636464861,-0.0009261671001258298,0.003907905268609513,0.001163729787301504,0.00472403347798922,-0.06430713857228532,-0.01903185767480342,0.0164964650432049,-0.010626398210290877,0.010815307820299713,0.013544018058690988,0.041208791208791284,-0.07692307692307698,0.009938837920489219,0.012628255722178405,0.0,0.0032204741333763387,-0.005945286837905961,-0.006092436974789894,-0.006112914110095735,0.003557465901074197,-0.0037402597402597104,0.0009008297115764563,0.003786655824873142
2015-06-30,0.03508771929824572,0.003425948527474132,0.0024675906139977055,0.0025502944569113506,0.0018716168842605185,0.0039642429232840115,0.012017698090579065,0.001916561735409994,-0.0018903423991910584,0.023076923076922995,0.0028862825545390436,0.059649122807017285,0.06456241032998578,0.06843718079673144,0.04008786381109286,0.029733275032794104,0.04858486928356576,-0.0013184778173239708,0.003904309753433699,0.0009253302888174719,0.0015640874466857912,0.0017776567926288678,0.0013846798031598162,0.0016069577155954917,-0.01449275362318847,-0.004587103663235115,-0.0005798495849740348,0.005587789941978061,0.0013536731348742226,0.0046815990239084115,-0.03513270932170798,-0.010965837199493844,0.01700154559505407,0.01865460712266831,0.05843621399176957,0.024498886414253684,0.04221635883905006,-0.08333333333333337,0.0492051476154427,0.015588464536243185,0.019251336898395754,0.00479876280290914,-0.004840903272739894,-0.004227436060029621,0.0012245784076307942,0.003237060561203542,0.0029200125143393763,0.0015947704162193599,0.0015049775444644364
2015-07-31,0.03389830508474545,0.0029579092086755576,0.0022771143243347503,0.00278720931660259,0.0019842043075390947,0.004064821044739153,0.012669238745872446,0.001741647929856649,-0.002935334536698808,0.048872180451127845,0.0024439010249814874,0.013245033112583071,0.005390835579514919,0.019120458891013437,0.028511087645195277,0.029299363057324834,0.0011767301610650094,-0.0009583896875025033,0.003313153091301091,0.000559469565441173,0.0013428647973392493,0.001605698169915959,0.0013537850090044046,0.0016397806828738481,-0.011029411764705843,-0.0020682288413358396,0.002293478163980067,0.0019388625339800125,0.0004182524359754858,0.003452064445246039,-0.016212624584717616,0.03837953091684421,0.03647416413373872,0.02164261931187572,0.02255054432348369,-0.009782608695652173,-0.016455696202531622,0.09090909090909105,0.03607503607503615,0.026861089792785897,0.009443861490031402,0.006757257724315124,-0.0022177692705437346,-0.004882190617703341,0.007806793309935056,0.002668913077674251,0.0029115108661745825,-0.0006463512682673977,0.0007216208714959649
2015-08-31,0.049180327868852514,0.0022468784619853466,0.001736026129007806,0.0026382924780936623,0.001706363195516758,0.0035885830558881615,0.012044177654364052,0.0009864094712623839,-0.004454536227013084,0.03046594982078843,0.0030400139988937536,0.0588235294117645,0.022788203753351333,0.025328330206378924,0.020533880903490953,0.026815181518151876,-0.01818115037096879,-0.0017019675184034577,0.0022954781920401235,0.0005531658940964856,0.0009352836224818528,0.0012413934847395058,0.001211384533968518,0.0017035413868664584,-0.01115241635687736,-0.001722445619478874,0.0007936088591231627,0.002280903583612215,-0.0010665188026431904,0.003705975865187172,0.17749560988788327,0.036139630390143784,0.04398826979472137,0.034220532319391594,0.031939163498099,-0.014270032930845167,-0.03217503217503215,0.33333333333333326,0.016016713091922208,0.038863976083707064,0.007796257796257811,0.0035420973238728948,-0.0017783656292867933,-0.0023464163822525252,0.010372309638509325,0.003063738201431354,0.00041472265422481946,-0.0003628218071681788,0.0018819930901137205
2015-09-30,0.03125,0.0015777935082501582,0.0010750269388606348,0.00268235371869463,0.0016274535721367833,0.002880421097094299,0.010776789978545587,-9.502078001244474e-05,-0.005665433430963263,0.0059130434782608265,0.002661190527935897,0.0185185185185186,-0.007863695937090465,0.0009149130832570851,0.027665995975855173,0.03455202892728004,-0.03355654483558412,-0.0030725666307377386,0.0013717200170422217,0.0008534209870789677,0.0005277089700916893,0.0007861990253594797,0.0011314599549894222,0.0015002363966101218,-0.015037593984962405,-0.0011745288404811927,0.00013120492117768556,0.0030785154124812752,-0.0024111230063105227,0.003943774565318803,0.11414477457840988,0.08045977011494254,0.04845505617977519,0.030987394957983083,0.012527634487840889,-0.059020044543429906,-0.08643617021276584,0.0,0.024674434544208257,0.045323741007194274,0.009283135636926287,0.002216245652534754,-0.0011412789466899165,-0.018601667735728022,0.00813438836742919,0.002546394137864505,-0.0018654782879053977,0.00195679275355487,0.002878983813625169
2015-10-31,0.0,0.001076281952191005,0.000616045977901436,0.002797688772348428,0.0017155346612232059,0.0019358245802745255,0.009452831198927925,-0.0012984536633980914,-0.006184952259466248,-0.0036307053941908585,0.002194078641794661,0.04242424242424225,0.003963011889035695,0.00365630712979903,-0.001468428781204123,0.01747572815533971,-0.0505148254238601,-0.004624152801290582,0.0008075525688790997,0.0012754359592104247,0.00018997665242515005,0.0003076689564074364,0.0009528169972652378,0.001472623298732545,-0.022900763358778664,-0.0012130230889181304,-0.00034155843680694353,0.0012699588586244648,-0.0032392332145080305,0.0038204536104364806,0.012664744645799031,0.04842259721203224,0.031480241125251274,0.022924095771778008,0.00509461426491975,-0.031952662721893565,-0.05385735080058207,0.0,-0.004682274247491569,0.03991741225051615,-0.00562084823709752,-7.019340555680653e-05,-0.001114342240125965,-0.0015250544662309684,0.0020296738576686124,0.002131217501511795,-0.006126051292700718,0.002535712598239037,0.003474043257950754
2015-11-30,-0.015151515151515138,0.0008425183638245404,0.0003027869011023032,0.0027470172179753227,0.0017924629280463567,0.0018641785084305695,0.008905450320928043,-0.0022180765399129054,-0.006384340583449943,-0.005726184279021274,0.0017552455063214456,0.08720930232558155,0.002631578947368318,-0.012750455373406244,-0.0063725490196078205,0.012595419847328149,-0.07085490643727843,-0.005960524118810873,0.0006318109236074232,0.001479712824648427,-7.901580960101295e-05,4.511090104908355e-05,0.0009271850661389802,0.0015689574383357385,-0.0078125,-0.002031181477182842,-0.0002601122900836028,0.004399582502080834,-0.0036046741734306886,0.004645428689942888,-0.021352313167259718,0.048985304408677655,0.02402597402597406,0.014442231075697087,-0.0007241129616218922,-0.03422982885085568,-0.04769230769230792,0.6875000000000002,-0.005376344086021501,0.028457974851092027,-0.003597122302158362,0.0005934031747827362,-0.001896313588172327,-0.010473488981016743,-0.004168551966449829,0.0017548689895092728,-0.009506895110739655,0.004320231250196427,0.004475864128640872
2015-12-31,0.16923076923076907,0.0008774857753350851,-0.0002295438971173791,0.0024580615512861392,0.0016289870938523965,0.0014056186012885163,0.009145208083771728,-0.0026255814091827867,-0.006361734694232624,0.0,0.0019049157695301133,0.10427807486631013,0.028871391076115582,0.0064575645756457245,-0.008880118401578763,0.009800226159065062,-0.06015532447018557,-0.006785365884495076,0.000708075011369047,0.0013351130165546454,-0.00024128187557981295,-0.00030551004799983517,0.0008604541056835835,0.0015369960858582221,-0.007874015748031482,-0.004265361983323612,-0.0024266031008221,0.0034463707874035077,-0.0038433697410619194,0.004632173206431167,0.06327272727272737,0.053035356904602926,0.018389346861128475,0.025036818851251974,0.005797101449275477,-0.025316455696202667,-0.008077544426494221,0.7407407407407405,-0.006756756756756577,0.02187902187902213,0.0015471892728209369,-0.0005915370828640798,-0.00412077345906936,-0.0011025358324145973,-0.008572541556359115,0.001923891964090929,-0.010969307035122888,0.0048178447965712135,0.005171840463196631
2016-01-31,0.26315789473684226,0.0011919157018047688,-0.000320426023639131,0.002695816260896544,0.001754344217433479,0.0013182343395210516,0.009855472665001752,-0.0022681861271990345,-0.005897155002349441,-0.006631762652704931,0.0024099670608517254,0.004842615012106588,-0.0267857142857143,-0.024747937671860787,-0.0019910403185664505,0.009705113848450964,-0.052240896358543454,-0.006644858041772728,0.0009227409178524937,0.0008128462939733794,-0.0001836190240701585,-0.00023791943555673267,0.0010509905225748462,0.0014953596157516458,-0.011904761904761862,-0.0029542711854577686,-0.0011913511835923707,0.00481752398930313,-0.004238875698857059,0.005571947381692199,-0.08041821379714675,0.06556857776369962,0.020547945205479534,0.016283524904214586,-0.010086455331411948,-0.02857142857142847,-0.011400651465798273,0.4042553191489362,-1.1102230246251565e-16,0.021410579345088054,-0.002574665293511802,-0.0017206140880265952,-0.0028226554567640783,0.00022075055187653625,-0.009806240850130377,0.0018586693465687532,-0.009917884184707182,0.005946728520945799,0.0065385678201272945
2016-02-29,0.25,0.0016831827837708868,-0.00013628780619534542,0.0026687213103600005,0.0017971424288616422,0.0027054213037847052,0.010089400488620948,-0.0012910800993906069,-0.004467551212329113,0.00017568517217125823,0.002256471451906883,0.033734939759036076,-0.019659239842726106,-0.03007518796992459,-0.005486284289276666,0.0,-0.07467612432885073,-0.005440870286391286,0.0011817518215200273,0.00020394672517420886,0.0001662301993499149,-6.5648566809684e-05,0.0011094697351037297,0.001605181402306588,-0.004016064257028162,-0.0034291185472634655,-0.001479877316359679,0.004787903693991735,-0.004809663217914428,0.006140283745915021,-0.04197216023801931,0.033590963139120245,0.015863331299572847,0.01083883129123464,-0.009461426491994218,0.0013368983957218195,0.02635914332784184,0.43939393939393945,-0.02244897959183667,0.024044389642416952,-0.0123902942694889,0.001073506348965525,-0.003334127110815821,0.009931582432134212,-0.00957242358083965,0.0016044463892277427,-0.008401551055579604,0.005803246723099953,0.006426491684614621
2016-03-31,0.20000000000000018,0.002284691109582848,0.00029196490699612276,0.002610718721744565,0.0017538537768362339,0.0022808036903756435,0.009512795321677814,9.356449374231524e-05,-0.0018622050963754688,0.009309678552608558,0.0023695783492911904,-0.004662004662004837,-0.041443850267379734,-0.036821705426356544,-0.006519558676028048,-0.007763401109057266,-0.04615384615384621,-0.0033630169501310814,0.0014779794805053204,-0.00021711477707531124,0.0007480489448012939,0.000402123870565374,0.0013298882114030075,0.0015131089494382355,0.0,-0.004010446319125505,-0.001510455707141256,0.009134169063276909,-0.005521189303359542,0.00683754321003649,-0.012422360248447228,0.033074489502444626,-0.004204204204203976,-0.009790209790209947,-0.016899338721528268,0.012016021361815676,0.0465489566613162,0.2947368421052632,-0.014613778705636848,-0.0018061408789886713,-0.002613695765812829,0.0012133481434912774,-0.0039670234773536706,0.0021853146853145766,-0.009766498522086664,0.001578882825433947,-0.005865739734955411,0.007908422315906272,0.006304772955175064
2016-04-30,0.17361111111111094,0.0027919868156047745,0.0008201230436910567,0.002625778602583839,0.0018854587868093464,0.0030154680861627092,0.007989797219342787,0.001471223509832642,0.0014941539201749343,-0.0015663069961712184,0.002532832201322277,-0.03981264637002335,-0.051603905160390595,-0.03822937625754552,-0.022211004543160162,-0.024962742175857033,-0.009431856233954483,-0.0009436860960088111,0.0017468584425730516,-0.00015714215565620915,0.0013225089894006725,0.0009331266098997482,0.0016089131740268936,0.0014605552344009176,0.0,-0.0019379300660018473,-0.0013779706322475382,0.0071923007642624714,-0.0060575376413082305,0.006432666759893735,-0.004829290206648573,-0.005289532293986765,-0.020506634499397047,-0.02401129943502811,-0.02391629297458897,0.0158311345646438,0.04601226993865026,0.08130081300813008,-0.028954802259887003,-0.013268998793727449,-0.015199161425576424,0.0010851882902631615,-0.001955165887271626,-0.005015263846489204,-0.011428190131389071,0.0018301984011590555,-0.0027316433566432208,0.0064877572204919964,0.005635308491142466
2016-05-31,0.0769230769230771,0.0031409600840830443,0.0015094707523233275,0.0028664458462555054,0.0021100208883921834,0.003204381077067886,0.0060657357777498255,0.0026952400216948558,0.004914400870803304,0.00034861425832311,0.001923864339250514,-0.046341463414634076,-0.057352941176470495,-0.0449790794979078,-0.01652039235931857,-0.02980512036683214,0.0536368246098371,0.0014401083099497836,0.0020047367586080167,0.0003957704504833348,0.0016680605023002837,0.0014280943238884625,0.0018170954302507702,0.0011405274869913384,-0.008064516129032251,-0.0014013552777769611,-0.0010540799139656665,0.009932167448039486,-0.006190249851425023,0.006774853506968714,-0.045367340029342174,-0.027427931710047426,-0.02401477832512322,-0.03473227206946439,-0.02297090352220521,0.0,0.02346041055718473,0.03759398496240607,-0.02472727272727271,-0.021393643031784704,-0.019691325172964458,0.001394089765263562,-0.001483575678867144,0.00460223537146609,-0.01369722446791255,0.001385099738638873,0.0019721704831816567,0.006885777986744168,0.00506461753405496
2016-06-30,0.0219780219780219,0.003284981780950824,0.0021567332456655652,0.002878588769226198,0.0021015132521344793,0.004029684707410386,0.004514248670652865,0.003541499539231774,0.007150443296299436,0.01934134866701509,0.0014622277162439357,-0.04603580562659837,-0.0499219968798752,-0.049288061336254185,-0.026246719160105014,-0.03623473808586064,0.0913320143307843,0.0032538133318642526,0.002211060691521549,0.0011984161625231415,0.0016952289778902063,0.0016961289794583667,0.0016728624535315983,0.0013314206927288463,0.004065040650406582,-0.0014345428013158301,-0.0013747314853882475,0.008544305798870555,-0.00579264549186953,0.006147076133322438,-0.05402529849864057,-0.04489208633093533,-0.03533123028391161,-0.04997501249375336,-0.027429467084639447,-0.0012987012987013546,0.02722063037249267,0.007246376811594235,-0.030574198359433202,-0.029356652092442315,-0.016829533116178075,0.005086756307970619,-0.00158179883856846,0.003272251308900298,-0.014043992677388983,0.0016005776826837348,0.005467468562055711,0.006612740446171772,0.0033619159143278843
2016-07-31,0.005376344086021501,0.003341780467114752,0.0023153827666855253,0.002812290450449062,0.0018813110929207788,0.003205102802642079,0.004051102518927374,0.004015518782722882,0.007496459731329175,0.0023931623931623403,0.0021850743504103765,-0.029490616621984045,-0.031198686371100237,-0.03225806451612889,-0.03665768194070074,-0.04577033101757255,0.0702141212210301,0.004311999221528806,0.002404243011616014,0.0020203347238199054,0.001492958583145798,0.0018321490066157686,0.0016170506057311407,0.001535495823284272,-0.004048582995951455,-0.00015835936449992705,-0.0005691454969996013,0.008264981062031218,-0.005025710200662559,0.005308582023662467,-0.10847288177955494,-0.06206688761675194,-0.05493786788750821,-0.056812204103103614,-0.02175664786462539,0.00910273081924573,0.01115760111576014,-0.007194244604316502,-0.030000000000000138,-0.054054054054053946,-0.007730535615681933,0.002911973053353778,-0.0003661386886723017,-0.003696455751250105,-0.010128245714703166,0.002482706098876797,0.006960304513322413,0.004579056056026154,0.003083352157217112
2016-08-31,0.021390374331550888,0.003304685976537769,0.0020593975364091577,0.0029598939597941243,0.002032438034932138,0.003967507833102291,0.004454537480095944,0.004116328472842268,0.005920055022336612,0.01023192360163705,0.0022308472021277392,0.01933701657458564,-0.003389830508474634,-0.023809523809523947,-0.027979854504756596,-0.03811563169164878,0.03282666422488756,0.004764606582599029,0.0024935900967735236,0.002615645239848474,0.00125207257029758,0.0016432681055118525,0.001683659342986088,0.0013859378688776403,-0.004065040650406471,0.001176106041229641,-0.0010969031587055866,0.009665020586369533,-0.003926721774144992,0.00574791059920976,-0.007429212223156734,-0.06264053967234184,-0.03529411764705881,-0.03346346904629116,-0.0049423393739703725,-0.019329896907216537,-0.030344827586206824,-2.220446049250313e-16,-0.03330689928628072,-0.03809523809523807,-0.015581524763494614,0.003525379435320053,0.000919127390844432,-0.0026189436927105403,-0.0005681760146196702,0.002528469016441992,0.004860136083810307,0.007879997616635936,0.0036893998251006366
2016-09-30,0.015706806282722585,0.0032869580258056974,0.0018208846464575767,0.0031395602669046507,0.001851343052009069,0.003700019829965928,0.005484051143274549,0.004021226674387535,0.0037298987197802447,-0.016036461850101325,0.002829534927612176,0.0,-0.023809523809523614,-0.028048780487804792,-0.012089810017271274,-0.021371326803205748,0.01963739527461339,0.004997692749379112,0.002485479101546728,0.002802770623465234,0.001168240373483398,0.0013698574371248107,0.001457260796839055,0.0015324065856039404,-0.004081632653061273,0.0003604083789978674,-0.00034618578954981327,0.007761488234569347,-0.0029463395124096348,0.005482716033981649,-0.034034740855811485,-0.042494859492803516,-0.012195121951219412,-0.020773225620311586,-0.0016556291390728006,-0.014454664914586135,-0.02133712660028464,0.04347826086956519,-0.022149302707136886,-0.021216407355021394,-0.013566986998304276,0.003982854116644452,7.308137558204031e-05,0.004814004376367587,0.01088697349597001,0.003033582848258831,0.003976784178847836,0.0061187390077002135,0.0035711347607898514
2016-10-31,0.015463917525773141,0.003333808650757719,0.0018175750519513478,0.003134585504257048,0.0016172341505003018,0.003360235075334783,0.006868952924731664,0.0038712079707807767,0.002186151829640659,0.028306742151312347,0.0034335577836168696,-0.0027100271002710175,-0.010452961672474115,0.0,-0.00815850815850816,-0.013648771610555,0.01334666550734731,0.005427325105715752,0.002372306179968975,0.0024918037479899624,0.0013224537129457037,0.0014533554216253908,0.001373960904013538,0.0016172962075235997,0.004098360655737876,0.0009504703185840846,0.0001893031789694799,0.006008557457212627,-0.002308605946110265,0.005207784070818455,0.04195906432748542,-0.037938439513242606,-0.016702977487291326,-0.01708898055391861,0.0066334991708125735,0.02533333333333343,0.01744186046511631,0.03472222222222232,-0.01090604026845643,-0.018063583815028705,-0.009742120343839367,0.003675052575114801,0.0006579490840077362,-0.01633275261324041,0.02037694222994557,0.003553238773364553,0.0014987688684295897,0.0044069041498346895,0.0035360705276532567
2016-11-30,0.015228426395939021,0.0034056830503579327,0.0014986064787316788,0.003045340897864124,0.0015630838412079573,0.0025285358870814623,0.008234385566336266,0.0037492433790793367,0.0023955131463599955,-0.01051051051051044,0.0035506635302471334,0.1440217391304348,0.14436619718309873,0.11041405269761606,0.021151586368977737,0.00830258302583009,-0.013299583851731134,0.00616711090509825,0.0021821442501368526,0.0018140523322607294,0.0015768364844759297,0.0011691158561337733,0.0012545271405495217,0.0014322032843903099,-0.008163265306122436,-0.0007842846531980197,-0.00026073893679401383,0.0066531780317529154,-0.0021202454455111486,0.005299601025669398,-0.03227164304756558,-0.05729166666666663,-0.034711964549483,0.024580335731414937,0.05848434925864909,0.07022106631989611,0.05571428571428583,0.1208053691275166,0.034775233248515836,-0.023546725533480695,0.0318287037037035,0.0007102893663555321,-0.0010514971663287964,0.0006641576267434335,0.02325313234439541,0.0035908444757830615,-0.0013896312132548605,0.005294332723948747,0.0039060469468228387
2016-12-31,0.07499999999999996,0.003444218990267478,0.002103536113883031,0.0031283900362637507,0.0016812506382077874,0.003884560586362662,0.00934371199495887,0.0037214734306894037,0.004059316694620563,0.002191873208565065,0.0036422466370207296,0.12589073634204295,0.1384615384615384,0.11186440677966081,0.04487917146144982,0.027904849039341206,0.03182747075959824,0.007052290358305235,0.0019614569762258505,0.0010733096524357943,0.001778920825446395,0.0014779343789026456,0.0011962787835606559,0.0012355103624117625,-0.004115226337448652,0.0003960989322964181,-9.611463855052627e-05,0.005082147297770456,-0.0023209378642575773,0.00495705167457805,0.03146295490793083,-0.058011049723757036,-0.03289977046671766,0.031012287887653534,0.05992217898832708,0.0558930741190764,0.07171853856562915,0.1257485029940122,0.0721311475409836,-0.028636021100225895,0.047111609646663055,0.00438161567450579,0.0001870001025054968,0.01814159292035389,0.020334627509648096,0.00363800477316234,0.0005352172982231451,0.004146238561473448,0.0028478648410745766
2017-01-31,0.11627906976744207,0.0033894508066814044,0.002543610967407961,0.0030225067580698095,0.0016407022590960718,0.004279463234814651,0.009851468450404521,0.0038602447778792737,0.006279363058231624,0.003196500672947522,0.004743466184502054,0.08227848101265822,0.09594594594594597,0.08841463414634165,0.03303964757709266,0.018691588785046953,0.032784122034469565,0.007728380724023376,0.0017801347003532086,0.0006738138301269903,0.001785343447988419,0.001967671083130007,0.0013788279154021144,0.0013401498982479332,-0.008264462809917328,0.00014812368226135852,0.0011950607685620174,0.004744174873889007,-0.002853239696847698,0.004596633920104232,-0.020101208883890997,-0.04608294930875556,-0.030063291139240556,0.028376844494892195,0.05066079295154191,0.06674338319907935,0.08459595959595956,0.1170212765957448,0.058103975535167995,-0.03491078355314203,0.04070701660417786,0.00593657885968546,3.071948476018882e-05,0.01890482398956994,0.014056315951928022,0.004509223354787428,0.0043864341499946224,0.002260148938019624,0.0021427412335697227
2017-02-28,0.10833333333333317,0.0032097246628250975,0.0023365296177835226,0.0028573208407123296,0.0017277689982466704,0.003738624099746124,0.00959183462022084,0.004079499849562129,0.00743750222522932,0.03404326681200742,0.004773418256980744,0.08771929824561409,0.09247842170160281,0.0709617180205413,0.028784648187633488,0.014416775884665833,0.03382430943734982,0.007741041390770809,0.0016576744990939307,0.0007754551268690513,0.0016056354115412397,0.0018587473255253784,0.0014677824774633752,0.0012213189694108006,-0.016666666666666496,-0.00044491303935578763,0.0007633123418031573,0.005038551192397378,-0.0035024359616724343,0.004706333027786558,-0.005307703342418479,-0.05401844532279321,-0.04078303425774865,0.019867549668874274,0.039133473095737115,0.04530744336569592,0.05122235157159505,0.1142857142857141,0.04913294797687873,-0.036977491961414866,0.03808543489449301,0.004682152031196152,-0.00044250588087924037,0.010876519513755456,0.009056446621367842,0.004518742737956494,0.005006391137622579,0.002211685796062346,0.0023516076679339637
2017-03-31,0.1466165413533833,0.003040277104342737,0.0017717878006109355,0.002480574859913043,0.0014415907738190015,0.0042037647493762265,0.008840075236966394,0.004394876799698855,0.007118112723391912,-0.0199481024975674,0.00471413183517444,0.07347670250896043,0.0699774266365687,0.04882301656495214,0.025906735751295207,0.012919896640826822,-0.001775988633672787,0.007068461422340633,0.0016298134208188042,0.0012905109027163686,0.0013614448109278143,0.0013450916255441925,0.0011249274240372475,0.001247333772490089,-0.021186440677966156,0.0006597616345063173,-2.6957198312027586e-05,0.005798290842268683,-0.004228501651147187,0.0047569118201087335,-0.06763772714162086,-0.04596100278551518,-0.03146258503401367,0.017316017316017396,0.02891728312037678,0.024767801857585203,0.019933554817275656,0.17948717948717952,0.039944903581267344,-0.03505843071786319,0.03321764997521082,0.0038263929208084413,0.0008016849690690719,0.02046413502109723,0.006853639741518647,0.004391016501185785,0.005087440381558173,0.004918434755015744,0.0028747870528107455
2017-04-30,0.16065573770491803,0.002942875926886135,0.0017818100789439573,0.0023927273073920396,0.0013947803580416362,0.004236787649809948,0.0076128401108430666,0.004547215250954473,0.005296162672747684,0.0009928843289757072,0.004942870396452692,0.028380634390651194,-0.002109704641350074,-0.006650041562759945,0.0005050505050505638,-0.00595238095238082,0.02134978057169956,0.005597473225031013,0.0016554144695033468,0.0018474051035561878,0.001170570184541253,0.0016594702584262766,0.001445860770454388,0.0013529141909023323,-0.01298701298701288,0.0034380187386504613,0.0025528097822380413,0.006557163804928878,-0.004682387902455343,0.00440460970640455,-0.03882443928847645,-0.04184914841849163,-0.01492537313432829,-0.011702127659574568,-0.0039215686274509665,-0.002014098690835908,0.004343105320304019,0.1304347826086958,0.005298013245033095,-0.02595155709342567,-2.220446049250313e-16,0.005215622161671263,0.0037309639832525665,0.0066156708703739575,0.006901468158055479,0.004527912293208036,0.007065274702098501,0.003875301412332055,0.0026944803423747388
2017-05-31,0.10451977401129953,0.0029993153308929266,0.0011220129585520766,0.002306180632022592,0.0012045732300749457,0.002535624764194555,0.006062344531573727,0.004424983287692585,0.0031542563000219737,-0.015705075219044518,0.0053480783176214075,0.012987012987013102,-0.019027484143763207,-0.020083682008368076,-0.010600706713780994,-0.011976047904191822,-0.013509851740022283,0.0036000029804852396,0.0017162796373846323,0.0020873709451216804,0.0011067056874889403,0.001228466648437232,0.001373394355208335,0.0013428563198603083,-0.013157894736842257,0.0021950701558470787,0.002293761185743426,0.0101094356690965,-0.004728222220690692,0.004972998581713517,-0.058416478918570935,-0.0243778567800913,-0.004456327985739694,-0.014531754574811595,-0.009842519685039464,-0.014127144298688221,-0.012972972972972951,0.12500000000000022,-0.00988142292490124,-0.007992895204262607,-0.01775431861804244,0.000875120835104104,0.002642107567377927,-0.002259190798931998,0.005526004938421369,0.004780351007703576,0.004816753926701667,0.008921677961739816,0.003720512474122639
2017-06-30,0.09974424552429673,0.0032257025429489605,0.0004468264255608201,0.002335438345376417,0.0010190699134546843,0.0024606486666027827,0.004766441358669216,0.004138453045131385,0.0020324181605761993,0.00990930466912987,0.004018504261944944,0.030448717948718063,-0.0010775862068965747,-0.011955593509820672,-0.01224489795918382,-0.01255411255411254,-0.028723905195416677,0.002007889729976897,0.0018957601890010611,0.0020224355114832893,0.0011766548897598206,0.0006325567945637545,0.0011084537672367833,0.0013040702882927135,-0.01777777777777778,0.0030640308320621923,0.0022048724445915546,0.007769339024645605,-0.00428756308453937,0.004357626741894549,-0.013843787386771611,-0.01197293076522643,-0.0125335720680394,-0.010376843255051837,-0.012591119946984808,-0.032753326509723624,-0.033953997809419545,0.1367521367521367,-0.014637391882900919,-0.004476275738585556,-0.015144113336589937,0.0002864766644294914,0.0036644248554851266,-0.00720461095100855,0.0019021561682772692,0.003783436899895243,0.0030220925385575637,0.00722727659212663,0.0036703454999162943
2017-07-31,0.11395348837209296,0.0037427220529853145,0.00019422122206935732,0.002118363295586345,0.0007856122323086634,0.0026582728673780753,0.004510022706206707,0.0040647984696393635,0.0029931885493217347,-0.010809911857641796,0.0037896580880119046,0.018662519440124425,-0.005393743257820938,-0.0051858254105444646,-0.012913223140495811,-0.010960105217009852,-0.02763413057530706,0.0018601061327891966,0.002404428049081364,0.001974233159577121,0.0013973842177898987,0.0004354858778150561,0.0009006244195586266,0.001264066847795009,-0.013574660633484115,0.0033151174899808122,0.0017507270201659875,0.008834697104342926,-0.0035093952329467992,0.00406392965361535,-0.0461005199306761,-0.006849315068493067,-0.011786038077969518,-0.009933774834437248,-0.01006711409395955,-0.021164021164021052,-0.024943310657596363,0.14035087719298223,-0.010128291694800784,-0.013489208633093663,-0.011904761904761973,0.0004043218151354999,0.004055436352528918,-0.006012855069458922,-0.003024853530106064,0.0036684871615082493,0.0019740259740261834,0.00811807079745619,0.0038925031259626763
2017-08-31,0.0772442588726514,0.004347766928680885,0.001057767545135535,0.0026259947844449183,0.001265377799976708,0.002345023078847097,0.005253238317402431,0.004287957489488958,0.005550401752547618,-0.0052118359112305335,0.0037574581415034114,0.009160305343511421,-0.024945770065075812,-0.024326672458731546,-0.019884877027734227,-0.016400709219858145,-0.0053598138607280355,0.00341159672399427,0.0032694108507713704,0.0023352821358628706,0.0016393317878458102,0.0009869391046537501,0.00120042004681431,0.001272035174300079,2.220446049250313e-16,0.0011670348967651734,0.0020827395124241033,0.008740168740168697,-0.002297934401923718,0.003917298839011929,-0.03234011627906974,-0.003713527851458953,-0.009174311926605339,-0.016164994425863943,-0.018983050847457772,-0.022702702702702804,-0.02209302325581397,0.06153846153846154,-0.019099590723056004,-0.00911577028258892,-0.016064257028112205,0.0009584327891789535,0.0020346673912639,-0.00020859407592821455,-0.005864907090795457,0.003850886332375403,0.0023849025300703985,0.006657083443819545,0.002859319323150089
2017-09-30,0.04844961240310064,0.0049215543088387825,0.001835018571173741,0.0026716070086281185,0.0012590126639993038,0.00375203027030957,0.006494126429638092,0.00498776489044328,0.008450004780229614,0.005915159709312112,0.004049171448747613,0.02874432677760952,0.012235817575083408,0.003561887800534569,-0.012813667912439874,-0.012167643082469648,-0.005179832073186064,0.006079915768662847,0.004295135485742341,0.003246915320513688,0.0018392041315915542,0.0013526972783730606,0.001034846504440745,0.001127138800457006,-0.004587155963303058,-0.0005865355897561875,-8.104494647942495e-06,0.00594262643674881,-0.0010405101773750536,0.0036809779789690467,-0.02459631993991729,-0.013312034078807211,-0.025925925925925908,-0.0067988668555239995,-0.008293020041464927,-0.008849557522123686,-0.01545778834720557,0.049689440993788914,-0.011126564673157202,-0.015639374425023167,-0.010204081632653184,0.00463519973466453,0.0003915196275590116,-0.003964114333402935,-0.0043177589289928875,0.00440563111659098,0.001862004758456548,0.004977124636073915,0.001843178619127972
2017-10-31,0.044362292051756125,0.005348742135045104,0.0021421078602776866,0.0029215412153422715,0.0016628216560305997,0.004152334633574339,0.007415184879325798,0.006204027220661601,0.01053522379877414,0.016801075268817245,0.0035876313439071605,0.04705882352941182,0.028571428571428692,0.015084294587399905,-0.013520822065981597,-0.010492700729927251,0.01301700608859968,0.009053526328548278,0.005256588606790347,0.0046734416607592255,0.0019558076698369398,0.0016990942166756895,0.0013657050077182653,0.0010318201334413857,-0.009216589861751112,0.0017228343054653816,0.002481041211166213,0.005214175793823106,0.0001104989291564884,0.0035382794859071254,-0.004427333974976078,-0.012412304371289817,-0.03041825095057038,-0.0011409013120365907,-0.0006968641114983853,0.0078125,0.008454106280193052,0.03747534516765283,-0.005625879043600568,-0.027102803738317638,-0.0005154639175257714,0.005888916320738291,0.0027877369778233074,0.007540846250523758,0.0024699068445797057,0.004286808593276792,0.0021683014971607406,0.0030211480362536403,0.0014660807134925236
2017-11-30,0.02123893805309729,0.005519912320751885,0.0025443280479353625,0.0028206809786390785,0.0016394689071157487,0.004732332151500707,0.00708576285937923,0.007569832242863228,0.010919425225823565,0.00396563119629878,0.003895953678566988,0.056179775280899014,0.026709401709401837,0.009615384615384581,-0.006030701754386025,-0.004610419548178757,0.047502590673575096,0.010924051054569395,0.005763409939127051,0.006011325242738508,0.0020001621181398033,0.0018160858455187334,0.0011941109165301,0.0010716055837867167,-0.0046511627906975495,0.0018217096754289397,0.002496285692751954,0.006179693370568673,0.0009790161843492573,0.003483377515610231,0.0019334880123742515,-0.008743169398907069,-0.020588235294117796,0.002855511136493405,0.00557880055788007,0.014396456256921208,0.011976047904191711,0.047528517110265955,2.220446049250313e-16,-0.02497598463016315,0.001031459515214106,0.0070540579621907185,0.0029285162123935393,0.007276507276507305,0.010944770188295205,0.004697032454286099,0.0023696682464453556,0.003287121087087952,0.0010835985518531377
2017-12-31,0.025996533795493937,0.0054628127184335185,0.002896474221623535,0.0031710971048388714,0.0018653028369364222,0.00601523521092906,0.00571889919695967,0.008706698944105362,0.009923113445806209,-0.004772876892692568,0.003905233365142591,0.0731382978723405,0.037460978147762614,0.008658008658008809,-0.010479867622724903,-0.007874015748031482,0.044517431047445655,0.01117282324072133,0.00579734219821737,0.0068900750626657015,0.0020269366680603085,0.00203016935361644,0.0013422711706878587,0.001018771788318551,-0.009345794392523366,0.0027916770313107797,0.002836317454239179,0.0032993735648840783,0.0016375381988364968,0.0032540570013981363,0.015052103434967323,0.0011025358324145973,-0.02902902902902882,0.006264236902050246,0.004854368932038833,0.015283842794759694,0.022485207100591653,0.04537205081669704,-0.007779349363507881,-0.024630541871921263,0.003606388459556964,0.00798047956560799,0.0038983785883037747,0.005159958720330149,0.01677018737328173,0.004660816587422234,0.002877993627300013,0.0007813892277956924,0.0004480238563744354
2018-01-31,0.042229729729729826,0.00521942116586982,0.002980541346092158,0.0028663854606607586,0.0021064960423289314,0.006066849646929162,0.004052086811738409,0.009124870840378385,0.008190872762291912,0.02315197618653886,0.005172769977140446,0.10037174721189568,0.08224674022066236,0.051502145922746934,-0.004459308807134743,-0.002334267040149496,0.05932717078345218,0.00952250000680177,0.005436341142898815,0.006964713018931867,0.002084370242841471,0.0023325518355907793,0.0017706976429205934,0.0010326816568562158,-0.018867924528301883,0.0036829202263855,0.0025631833382968594,0.0027552494167313313,0.0021107282659280635,0.002624446882561138,0.056083650190114076,-0.030837004405286472,-0.05979381443298981,0.018109790605546072,0.026915113871635477,0.037634408602150504,0.04629629629629628,0.06944444444444442,0.005702066999287325,-0.042424242424242364,0.01694045174538017,0.006628204803796667,0.004747729940847378,-0.0022587268993840004,0.015446602772478002,0.004824856525559307,0.004202111304704381,0.0005890088214344225,-0.0003654237482446643
2018-02-28,0.043760129659643265,0.004852010534097673,0.0025011944132984354,0.0027016521667608817,0.00228321291137612,0.0047421755578769265,0.0032442531368601646,0.008644809596331182,0.0067043643176318835,0.015516405366090114,0.004941969802804813,0.08783783783783794,0.06765523632993498,0.04408163265306109,0.010638297872340496,0.009826860084230615,0.044381660825405955,0.006901568390619284,0.004979752124589787,0.006402126217685211,0.0021491622979483704,0.002017370032524113,0.0019047581175899442,0.0014320463467207833,-0.009615384615384581,0.003928436976381011,0.00407441110955542,0.0025482505705864966,0.002435922550285685,0.0025885896244806084,0.18613861386138586,-0.005113636363636154,-0.03508771929824539,0.028349082823791116,0.03427419354838723,0.029015544041451014,0.03982300884955747,0.08766233766233777,0.024805102763997056,-0.04746835443037967,0.028773346794548127,0.00344054367200175,0.004913188192228413,0.009466968512039431,0.007772615651652659,0.004262675929532778,0.0045927740355173885,-5.4759264583204015e-05,-3.5838954075551044e-06
2018-03-31,0.05590062111801242,0.004552451636169019,0.0023796410459453465,0.002644758872478281,0.0021569997194721413,0.005076641574713436,0.003698687435500281,0.007596487567990362,0.005818154861606528,0.009708737864077666,0.0050299484440310405,0.06935817805383016,0.0477430555555558,0.028146989835809322,0.014958448753462639,0.014828544949026634,0.03818100880046571,0.0042874889323327725,0.00479351314142451,0.005718130580973035,0.002250873437986689,0.0019677315800110673,0.0018515247792756373,0.0015370789806481433,-0.009708737864077666,0.002376994011947575,0.001687110240684575,0.003315356732384478,0.002715231081215075,0.0025876886735853866,0.14858096828046774,0.011993146773272345,-0.006818181818181945,0.03189189189189179,0.03053931124106546,0.017119838872104998,0.01382978723404249,0.09552238805970137,0.014522821576763656,-0.0177187153931343,0.024533856722276592,0.0028822628337936695,0.003256719954268128,0.0014271151885831834,-0.002466266687726315,0.003953954129913395,0.004470181855125599,0.0007392905548786466,0.00016485977958957676
2018-04-30,0.0779411764705884,0.00434385522375802,0.002367556035377527,0.0028304370287139946,0.0022064600508411303,0.004351135780859439,0.0049775662916708985,0.0062183921701490785,0.005278128979389285,0.0004728877679698318,0.005339933659803009,0.06873184898354312,0.05385252692626352,0.04030418250950585,0.015283842794759916,0.0182648401826484,0.0316973415132924,0.002733472228148681,0.004955435345632475,0.005270462183798896,0.00228975782994012,0.0021576829135643294,0.0021135325507783964,0.0014223904008272559,-0.009803921568627194,0.004144069894625124,0.002805142177540576,0.0018614794906817167,0.002821555378806462,0.002715106982136284,0.06144291754756859,-0.008465011286681534,-0.010297482837528626,0.03404924044002078,0.032786885245901676,0.030693069306930276,0.03882476390346268,0.07356948228882842,0.018404907975460016,-0.013528748590755257,0.03256704980842917,0.0018100564757972393,0.0048964644227253995,0.000610749185667725,-0.008587561005540145,0.0038660109700394685,0.004450288257307644,-0.0008755489281365714,0.00012541611274552444
2018-05-31,0.05457025920873115,0.004187634166540777,0.002397277039992707,0.0028816604680264035,0.002191431432684521,0.003475429773478922,0.005840899426503787,0.00478557221673559,0.004154899773837428,0.02835985504962979,0.005700512106808331,0.04619565217391308,0.03773584905660354,0.0314327485380117,0.026344086021505397,0.02735426008968589,0.03868410115412879,0.0023416873558044227,0.005296469591852038,0.005185780513051297,0.002210094941317964,0.0022102674818342827,0.0021683741542448676,0.0016676847562260289,-0.014851485148515198,0.0017518739701198882,0.001355292683445919,0.002308783271216086,0.0026284715683959625,0.002871687206108531,0.054649570521598356,0.0,0.01387283236994219,0.03444782168186422,0.028083028083028205,0.01056676272814605,0.017171717171717393,0.07106598984771573,0.02409638554216853,0.0034285714285715585,0.02643784786641934,0.0031361336901656323,0.0023448402366983423,0.004272634791454788,-0.005838015580246547,0.00402553926761251,0.006947940791460994,-0.00015061684444017676,0.0003726182883920792
2018-06-30,0.05304010349288513,0.003984979836666458,0.0017286050101523731,0.002604410966866366,0.0017135572433506496,0.003292325445862776,0.00541242932780972,0.0036376339564980764,0.0023281302448034946,-0.016393442622950838,0.0047500282818078166,0.032900432900432985,0.015909090909091095,0.009213323883770386,0.021477213200628453,0.024879965080750965,0.012835113423004696,0.0027765829005423903,0.005472499666458797,0.005293841917831665,0.0020135407765973223,0.0016343537214038584,0.0017060942079580865,0.0017553043651896694,0.0,0.003404888021559138,0.003229034461309288,0.0010804348064539226,0.0020800958146782733,0.003543124746382187,0.030099150141643216,0.0239043824701195,0.04903078677308992,0.03183153770812952,0.01959619952494074,0.0,0.00794438927507457,0.06042654028436001,0.011111111111111294,0.02733485193621843,0.01807501129688216,0.0031097584551735835,0.0038233474941604673,0.005064829821717964,0.004819958223387877,0.004015189855826051,0.006299999999999972,-0.001479006326860266,0.0017871852727338045
2018-07-31,0.06019656019656017,0.0037823263260028384,0.0013467685148700337,0.0027913239944592494,0.0015493049948720472,0.0034115687002660433,0.003522321943792317,0.0031303876436461486,0.000163835917348365,-0.010747663551401887,0.004933118796779823,0.03520536462699053,0.014914243102162716,0.0063202247191014305,0.002564102564102555,0.01192504258943794,0.02659089527745695,0.0036385498783628734,0.005385994133153549,0.005532107202875114,0.0018123708193722443,0.0014174051852260394,0.0015909551835013858,0.0013050803856788917,-0.015075376884421954,0.0031667738700797976,0.001525560414899374,0.003440511474763319,0.0012499651325144079,0.0035663358471047513,-0.08044001375042986,-0.0005558643690940501,0.016304347826086918,0.01613668723303241,0.007571345369830951,0.0,-0.003940886699507651,0.04469273743016755,-0.007756948933419494,0.027716186252771724,0.006213936972925049,0.0029262065497102085,0.0034028773627070574,-0.0036283007458173255,0.0194318541686338,0.004423615068205544,0.00496869720759241,0.002331513838220056,0.0021629622214516253
2018-08-31,0.04634994206257215,0.0033518292594321153,0.0016650330292746762,0.0027352693803164296,0.0012605591280043793,0.0031796410807323205,0.0006920845715479018,0.0029531685874548685,-0.0016013271895002346,-0.004723665564478008,0.004848974380687432,0.028340080971660075,0.01322556943423936,0.008374040474528721,0.000511508951406503,0.005471380471380405,0.015778100115449778,0.004285358254420446,0.004756929490364437,0.005413874606652325,0.0015821372137232448,0.0013427640916612305,0.001173628162357776,0.0013370062895790014,-0.010204081632653184,0.003623238403916984,0.0020834225755193003,0.0008899371584252247,0.00016469802171692471,0.003283151141699525,-0.08859813084112134,-0.012791991101223643,0.007486631016042855,0.010742643624474857,0.007514450867051936,0.002851711026615966,0.005934718100890191,0.036363636363636376,-0.0032573289902281255,0.008629989212513456,0.0035288928098806682,0.003049437489734075,0.00367516140470725,-0.010519927169735044,0.030535875647540678,0.004545386685163688,0.004054187679224608,-1.3682885446675286e-05,0.0016802585671780168
2018-09-30,0.02879291251384286,0.002877364717201125,0.0015578756791303494,0.00247402823463605,0.0013506750266560896,0.0025752699439871574,-0.0018786030846821289,0.003012540550163978,-0.002258189342821848,-0.0041132732162633134,0.004329015554118021,0.025196850393700787,0.010877447425670761,0.006920415224913379,0.006646216768916302,0.00879028882377586,0.011598764352742208,0.0042877886141665655,0.003953659442325952,0.005100536115086873,0.0014232474498758751,0.001278228359809619,0.0011840338048525467,0.001255967524844026,-0.015463917525773141,0.0014499116245265675,0.000678357174644928,0.003283839364615293,-0.0007310218837113247,0.0032184821479253056,-0.052091878589007434,-0.010140845070422455,0.005307855626326852,0.007393715341959428,0.005737234652897438,-0.0028436018957345155,-0.006882989183874089,0.03921568627450989,0.005228758169934622,0.00855614973262031,0.006153846153845954,0.0017707317473683037,0.0013189135452795764,0.0026579431609079496,0.0325679912238257,0.004170424964931918,0.0032499507583219067,0.0009304489416142037,0.0019018109941770778
2018-10-31,0.05274488697524227,0.0024425369371063876,0.0015753431741889479,0.002332258188056713,0.001375240395435906,0.0025500415222932116,-0.003561933421104224,0.003086625497377149,-0.0016581502040733387,-0.021604447974583052,0.004137373716510462,0.036098310291858615,0.021520803443328518,0.021993127147766245,0.007110208227526504,0.009958506224066355,0.0022182530536989375,0.0033184137017363557,0.0032378365885472604,0.00476641904155839,0.001341640991221249,0.0012805125182826504,0.001149292283071146,0.0010330287463726773,0.0,0.0029948271694466566,0.0013486749345050786,0.0034688240795111014,-0.001132219923820399,0.0026621477110055913,0.08365786816673881,0.010244735344336897,0.014783526927138357,0.01880733944954116,0.02224757558471202,-0.0019011406844106071,-0.012871287128712772,0.038728897715988087,0.013654096228868706,0.007423117709437932,0.013106159895150737,0.0017452904931982705,0.0026947804111039364,0.0012234910277324484,0.024093217474614015,0.0039322433710278215,0.0013743005791693186,0.0023376303809927723,0.0010912878262756553
2018-11-30,0.03885480572597144,0.0022008256568781803,0.001251937285567939,0.0026318516215935173,0.0015810595268912486,0.003320475120715427,-0.00419288654292127,0.003074860126091039,-0.0005066797270703027,-0.0017860042214645766,0.0037539323083728426,0.02075611564121571,0.0077247191011236005,0.010759919300605159,0.01311144730206748,0.0160230073952341,-0.031360487510419977,0.0016127063547042297,0.002942856171157082,0.004749841715605552,0.0012973642437661415,0.001175235193698665,0.0013399547471422135,0.0008764981887043888,-0.010471204188481797,0.001517331609449002,-0.0005548427103444498,0.0016850705995816728,-0.0008546312603747719,0.0017084491344894204,0.026354319180087904,0.03267605633802817,0.02913631633714875,0.01891040072039618,0.014508928571428381,-0.013333333333333308,-0.029087261785356255,0.04110898661567863,0.019884541372674702,0.0189473684210526,0.011211729193617792,0.003674951557456785,0.0010678431535640076,-0.0014256619144604743,0.010237641794281105,0.0034847868020364547,-0.0018625624938729546,0.0013911240828128335,0.0006924076612244701
2018-12-31,0.03543307086614167,0.0022044377298819917,0.0012321240851300708,0.0026365693853087624,0.0018292767856729064,0.0010931979741675146,-0.003926328010124158,0.003119257536815523,0.000556594265334498,-0.01837996096291472,0.00533062831483222,-0.013798111837327487,-0.02369337979094077,-0.017964071856287345,0.0074664011946241615,0.013748483623129859,-0.0636833046471601,-0.00026971530231001406,0.003132261086738808,0.005011900837994965,0.0012670548004152238,0.0011015883184759545,0.001426198623102115,0.0010457883918828514,0.005291005291005346,0.0013263756045454045,5.081471228240986e-07,0.0040243843070648655,-0.00013963879817646685,0.002725194742275283,0.1632732460121904,0.10201854882705974,0.06268958543983838,0.01458241272646954,0.0011001100110010764,-0.03957528957528966,-0.05061983471074383,0.038567493112947604,0.005660377358490454,0.04132231404958664,0.00042643923240959225,-0.001997632368618718,0.000751021366669713,0.0008158270446667615,-0.003596708550370864,0.004800509884665516,-0.003241013553329508,0.0032278274133796803,0.0017209505324300434
2019-01-31,0.04657794676806071,0.0024885106779866106,0.0007115813429394713,0.00257294631342031,0.0022206293765705265,0.0010578790662227888,-0.0028200901676296297,0.003444529289674092,0.000986576551355034,-0.010273405136702607,0.0044233074670068095,-0.012518409425625987,-0.022127052105638922,-0.015582655826558378,0.0024703557312253377,0.013960909453530235,-0.05286511156186602,-0.001525183120736684,0.0037849098733853115,0.005323432002991568,0.0012560905461120875,0.0009872169067726144,0.0016839950144369453,0.0010540593323040692,0.010526315789473717,-0.001343267140209825,-0.0023562770111815734,0.0032809494819976415,0.0005980370678420055,0.0033498320168097173,0.04136008918617606,0.0435643564356436,0.043767840152236115,0.0030487804878047697,-0.00879120879120876,-0.02311557788944707,-0.030467899891186034,0.030946065428824054,2.220446049250313e-16,0.05257936507936534,-0.002557544757033292,-0.0002627395796983567,-0.002023924165733937,-0.010189525168127211,-0.011680380557889225,0.004385067153721334,-0.004236870627647993,0.0019549015082609422,0.002429987318725013
2019-02-28,0.04087193460490468,0.00289299961699796,0.0009003259227351457,0.002923600848165231,0.0021717802663940855,0.001387709186151831,-0.0010855399516356279,0.004119401126564171,0.0009376812678121293,-0.02159718734304361,0.004983479303150018,-0.02162565249813564,-0.03065693430656924,-0.022023399862353576,-0.009364218827008441,0.0027537372147914407,-0.05113104002141622,-0.0017248376840086621,0.004511975591935835,0.005219668932549437,0.001278212986467686,0.0008653992336147276,0.0014705308733469202,0.0009433785780907922,0.005208333333333481,-0.002461637382544124,-0.0034536275185939047,0.0023627205653347083,0.0009146030604099131,0.00329105312300082,0.02847660850016065,0.030360531309297834,0.034639927073837784,-0.002605297438124321,-0.0099778270509977,-0.01954732510288082,-0.021324354657687894,0.02315608919382517,-0.008130081300813052,0.03675777568331773,-0.015811965811965756,0.00016748943772570968,-0.003223873250943643,-0.012970969734404036,-0.012627423932501713,0.005127355263349509,-0.004353849198496018,0.001720750626651224,0.0023110193927744493
2019-03-31,0.019197207678882888,0.0034442452949454694,0.001190652311329199,0.002979145978153186,0.00203787995887339,0.0022269029736956547,0.0012548379605512583,0.005228069675278668,0.0006761461091973064,-0.005133470225872738,0.004721493713509828,-0.04573170731707321,-0.05647590361445798,-0.05207600281491909,-0.018407960199004814,-0.009023146331894716,-0.044435040203131826,-0.0010687522635249858,0.005230782755359931,0.004741131531303511,0.0013691318382096362,0.000897756970761554,0.0013301031754999748,0.0010265926202808195,-2.220446049250313e-16,-0.0021104949068101453,-0.002959084189126826,0.0009375033482261763,0.000804743478355352,0.0036500016743128416,-0.07827625689601325,0.011049723756906049,0.02026431718061672,-0.027427078798432647,-0.035834266517357216,-0.01783840503672618,-0.013761467889908396,0.013411567476948827,-0.02269861286254715,0.031818181818181746,-0.034737299174989134,0.0012539182107682567,-0.0029389326234514623,-0.0004171881518564291,-0.008311804078466767,0.00534406081779637,-0.0037765851719339105,-0.0007033490234269468,0.002457288310076633
2019-04-30,0.018835616438356073,0.003965108883190238,0.0020853121014476894,0.003145959757266059,0.001963130294907023,0.0016332076112568483,0.0037115964260965306,0.006293254901328815,0.0003849145616532379,0.01565187478500185,0.004139057249630929,-0.04233226837060711,-0.04469273743016766,-0.037119524870081744,-0.026862645717182,-0.020585906571654933,0.025465013286094074,-9.421266485509783e-05,0.005595763090650463,0.0040483077127577705,0.0014658245618370813,0.0014417380239433175,0.0013964062958864432,0.0013069297951988634,-0.005181347150258975,-0.003360803684235969,-0.0037304021883113325,0.004645661284193414,0.00048509761774284677,0.004398549757551384,-0.05590062111801253,-0.025500910746812377,-0.011226252158894612,-0.03804834377797672,-0.0325203252032521,-0.002136752136752129,0.009302325581395321,0.00496277915632759,-0.02709677419354839,0.006167400881057272,-0.02744039586144842,0.0004469109659079873,-0.004241820616977421,-0.0006260434056761799,-0.0021008008230899433,0.005168273625958619,-0.0001995211492418214,0.0019220357336222627,0.0018885641637038653
2019-05-31,0.010084033613445342,0.00444456181552666,0.001994232575304178,0.0031189009344603225,0.0016498427134625793,0.0040862521353211,0.00605621903813347,0.006888186116672967,1.7325749365415533e-05,0.03353090601185427,0.0015737393197143845,-0.044203502919099025,-0.04845446950710097,-0.0424055512721665,-0.01822916666666652,-0.02021018593371038,0.04070395163031737,0.0004276369605495933,0.005638719660578717,0.00359561408375475,0.0015042496438313346,0.001408576579937204,0.0012546247293134805,0.0011134359487980916,-0.015625,-0.003158103694079206,-0.004293393556102032,0.001576908938836219,0.00033157515642989743,0.004051255930861419,-0.08026315789473681,-0.03457943925233642,-0.006986899563318771,-0.039087947882736174,-0.03301320528211282,0.0032119914346895317,0.008064516129032251,-0.0008230452674897748,-0.018567639257294433,-0.0061295971978981845,-0.025901942645698228,0.00630243534691699,-0.0040829506982823505,0.0035498016287325296,0.002150930574392529,0.0029170107144469437,0.000698463380562675,-0.0007295128475317547,0.001986801460263976
2019-06-30,-0.0016638935108153063,0.00471292068895135,0.002087061634424403,0.0031428475303161285,0.0015087177581356581,0.004261001842024825,0.007486328017358934,0.006598654990099373,-0.00044168187226611977,0.002785515320334442,0.0020383998561128713,-0.061082024432809856,-0.05882352941176461,-0.050724637681159535,-0.02705570291777193,-0.027227722772277474,0.011342808728429521,-6.037609146891665e-05,0.005397845453390948,0.003551680480105013,0.0014412485822477006,0.001464799225499469,0.001373314634529832,0.001040357073962328,-0.021164021164021052,-0.0015909649232430656,-0.001494491002306253,0.005696657003803285,-2.988799306935519e-05,0.004553230615685466,-0.019378332683053556,-0.014520813165537216,-0.006156552330694676,-0.04067796610169472,-0.03600248292985708,-0.01707577374599778,-0.01942857142857146,-0.016474464579900983,-0.03175675675675671,-0.0017621145374449032,-0.03466286799620133,0.004749335142604005,-0.002544173004775274,0.014565126924677596,0.0015375307449001507,0.002820589201957935,0.0011965300628178355,0.002555158987670225,0.0027010362730601756
2019-07-31,0.0,0.004784709636915796,0.0019499928534292277,0.0029773317791725873,0.0015988321043043374,0.004992580490122078,0.007570860283979686,0.005438553793172707,-0.0010163911617274701,0.019444444444444375,0.0015979856904244638,-0.05855018587360605,-0.06343283582089554,-0.06022052586938076,-0.02726281352235549,-0.0284139100932993,0.008206531030945374,-0.0018613948810159986,0.005133386923621197,0.00399716809344719,0.0013190431506397982,0.0014452210839548396,0.0014469761684767768,0.001152240622927625,-0.005405405405405239,-0.0015975945225552568,-0.001876085218259771,0.004627768727919035,-0.0013531252192900967,0.005362813253888321,0.017771883289124712,0.0004911591355598599,-0.00796460176991165,-0.042402826855123976,-0.04314230521571161,-0.020629750271444203,-0.03263403263403253,-0.024288107202680154,-0.03140265177948376,-0.004413062665490131,-0.02951303492375812,0.006260692511813826,-0.0025689048747624676,0.009433962264151052,-0.00539528654026733,0.0019423328820955543,0.001493875112040799,0.004058955998759384,0.0034309632202140783
2019-08-31,-0.023333333333333206,0.004412730397327369,0.0013787200555563928,0.0027249572391807586,0.0017609391675559305,0.003982030668328473,0.006008331005626921,0.003359870164336476,-0.001590584329923761,0.02949190575412719,0.0022687053072520946,-0.0760118460019743,-0.08366533864541836,-0.08212996389891691,-0.04428251121076232,-0.042339589698821456,-0.011327793793454166,-0.004484252289162494,0.0046480222655236325,0.004312793211255661,0.0011289216690530957,0.0011703712301469604,0.0014738992177889543,0.001142949686319561,-0.010869565217391575,-0.00010681993537298151,-2.048128425435891e-05,0.006164747750735611,-0.004129988835529286,0.005783273958205326,0.06867344279384935,0.003927344133529909,0.0,-0.044280442804428,-0.054508748317631306,-0.03658536585365846,-0.051807228915662584,-0.0394849785407726,-0.06195965417867422,-0.0026595744680849576,-0.02432843385707051,0.004183599222326917,-0.0010991498163805957,-0.01747257212515252,-0.016639093166892382,0.002123453494617955,-0.0015910898965790787,0.0053050041634210565,0.004512550531164727
2019-09-30,-0.03242320819112654,0.003948693234493428,0.0009369276287982675,0.002682945552061611,0.0018194823873189936,0.0038509717002881416,0.004306948826326318,0.0012617244927137783,-0.0017053331902953106,0.006071929005137866,0.0028856481222798713,-0.06837606837606847,-0.07934782608695634,-0.08161258603736476,-0.03870967741935483,-0.03600729261622593,-0.023704161092243825,-0.006583396335932745,0.004232899914044852,0.004166130832632842,0.0010101602736585225,0.0007400465668989664,0.0011878136117646765,0.001002419862764059,-0.010989010989010839,0.0003618985121731644,-0.00016748329898552683,0.006618808928328557,-0.006053673771559076,0.006254860103655169,0.03804414095841957,0.01418092909535451,0.00535236396074934,-0.037506894649751876,-0.05124555160142341,-0.04833141542002306,-0.06353240152477768,-0.04468275245755138,-0.05990783410138256,0.003555555555555534,-0.029090909090909056,0.0023932748842718787,-0.0006159163777810228,-0.008271298593879206,-0.02738709131725725,0.0023176400463746916,-0.003685258964143512,0.005437323821356532,0.005688140175739598
2019-10-31,-0.0493827160493826,0.003713981440369052,0.001453732746209857,0.0024046758143079217,0.0020911491901640655,0.003364455468692684,0.004105994673583524,-0.0002794965722026088,-0.0008556423015980696,0.004952027236149625,0.003578109891307246,-0.04931192660550454,-0.04958677685950419,-0.04817987152034264,-0.04026845637583898,-0.033569739952718725,-0.024139142656359747,-0.006950690793765979,0.004039711437869631,0.0032777465739186606,0.0010546827217878807,0.001032982055074294,0.0012867182511433484,0.0010835427343689474,0.0,-0.0016200471957351636,-0.0020119513905906272,0.00725620754001044,-0.0040376739097202075,0.006744655255193521,-0.0644896041348525,-0.02121504339440694,-0.01685891748003543,-0.036103151862464156,-0.039009752438109446,-0.024183796856106277,-0.018995929443690662,-0.06735266604303092,-0.051470588235294046,-0.001771479185119551,-0.011235955056179803,0.0016992071546308996,-0.0025606054051852123,-0.009382819015846477,-0.03363064104239011,0.0029679537238833653,-0.003099070278916316,0.005992559128354946,0.005418148730250705
2019-11-30,-0.07699443413729146,0.0038156945747265247,0.002081778116498345,0.002292483883124641,0.0021292336426494973,0.0039625911540737135,0.006522263865465616,-0.0009391003351942873,0.0006354300736637342,0.016938712657837973,0.003979871178503291,-0.016887816646562026,-0.017391304347826098,-0.02474690663667034,-0.022886204704386515,-0.02544031311154593,0.008533467756454138,-0.00535883790702818,0.0042011221814239885,0.0020360136665196205,0.0012657766427246475,0.0010184143982194804,0.0009247842170161391,0.0010876627028286734,0.0,-0.0007687080483596009,-0.0012040441749620046,0.005459715248499641,0.003248344410436088,0.0064034122953553485,-0.030889000502260067,-0.0024630541871922818,-0.020758122743682383,-0.01843043995243765,-0.0187353629976581,-0.009913258983890949,-0.004149377593360981,-0.0651955867602807,-0.0249784668389319,-0.023070097604259154,-0.0027056277056277667,0.003170064836614417,-0.001654647976576884,-0.0029467480530416257,-0.03248725899207061,0.003477161715168098,-0.0013036502206177358,0.0041341416702989076,0.0044256585352477895
2019-12-31,-0.08542713567839189,0.0030029783808358523,0.0022036901680195786,0.002167319569084558,0.0020725184805867602,0.0037011248947684816,0.009497178492090974,-0.001774701902374054,-0.0005031921575359144,0.04663840096910965,0.002807797936852152,-0.03803680981595092,-0.01896333754740831,-0.011534025374855816,-0.018217306441119074,-0.0200803212851407,0.009032488397000993,-0.00485380198187535,0.004737972559836434,0.0016303375999169312,0.0014710911780109193,0.0012986987962950725,0.0011029411764704733,0.0011340640865165064,-0.005555555555555425,-0.00012446563926415966,0.000582196645111388,0.006425752280064145,0.006875260522252402,0.00600460295211902,-0.030318735423685017,-0.016296296296296142,-0.01382488479262689,-0.020593579648697458,-0.01670644391408127,0.0012515644555695093,0.016666666666666607,-0.0622317596566524,-0.023851590106007237,-0.01816530426884655,-0.0005425935973955021,0.0017750502424624948,-0.0009194095847043782,0.0018999366687775243,-0.0252172364715465,0.002761701519801596,-0.0017069986946480764,0.005129958960328196,0.003989774709128646
2020-01-31,-0.06373626373626373,-0.0004374132313452739,0.0022315007036615153,0.0025222402129971844,0.0021293731973734964,0.0039679716276346255,0.00951536476480852,-0.004202469032529077,-0.008669127335711013,0.0293692129629628,0.004055925204327959,-0.02168367346938782,-0.009020618556700999,0.001166861143523823,-0.002650762094102088,-0.0051229508196722895,0.009588507943247615,-0.009817041625120204,0.005603805824769381,0.003575122178914425,0.0014209262121944732,0.0015337098651990733,0.0012766947449782684,0.001175027626351799,-2.220446049250313e-16,-0.002826661196803859,-0.0013165899695813943,0.005410697985139601,-0.006514182147385417,0.006241333319219722,-0.0018706574024587308,-0.005020080321285203,-0.012149532710280297,-0.017316017316017507,-0.005663430420712046,0.012499999999999956,0.03415300546448097,-0.05034324942791757,0.009049773755656076,-0.02127659574468077,-0.003800217155265906,0.0001485376729770671,-0.0035017288683285575,0.02107037505267617,-0.015325796487163368,0.004294101141784079,0.00010058338362495256,0.003651163399377211,0.0037359604035789307
2020-02-29,-0.05399061032863839,-0.007023596558037748,0.002184639255236487,0.002519624536778897,0.0022702210866929473,0.003476651511682638,0.004036380985772192,-0.008899797909266982,-0.02511360403259333,0.03176387912860168,0.004402001464486327,-0.10039113428943935,-0.08582574772431728,-0.06410256410256421,-0.01661129568106301,-0.015447991761071034,-0.02246442840120566,-0.022128115106525792,0.006495399192831375,0.008106201996946893,0.0009773401619008748,0.0015313612014171696,0.0014882181132465089,0.0012540896377382094,0.0,-0.001547274202583715,0.0005563313475143161,0.005614900027389735,-0.044085845986358785,0.005522791376555647,0.3195448460508703,0.052472250252270314,0.017029328287606393,-0.03146633102580232,-0.0341741253051262,-0.014814814814814725,-0.0026420079260236484,-0.04698795180722892,-0.01704035874439469,-0.009451795841210031,-0.010354223433242549,0.001832717813744722,-0.0020733596639915808,0.01609574907139888,-0.00770248593556877,0.0048484900585537005,-0.0017097455496328795,0.0017863429517686047,0.0032343607650024975
2020-03-31,-0.1464019851116627,-0.014973250726534437,0.0007702335317101294,0.0022466461535408655,0.001576687273322941,-0.01074285993673807,-0.004736491057899639,-0.01491469958307512,-0.0466135690537024,-0.00994414929846077,0.00023207579036355064,-0.18695652173913047,-0.16216216216216228,-0.12328767123287665,0.0006756756756758353,0.01935146443514668,-0.08873193991323991,-0.03871834901161142,0.007105210770812942,0.013847557826814683,0.00029760734109918197,0.0005314158876081887,0.0010315762024191155,-0.0007375505419678907,0.044692737430167995,-0.007827583217463352,-0.006904612172693003,0.014269069559822656,-0.10415485837129612,0.009828883788749465,0.4090494065131378,0.2214765100671141,0.16279069767441867,0.08901884340480803,-0.03201347935973042,-0.08395989974937335,-0.1258278145695365,-0.17446270543615672,-0.06660583941605813,0.1154580152671758,-0.01541850220264307,-0.010600317715675156,-0.008170752471570175,-0.012997562956945541,-0.0012395659133225267,0.0002983603016111225,-0.005541003425347357,0.015840166601587935,0.009793330677667411
2020-04-30,-0.21802325581395343,-0.019686002058159846,-0.0013559599972462477,0.0017447806618906547,0.0001860833653477556,-0.03363980708216585,-0.01105914721145096,-0.019067340175761283,-0.06305514982795368,-0.05806274078150786,0.027852351439143552,-0.25133689839572193,-0.2139219015280136,-0.161931818181818,-0.04253882511816354,0.00974858902001019,-0.15925721929341408,-0.05034129854325753,0.006836949540054871,0.0174538862667315,-0.00023174076509646646,-0.00038540743893855645,0.0003275422836019892,-0.028001476189848606,0.5989304812834222,-0.03461061032501067,-0.038339609037433164,0.04026057983987252,-0.17365293618565414,0.022040893497936587,0.15501475988192093,0.1416797488226058,0.09200000000000008,0.010143198090692307,-0.05831157528285458,-0.07387140902872802,-0.11818181818181817,-0.21898928024502295,-0.09872922776148585,0.11462788708297689,-0.025167785234899487,-0.035316511640587245,-0.03476541693657531,-0.05144032921810682,0.007269418544654016,0.02266648136071603,-0.013676425894033284,0.043166297231155504,0.023953356980239038
2020-05-31,-0.2788104089219331,-0.016983858861467915,-0.0021548218592812862,0.001794241011346509,-0.0004193598722863623,-0.021166659563283896,-0.008506768278747079,-0.01826537651384208,-0.0637564580644353,-0.07230499561787906,0.01667482148048882,-0.3380952380952381,-0.30021598272138217,-0.21525423728813575,-0.03596614950634691,0.0035569105691057867,-0.14656059897051943,-0.046891991848942216,0.005433895163218461,0.016451809964578956,-0.00022602388177417332,-0.0007519301779121967,0.00016276010500915206,-0.025427647413775567,0.3210702341137124,-0.03269714224025477,-0.03266693910911311,0.5840017974434237,-0.23873530321525072,0.03176423333895051,0.08558783194115449,0.10106565830182213,0.08058608058608074,-0.008860011813349056,-0.09242144177449152,-0.09158050221565728,-0.14604810996563578,-0.2823529411764706,-0.09978308026030369,0.0966999232540291,-0.03384968445209402,-0.006215915169093811,-0.03265396479806726,-0.05856832971800441,0.024191073430853915,0.013520915918175946,-0.01068200493015603,0.5895401395303133,0.03448061954761528
2020-06-30,-0.3788659793814434,-0.007336691028814735,-0.0014763917048828956,0.0012799218729770967,-0.0006446891945139921,-0.011445722803345881,0.0033327022297104936,-0.012143721554043974,-0.04488514962553347,-0.05101558809636275,0.013820642033862685,-0.42086330935251803,-0.3179012345679012,-0.18358531317494597,-0.03657644476956845,-0.00658227848101256,-0.10532953174690207,-0.026246178768714157,0.0032924161898451043,0.011185164418176408,0.00033596931102786165,-0.000497184858705424,9.9554684239056e-05,-0.020021900257821912,0.18734177215189862,-0.020501923374785513,-0.018834021105189058,0.3794918379603507,-0.2822754066647555,0.03343280649400082,0.0665518231409703,0.07524196066187927,0.05423728813559325,-0.014898688915375491,-0.06619144602851323,-0.05040650406504066,-0.08853118712273644,-0.3797814207650273,-0.08795180722891582,0.06298110566829962,-0.02256532066508299,0.00804148222953116,-0.02020891853054918,-0.050000000000000044,0.04557012323326659,0.011339561806491094,-0.008409468438538181,0.379611170352512,0.03530703899964949
2020-07-31,-0.6182572614107884,0.0059116737008260145,-0.0006514435148720077,0.0010954096240878286,-2.1778867889232778e-05,-0.007716871847953,0.02139441690427879,-0.0024044902628450604,-0.010453590468484708,-0.0023228803716610624,0.015250124982227442,-0.4658385093167703,-0.3076923076923078,-0.15343915343915338,-0.048595292331055306,-0.015290519877675934,-0.06024391738677459,0.006382961549099564,0.0010453111696311357,0.0035336359651938487,0.0012915751602471381,-1.9205875461336674e-05,0.000476666322088537,-0.018555407107250677,0.1428571428571428,-0.014444237695559248,-0.012397939676047631,0.27927393807865286,-0.27460717372571786,0.03416342449442311,-0.08425756433724552,0.0029036004645759395,0.014147909967845429,-0.02722323049001829,-0.07197382769901861,0.023972602739726234,0.015452538631346435,-0.6211453744493393,-0.0871862615587845,0.038183015141540544,-0.027946537059538312,0.010878180887428313,-0.013874082201938753,-0.06912442396313367,0.06564227819487156,0.01291049647126008,-0.003873939901581025,0.27760570401196394,0.034337694643270966
2020-08-31,-0.5978260869565217,0.016467250592213878,0.0009459089438177415,0.001410972494647389,0.0009928376004575412,0.009401508325084684,0.03669728997418353,0.007184138486387992,0.024468682571249678,0.024779644104440557,0.010936003541805794,-0.10465116279069764,-0.05882352941176461,0.006250000000000089,-0.06145251396648055,-0.052795031055900554,0.08562671188209192,0.03604397113748736,-0.0007474926557822226,-0.003554760383472133,0.0021661126261465213,0.0012119140174855492,0.0012303229645618252,-0.014645846533980156,0.07462686567164178,-0.0036850279201416924,0.001164354476472118,0.21669394323395763,-0.1804651997097484,0.028221353774663616,-0.15950379211005938,-0.10856977417486968,-0.07989854153455922,-0.13743781094527352,-0.05640423031727382,0.15551839464882944,0.26086956521739135,-0.23255813953488347,-0.014471780028943781,-0.05072923272035501,-0.0368750000000001,0.024071056513687683,-0.0028321950992361566,-0.03908285565398628,0.07387595813947168,0.01023783225380348,0.0012612991381124594,0.21327020451108036,0.026454465075154587
2020-09-30,0.10810810810810811,0.020172507932972206,0.0029726007808810184,0.0015791190223344298,0.0023288284807316817,0.035571523432174734,0.042981688160401266,0.012817335374680328,0.04336518471746631,0.08633560532294693,-0.014048599776339432,-0.09090909090909094,-0.05555555555555547,0.01552795031055898,-0.01020408163265285,-0.042076502732240395,0.13864359944734805,0.049548761099579286,-0.0012904638505770727,-0.006919089853817173,0.0026729899525994583,0.002401711123260153,0.002203451373096188,0.01673542495558844,-0.12152777777777779,0.024730222572444394,0.03423535050699078,0.17447147638035965,-0.04300932513935385,0.01850198307374762,-0.05442081701175161,-0.07210133160116905,-0.03308063404548589,-0.07065609228550818,-0.0273972602739726,0.08104196816208376,0.1344827586206898,-0.04545454545454575,0.022026431718061623,-0.052772211088844445,-0.02141466580142759,0.05072106075201588,0.02581697594228327,0.023318872017353387,0.06882882661157308,-0.010026441500298522,0.010497585555322209,0.1711128695985229,0.014953657444096269
2020-10-31,0.09756097560975596,0.016707754182684553,0.0034101026130173295,0.001369968859884274,0.0028586121022813327,0.020540150324854567,0.03942061188833512,0.013329706966038302,0.04228229050866372,0.07319988048999093,-0.004067841166099484,-0.028571428571428248,0.0588235294117645,0.07033639143730874,-0.012886597938144395,-0.02909298345693101,0.05718807702453166,0.045078192912131776,-0.00011451660805039676,-0.004903200997438351,0.0027809115464514367,0.0023615100651233067,0.0021089845411050856,0.013649969892957525,-0.1264822134387351,0.02263633619785832,0.02733613588796957,0.013385703326859177,0.02695049764265245,0.009748962835439245,0.07774818760171609,-0.042702135106755246,-0.03349964362081248,-0.04577191621411958,0.020486555697823317,0.07362784471218209,0.11550151975683876,-0.04761904761904767,0.02729885057471293,-0.04442877291960501,-0.022546419098143367,0.01938993337781003,0.023953285459171747,0.025172231054584104,0.05358783341201323,-0.0011950221839207575,0.00820693953874918,0.00996578311617391,0.006362381324190203
2020-11-30,0.022222222222222143,0.010858323721186558,0.0030046842494622084,0.0013821797409314662,0.0030810982682256682,0.00899746317864114,0.031602782708486155,0.010920409066277559,0.03157832599388155,0.04162026726057899,-0.006048180653558499,-2.220446049250313e-16,0.04861111111111116,0.05142857142857138,-0.012184508268058947,-0.0199764982373678,0.013124407405559202,0.03287445861286953,0.0024651128616006712,0.0010773456527708447,0.002804774709211477,0.0019053764836831633,0.0019504156763945346,0.007273690778396125,-0.09728506787330315,0.011111845575997537,0.01402435292394677,0.01213068832681019,0.020117313069586862,0.008692070970939048,-0.06767794632438717,-0.07714808043875698,-0.0471976401179941,-0.043089430894308944,-0.010037641154328591,0.05361596009975078,0.0708446866485013,-0.11666666666666659,0.018181818181818077,-0.03542435424354251,-0.027815468113975395,0.00557490481995937,0.012655754476826209,-0.0031015766347890494,0.03677702734483512,-0.003129724826126279,0.007315816589386959,0.009225909531097587,0.005838648649408196
2020-12-31,0.0,0.006296941119216415,0.002769332396107549,0.0011472707981055041,0.0022077371252540168,0.007102717920238755,0.023892397723188852,0.008136181032629697,0.020768775969530973,0.014967259120673537,-0.007238795548667243,0.02941176470588247,0.09933774834437092,0.10326086956521752,0.010572687224669197,-0.008992805755395628,0.031080681706235902,0.02134452891714811,0.0055075549491854225,0.008032486655544568,0.0030061226097495286,0.0022218876898656426,0.0018725524827463147,0.0046359151901884665,-0.08771929824561409,0.006662877391979682,0.008637965064972608,0.011310892013301599,-0.008073015445884235,0.007991269715587057,-0.012589265994257581,-0.05150554675118857,-0.03250773993808054,-0.02463891248937966,0.017743979721165815,0.05207100591715963,0.06997455470737912,-0.07547169811320764,0.0494505494505495,-0.0351951032899771,-0.022330774598743885,0.006342520807475216,0.008417362422465935,0.021260046668394983,0.023069546713545552,-0.004209323606287119,0.007671849427168587,0.009183948371317419,0.005860652301501013
2021-01-31,-0.021739130434782594,0.005690712670675557,0.0024200247837564692,0.0010799841911817154,0.0015086752539390513,0.008447589863983973,0.01921841855411799,0.00698952813584186,0.01625855037375712,0.03133640552995387,0.02175366827241243,-0.04285714285714293,0.10240963855421681,0.09605911330049266,0.017436791630340176,-0.001814882032667997,0.04614723164381607,0.016211670285854796,0.007653245042400947,0.012265919320922025,0.0035171416362984598,0.0024261091939270507,0.001967623308185118,0.0030153470182976427,-0.05494505494505475,0.005965007056830229,0.007498332991382917,0.013269200594408836,-0.017744443680745015,0.010241738370234899,0.049806143751863985,-0.049289891395154495,-0.040000000000000036,-0.019163763066202155,0.00996264009962644,0.03712035995500562,0.061831153388822946,-0.04081632653061229,0.060209424083769614,-0.03647898493259305,-0.012847965738758016,0.012039307418911571,0.007883254520495653,0.012439705509012411,0.016071919763434472,0.02200070671952159,0.010658816363821044,0.010957038690074361,0.0077742305651180565
2021-02-28,-0.022222222222222254,0.007328569197232904,0.0027818243927397734,0.0013100817718016966,0.0014181831391146815,0.003968468809892656,0.016314101846623963,0.00709023648945406,0.015999491569069768,-0.007149240393208078,0.0026936171317211155,0.014925373134328623,0.256830601092896,0.1685393258426966,0.033419023136246784,0.0036363636363636598,0.08863418420932456,0.015440041797020188,0.008035819586406978,0.012304798224626046,0.00406178162980364,0.0027957915181680004,0.0020980820238452047,0.002277869160767443,-0.04651162790697683,-0.0007899054930092797,-0.0008251796462758199,0.016516225333045753,-0.012969286589675555,0.014495044579543759,0.011221590909090917,-0.08084358523725843,-0.05249999999999999,-0.006216696269982336,0.04315659679408146,0.05639913232104132,0.09966405375139975,-0.14893617021276595,0.0765432098765435,-0.04279835390946507,0.005061460592914013,0.0027524596017780567,0.0011849446963592136,-0.009027081243731194,0.013767986070307492,0.005058127231124976,0.015166733627963058,0.010262694112969761,0.0074109813760494525
2021-03-31,-0.0454545454545453,0.009495609443691322,0.003560053465724522,0.0015612659782959781,0.0016145724603242595,0.012876201877706217,0.01404273934589706,0.0077250192036704135,0.017194987005254125,0.016073035875016073,0.050092509644862115,0.029411764705882026,0.23478260869565237,0.16538461538461546,0.05721393034825861,0.018115942028985588,0.0961828859060403,0.016434596341478924,0.0069442140316124945,0.008953618973508659,0.004601871426468174,0.003673195320553324,0.0027846633955526112,0.002493940187444421,-0.021341463414634276,0.0034306365535528016,0.003511502080045137,0.029673069096547655,-0.0046587552931566245,0.029602428539723835,-0.1307767944936088,-0.09369024856596553,-0.05101143359718563,0.008936550491510209,0.047281323877068404,0.06878850102669398,0.09674134419551961,-0.17500000000000016,0.08830275229357798,-0.044711951848667275,0.025899280575539363,0.02467674662365482,0.005520090123920518,0.007844129554655854,0.014156778011980009,0.0465929872774542,0.018304145641634406,0.010187809283270344,0.007441302925890625
2021-04-30,-0.04761904761904767,0.010296018432768506,0.004457683967939996,0.0021204255697160335,0.00273317945340823,0.015683335840076085,0.011759353019054952,0.007834829637005436,0.0168898968992377,-0.00771956466717294,0.015242222951002526,2.220446049250313e-16,0.176056338028169,0.13366336633663356,0.04705882352941182,0.017793594306049876,0.07951632036122924,0.016544431753048983,0.00491946980333835,0.0037583108563508105,0.004882470714402842,0.004645360199156734,0.003844401519686791,0.0025589737286146885,-0.01869158878504673,0.0028273194354220266,0.002354670996609576,0.05072896866750609,-0.0017705359044521973,0.05398933896526659,-0.015837104072398356,-0.05537974683544322,-0.030583873957367835,0.02657218777679371,0.055304740406320496,0.06147934678194056,0.08263695450324948,-0.21212121212121193,0.07165437302423583,-0.04140414041404139,0.018232819074333717,0.026392119122089497,0.004961122292684195,0.02862164197840822,0.01550657243664566,0.015998518970495423,0.019043917605907623,0.010218795606644626,0.00753846655365753
2021-05-31,-0.07500000000000007,0.009839591214168664,0.004884949475968625,0.002519697660567033,0.003798921059245952,0.014260441101311638,0.009878755181482513,0.007077699716322661,0.014760375066994014,-0.0035709730901671843,0.009032100058271375,0.014285714285714235,0.12874251497005984,0.09461426491994174,0.05243445692883886,0.02680652680652673,0.06433660628832727,0.015478069260393523,0.002936808124721635,-0.0013551771537125834,0.0049568264760897485,0.004689534085409619,0.004253531481384298,0.0035193606634120744,-0.028571428571428692,0.0020096137566527617,0.003084960546908544,0.08414238968541188,-0.002673271525716947,0.09238219346424148,-0.04917898193760262,-0.02903405918481272,-0.018164435946462665,0.02761000862812768,0.045989304812834364,0.03891402714932135,0.053173241852487285,-0.2692307692307693,0.06391347099311728,-0.021596244131455333,0.019283746556473913,0.01905769437748983,0.004168898091025497,0.005369782767878917,0.017637981084569043,0.01045403709904913,0.02326468344774968,0.010990275951181294,0.008660319720022569
2021-06-30,-0.027027027027027084,0.008861469329056071,0.006142292162281127,0.0031850084757927277,0.005259737637266948,0.013711090323681008,0.008749378726125911,0.0057582883823388276,0.012189642802372669,-0.000127991808524186,-0.01065131967141053,0.19718309859154926,0.1114058355437666,0.04521276595744683,0.024199288256227858,0.011350737797956922,0.06454406181309524,0.013951853649060153,0.001815474171383391,-0.004464938870342272,0.004895968212459856,0.004873021385282339,0.00445961693608643,0.004034598136809953,-0.016339869281045583,0.0017035622163450448,0.0012651179623868192,0.12364703371884245,-0.00408635632762544,0.13685792204239244,-0.14903721612986787,-0.046003450258769396,-0.02921129503407982,0.010075566750629594,0.020449897750511203,0.016550522648083543,0.021172638436482094,-0.21052631578947367,0.031423290203327126,-0.02303262955854124,0.01959459459459456,0.013906820543756693,0.0038348014464688607,0.015780529254673326,0.01923988856781267,-0.007605073483815672,0.022456205739843194,0.007400913158823519,0.005437063451118496
2021-07-31,0.0555555555555558,0.008503599147664742,0.006303391660877455,0.003776792527553141,0.005696784118251141,0.015327868016681512,0.008712094901577316,0.004599067199736684,0.011317646476378895,0.0247055811571939,0.007517477156238295,0.0588235294117645,-0.014319809069212597,-0.025445292620865145,-0.009034051424600342,-0.010101010101010055,0.042078588411963436,0.013377565267549407,0.002065089486707139,-0.004514207935924941,0.0049767035065952925,0.005124374781684704,0.004873015282787385,0.004588094737657089,-0.02657807308970106,0.009288874293392979,0.011035437123882996,0.16615378548620052,-0.0035930006259925484,0.18317904042533772,-0.09852866565195328,-0.015069318866787307,-0.017051153460381108,-0.015793848711554426,-0.02004008016032066,0.02142245072836335,0.013556618819776878,0.06666666666666665,-0.008960573476702538,-0.023575638506876273,-0.011265738899933653,0.014686207746615887,0.011331557341366594,0.010516252390057712,0.019516097973297786,0.008367017726025328,0.019365715847990517,0.00610045548560656,0.004312304424232805
2021-08-31,0.05263157894736836,0.008701308720650669,0.005867712463471175,0.0036934169248832305,0.005470589047055885,0.008134469815844536,0.008797019040352572,0.0039093013223492346,0.01260588069436741,-0.00911930043722664,-0.03606948986746039,0.04444444444444451,-0.036319612590798966,-0.05744125326370764,-0.03436185133239844,-0.028344671201814053,0.01621183463928677,0.0137327150673201,0.003051202535191644,-0.0022150263663578418,0.005026510958241026,0.004942972808104074,0.004649562149270814,0.004063350832904433,-0.03412969283276468,0.0037307256940688482,0.0043140304460802525,0.20180237146391522,-0.0016381348325523737,0.22024553968174865,-0.03286807744259346,-0.009179926560587637,-0.009183673469387754,-0.026182432432432345,-0.0316973415132924,-0.003355704697986406,-0.004720692368214152,0.125,-0.037974683544304,-0.017102615694165046,-0.020107238605898137,-0.003223388141526562,0.005682439529717254,-0.03453169347209095,0.017063492410051673,-0.03001383698105564,0.016463278351437127,0.005892149511187439,0.004341438233775863
2021-09-30,0.02499999999999991,0.009356572515862638,0.0052826377798556035,0.003658253781543719,0.004366673432782964,0.006783797581840112,0.008991106210947342,0.004254363510895143,0.015430181399715526,0.00895108421583446,-0.004418525140297391,0.1276595744680853,0.03015075376884413,-0.018005540166205036,-0.026870007262164264,-0.0215869311551925,0.02933616945847728,0.015292918034912617,0.004116996496584813,0.0007806136048702506,0.0051575158174501645,0.00447719463472418,0.0038490296393698387,0.004267622277728478,-0.04946996466431064,0.0013348758744413658,0.0022869318145071205,0.22479208078839097,0.0004010520229331682,0.24222715000340367,0.05272346368715075,-0.008029647930821393,-0.011328527291452284,-0.006071118820468291,-0.010559662090813271,-0.0033670033670035737,-0.004743083003952542,0.11111111111111116,-0.03383458646616522,-0.011258955987717534,0.0020519835841315004,-0.0031865308047805962,0.0031251630768551752,-0.03797158255756994,0.014888638252083863,-0.002398058804572556,0.01563636523551759,0.004182429885667194,0.0029098960186613176
2021-10-31,0.04878048780487809,0.009984002467885666,0.005878687805000338,0.003926721888743101,0.00440810302691208,0.008951960204715226,0.00930489965811554,0.005844648629421245,0.01832545570830324,-0.0024990628514307556,0.0015038038033658996,0.3207547169811318,0.09512195121951228,-0.004231311706628937,-0.020895522388059584,-0.01610017889087667,0.046811319671660634,0.017835802507078613,0.004724498152433698,0.003051287939813241,0.005382437467945866,0.004763055827189611,0.0037608882300708135,0.004807803876548,-0.04832713754646856,0.002344667062297967,0.0028601435982573697,0.23920308766738008,0.0015106447590116368,0.254538191217218,-0.005527915975677256,-0.011830635118306287,-0.03124999999999989,0.00785340314136107,-0.0010672358591248265,0.007601351351351537,0.025416997617156545,0.1499999999999999,-0.02529182879377434,-0.023809523809523836,0.012969283276450527,0.003760757299152706,0.003975968391115359,-0.028520499108734332,0.01639372429771946,0.0028665355490313793,0.013479189741786746,0.002193720232550822,0.001040738609036973
2021-11-30,2.220446049250313e-16,0.009866871665037191,0.005956355691450144,0.003957155201482543,0.004158900354666262,0.007760708822029505,0.010019185502467165,0.008160379457854194,0.01900521628431595,0.008267568583239404,0.002142569314083076,0.19285714285714284,0.060133630289532114,-0.0028328611898018607,-0.012957317073170826,-0.00969696969696976,0.021303429934472096,0.02030519387014773,0.004776171103027416,0.003805809793293591,0.005659408698155177,0.00499198985199012,0.003880219470915769,0.0045850932166433545,-0.07031250000000011,0.0032460038548924874,0.004399075298517685,0.24250343517225947,0.0015034552659904943,0.25514410832549306,0.12629238465814363,0.03969754253308122,-0.006451612903225823,0.023376623376623273,0.012820512820512997,0.015088013411567402,0.025561580170410547,0.04347826086956519,-0.021956087824351433,-0.02120890774125128,0.005390835579514919,0.004938655104797185,0.004680286361238073,-0.04744429882044543,0.024140656834720664,0.00344289521528518,0.012293344999777744,0.0033679935192481025,0.0021869544100081573
2021-12-31,-0.04651162790697694,0.008946956084839863,0.006415300061212381,0.0038106464711684662,0.004712867361557294,0.007887051198931516,0.010928347611146139,0.010570576020943578,0.017662666573879493,0.019505528637097758,0.0003443447370283792,0.32335329341317376,0.11974789915966388,0.03977272727272729,0.00617760617760621,0.003671970624234966,-0.002093959731543471,0.02205264275965302,0.004594064920436569,0.003336473036130494,0.006004502847842597,0.005367978557101694,0.00423481175478857,0.004059741215163504,-0.06302521008403361,0.0022527285875451053,0.0027259770390630766,0.24130833174921373,0.0009267159618639997,0.2514969863450134,-0.01006810778797751,-0.013333333333333197,-0.010822510822510845,0.035532994923857864,0.02742616033755274,0.013212221304706784,0.023413897280966767,0.04166666666666674,-0.009183673469387532,-0.008667388949079147,0.020777479892761574,0.00741094454822977,0.0034603262920012146,-0.029168959823885565,0.03494001940606983,0.0018543328980749063,0.008008812394751486,0.0030553051710695556,0.0019333137731578631
2022-01-31,-0.024390243902438935,0.007495531708525238,0.0069435755834346136,0.004024553315889801,0.005548852328701059,0.007036040700417967,0.011476403067869123,0.01224534711838543,0.015466033455080241,0.014257860102363962,-0.00306208816765996,0.4434389140271493,0.15947467166979346,0.06693989071038242,0.029163468917881907,0.02073170731707319,0.0416711503282039,0.022419269107625928,0.004556522488994741,0.002136453227717494,0.006418735549716059,0.005572010433314567,0.004559603903673715,0.0037550945642716993,-0.049327354260089606,0.0023381297472711005,0.0020058306832553274,0.23565080790204185,0.0004381644357625003,0.2437099841596575,0.0832585502044072,0.025798525798525596,-0.001094091903719896,0.0661764705882355,0.0657084188911703,0.00896495517522422,0.02509225092250933,0.3999999999999997,0.018537590113285374,-0.015300546448087426,0.044648719632304656,0.01056009575548189,0.003300533083185453,-0.008786848072562248,0.04249065037339972,0.000824612078917708,0.010917924639690879,0.000829724536966614,-9.412601381553198e-05
2022-02-28,0.0,0.006230067152004581,0.0076476781884600165,0.0043504888275542886,0.006053962638643995,0.007200202295963187,0.010839282709600218,0.012729090517177966,0.014516721108774666,0.02150666826865333,0.0003310787923820335,0.36363636363636354,0.11812297734627841,0.03969270166453276,0.05369127516778538,0.044205495818399054,0.05162573280648752,0.02131437047559981,0.004824160583923653,0.0010645718773825141,0.00677095510093384,0.006099015726491297,0.004966630451652909,0.004253629003040604,-0.0424528301886794,0.005666290610354174,0.00553566095485758,0.22190839812418317,0.0005268844158996533,0.22807638486098747,0.06452503681885102,0.037125748502994105,0.05366922234392124,0.08045977011494232,0.06454720616570353,0.020193861066235996,0.04319654427645769,0.7714285714285716,0.03134479271991908,0.019977802441731196,0.05531112507856695,0.010341613761511104,0.006365860053534345,-0.02859593937660876,0.04042792347768165,0.0035311399461384063,0.014067018383543628,-0.0005563634761148739,-0.001527076850665554
2022-03-31,0.30000000000000004,0.005657505017514275,0.007925352431919164,0.004386067578797226,0.00520439054678401,0.007017844458009126,0.008630876580751012,0.01255491551921506,0.015835094404804906,0.010703363914372988,0.00011141537947323421,0.413793103448276,0.1794500723589001,0.09482758620689657,0.05307855626326963,0.053775743707093815,0.06635559921414536,0.0191932941582853,0.005495684543174173,0.000593435270145326,0.007147513407323558,0.00648638625556508,0.004782257340396834,0.0037465794424489385,-0.044334975369458074,0.004584111024440896,0.00452741635946996,0.21374235632252558,0.0014556084003651826,0.21862721240104221,0.037181150021616816,0.01616628175519641,0.02494802494802495,0.10070921985815606,0.09411764705882364,0.026128266033254022,0.031055900621118182,0.6451612903225807,0.03431372549019618,0.042437431991295016,0.09112567004169159,0.01077159262222982,0.005016390721294561,-0.036208419193405894,0.028400649565723635,0.002900359378078976,0.01596875681565879,-0.0016589963347753978,-0.0025141025439575637
2022-04-30,0.4807692307692306,0.005846032431196191,0.007046959694785082,0.0045364632949078665,0.004970849825475909,0.006721988073167928,0.0046149352146662714,0.011845557140576224,0.01827935438693018,0.014430350285115967,0.00023481998044982966,0.3544715447154472,0.21840490797545997,0.16422947131608545,0.07661290322580627,0.07491856677524433,0.052116438671641285,0.01572915005694875,0.00615629142670282,0.0009743971780840077,0.00720809893170582,0.005836972214595004,0.004414553370520213,0.003254705678762626,-0.020618556701030966,0.003215289824729295,0.0025517005950772553,0.20381840901283899,0.003092893879429237,0.20767101938332955,0.05177157148812017,0.017045454545454586,0.024340770791074995,0.13144329896907236,0.13316790736145556,0.029320987654321007,0.03346720214190091,0.6960784313725488,0.08246445497630317,0.019832985386221358,0.10917030567685582,0.01050639004911691,0.003369069135903624,-0.00671960904092872,0.008822512921663694,0.0026533909794062005,0.017706906199949968,-0.0025036713151588286,-0.0032765709424865674
2022-05-31,0.8961038961038961,0.00630111568617453,0.007409149959622052,0.004949826025273385,0.004758051914228734,0.006873110364124413,-0.0010068505295831587,0.010976036584437798,0.019399327101564,-0.024893885511070413,0.0007905569932626921,0.21608643457382937,0.15609264853977867,0.12850241545893715,0.09238451935081149,0.09191919191919196,0.0828280617270436,0.010621509300715815,0.006419730417046354,0.0018473295333363282,0.00678630070869346,0.005646354350123284,0.003932503296363077,0.002872629085867162,-0.015789473684210575,0.003473897614659549,0.001869489815398362,0.19489962998720411,0.005091844793097211,0.19797085202041576,0.07110019023462266,0.06256983240223435,0.0326732673267327,0.11275626423690199,0.11021897810219006,0.0059970014992503096,0.0058290155440414715,0.5375722543352603,0.10683012259194369,0.038894575230296935,0.09793307086614189,0.010802408631101601,0.00333612255326754,-0.03751537515375136,-0.013373914297191258,0.0028385948115861037,0.02521222176137128,-0.005011608889725405,-0.005578998941096591
2022-06-30,0.7739726027397262,0.00652561213438263,0.008787112235387973,0.005558008466872932,0.004949796989892619,0.0077097748848315995,-0.006976016412934327,0.010026968407932602,0.017475353409383,-0.020000000000000018,0.004966536975169467,0.17176702862783833,0.12108013937282203,0.10188356164383561,0.07485714285714296,0.07816836262719717,0.06391881784551945,0.004752731435513358,0.006183460634640703,0.0028962105398919746,0.005932897726678155,0.006420247773228471,0.0041191578059283085,0.0030879959779315236,-0.021390374331550666,0.003142677929851345,0.0022284927822222578,0.1844234773600142,0.006905455701078589,0.18686253997728453,0.028713091097461785,0.11777076761303906,0.0364333652924258,0.10440122824974418,0.08941485864562781,-0.00819672131147553,-0.015453960077269846,0.5225563909774433,0.090981012658228,0.030541871921182073,0.0963693411026445,0.007563668167958504,0.002702454192236692,-0.054952076677316275,-0.031181586822348728,0.0041490687159846384,0.026044781180068144,-0.007623418161590845,-0.007819453273998578
2022-07-31,0.6177606177606174,0.006454689532043201,0.0072152774274860665,0.005679388611950387,0.004655107308890072,0.006439664725628846,-0.012491464589104329,0.009285378856692228,0.012470417286384539,-0.04201680672268904,0.005500029313223687,0.12215669755686598,0.07692307692307687,0.06526806526806528,0.04306220095693769,0.05319605319605292,0.018962208584294427,-0.0007700788369530143,0.005813504619428089,0.004113402443681746,0.0050271786784856776,0.005246471030431188,0.0037033310562613053,0.002851625769622501,-0.016393442622950838,0.0023473835354241857,0.00046402082826446645,0.17874776975269757,0.008463060718837623,0.18074781164133213,-0.06344867275735555,0.049858889934148554,0.0018501387604068498,0.06070435588507883,0.052504526252262984,-0.0067618332081142984,-0.024852844996729795,0.4913580246913578,0.061638868745467645,0.02581261950286806,0.05764513491414536,0.004916015513214411,0.001602667487279552,-0.03820148749154839,-0.04004521990240484,0.0044877580484044,0.014730909675354953,-0.007527837022048067,-0.006922641549731989
2022-08-31,0.5083532219570408,0.005999781408946525,0.005252293247551609,0.006186649621039431,0.005153852210138643,0.0056157498451241405,-0.0170033764025338,0.00799451735371659,0.005156623200899935,-0.01979949874686715,0.005928832416277174,0.08783783783783794,0.06349206349206349,0.06053975200583528,0.032619775739041845,0.03503054989816712,-0.027652948964179802,-0.00552636494278258,0.005464238535456856,0.005647027457413634,0.0040367329761028525,0.004230664702511877,0.00400622565356179,0.0025133955697949073,0.0,0.0009663415332072933,-0.0010298991661527035,0.1704436054389975,0.009683425219145558,0.17206412625487366,0.040786542745218535,0.07168458781362008,0.02308402585410918,0.056356487549148016,0.05676605504587173,-0.027231467473524784,-0.05097250167672707,0.3758278145695364,0.049180327868852514,0.00838769804287054,0.03401623502126028,0.0017204941191306666,-8.686555753489866e-05,-0.004217926186291687,-0.03894870780625048,0.0047398480259706055,0.007054992228554546,-0.00751151436082953,-0.006193964648161798
2022-09-30,0.3528481012658229,0.0055678444109812375,0.005170937108656348,0.006458876914350542,0.005291574687896539,0.005640393215984307,-0.019697249479569745,0.006665955581125482,-0.0012146025649003578,-0.04576834569163901,0.006151497945028339,0.10489993098688721,0.07734056987788329,0.06464924346629974,0.0409674234945705,0.04053522235340434,-0.03359797491658045,-0.008221331539264076,0.005495366693012205,0.0073343764751365725,0.0033667467504252535,0.004352465219062518,0.004270502528494813,0.0024847914756171985,-0.011111111111111072,0.0012238996410063319,-0.0005947851646023183,0.1620716308459096,0.010771628301149194,0.16338920898262166,-0.013136531365313675,0.061036789297658656,0.017148014440433235,0.06244830438378823,0.06239826370048829,-0.05676516329704506,-0.08197879858657253,0.2960288808664262,0.048828125,0.02402957486136792,0.059813084112149584,-0.0010988865947003656,-0.0001288288641810853,-0.02329685845393592,-0.031148242657448977,0.004959881153828727,0.001902057279264291,-0.009099108583264792,-0.006876384677185987
2022-10-31,0.27017543859649096,0.0053523907987984565,0.004415832361316152,0.00671555866899376,0.004931732197253069,0.006026999320357218,-0.02017502238978064,0.00563768607592352,-0.004668996096411138,-0.013397642015005373,0.006628090815405496,0.1236727045596504,0.0919395465994961,0.08074935400516758,0.04599336178283542,0.0431164901664145,-0.043655990792554555,-0.008407101000912576,0.005960665344252547,0.009013578651882126,0.0031122405299877087,0.0041122034270653085,0.004240133535427182,0.0025767833002454665,0.0,0.0009277620025693878,-7.131625191914015e-05,0.15489726127475412,0.01197141114344169,0.15598100443493856,-0.0023182769967096117,0.01615445232466506,0.008873114463176623,0.06850914752822113,0.0730337078651686,-0.009892827699917617,-0.022324865280985318,0.2674094707520891,0.06021104903786445,0.005415162454873723,0.06984126984126982,0.0022215355801435965,-0.0006940870546100486,0.0054210336104083545,-0.0210165387381529,0.005345619762073817,-0.0060078343921009525,-0.009599012246421679,-0.006439153540036324
2022-11-30,0.23664825046040527,0.005343434123913138,0.002468591699529288,0.006745776052551333,0.004260968116227115,0.0038692826406470093,-0.01842396598110274,0.005509726889256328,-0.004327147188186609,-0.01656708310700694,0.006064093718968211,0.08115619788771533,0.04671280276816625,0.04184100418410064,0.029918404351767958,0.029006526468455363,-0.06322363779723605,-0.00647700541334717,0.006471571461645675,0.010082913890917977,0.0031667629465810254,0.0027501828897260605,0.0036820769693031163,0.002358699908628026,0.0,0.0005492035192435907,-0.0009143696926501299,0.14772407946627886,0.013196439733016208,0.14861838630015156,-0.06093995952327402,-0.051182628925940166,-0.014072119613016687,0.022586520947176503,0.03331746787244172,0.0008326394671105408,-0.013385826771653453,0.2036630036630036,0.04391100702576134,0.004488330341113178,0.02901417738212997,-0.0017075039915569468,-0.00130120564063263,0.02408339324227171,-0.013850057427759466,0.004789202393328917,-0.01261521885124306,-0.008630936849490567,-0.004709881704659247
2022-12-31,0.18019359642591204,0.005354173564914966,0.0025859081156383024,0.0070631294300951275,0.004275113775896289,0.004357406352900384,-0.015118084341922966,0.00625065460259111,-0.0017691820101596312,-0.00718033692350184,0.005068950152163465,0.07814910025706956,0.07107438016528911,0.06942053930005754,0.016285211267605515,0.013389711064129672,-0.055773362571156504,-0.003822316453330643,0.006620666975327039,0.010235584968004474,0.0032832664463662287,0.003131280245320278,0.004038886831567723,0.0016317080063081857,0.0,-0.0023705054043803298,-0.004722827653866557,0.14156261572705398,0.01443074280607859,0.1423081886557025,0.0027139208173692086,-0.000817327339599605,-0.033006244424620856,0.03776273601710023,0.05481345002303084,-0.019134775374376134,-0.0319233838786912,0.12538040170419973,0.03140773976444189,-0.03038427167113511,0.03588593399551421,-0.002468619076838041,-0.00439444659478605,0.029133029133029176,-0.01093167879007717,0.0036340219705479626,-0.010745655995503589,-0.010203395282867067,-0.005671441989604564
2023-01-31,0.12618296529968465,0.005174946538523351,0.003461627186720051,0.0070638384808854315,0.00410450031051135,0.006021463930601767,-0.0114159023756647,0.007548418789993017,0.0006587323904543307,-0.022114047287899785,0.009095282464173682,0.03624225083452548,0.016975308641975273,0.019849785407725085,0.014291901255954809,0.012169680111265624,-0.03647751530648169,-0.0022564133795787145,0.006031890823444019,0.009198666831457203,0.0032202382274593155,0.003604090413221517,0.003969211466074762,0.0019397784596182355,-0.011235955056179692,-0.0008206500161627162,-0.0017302479980039198,0.13580559698388317,0.015506886534126574,0.13643067047176327,-0.05150453749402961,-0.029856850715746397,-0.02583025830258301,0.004462753175420442,0.013537117903930085,-0.02035623409669196,-0.025556471558120464,0.10654407787993514,0.02882001087547592,-0.02580645161290329,0.017939993813795407,0.004246416396619157,-0.0030045830138091256,0.02285129604365621,-0.01244412855274668,0.004514815081825496,-0.007040864819777504,-0.012385657219845303,-0.007130430928451892
2023-02-28,0.11260504201680654,0.0046872783334011014,0.0034637605394030047,0.007143687412547672,0.003887996410260941,0.005485338275521112,-0.008277841719661394,0.008482433160457159,0.0008160557725329642,-0.009387000426681835,0.009331127265400196,0.027151403589507517,0.0060698027314114444,0.004734350341925486,-0.0012809564474806079,-0.003435245620061922,-0.01808930223499039,-0.0026014271777301534,0.004826948857281188,0.007325472935435728,0.0028937255288725705,0.0035081837868404797,0.0037715507992015507,0.0019775462854829673,0.005681818181818121,-0.0014228899725020616,-0.002346752103690397,0.12800669910613194,0.01604791796401739,0.1285238646700977,-0.09164918170373493,-0.051011804384485715,-0.032196969696969724,-0.008885850991114275,0.0008616975441619878,0.024242424242424176,0.0372250423011844,0.07673509286412505,0.012684989429175397,-0.031220435193945018,-0.006077180188392761,0.003170753885610056,-0.0036998352029763426,0.02767589196398812,-0.014703064771893426,0.004726874736473929,-0.007022309471633736,-0.01285211688964416,-0.007070036326705997
2023-03-31,0.07905337361530695,0.00413331058312405,0.0025921928308267894,0.006713568736502085,0.0038205476626749224,0.004070790774646671,-0.005747772368208226,0.0087647290389119,-0.001434654297423732,-0.014070351758793898,0.009050374414864226,-0.020161290322580627,-0.03368526897938673,-0.032460732984293195,-0.021376656690893503,-0.018958979662185405,-0.03538221219409399,-0.004533200639382451,0.003538484181183632,0.005346908005362305,0.002448021063285344,0.0028480270495081506,0.0037488284910964786,0.0016952093823168202,-0.005649717514124131,-0.001225666415981319,-0.0038223156999974695,0.12337280487006552,0.016458605619396938,0.12381288313528138,-0.06634020142289554,-0.002221235006663713,-0.016634050880626305,-0.027931034482758466,-0.02798105897546277,-0.01690617075232481,-0.022022838499184294,0.04493871992737186,-0.014091858037578286,-0.02246093750000011,-0.023234484867013183,-0.001763338002545356,-0.00354851593305916,0.006813757300454304,-0.01567814829587222,0.004604632848166812,-0.006129450249844681,-0.014419580080492822,-0.007901539844891725
2023-04-30,0.048996733551096794,0.003795041101697816,0.0029205852629026197,0.006405441461727834,0.004127082700210227,0.005199415741443447,-0.0036260082026740026,0.007917517817575881,-0.004549886607336129,-0.007572447939420468,0.009493380434804521,-0.015546410608138883,-0.016129032258064502,-0.01298701298701288,-0.018785495849716338,-0.018973998594518537,-0.01264651449722387,-0.006572983433884572,0.0028897230027014054,0.004156518611110993,0.0020661273770419264,0.0030098640766245133,0.0037910541345489435,0.0017181975086781875,-0.011363636363636576,0.00023047193560965518,-0.0010910438688221946,0.11869764902191982,0.016340644929081938,0.11907273133266494,-0.04750123701138054,-0.0008904719501336977,-0.006965174129353158,-0.009223128769066946,-0.009743135518157753,-0.013757523645743563,-0.01751459549624701,0.03258036490008687,-0.01694017998941244,-0.010989010989010839,-0.0046948356807512415,0.0022457884293793917,-0.002103461915317406,0.02255881405091853,-0.013954875762079433,0.004785284361790154,-0.0048179970578529074,-0.01642630915408494,-0.009108726930789457
2023-05-31,0.04270462633451966,0.003959210635954724,0.0030243388534880733,0.005977795378317996,0.004094329455683665,0.005094599088415919,-0.0009647176774141286,0.006238039308567922,-0.005892650372401387,0.0356566397652236,0.00945562473292405,-0.0004644681839293119,-0.013220518244315138,-0.013157894736842257,0.01068566340160304,0.006446991404011282,-0.012652296157450671,-0.007050471916631995,0.0033232191971157565,0.004166987660242594,0.0019178792650160759,0.002804578575166694,0.003591718678125577,0.0019307859692778706,0.011494252873563537,0.0022482878790150984,0.0023488415830330567,0.11462567857193173,0.015695761347296555,0.11494755431726422,-0.03875324675324687,-0.0053475935828875,0.017034068136272396,-0.0025062656641604564,-0.0067084078711984185,-0.01046207497820384,-0.022071307300509324,0.03996634413125788,0.010770059235325702,0.02323232323232305,0.004716981132075526,0.005031513054349679,-3.395369671510551e-05,-0.002521273242987787,-0.01131535498348224,0.00499159663865556,-0.0032748072264233707,-0.01514999937474204,-0.007503172770199962
2023-06-30,0.03199658703071662,0.004511355063994138,0.0024152221911699634,0.0053589961216315984,0.003627476034151922,0.0027931771352569523,0.00206642395340495,0.004422282573404157,-0.004411887573603002,0.007650892604137205,0.00450639331416558,0.03066914498141249,0.026795284030010524,0.016111111111110965,0.011013215859030812,0.008896797153024938,-0.020750936033328227,-0.005461808411586611,0.004562004352639093,0.005098371229965926,0.0019832368909473708,0.002023952897096226,0.002922626507613435,0.0016153340804574423,0.011363636363636243,-0.0007126377273951601,-0.00251952632905017,0.10991323805396447,0.014574682845532205,0.11018828366613787,-0.06279723303069584,-0.011200716845878311,-0.0019704433497537144,0.01866475233309406,0.016659162539396588,-0.0017621145374451253,-0.007812499999999889,0.029530744336569326,0.011188066062866264,0.0029615004935834577,0.018153364632238045,-0.0018397963020428953,-0.0029110624396987417,-0.002211690363349006,-0.009350561323669848,0.0034863569110576975,-0.004948948183339019,-0.013633968421253195,-0.006255273927430527
2023-07-31,0.02273666804464658,0.005341437491144241,0.002060577952806897,0.004881490501601249,0.0031475530566060783,0.0032547113825609486,0.005017997824170228,0.003276445068807421,-0.00048503223910068005,0.009701912260967394,0.003558655043586656,0.00315599639314712,0.0,0.0027337342810278553,0.004357298474945592,0.005291005291005346,-0.002046366353428808,-0.0023310490088563895,0.006218158572182997,0.0065708085916034165,0.002212186965755869,0.0016476087137968776,0.0024436023656901895,0.0014802640039919268,-0.005617977528089901,0.0005287820606945104,-0.0019197786392255445,0.10816714662670757,0.013632189371942882,0.10840919897798118,-0.08153615499942346,-0.019483461712732075,-0.012833168805527984,-0.0024665257223395187,-0.0013286093888397188,-0.005295675198587868,-0.027121609798775093,0.027504911591355707,0.008429926238145313,-2.220446049250313e-16,0.009529664924684988,0.0004794301630064446,-0.0015707714917205795,0.014566181127295685,-0.009202772897996536,0.0029646418221496162,-0.003776063941557606,-0.012480408847637903,-0.005483183840257366
2023-08-31,0.027485852869846505,0.0058290997913161835,0.0029292471116291185,0.004528391667547815,0.0029573956694719516,0.00400499267379395,0.006970813134504539,0.0027368944837982134,0.0036466141143789432,-0.005152485726222067,0.003265092989133578,0.03550561797752794,0.03288100208768263,0.033260632497273734,0.015184381778741818,0.010877192982456041,0.021881660955670013,0.0009932142400359556,0.0073631411979315775,0.007599507754777468,0.0022873875768651963,0.0021215358386232896,0.001968285371097611,0.0015602627405404412,0.016949152542372836,0.0005458018739197268,-0.0005388375460981809,0.10462505930877519,0.012295240130413498,0.10483448097147918,-0.06441486690105469,-0.03373382624768939,-0.027999999999999914,0.013776050865418554,0.024390243902439046,-0.007098491570541321,-0.02248201438848929,0.0267686424474185,0.02664576802507823,-0.019685039370078483,0.026187576126674772,0.004422201073569942,-0.0014120529036018015,0.02309612983770304,-0.008970977323301543,0.0029436354159744216,0.00048457856171113534,-0.010392733885396521,-0.004242881662650189
2023-09-30,0.019669551534224894,0.005818979468142249,0.0027977636297302766,0.004703244533451834,0.0026638010526720546,0.004623583845023038,0.007645844729440521,0.0028868163044262207,0.0058905836331439865,-0.0006998880179170941,0.002907152207921815,0.04296875,0.055078322385043066,0.06068601583113464,0.028205128205128327,0.021867407150295115,0.026350530707081266,0.003103912215539628,0.007628221820083825,0.007770452687747564,0.00218073703448729,0.002285011059187214,0.0020147885479417926,0.0015168027899941094,0.022222222222222365,0.00016318499817025156,-0.001598731848184598,0.10107269050451517,0.011028723410105634,0.10125410418871317,0.023352570124815397,-0.023912003825920514,-0.030864197530864335,0.030662020905923404,0.04415584415584406,0.015192135835567333,0.0018399264029438367,0.018249534450651916,0.040203562340967114,-0.029116465863453955,0.026112759643916794,0.004458525522678114,-0.0016303696061052975,0.012507626601586441,-0.007494011835889047,0.003227100318263121,0.0015878327806746473,-0.008114338404794808,-0.0031079257960767714
2023-10-31,0.01041666666666674,0.005271931147607267,0.0027309598150340175,0.004301427889660259,0.002423087676424407,0.0045086875630167,0.007466969453717276,0.003530376737300722,0.005507508159791952,-0.03053648970444034,0.0021548045531096793,0.027881814398668325,0.051724137931034475,0.06169154228855711,0.03906899418121368,0.029211956521739024,0.036169993825890145,0.003644485123118546,0.006956058953310196,0.006929372812623624,0.0019221398300306447,0.0021387659204490372,0.0017275584957003876,0.0013378346026760024,0.005434782608695565,-0.0007823832465876368,-0.002868863996396742,0.0979585703788417,0.009797496233815206,0.09811652492417378,0.0026229508196722318,-0.01322880940715343,-0.03290870488322717,0.03144016227180524,0.04311774461028195,0.021126760563380476,0.030303030303030498,0.01060716898317482,0.05332681017612528,-0.03826266804550149,0.03556969346443051,0.0032955406093557738,-0.002392275383334308,0.01446218740584504,-0.003536299042875002,0.00271869738933761,0.0011909428871679228,-0.008436367016826152,-0.004136270897855621
2023-11-30,0.009545628102328951,0.004547726113745432,0.002628728253827539,0.00436385563284758,0.0026496565260059057,0.004473453332433541,0.007540319577735044,0.0042744180722409375,0.003942367911177191,0.01372634012425955,0.0023766088135368513,-0.005668016194331882,0.008196721311475086,0.026241799437675795,0.02520000000000011,0.017821782178217838,0.01847162222553278,0.0035936254873969453,0.0059379123098042275,0.0056162786928612984,0.0017421014791310085,0.0017798808887152795,0.0015606521619131453,0.001261893377041412,0.00540540540540535,0.0009834101296490871,-0.0006855291997968083,0.09482586314277808,0.008611752757618385,0.09496351713945073,-0.008763897972531076,-0.010427010923535374,-0.023051591657519133,0.002949852507374562,0.009538950715421324,0.0008620689655172153,-0.00267379679144375,0.0036192544335866828,0.036692986530422855,-0.022580645161290325,0.014241831890533296,0.0026617866691862613,-0.00045623196092892115,-0.008613008613008843,0.0022371930340567836,0.0027746019473353645,-0.0007846809029455892,-0.007841824178399848,-0.0037554976476552593
2023-12-31,0.007942511346444858,0.003933517686782073,0.002682475493232861,0.004221808818381856,0.002745681861500371,0.004460995880270824,0.008308119621540211,0.004883616529778756,0.002594352387345733,0.013540478905359254,0.0026450011638790016,-0.026465798045602562,-0.015356820234868729,-0.004109589041095818,0.0031213421771361105,-0.003242542153047867,-0.010165277168348696,0.0038934557709331408,0.005041820945765441,0.0043400216036595385,0.0017546518917823661,0.001776718541338873,0.0016250250517737541,0.0013956546999598363,0.010752688172043001,-0.0008569925484565033,-0.0013827859078088256,0.09206930363323518,0.007384473463823316,0.09218978781880471,-0.015571390868302948,-0.02007024586051165,-0.017977528089887618,-0.013398692810457469,-0.009055118110236293,-0.018087855297157507,-0.013404825737265536,-0.0018031013342950653,0.008064516129032251,-0.024202420242024125,-0.005506607929515517,0.0029850311993291356,-0.002146488841358374,-0.0053924505692029,0.008954589230012466,0.0028110089205448663,-0.003104426525834758,-0.006752994299946469,-0.003086145779703009
2024-01-31,0.0,0.003685208566585274,0.0022747195292929234,0.004792597461635184,0.0030708018247576074,0.003996322194452118,0.009695136682286831,0.0051516116273493395,0.002506028684691186,0.009984531008297104,0.002967164296069802,-0.024257632789628114,-0.014678899082568808,-0.004585052728106498,-0.003111629716063935,-0.011060507482108073,-0.01783031646348965,0.00509650411105067,0.004649779887502925,0.0036004313654209863,0.002003205033684896,0.0019187524644337373,0.002441086283395899,0.0014523652258624509,-0.005319148936170359,-0.0031333394234003276,-0.004099063706774708,0.08945679722013189,0.00617672469797248,0.08956246983736471,0.010455764075066876,-0.013312852022529409,-0.02517162471395873,-0.01854918847300413,-0.01191895113230046,0.0017543859649120641,0.008152173913043459,-0.003973988439306186,-0.000888888888888939,-0.025930101465614475,-0.01356589147286813,-0.0006141517980174926,-0.004285912215715615,0.028915662650602414,0.015125049400936952,0.004012474442563363,-0.00500106706168868,-0.005545135774280285,-0.0024041386802168274
2024-02-29,0.0,0.0036955508396925296,0.0024434395011905252,0.004506725603410366,0.0031503876366005823,0.003643073929549656,0.010506498159527089,0.005161552089411492,0.003153172395549797,0.02548036758563077,0.0027747690378361334,-0.016716673810544425,-0.01582867783985109,-0.01566098572086605,-0.003901677721420138,-0.012828947368421106,-0.030540859055690928,0.006571841246417076,0.004561693303421377,0.0033747749738775035,0.0022845560228916817,0.0018113376563924088,0.0022987473324052043,0.0014375261816936824,0.005347593582887722,-0.001133583251979875,-0.001632377106227434,0.0861711057377208,0.005094087604303743,0.08626316801448164,-0.054656407535155105,-0.03840166061235073,-0.02699530516431925,-0.022274721565980538,-0.0172899075190992,-0.0017513134851135925,0.016172506738544534,-0.0043525571273123065,-0.0040035587188611554,-0.02546296296296313,-0.010384507437552704,-0.0005234878474622562,-0.002193361647095715,0.026639344262294973,0.019642032594512138,0.0038642258198282597,-0.0031604994346110526,-0.00487904879048795,-0.0021034842863477676
2024-03-31,0.0,0.0038774783419366354,0.003041353081740361,0.004661231893340334,0.003387470316557728,0.00460342965519045,0.009628222911199025,0.005171277485007453,0.0038434047299709118,-0.008961303462321824,0.00366120910481027,-0.02092414995640801,-0.028855250709555302,-0.03182030884417386,-0.023501762632197387,-0.029323558813728945,-0.011276931433153004,0.007794503000684516,0.004552681468645625,0.0036004170479724262,0.00243104422753615,0.0024211602502357543,0.002678486970173033,0.0016198223535484058,0.0,-0.0001522529037851772,0.00021391918045399194,0.08390884373417595,0.004218965201699287,0.08398999983517319,-0.07198989615492568,-0.06853750674581782,-0.04221954161640551,-0.03797031411805307,-0.03109656301145669,-0.00877192982456143,-0.0017683465959328348,-0.004735883424408005,-0.026351049575703334,-0.0344418052256531,-0.02864435621100392,0.0011432335688226214,-0.0011271616214412195,0.0444824636441401,0.02265596157618166,0.004765293067233944,-7.673164333887872e-05,-0.0039175696647577585,-0.0016308787663756874
2024-04-30,0.0,0.00407747485390253,0.0033444427595685777,0.004523832231616121,0.00335377313788654,0.004192170699065745,0.006043280463678302,0.0052893356583685325,0.0038634484458541785,-0.018221674201945426,0.0035741007250098544,0.013802315227070316,0.019970774476376185,0.015466408893185069,0.0,-0.009955372468245738,0.020038192900306173,0.008033768924660345,0.004367101792292827,0.004159945035886237,0.002236789092070479,0.0029728183071826564,0.0030205580005064903,0.001523267917438842,0.010638297872340274,-0.000763918376112005,-0.0017565034202937646,0.08160994526782983,0.003666991188037372,0.08168149791061885,0.04128232269771681,-0.038238702201622066,-0.02896725440806036,0.0017940437746681859,0.012668918918919081,0.015929203539823078,0.02480070859167416,-0.002928257686676483,0.0,-0.040590405904059046,-0.0014598540145983607,0.0007987562741762488,-0.001680460058020583,0.04340704340704371,0.023431242227448967,0.004747799737841341,0.0032656961874106827,-0.0036641147698637244,-0.0018127249107824372
2024-05-31,0.0,0.004285542094685679,0.00288311023475174,0.0045125982624871774,0.0031257686056445078,0.0038926680599640218,-0.0006362913761258637,0.005553659601035488,0.003090294380063252,-0.03530560982416975,0.0037015835196372304,0.03205972771190191,0.038204393505253176,0.03569728700618735,0.020457280385078214,0.010748959778086098,0.02082425050650083,0.007212879927092741,0.003949810289454403,0.0050702054612350445,0.0016542564299273366,0.0027759975934815717,0.002965258457669373,0.0014271591168344422,0.015789473684210575,0.0012552844054405377,8.005220751061692e-05,0.07956956233254164,0.0034155348304514277,0.07963281145037238,0.04269532384548347,-0.010843373493976016,-0.023346303501945664,0.02005730659025784,0.027105921601334515,0.019163763066201822,0.023336214347450257,0.0007342143906019505,0.022018348623853212,-0.019230769230769273,0.08424085023636363,0.0004216227931916894,0.00036992249879430616,-0.001569858712716088,0.022143111868055954,0.004967647601991754,0.004259657760706803,-0.002774625667709363,-0.0009693401306811733
