Date,FEDFUNDS,GDP,CPIAUCSL,CUSR0000SAH1,CPILFESL,PCE,PRFI,PNFI,EXPGS,HOUST,DSPI,DGS2,DGS5,DGS10,AAA,BAA,WTISPLC,IMPGS,GCE,FGCE,GDPCTPI,PCEPI,PCEPILFE,PAYEMS,UNRATE,INDPRO,CUMFNS,M1,M1V,M2,VIXCLS,BAMLH0A0HYM2,BAA10Y,BAMLC0A4CBBBEY,BAMLC0A1CAAAEY,T10YIE,T5YIE,DGS3MO,DGS30,BAA10YM,MORTGAGE30US,RSXFS,TCU,UMCSENT,NETEXP,PI,PPIACO,M1REAL,M2REAL
2003-01-31,0.8064758658669484,9.321445963039304,5.21275947818639,5.358941988364472,5.264760583019194,8.928282454274623,6.400994714986966,7.195709314448624,6.912942800495842,7.5251007461258,9.020268861722167,1.000631880307906,1.3912819026309295,1.6094379124341003,1.969905654611529,2.122261538862764,3.52459425980608,7.3333255829870705,7.683868582178652,6.6767357937649034,4.350045651318704,4.359282435193288,4.37248122183035,11.779749002851904,1.916922612182061,4.523275514487692,4.317309430906853,7.11085937495862,2.307373609725843,8.666182000252242,3.471034341250935,2.2289385528257473,1.425515074273172,1.9387416595767009,1.673351238177753,1.0331844833456545,0.9122827104766162,0.7839015438284094,1.814824742159051,1.4586150226995167,1.9315214116032138,12.495868731879137,4.343463805067755,4.423648309364701,-525.262,9.13681223168747,4.914858338702487,6.511893907016668,8.064605028738889
2003-02-28,0.8153648132841945,9.323359034085698,5.218191322068752,5.359412465907847,5.2652775124698366,8.929249860707124,6.397412565546926,7.205471947184895,6.911895960243678,7.396335293800808,9.021078788812565,0.9282193027394289,1.3056264580524357,1.5496879080283263,1.9387416595767009,2.0869135565185366,3.607398212246053,7.330793674186075,7.688549103438622,6.697474739455424,4.350728400902346,4.363429780141458,4.373843241865862,11.77869929487313,1.9315214116032138,4.524507702960149,4.316280718261238,7.1223019830708285,2.302657121604236,8.672160680421177,3.421979920844684,2.238579763018133,1.43746264769429,1.890095369948917,1.6134299337036377,1.0784095813505903,1.0116009116784799,0.7839015438284094,1.7950872593207297,1.425515074273172,1.9154509415706047,12.480627684246864,4.345056586872146,4.393213824064446,-522.4428662903083,9.137468558540272,4.931592086755803,6.515305107951467,8.065328060473757
2003-03-31,0.8109302162163288,9.327793945935804,5.219815138393079,5.358941988364472,5.2652775124698366,8.937546912018153,6.40408867297742,7.21412376046663,6.912819495143629,7.454141078146678,9.025744230274212,0.9202827531436926,1.3297240096314962,1.5748464676644813,1.9300710850255671,2.0731719286662407,3.542407550213679,7.330232668399661,7.692732341977,6.711068644230191,4.351935021993919,4.365960766987088,4.375429924144569,11.777080432863203,1.9315214116032138,4.521795098766904,4.317308097334366,7.123753362135475,2.2985180950151944,8.675921947271872,3.4061849231731944,2.1656192379208883,1.3962446919730587,1.8931119634883424,1.6213664832993742,1.0296194171811581,0.9745596399981308,0.7654678421395714,1.7967470107390942,1.420695787837223,1.9329696377795786,12.49807412589368,4.3427113170457385,4.364371699435161,-520.6585719017203,9.141504631000728,4.95723451736914,6.514564531749361,8.067243138368529
2003-04-30,0.8153648132841945,9.333775493348755,5.216022123821206,5.359412465907847,5.2652775124698366,8.940563703393236,6.4184171368575695,7.220989594436172,6.916184651784597,7.404887575616125,9.029286011949155,0.9202827531436926,1.3480731482996928,1.5871923034867808,1.9080599249242156,2.060513531794317,3.3758795736778655,7.331934840840999,7.696118544010489,6.7177684186704285,4.353447102790566,4.364282636945042,4.376524023036997,11.776650341846242,1.9459101490553132,4.515585683165977,4.310029701938419,7.131138801500954,2.29576186764592,8.681944627016728,3.100542637906336,2.0068708488450007,1.324418957401803,1.8357763546448294,1.6054298910365616,1.0043016091968684,0.8960880245566356,0.7654678421395714,1.81319474994812,1.358409157630355,1.9154509415706047,12.495745235586675,4.3369115839943,4.465908118654584,-519.87,9.143922753106468,4.925803358579558,6.526934001786732,8.077416102590329
2003-05-31,0.8153648132841945,9.341035524006072,5.214392131610276,5.36410510708604,5.267342562248606,8.94263084702385,6.438307442341231,7.227195086734183,6.92260714270117,7.468513271496337,9.035486859789723,0.8458682675776092,1.1939224684724346,1.4747630091074988,1.827769906751088,1.998773638612381,3.3721118007670587,7.3359998010473335,7.699286968344844,6.7208854944990915,4.355251830810611,4.363149578904193,4.377943309236246,11.776803967016493,1.9600947840472698,4.515245478460105,4.310600447932335,7.1451172675339025,2.2943792559665255,8.692574050530862,3.018960399673198,2.052840859882657,1.3480731482996928,1.7544036826842861,1.5260563034950492,0.9555114450274363,0.8153648132841945,0.7371640659767197,1.7509374747078,1.3376291891386096,1.8421356765531218,12.49636256459212,4.336967812879878,4.533674184283021,-519.5978946115374,9.15010192558442,4.925077405734609,6.543480097698835,8.089237045472542
2003-06-30,0.7975071958841881,9.348479962979996,5.215479088239032,5.36410510708604,5.267858159063328,8.94905352688393,6.459665869244846,7.232960289395501,6.932015197803579,7.532623618788788,9.039196115772354,0.8415671856782186,1.2412685890696329,1.5129270120532565,1.7867469274045107,1.9726911717329554,3.456947396766647,7.342137077915782,7.702366773080518,6.722859301105372,4.357124549798335,4.364219016023917,4.378495407222564,11.77677324387044,1.9878743481543455,4.516553156992566,4.315311078848361,7.155630466515531,2.2946217821557457,8.698380772168989,3.021400020302569,1.9643112344262046,1.3376291891386096,1.7544036826842861,1.541159071680806,0.9707789171582248,0.8960880245566356,0.94,1.7263316639055997,1.3506671834767394,1.8309801823813363,12.507646528414844,4.338628407848411,4.507557357121091,-519.4513786920251,9.15443646503095,4.9344739331306915,6.551937110763387,8.09428686568813
2003-07-31,0.6981347220709844,9.355969330572853,5.218732887205194,5.366910158013648,5.2699178920263385,8.956479847999912,6.48118654764948,7.239301832893301,6.945349670390835,7.5485559791698735,9.05407245237779,1.0296194171811581,1.4770487243883548,1.7029282555214393,1.8702625307159986,2.030776369698555,3.458207636378935,7.350711400046123,7.705907311959236,6.7265415083664335,4.359077813295474,4.367116021938127,4.380963569820617,11.776711794746454,1.9740810260220096,4.521646175606088,4.318731340409424,7.160069207596127,2.296667619230008,8.70596059569358,3.0199369622508083,1.8976198599275322,1.275362800412609,1.8748743759385615,1.6863989535702288,1.1249295969854831,1.0116009116784799,0.92,1.81319474994812,1.2919836816486494,1.937301774518713,12.518519279203474,4.3439625523651815,4.520701029361642,-518.994,9.158267826683073,4.932313327320786,6.5537909437363755,8.098764416916215
2003-08-31,0.708035793053696,9.362728225413063,5.22305488204749,5.368775830196598,5.270946169751904,8.968663637280809,6.500013133072861,7.24615302924029,6.962125075958636,7.51425465281641,9.064285168509073,1.0818051703517284,1.4951487660319727,1.6956156086751528,1.9286186519452522,2.080690761080268,3.4840054928494704,7.361458724604191,7.71006939653935,6.733794300522615,4.360971297447996,4.370447352800105,4.382076633423924,11.776473643719168,1.9600947840472698,4.519539310213473,4.314396673288589,7.169888747587542,2.300400311473104,8.716207971151853,2.9770590082883697,1.8656293177945105,1.2412685890696329,1.8687205103641833,1.6752256529721035,1.1505720275988207,1.095273387402595,0.97,1.864080130807681,1.269760544863939,1.9906103279732201,12.535254083034982,4.342050636364562,4.5031374604229395,-518.25619615355,9.163227799861989,4.9344739331306915,6.556352128972503,8.104008362792854
2003-09-30,0.6981347220709844,9.368472918616327,5.226284163648205,5.3706380281276624,5.271459912378154,8.968867357726134,6.515306525673438,7.2514896953272485,6.97957392820962,7.570443252057374,9.0559763360568,0.9162907318741551,1.3480731482996928,1.601405740736836,1.9050881545350582,2.052840859882657,3.377246160839642,7.37369085400304,7.71460529238375,6.742916818138763,4.3628040737717155,4.373528124418983,4.383450620324899,11.777233991979925,1.9600947840472698,4.525931072013299,4.3228868474447575,7.167809184316444,2.304392023917492,8.712529685287686,3.1663185741295248,1.873339456220478,1.2725655957915476,1.7749523509116738,1.572773928062509,1.1019400787607843,1.0508216248317612,0.96,1.8373699804801074,1.2584609896100056,1.9430489167742813,12.529716520881829,4.3485797210139845,4.485259889315534,-519.0438870636782,9.167798148710508,4.93806460126142,6.5536484631491145,8.09614733134105
2003-10-31,0.6981347220709844,9.3735839288681,5.225208894727398,5.373888553395111,5.272999558563747,8.970610017057574,6.528114338136762,7.25337059001963,6.996390503484124,7.584773077612199,9.059877882405937,1.0473189942805592,1.451613827240533,1.673351238177753,1.9021075263969205,2.0451088625993306,3.4445761049641,7.387941885284141,7.719646810764337,6.752416393518069,4.364791458652177,4.373654183313866,4.385271364838771,11.778668629903255,1.9459101490553132,4.527261616088334,4.32435647226591,7.166806368634765,2.307373609725843,8.71033928429334,2.8390784635086144,1.7457155307266483,1.2119409739751128,1.8196988379172965,1.62924053973028,1.2237754316221157,1.1184149159642893,0.94,1.840549633397487,1.235471471385307,1.937301774518713,12.523671465862053,4.350062429268348,4.506454213048934,-523.694,9.171745063216798,4.943782987108415,6.555214634181859,8.095720645162256
2003-11-30,1.0,9.377817669634823,5.225746673713202,5.3757412635128405,5.272999558563747,8.977600926988526,6.538079275960129,7.250579937792938,7.009899218580609,7.642044402873258,9.067151062884095,1.1184149159642893,1.4770487243883548,1.6752256529721035,1.8946168546677629,2.0360119837525,3.4685444551217657,7.403085033482682,7.7247143745579585,6.760109954302332,4.366883168057347,4.374901309731293,4.386616087007689,11.778998229060013,1.916922612182061,4.533958783952551,4.333163280326114,7.173498443915165,2.3081328823926874,8.71066897455233,2.851861903134289,1.7011051009599243,1.2029723039923526,1.8164520818184267,1.6448050562713916,1.1969481893889715,1.1052568313867783,0.95,1.8325814637483102,1.2119409739751128,1.9300710850255671,12.536451354262827,4.356889579583572,4.550714000192032,-533.4964983023751,9.178767142137076,4.940927881671436,6.555641346370967,8.096086387318117
2003-12-31,0.98,9.381929296384241,5.2284312390838705,5.377590547442544,5.274024673978992,8.981103292773414,6.548296627718798,7.246531605937712,7.022061839394073,7.629489916393995,9.070135331447535,1.0438040521731147,1.4469189829363254,1.6620303625532709,1.890095369948917,2.028148247292285,3.5010427166318716,7.420158679777239,7.730014584848144,6.766501871181642,4.369254308688772,4.377076904947968,4.3878471624888125,11.779856210252381,1.9021075263969205,4.534460126691999,4.332743161347493,7.173728408271702,2.3075187964987673,8.711031508337859,2.960623096440423,1.6448050562713916,1.205970806988609,1.7783364488959144,1.6174060820832772,1.184789984909162,1.1085626195212777,0.91,1.8261608959453874,1.2029723039923526,1.9242486522741338,12.533983336489479,4.35753156507061,4.539030383483547,-548.2027707100898,9.181344011534591,4.945207488773801,6.558481450523715,8.09309557116007
2004-01-31,1.0,9.386345941515655,5.2327116094500425,5.379436417832829,5.276071757600717,8.988208808429576,6.561309269232988,7.246246903837179,7.034096257427271,7.555905093611346,9.0734547889105,1.0438040521731147,1.4279160358107101,1.6409365794934714,1.8779371654691073,2.0068708488450007,3.563032744247961,7.438762281838202,7.735255889201562,6.771706434518861,4.371862655999643,4.380888487229732,4.390379155054027,11.781172392595876,1.9021075263969205,4.536107312051025,4.332337316386516,7.174494574413993,2.306776297612514,8.711426849901642,2.869601996409779,1.6193882432872684,1.1600209167967532,1.7595805708638197,1.6054298910365616,1.1969481893889715,1.1505720275988207,0.9,1.81319474994812,1.1908875647772805,1.8991179875485542,12.538658769559042,4.359322075844397,4.6520537718869415,-565.975,9.183256903566441,4.958639998977875,6.553933404025811,8.090126438750312
2004-02-29,0.6981347220709844,9.391122151069359,5.234844943592463,5.378975269565491,5.277604324950495,8.992358476367489,6.577507849423276,7.2526107682138,7.046092275692731,7.52131798019924,9.077368822610174,0.9783261227936076,1.3887912413184778,1.6074359097634274,1.8718021769015913,1.9837562915454279,3.576270509731282,7.457167621157326,7.74003206435779,6.7759308738542545,4.374499554226559,4.382988671767764,4.39197696552705,11.781600543525617,1.8870696490323797,4.542225061386409,4.340251060641166,7.186522734044344,2.3068926117182627,8.71750200322458,2.744060638625243,1.6752256529721035,1.1662709371419244,1.7351891177396608,1.5748464676644813,1.2178757094949273,1.2178757094949273,0.94,1.8050046959780757,1.1600209167967532,1.884034745337226,12.545871485722238,4.3655961403410375,4.558078578454241,-583.871836772622,9.186703202210028,4.963543686562405,6.563573399290871,8.094347919476537
2004-03-31,1.0,9.396675830465982,5.236973736306985,5.384495062789089,5.280662431309316,8.999594648997668,6.5962933924654354,7.264292611408092,7.057845008726926,7.6004023345004,9.082938725441476,0.9555114450274363,1.33500106673234,1.5810384379124023,1.8453002361560848,1.9615022438151495,3.6312503412773,7.475510359208533,7.745085962161528,6.780611584404184,4.377328364045603,4.384511045966802,4.3936340077155975,11.784020733817611,1.916922612182061,4.538354941748914,4.340335773214713,7.1916552081384575,2.307793455889778,8.723605553734751,2.8758219768814333,1.6882490928583902,1.1908875647772805,1.7209792871670078,1.5390154481375546,1.2178757094949273,1.1908875647772805,0.95,1.7749523509116738,1.1878434223960523,1.8562979903656263,12.564481086095057,4.361922136819369,4.572646994282532,-602.3624643587221,9.191850482662337,4.970507503005476,6.566953684199695,8.09806516933889
2004-04-30,1.0,9.402101815837687,5.238567362142263,5.388158070547826,5.28269598564508,9.000631174263225,6.612256065475787,7.276872397047271,7.065743158760639,7.602900462204755,9.088172738001974,1.1969481893889715,1.5325568680981427,1.7101878155342434,1.9065751436566365,2.0095554142156695,3.629394807279044,7.489263386036805,7.750047201974812,6.78622134248435,4.379836738600845,4.386342308741484,4.396200706229763,11.786077485637684,1.8870696490323797,4.542184591768437,4.343901521132104,7.1924829916074815,2.309064059091755,8.729736760899772,2.900871992530031,1.5912739418064292,1.1151415906193203,1.8261608959453874,1.6752256529721035,1.2296405510745139,1.205970806988609,0.96,1.8373699804801074,1.1346227261911428,1.9473377010464987,12.553036085094424,4.3659429834056525,4.55597994179732,-617.581,9.196930865066248,4.982235819574558,6.568358770843678,8.103100976607553
2004-05-31,1.0,9.407465259847454,5.2428046566177775,5.391352232515226,5.284218442168535,9.00914175941254,6.62387914704018,7.288353299042827,7.068978984457014,7.591861714889934,9.09638749190015,1.264126727145683,1.57069708411767,1.7334238922150915,1.951608170169951,2.0476928433652555,3.720378121173307,7.497944813558174,7.755309514945655,6.793577082621253,4.382033699242223,4.389548276072728,4.397555436291508,11.788236328607011,1.8870696490323797,4.5494936148531915,4.351281303785549,7.198258368620619,2.310432007132029,8.742877512240199,2.803360380906535,1.6639260977181702,1.1085626195212777,1.8625285401162623,1.7173950539391927,1.297463147413275,1.2669476034873244,0.712949807856125,1.873339456220478,1.1085626195212777,1.9906103279732201,12.57159384570941,4.373420961862738,4.513054897080286,-629.3821651473804,9.205428327615163,4.995860008514102,6.564419542339522,8.111207948061185
2004-06-30,0.708035793053696,9.412535319804261,5.24649761781824,5.393172897560715,5.286244785313768,9.006827864611122,6.6319167418210565,7.298098013324101,7.070382203136753,7.511524648390866,9.099844470545559,1.308332819650179,1.57069708411767,1.7263316639055997,1.9473377010464987,2.0515563381903004,3.6640743351949654,7.5045132024785834,7.760360731358969,6.800753692562052,4.383968860588886,4.392360555313417,4.399117254466588,11.788965025637935,1.8870696490323797,4.541858645135584,4.344876276855177,7.203851850034936,2.311571480118637,8.743786784486295,2.73046379593911,1.62924053973028,1.128171090909654,1.8656293177945105,1.7227665977411035,1.2584609896100056,1.2325602611778486,0.8285518175661483,1.8687205103641833,1.1151415906193203,1.9810014688665833,12.55720123685202,4.3659480644611905,4.570578741218473,-639.6236806484649,9.209279809778861,4.998562712861986,6.567796973076092,8.107870652980768
2004-07-31,0.8153648132841945,9.417867174169498,5.247550249494384,5.394990253808298,5.287256419188612,9.016500736053692,6.6393672077662025,7.307534251619315,7.074273450838915,7.602401335665818,9.102977853647683,1.3029127521808397,1.5496879080283263,1.7047480922384253,1.9198594718553708,2.030776369698555,3.7302612918927056,7.514176132830852,7.765302294028502,6.80628607124443,4.386056005843512,4.393275626851771,4.400283950944713,11.789427776128857,1.8718021769015913,4.5491309103851485,4.353561571581547,7.200424892944957,2.312337384436724,8.745491434450216,2.792391349535961,1.6134299337036377,1.1314021114911006,1.8453002361560848,1.7029282555214393,1.2499017362143359,1.2267122912954254,0.8586616190375187,1.8421356765531218,1.1378330018213911,1.9572739077056285,12.568487584134461,4.373301178355523,4.581901559048737,-652.672,9.213734605044198,4.99991133073328,6.565264970035361,8.10901440461039
2004-08-31,0.8878912573524571,9.4234862442675,5.24807615011129,5.396351106819402,5.28776185260852,9.020704127966887,6.647937477957051,7.316919910722952,7.083606942425562,7.613324979540639,9.106523109335052,1.2267122912954254,1.4655675420143985,1.6351056591826783,1.8946168546677629,2.0095554142156695,3.8273361972609523,7.529731626021611,7.769840848154597,6.80879710839266,4.388445591203065,4.393782265684735,4.400664368058253,11.790079814910355,1.8562979903656263,4.549975607266915,4.357965728764824,7.211261486780804,2.3127035234186053,8.74973246437081,2.790551422613954,1.6213664832993742,1.1600209167967532,1.7900914121273581,1.6370530794670737,1.208960345836975,1.184789984909162,0.9162907318741551,1.8164520818184267,1.1568811967920856,1.9198594718553708,12.570514349947729,4.37416833898834,4.5736795188967205,-670.3452990531955,9.21822917339642,5.003946305945459,6.574796861660721,8.112647660367458
2004-09-30,0.959350221334602,9.429290681058758,5.251225759014186,5.399971020274537,5.290789100127245,9.02911821062553,6.657532939775702,7.325881174327205,7.09584512022491,7.552762084214147,9.10892760923312,1.2892326482767593,1.4770487243883548,1.6370530794670737,1.8656293177945105,1.9837562915454279,3.849083205654272,7.546827660361876,7.7741625238185454,6.810404379272421,4.390972708313216,4.395732281729994,4.4025153011011975,11.791193362811391,1.8562979903656263,4.551086686807554,4.3577057654783715,7.217149918339568,2.31360409701485,8.755343574836969,2.663052835171474,1.5748464676644813,1.1346227261911428,1.7900914121273581,1.6448050562713916,1.2149127443642704,1.2029723039923526,0.9858167945227653,1.7884205679625405,1.144222799920162,1.9050881545350582,12.588405589581292,4.3751870479353645,4.55597994179732,-687.7810075532647,9.221428668961604,5.001930853466109,6.577722265989826,8.11498278102857
2004-10-31,1.0152306797290584,9.435738499821602,5.256453162449338,5.4013251166222656,5.292802185859927,9.03576076877029,6.6686081000257635,7.334781597890629,7.108607412528858,7.636752112435779,9.113476986572303,1.269760544863939,1.4586150226995167,1.6193882432872684,1.8671761085128091,1.9754689512968577,3.9913885608088866,7.561527334467894,7.778984626139996,6.814127882503411,4.393658718903589,4.399964779804894,4.404656144921666,11.793854788849298,1.8718021769015913,4.559853731497111,4.3661970045619,7.21927594091376,2.3162907400501576,8.758993615861717,2.848970892158587,1.5325568680981427,1.128171090909654,1.7749523509116738,1.62924053973028,1.2296405510745139,1.2499017362143359,1.0260415958332743,1.7817091333745536,1.1346227261911428,1.8931119634883424,12.595123778370084,4.3837152082307815,4.529368472571809,-700.336,9.226243248255598,5.017279836814924,6.5722825426940075,8.114115231800572
2004-11-30,1.0750024230289759,9.442355789973426,5.2611345754203205,5.402226829938548,5.294811227218749,9.0413890341204,6.680207596288622,7.342885624250142,7.118892574463128,7.48605261786314,9.114082743484063,1.3912819026309295,1.551808799597464,1.6789639750827108,1.8748743759385615,1.9740810260220096,3.9011642620932703,7.5696399391479225,7.784220118741171,6.8215068376632475,4.3962111909491,4.403763664316668,4.406780221015072,11.794413393258681,1.8562979903656263,4.562278342474277,4.365339424422478,7.223951919332119,2.3212889858491716,8.764022018859471,2.65605490598383,1.4279160358107101,1.0818051703517284,1.8213182714695995,1.6900958154515549,1.2837077723447896,1.324418957401803,1.1346227261911428,1.7833912195575383,1.1019400787607843,1.9050881545350582,12.59871590391828,4.385769620952716,4.541164856012179,-703.360137374571,9.227443279875844,5.026508643252546,6.576190978713507,8.113546429114857
2004-12-31,1.1505720275988207,9.448996829648053,5.2611345754203205,5.404027820970151,5.296315363877364,9.048456534882174,6.692580072666088,7.35080402588949,7.1283566650377015,7.622174594817622,9.150675289654448,1.4060969884160703,1.5325568680981427,1.6563214983329508,1.8671761085128091,1.9671123567059163,3.7916616487569623,7.574170784228385,7.789682844615766,6.83072421614964,4.398763894686897,4.404289468472853,4.408047632861978,11.795348734122818,1.8562979903656263,4.569972967712634,4.37177173244356,7.226354454068639,2.327825380370203,8.767375868397064,2.659559991941776,1.410986973710262,1.0508216248317612,1.803358605071407,1.665818245870208,1.269760544863939,1.2919836816486494,1.169381359556317,1.776645831418007,1.0715836162801904,1.918392120161421,12.610750777387079,4.392940609983444,4.585987366571318,-700.4184968493954,9.261204574316906,5.018603463745433,6.577583154909404,8.116446932008014
2005-01-31,1.1878434223960523,9.454719719188093,5.260615499364025,5.405825574263322,5.298317366548036,9.047668489605243,6.70476355869127,7.3583887623981,7.138397048265688,7.6708948313621175,9.114181832416461,1.4562867329399256,1.5496879080283263,1.6370530794670737,1.8500283773520307,1.9487632180377197,3.867862109642376,7.578689058665034,7.7944680644314985,6.838218688278107,4.401216329067023,4.405584457292134,4.411597572764117,11.79644890227315,1.840549633397487,4.5734576160531315,4.376752752171173,7.215607558223301,2.3341806545837964,8.765380513169879,2.626116818339524,1.4562867329399256,1.0116009116784799,1.809926773183504,1.6752256529721035,1.2499017362143359,1.275362800412609,1.2149127443642704,1.7526720805200082,1.0296194171811581,1.8961194845522977,12.600466695004336,4.395776668198046,4.56954300834494,-696.655,9.234837843576571,5.023222409601727,6.571582997369922,8.117938757084787
2005-02-28,1.252762968495368,9.458732198307857,5.264760583019194,5.409411414053624,5.3003153692107094,9.05486715131054,6.71530964150815,7.365100590246828,7.148791607288961,7.699842407396986,9.117182873489933,1.5238800240724537,1.6094379124341003,1.6789639750827108,1.824549292051046,1.9198594718553708,3.891207865714226,7.585230188594119,7.797830843970566,6.841573423113342,4.4033590433363035,4.4083277090932524,4.413234561798075,11.798360013631529,1.8562979903656263,4.5805792932240825,4.3836465718668345,7.224097691927129,2.338742144747772,8.769336165247351,2.5710843460290524,1.3428648031925547,0.9516578757114464,1.840549633397487,1.7173950539391927,1.297463147413275,1.3402504226184837,1.275362800412609,1.715598108262491,0.9745596399981308,1.900613874140137,12.613396025980302,4.402055951960218,4.554928969551344,-696.3324965687185,9.238315396431695,5.027820118850356,6.5703225812658,8.115072484558462
2005-03-31,1.2892326482767593,9.462615704068295,5.268373490174964,5.414766179191283,5.303802296778606,9.059447712365877,6.727014459778561,7.372748345351354,7.159702745897152,7.5310163320779155,9.12371437526349,1.5686159179138452,1.6448050562713916,1.7047480922384253,1.8562979903656263,1.9544450515051506,4.012953724006587,7.5941409360842185,7.801217252340906,6.843397041771141,4.405794367562601,4.411281992822671,4.415666902217837,11.79926914217053,1.824549292051046,4.5791803573767185,4.377242709931541,7.224680569903559,2.342730952244095,8.770594329891145,2.7093826463359885,1.5085119938441398,0.9707789171582248,1.8991179875485542,1.7613002617433464,1.3110318766193438,1.3532545070416904,1.33500106673234,1.7526720805200082,0.9400072584914712,1.951608170169951,12.61589159523318,4.399687263646393,4.539030383483547,-699.9940201241035,9.244635512852138,5.04148775757902,6.566531772935438,8.112827478751374
2005-04-30,1.332366019094335,9.466814709443753,5.271459912378154,5.414766179191283,5.304299438225584,9.06870768084123,6.7391010966634175,7.38077809589044,7.1669244445530875,7.631431664576906,9.129639948054727,1.5390154481375546,1.589235205116581,1.6505798557652755,1.8453002361560848,1.9530276168241774,3.989724513091998,7.602432787991957,7.805167324595108,6.846176639735756,4.408388584851935,4.414045999479982,4.416802387457735,11.801976599828247,1.824549292051046,4.581232963019127,4.379688904310288,7.214725140341202,2.346123395008529,8.772548333893601,2.7917784166329227,1.6467336971777973,1.0152306797290584,1.890095369948917,1.7263316639055997,1.2809338454620642,1.3164082336557241,1.3454723665996355,1.7316555451583497,0.9969486348916096,1.9139771019523042,12.623996486972954,4.4006631411389066,4.485259889315534,-707.21,9.250819907864173,5.049856007249537,6.5543606631649745,8.11189806885971
2005-05-31,1.3862943611198906,9.472312785921675,5.270946169751904,5.415211118019536,5.305789381386738,9.067923909477917,6.752649759634788,7.389822802541483,7.169317525449892,7.613818684808629,9.134495507682853,1.5260563034950492,1.5602476682433286,1.6094379124341003,1.8164520818184267,1.9473377010464987,3.928486731458811,7.609442339286629,7.81063621587806,6.852133288124259,4.411425279457841,4.414602724980286,4.418828559531247,11.803264005883218,1.8082887711792655,4.582158434958106,4.380526760424647,7.219861635344442,2.349655056444664,8.77536406049363,2.659559991941776,1.6351056591826783,1.0647107369924282,1.840549633397487,1.7029282555214393,1.2149127443642704,1.244154593958768,1.3609765531356006,1.7029282555214393,1.0543120297715298,1.8946168546677629,12.617443613001596,4.400400545762512,4.476199804691132,-718.195468990969,9.255801190496175,5.045358730154642,6.560464734925045,8.115102383947022
2005-06-30,1.3962446919730587,9.478130693136059,5.271459912378154,5.41610040220442,5.306285536197214,9.077311710104233,6.765313703198145,7.398178897058532,7.16977945652441,7.634820677745543,9.137135069216908,1.5390154481375546,1.551808799597464,1.597365331199831,1.7850704810772584,1.925707441737794,4.047602299669969,7.616745730183123,7.816549967368422,6.858967170052572,4.41453957480601,4.415219602029645,4.419515079084873,11.805147217464041,1.791759469228055,4.586479600144553,4.380451645028585,7.230490739491305,2.3531506994226716,8.780311018038281,2.5680215564985067,1.5789787049493917,1.0543120297715298,1.8309801823813363,1.6992786164338898,1.184789984909162,1.1969481893889715,1.3962446919730587,1.6639260977181702,1.0508216248317612,1.8764069432883397,12.647516036303573,4.403426025679772,4.574710978503383,-732.3817024588211,9.259035293514941,5.045358730154642,6.570182436916891,8.119606963256757
2005-07-31,1.449269160281279,9.483693422584157,5.277604324950495,5.418763519623904,5.307772525318792,9.088714963852322,6.776042802554696,7.40496664791562,7.172666297716204,7.628031126930335,9.142393381935934,1.6134299337036377,1.6331544390514163,1.6639260977181702,1.801709800081223,1.9387416595767009,4.089332020398556,7.627678266628933,7.822219543880532,6.864213965463119,4.417695373953336,4.41939467114262,4.420958844675669,11.80781649036768,1.791759469228055,4.583330425143635,4.374925229276017,7.224097691927129,2.3567891470075577,8.784269414075,2.531313022602156,1.4586150226995167,0.9820784724121582,1.8671761085128091,1.7561322915849038,1.2119409739751128,1.199964782928397,1.4562867329399256,1.682688374173693,1.0188473201992472,1.9125010869241836,12.655621622457607,4.398927998549011,4.579852378003801,-750.961,9.264762267184325,5.058154810064233,6.555925720039882,8.118266660147656
2005-08-31,1.5040773967762742,9.488196880478117,5.283711214158674,5.420092423473958,5.308762624409575,9.088297024063454,6.783173071962363,7.4092300439683685,7.181243351151377,7.647786045440933,9.14801805989879,1.5769147207285403,1.5830939370944985,1.6134299337036377,1.8066480817218056,1.9401794743463283,4.1892000932347795,7.6436144745924235,7.826741805312496,6.865905475593978,4.420590249595311,4.423372491954077,4.421764041241205,11.809289737804843,1.7749523509116738,4.5865825003513105,4.378071322730548,7.227589874450326,2.360466223003021,8.790116892892472,2.6100697927420065,1.5390154481375546,1.0188473201992472,1.827769906751088,1.7173950539391927,1.2149127443642704,1.235471471385307,1.5085119938441398,1.6937790608678513,0.9932517730102833,1.9125010869241836,12.64447917787248,4.4007796917560515,4.500920164614292,-772.7337286969331,9.270550790375166,5.066385309200747,6.556210012863403,8.117133447966625
2005-09-30,1.5303947050936475,9.492306281034866,5.297316866214453,5.418763519623904,5.3097517441737,9.09396384672014,6.7879375848982715,7.4132492881765435,7.193856941564845,7.674152921281675,9.154108587506132,1.6448050562713916,1.6448050562713916,1.6752256529721035,1.81319474994812,1.9501867058225735,4.198254025612612,7.6607813273480545,7.830783077388183,6.867025952766772,4.423133133064204,4.432862324376377,4.423948024637438,11.809713452450524,1.791759469228055,4.56722322127273,4.365099170133133,7.226936018493289,2.364319925572365,8.795158205804638,2.558776498354456,1.5129270120532565,1.0331844833456545,1.884034745337226,1.7715567619105355,1.269760544863939,1.3137236682850553,1.501852701754163,1.6956156086751528,1.0402767116551463,1.9329696377795786,12.646499409871236,4.380034651993088,4.355425952876702,-792.1884772383764,9.276942387643764,5.094976442530006,6.543192162194399,8.108653361190997
2005-10-31,1.5644405465033644,9.497412558485335,5.2988172415896875,5.4240685718535975,5.313205979041787,9.098234938191874,6.7925756016458685,7.420380682173058,7.209150149776355,7.633369649679584,9.161255164285691,1.6863989535702288,1.6956156086751528,1.7173950539391927,1.8484548129046001,1.9878743481543455,4.148990563335426,7.676255263713685,7.8357500505874835,6.871765341248982,4.425529033698241,4.434441175229944,4.426784872015655,11.810411818006395,1.791759469228055,4.579248092896225,4.377211309582743,7.2296938401120086,2.3689344735355795,8.800445466788632,2.792391349535961,1.528227857008557,1.0402767116551463,1.9242486522741338,1.809926773183504,1.2725655957915476,1.2919836816486494,1.5665304114228238,1.7298840655099674,1.0438040521731147,1.9671123567059163,12.645874766042787,4.390592344014621,4.320151230955794,-804.786,9.284361911823312,5.119190700650601,6.540163823302054,8.112317909326503
2005-11-30,1.6094379124341003,9.503860377722843,5.293807211070151,5.427150238391005,5.31566600488265,9.099095913159381,6.797754725027097,7.4320027842713685,7.22437955457642,7.672292455628756,9.165405765582301,1.6900958154515549,1.6900958154515549,1.7029282555214393,1.8594181177018698,2.0001277349601105,4.08260930600368,7.686348044324128,7.842030666753384,6.882232516627452,4.427685557041185,4.432375107858418,4.429303750000098,11.813044872125642,1.791759469228055,4.590072791700939,4.383914850871119,7.227952943110598,2.374136190739119,8.803168808701244,2.569554123848285,1.541159071680806,1.0612565021243408,1.9315214116032138,1.809926773183504,1.2149127443642704,1.208960345836975,1.6034198401085376,1.7404661748405046,1.0473189942805592,1.9851308622085946,12.654929244174454,4.399938996150625,4.414009680526933,-805.9176168364361,9.288818779847439,5.104125637183595,6.544774782480128,8.119815293490692
2005-12-31,1.6409365794934714,9.511173227794472,5.293807211070151,5.429784129290343,5.3171391207886245,9.102988986963574,6.80123985673864,7.446357504355557,7.239903903935564,7.598399329323964,9.168455312602664,1.6882490928583902,1.6770965609079151,1.6845453849209058,1.851599469584072,1.9906103279732201,4.101485670373467,7.6931829412235295,7.849234513045799,6.895417255590864,4.429933736129164,4.432375107858418,4.430328584447962,11.814221939439507,1.7749523509116738,4.594840013004034,4.382971188442485,7.226136280183188,2.3796167209136643,8.806723554725636,2.570319527636131,1.5496879080283263,1.0367368849500223,1.8961194845522977,1.80005827204275,1.2029723039923526,1.1939224684724346,1.6034198401085376,1.7263316639055997,1.0473189942805592,1.9768549529047348,12.655471701006597,4.403236359778746,4.52720864451838,-799.3846013160056,9.292298167774202,5.099866427824199,6.543480097698835,8.123854263105914
2006-01-31,1.665818245870208,9.517836836360821,5.299816242671772,5.43153621033426,5.319099905730565,9.113014161346678,6.799298864861212,7.459516298838182,7.254860781520104,7.729295674310482,9.183349370111598,1.7119945007591924,1.6992786164338898,1.7101878155342434,1.8389610707123492,1.979621206397625,4.19735231229633,7.698838280241604,7.855965519581943,6.905820408326597,4.43242265162841,4.437153820299195,4.432541501165036,11.816180644659811,1.7404661748405046,4.596401856296235,4.388788720153004,7.229983695186501,2.3843493947966854,8.813021989003786,2.6354795082673745,1.4861396960896067,1.0224509277025458,1.9080599249242156,1.8180767775454285,1.2612978709452054,1.275362800412609,1.6752256529721035,1.7173950539391927,1.0367368849500223,1.9629077254238845,12.683390088515868,4.403322019801511,4.523960130562548,-790.818,9.309244087290638,5.107762004826979,6.541318557841451,8.12415060330663
2006-02-28,1.7029282555214393,9.522453173262003,5.3003153692107094,5.435031189863859,5.321056853517526,9.115699967822062,6.790694755416142,7.468196874143762,7.26744520177587,7.659171367666058,9.188319686606913,1.7387102481382397,1.724550719534605,1.713797927758343,1.8484548129046001,1.9837562915454279,4.137244396537321,7.704659786618209,7.860832588200806,6.909600637325152,4.435006370868196,4.437745123430226,4.434132723654395,11.818444999751646,1.7578579175523736,4.596822440309047,4.38443997023558,7.2294763936573405,2.387519811026072,8.81704590029472,2.590767040487478,1.4747630091074988,0.9745596399981308,1.9139771019523042,1.8325814637483102,1.2612978709452054,1.3029127521808397,1.7119945007591924,1.7173950539391927,0.9932517730102833,1.9823798288367047,12.676613630374526,4.402253191706994,4.473921899378137,-785.7775354320557,9.315024659042985,5.09252245356844,6.54001938768398,8.1272568849257
2006-03-31,1.7209792871670078,9.526243097099709,5.301811255802292,5.439382806826639,5.324472324024888,9.119748045579035,6.775283942657507,7.475357414436912,7.279105381903264,7.585788821732034,9.194068703501285,1.7613002617433464,1.7613002617433464,1.7681496035889213,1.8764069432883397,2.0028304393079956,4.157319361383489,7.712283598154093,7.864884764588907,6.908907308900679,4.438103645573855,4.439658547506598,4.4368580375672,11.82071894057143,1.7404661748405046,4.599064584681074,4.382586477932396,7.2305631534092925,2.3905309505273715,8.819207071128197,2.516889695641051,1.4182774069729414,0.9895411936137477,1.9558604799084813,1.8687205103641833,1.2556160374777743,1.275362800412609,1.728109442151599,1.7457155307266483,0.9895411936137477,1.9947003132247452,12.678791335660138,4.40296831888071,4.498697941477575,-785.9514054840074,9.321237532091772,5.094976442530006,6.541895425466332,8.127847465187957
2006-04-30,1.7561322915849038,9.529115796800294,5.3067814449601665,5.442850517280335,5.326904823399949,9.126154091549763,6.757326497623156,7.481781028634219,7.286716919224093,7.507690077819904,9.198439840717796,1.7698546338400052,1.7783364488959144,1.803358605071407,1.922787731634459,2.038619547159581,4.258304120182863,7.720820547684286,7.867704937476618,6.905917591468304,4.441132456638693,4.444238231872608,4.43987092435832,11.821960433019314,1.7404661748405046,4.60199113816607,4.384336464960772,7.235042606026277,2.3939785214232563,8.823912892745156,2.532902848056256,1.3962446919730587,0.9820784724121582,1.9712993830601329,1.8855533485144158,1.3029127521808397,1.3001916620664788,1.7439688053917064,1.801709800081223,0.9895411936137477,2.0255131996542803,12.684050644802689,4.404317585093261,4.481871969643598,-794.042,9.32638857033885,5.107762004826979,6.535676589891606,8.128349184324309
2006-05-31,1.7817091333745536,9.531781048623511,5.3097517441737,5.44673737166631,5.329816033607408,9.130517640106195,6.738379477988778,7.489406297199536,7.2902510856557825,7.57198844937744,9.200481936900468,1.7984040119467235,1.7984040119467235,1.8115620965242347,1.9387416595767009,2.0476928433652555,4.275832438267478,7.730296745520078,7.8698500504336595,6.902959519719083,4.444072816040684,4.446889322013911,4.442345327345826,11.822232033518672,1.7227665977411035,4.60223989688143,4.380198715046269,7.234682102759819,2.3988257199917866,8.825780224547914,2.8587664184808337,1.415853163361435,0.9783261227936076,1.9919755158985601,1.9021075263969205,1.2919836816486494,1.3029127521808397,1.7647307968401356,1.824549292051046,0.9707789171582248,2.030776369698555,12.681669975818716,4.402899767206185,4.383275854074314,-810.3383589793135,9.328310056879179,5.116795489924646,6.536836514626557,8.126370360044943
2006-06-30,1.7900914121273581,9.534426997272877,5.312220271717028,5.450609176890295,5.332235584751498,9.133524120357546,6.720759651346193,7.497262447729981,7.292442972660496,7.497207223203318,9.204231752291774,1.8180767775454285,1.8082887711792655,1.8164520818184267,1.9300710850255671,2.0515563381903004,4.2761104090823325,7.737684397688338,7.87199118634799,6.901893178563252,4.44650611382078,4.449323068023007,4.444837101084557,11.822826361010604,1.7227665977411035,4.6055681068071,4.381331393049423,7.225335901779781,2.4041343119343868,8.830762284819865,2.644755350729896,1.4701758451005926,0.9820784724121582,2.0068708488450007,1.9139771019523042,1.2837077723447896,1.2892326482767593,1.7783364488959144,1.8164520818184267,0.9820784724121582,2.0515563381903004,12.685980193660969,4.404437377485854,4.45318382899021,-823.9998227418638,9.332009181558186,5.118592435601348,6.525909036472607,8.129440291906644
2006-07-31,1.8309801823813363,9.537569162128296,5.31762967758041,5.454038241544812,5.334167019441734,9.142575317841485,6.704068706999437,7.504912899010925,7.297373485584269,7.460490305825338,9.207225525875993,1.7867469274045107,1.776645831418007,1.7900914121273581,1.9242486522741338,2.048982334195127,4.322939892214555,7.740534828305552,7.875225698790874,6.904195952086885,4.448352619845358,4.452694768791126,4.445799237570948,11.824248377581428,1.7404661748405046,4.604921154982445,4.376149397501005,7.226572580364629,2.4092847116531013,8.837056837228676,2.7694588292308535,1.4929040961781488,0.9858167945227653,1.9837562915454279,1.888583653863595,1.275362800412609,1.264126727145683,1.8050046959780757,1.81319474994812,0.9820784724121582,2.0438143640366846,12.689131310743441,4.401886858350574,4.450852825603734,-823.284,9.334600165856777,5.122772794033106,6.518261940383671,8.130029584477986
2006-08-31,1.8325814637483102,9.541353067657598,5.322033893165353,5.457455587886334,5.336576078665127,9.142404084964356,6.689443141086515,7.51143451917414,7.307724770740168,7.409136443920128,9.209530043748927,1.7561322915849038,1.7404661748405046,1.747459210331475,1.8991179875485542,2.0268315914075385,4.304740540713808,7.736931557532404,7.880133496837838,6.910624995313511,4.449453521898051,4.4557997293338225,4.447814375211885,11.82546355129581,1.7404661748405046,4.60920901891095,4.381247581290584,7.224899061583537,2.4134169826074787,8.841607305923633,2.58851563240702,1.501852701754163,1.0043016091968684,1.9544450515051506,1.8547342683894434,1.252762968495368,1.235471471385307,1.8066480817218056,1.791759469228055,0.9969486348916096,2.0068708488450007,12.692579961644958,4.404117084084583,4.418840607796598,-799.6508911882835,9.336779171522464,5.129306823813755,6.513823406687646,8.130088494640006
2006-09-30,1.8325814637483102,9.545416275569632,5.3171391207886245,5.459585514144159,5.338499156180869,9.145951173022832,6.676593648307668,7.517157324776286,7.320913316951922,7.450660796211539,9.212258531132086,1.742219023667919,1.7209792871670078,1.7298840655099674,1.873339456220478,2.005525858729668,4.172385267224964,7.731002374565555,7.885866496158117,6.918131572711977,4.450412435361083,4.453207111606245,4.449369812831421,11.826465324591295,1.7047480922384253,4.607413667500402,4.380003339191348,7.219934823034306,2.4169028227505835,8.845244355843397,2.563409711275944,1.4906543764441333,1.000631880307906,1.9401794743463283,1.8373699804801074,1.2149127443642704,1.1786549963416462,1.780024213009634,1.766441661243765,0.9969486348916096,1.9892432737616872,12.686141079274739,4.4001648874708525,4.45898767581001,-766.300907534616,9.340043194972221,5.114394528387108,6.512933330972452,8.138915143152037
2006-10-31,1.8325814637483102,9.549705562824261,5.312713246831769,5.4638318050256105,5.340418542566672,9.147890335102977,6.663619167682574,7.52323763080555,7.334675895990768,7.307872780763706,9.21442203066243,1.742219023667919,1.7173950539391927,1.724550719534605,1.873339456220478,2.004179057179289,4.092342559551428,7.727622331341202,7.8918743645555285,6.923705396845178,4.452088934118853,4.450876162554295,4.451156163489461,11.826640714468825,1.6863989535702288,4.606398431385799,4.373383137042087,7.223222737441855,2.420723621011087,8.852149994633786,2.4932054526026954,1.4562867329399256,0.9707789171582248,1.9329696377795786,1.8341801851120072,1.184789984909162,1.1314021114911006,1.80005827204275,1.766441661243765,0.9895411936137477,2.0014800002101243,12.684413300000614,4.396889384764238,4.549657476057832,-737.668,9.34301639887973,5.094976442530006,6.521651524352593,8.150381327789152
2006-11-30,1.8325814637483102,9.553720744618492,5.313205979041787,5.46721590300985,5.341376856008484,9.148592619684774,6.650535985436553,7.529874645407211,7.345878600240581,7.359467638255621,9.218824281624492,1.7263316639055997,1.6956156086751528,1.6974487897568136,1.8453002361560848,1.9740810260220096,4.100492292808335,7.730782733184394,7.897141079197397,6.924845269404087,4.454885249974235,4.451214487150804,4.451622657561784,11.82823972765639,1.7047480922384253,4.606132722601062,4.372455981733932,7.223149790000454,2.425089768923394,8.857472457808955,2.477378383367209,1.4350845252893227,0.9707789171582248,1.9095425048844386,1.8115620965242347,1.1939224684724346,1.1755733298042381,1.803358605071407,1.7387102481382397,0.9555114450274363,1.965712776351493,12.686472050958029,4.394292352256126,4.533674184283021,-727.5889181786368,9.348387801936294,5.109575241951159,6.521504389797777,8.154902508691869
2006-12-31,1.8309801823813363,9.55784965021062,5.318610069815799,5.470167623474696,5.342812606434588,9.15792012702885,6.63658565739134,7.53754743694442,7.3556290504538815,7.408530566894626,9.227118823215001,1.7613002617433464,1.7404661748405046,1.742219023667919,1.843719208158766,1.9768549529047348,4.143610803525019,7.7388839153230045,7.902419025353839,6.924333599400297,4.45846200225528,4.454719320067322,4.45295097301058,11.829573931214606,1.6863989535702288,4.616233758344071,4.38437387774223,7.222200988703133,2.429695963917209,8.862809210238192,2.5305171610400525,1.358409157630355,0.9707789171582248,1.9430489167742813,1.8468787684491346,1.1939224684724346,1.1817271953786161,1.7867469274045107,1.7369512327330598,0.9783261227936076,1.9712993830601329,12.697256629040876,4.402011843340285,4.529368472571809,-730.9277214680632,9.357777135249892,5.115595729732743,6.513081731952171,8.15559184695446
2007-01-31,1.8325814637483102,9.562169162258142,5.3202598595603625,5.473341528672968,5.345200952446887,9.163217317407,6.622588706671967,7.545936111956639,7.364541314429392,7.251344983372214,9.23028024475573,1.7817091333745536,1.7613002617433464,1.763017000362401,1.8562979903656263,1.9933388426264242,4.01764348729183,7.748573908700168,7.908200009425658,6.926130417312339,4.461934717901339,4.458014980673219,4.456948561191141,11.831204635399386,1.7227665977411035,4.612687857352755,4.378462791722923,7.223295679562314,2.4335256322546415,8.869004326188769,2.435366204227864,1.3137236682850553,0.9439058989071284,1.951608170169951,1.8625285401162623,1.2325602611778486,1.2296405510745139,1.809926773183504,1.766441661243765,0.9477893989335261,1.9810014688665833,12.698271869972562,4.3961242940525835,4.583946549536464,-739.273,9.36289835556445,5.10594547390058,6.5151570365807965,8.159288920736355
2007-02-28,1.8341801851120072,9.566336463103848,5.324111810923153,5.476911150489099,5.3477501813161865,9.166074955678168,6.610060266002003,7.55393349179349,7.372638588243953,7.300472814267799,9.236670667222212,1.7316555451583497,1.7083778602890038,1.715598108262491,1.8547342683894434,1.9851308622085946,4.098668533702155,7.756425084408137,7.914198326755523,6.932156474134707,4.464443466049355,4.461080391958684,4.459080264116173,11.83179365564308,1.7047480922384253,4.62219051490681,4.379290394581001,7.218763176737415,2.4358208452950216,8.871477279535599,2.7985001040242823,1.3402504226184837,0.9555114450274363,1.9110228900548727,1.8213182714695995,1.2119409739751128,1.2237754316221157,1.8180767775454285,1.7613002617433464,0.9400072584914712,1.9768549529047348,12.700628633628746,4.403290204078178,4.525044141508807,-744.7084928075743,9.370348151173554,5.122772794033106,6.504886796721238,8.157628361490831
2007-03-31,1.8341801851120072,9.570992083506916,5.329273250668482,5.478712068148277,5.349096028535047,9.170840419839326,6.595508414106112,7.562534637592349,7.382201809378939,7.310550158534422,9.243581705755984,1.7191887763932197,1.7119945007591924,1.7316555451583497,1.840549633397487,1.9837562915454279,4.120012308970678,7.763942237641113,7.921038977288811,6.94161363521971,4.466576674961512,4.4646889850084674,4.46007504737018,11.833435262752497,1.6863989535702288,4.623944834114297,4.384749175194799,7.21890970761906,2.4376682270400334,8.874909592849797,2.7498317351171653,1.3480731482996928,1.0116009116784799,1.9329696377795786,1.8341801851120072,1.235471471385307,1.2556160374777743,1.8050046959780757,1.7439688053917064,0.9969486348916096,1.9685099809725544,12.708603966471344,4.402798155186498,4.493120682179469,-747.0432342503968,9.377751316034383,5.1375615876686425,6.502340169624015,8.157169790504605
2007-04-30,1.8325814637483102,9.575197490441193,5.332254917575733,5.481222086602572,5.350658361905203,9.174153452214409,6.579631695172757,7.569782208874196,7.392502189964576,7.307202314764738,9.247395279927193,1.7227665977411035,1.706564623164823,1.728109442151599,1.8671761085128091,2.0001277349601105,4.17392562489244,7.770463361051187,7.926948387765072,6.950290684774573,4.468215798739086,4.467010958578879,4.461484556008597,11.833870635329452,1.7047480922384253,4.630567915778548,4.388248488734536,7.229113877793302,2.4396477433823853,8.885703816530636,2.7226103524335397,1.3190856114264407,0.9858167945227653,1.925707441737794,1.8325814637483102,1.2325602611778486,1.2383742310432684,1.7934247485471162,1.7698546338400052,0.9932517730102833,1.9685099809725544,12.705516744773751,4.407299566651258,4.478472532942134,-745.806,9.381693663330642,5.149817358229593,6.50757617530321,8.164225652265827
2007-05-31,1.8325814637483102,9.579014564109432,5.3363595008346305,5.483289573928445,5.352132977219652,9.178519412986347,6.560372446635307,7.575610230038424,7.404511581471311,7.255591274253665,9.250877525933216,1.7783364488959144,1.7681496035889213,1.7749523509116738,1.8671761085128091,2.0001277349601105,4.166044876387292,7.7768460678097435,7.931734152067667,6.956353218330782,4.469682931786532,4.469877242743908,4.462649942997006,11.834965484933266,1.6863989535702288,4.631100081608518,4.384984755118247,7.2309251443634714,2.4426170210114333,8.888066854754783,2.642622395779755,1.2412685890696329,0.9555114450274363,1.9643112344262046,1.8779371654691073,1.2119409739751128,1.2029723039923526,1.7698546338400052,1.7749523509116738,0.9707789171582248,2.004179057179289,12.719503871763823,4.405922588552539,4.492001487882454,-741.3605260562161,9.385108473115222,5.160777952525975,6.505634572124363,8.162031387817315
2007-06-30,1.8325814637483102,9.582513314095571,5.338662447363027,5.48622744509058,5.3537142297683245,9.180684965068558,6.5389650526839755,7.580261718195005,7.417085743008792,7.278628942320682,9.252451135676564,1.7698546338400052,1.7783364488959144,1.7967470107390942,1.9154509415706047,2.0412203288596382,4.226541731833486,7.783019602774444,7.935885705425337,6.960709349595307,4.471014107787841,4.47197016702468,4.464286114261219,11.835537809783077,1.7227665977411035,4.631370929070443,4.38582192344544,7.222274005387478,2.446280599528723,8.892034129980592,2.8466520505398383,1.3812818192963463,0.9516578757114464,1.986503546020567,1.8946168546677629,1.2178757094949273,1.2029723039923526,1.747459210331475,1.824549292051046,0.9555114450274363,2.0373166153791646,12.7101062557042,4.4045486004311405,4.457829598089382,-735.3333178453576,9.386828279410786,5.163642463221435,6.494056365946869,8.164311045716202
2007-07-31,1.8341801851120072,9.586384702316987,5.340432924054821,5.488288755290061,5.355514946287658,9.185237925415342,6.514225164643521,7.584964624306609,7.43053516498298,7.2115567333138015,9.255055578103585,1.715598108262491,1.7227665977411035,1.7544036826842861,1.9065751436566365,2.0347056478384444,4.319885238136032,7.7897294765354985,7.940839401419918,6.96587134523771,4.472415634401562,4.473477102637209,4.465770178106741,11.835320509806849,1.7404661748405046,4.629816943868615,4.3829137410786165,7.225263108331159,2.450573970707495,8.896683865752166,3.1994891110680106,1.6467336971777973,1.0473189942805592,1.9974177062012453,1.8718021769015913,1.205970806988609,1.1537315878891892,1.7850704810772584,1.809926773183504,0.9745596399981308,2.0399207835175526,12.713922847114626,4.401714059256052,4.515245478460105,-728.954,9.389047069699329,5.17105201550216,6.4949633954875114,8.166699106552587
2007-08-31,1.7950872593207297,9.590698259365446,5.340739679874803,5.490795503551361,5.357147437945164,9.190127460524968,6.487102672377557,7.590198459243728,7.443939480143387,7.193685818395112,9.256106922008966,1.6389967146756448,1.6582280766035324,1.7119945007591924,1.9154509415706047,2.0347056478384444,4.295787686556971,7.797175039739807,7.947235850569707,6.973295080779078,4.473933293282683,4.474149923549687,4.467240563888362,11.835139390416074,1.7227665977411035,4.6317566139336845,4.377940799003911,7.223733220588765,2.454938791436471,8.906650861378585,3.1937631240531252,1.713797927758343,1.1151415906193203,1.9782390361706734,1.8453002361560848,1.1631508098056809,1.0885619528146082,1.6714733033535532,1.780024213009634,1.091923300517313,2.0082140323914683,12.719405124507345,4.402777341812068,4.4355674016019115,-724.2454573782885,9.389665778123467,5.155601064346442,6.497830240151879,8.176728997525485
2007-09-30,1.7817091333745536,9.594433717980262,5.344948057876331,5.493213695124143,5.35919607372911,9.194830716675265,6.458956605717562,7.595324564306155,7.45641505064322,7.076653815443951,9.261518159693095,1.6034198401085376,1.6544112780768316,1.7209792871670078,1.9080599249242156,2.0268315914075385,4.393584583507611,7.805707537095719,7.954071518388968,6.981796080245857,4.475488642745644,4.477950262644035,4.469934484711445,11.835762303496384,1.7404661748405046,4.634173494165547,4.378971973944653,7.233022111761189,2.458311171263006,8.909721647382561,2.9444389791664403,1.6486586255873816,1.0986122886681098,1.9782390361706734,1.8453002361560848,1.199964782928397,1.1346227261911428,1.6074359097634274,1.7561322915849038,1.1216775615991057,2.004179057179289,12.723207325281875,4.40467569722285,4.4355674016019115,-723.6397727923011,9.394867827319299,5.161924741642482,6.49329987903584,8.174956371465171
2007-10-31,1.7509374747078,9.596694557505291,5.348011883571888,5.4954495360779125,5.3616536027306125,9.19864221456369,6.428357260319152,7.599963518875225,7.468350016161778,7.142827401161621,9.263776868065355,1.597365331199831,1.6409365794934714,1.7011051009599243,1.8961194845522977,2.012232791986386,4.468204330914934,7.816583434973044,7.960692496536473,6.990498644287045,4.477132248101387,4.480943937344849,4.472506987802256,11.836283513874479,1.7404661748405046,4.631272536138678,4.375821170546098,7.228606134700393,2.459845219192629,8.911476010121833,2.9719517448885875,1.6789639750827108,1.095273387402595,1.9740810260220096,1.8325814637483102,1.205970806988609,1.1817271953786161,1.6094379124341003,1.7526720805200082,1.0818051703517284,1.9919755158985601,12.72941263692845,4.4016196811860135,4.405498990859024,-729.699,9.396637349636284,5.168777995193051,6.492845712045973,8.173772872679601
2007-11-30,1.7029282555214393,9.596717153644372,5.355802949084692,5.498417444693634,5.364385966517741,9.206021057151952,6.3980117673719255,7.60332769482883,7.4789070498193775,7.088408778675395,9.268212975166637,1.3962446919730587,1.4838746894587547,1.6034198401085376,1.8625285401162623,2.0014800002101243,4.560382003197957,7.829375703013188,7.965954768643134,6.997925285750011,4.478697237359714,4.486172663140606,4.474446277261407,11.837122670715829,1.7404661748405046,4.636830661661169,4.379856782245883,7.223149790000454,2.4588440350214507,8.914572362940971,3.1726224403507386,1.9095425048844386,1.244154593958768,1.9643112344262046,1.7544036826842861,1.205970806988609,1.1755733298042381,1.4701758451005926,1.7083778602890038,1.1786549963416462,1.9600947840472698,12.74003064095319,4.40731906733622,4.345103280569283,-743.0553535095046,9.40127473186836,5.19295685089021,6.479584333338335,8.169251430551727
2007-12-31,1.6563214983329508,9.595884377444564,5.35868313133447,5.501172492585334,5.3667607537628195,9.207716933769468,6.3678794151426805,7.605950214199121,7.490160728471211,6.945051063725834,9.274703877799467,1.3987168811184478,1.4929040961781488,1.6174060820832772,1.8702625307159986,2.0347056478384444,4.529692044812134,7.84373162542817,7.970835980638305,7.00543199011578,4.480180625006176,4.488456578289728,4.4764273100953655,11.837881645630194,1.791759469228055,4.637408889230645,4.380814650517709,7.22671797146695,2.456443618950481,8.918757367439452,3.1570004211501135,1.9344157696295783,1.2584609896100056,1.9851308622085946,1.7715567619105355,1.1969481893889715,1.184789984909162,1.4036429994545037,1.7101878155342434,1.2669476034873244,1.969905654611529,12.725431755314403,4.408314315929001,4.33729074083249,-759.3626429998523,9.40785427181618,5.190732155868099,6.47774129795256,8.170355417755697
2008-01-31,1.597365331199831,9.596115430451064,5.362108733635523,5.503557605724557,5.369572344209145,9.210080338170323,6.341549071863341,7.608225083569926,7.503466572021141,6.98933526597456,9.278606312646271,1.1537315878891892,1.3402504226184837,1.541159071680806,1.8453002361560848,2.020222182019865,4.5427627258594745,7.857700492012566,7.976128267255679,7.014080029615966,4.481408061149713,4.490948301897795,4.478393074620819,11.83788887119424,1.791759469228055,4.6361774532605935,4.378391284789543,7.228243303159095,2.4543615279598394,8.92264496610218,3.3032169733019514,2.0731719286662407,1.3762440252663892,1.9600947840472698,1.706564623164823,1.205970806988609,1.1474024528375417,1.3402504226184837,1.673351238177753,1.33500106673234,1.8991179875485542,12.729062978286542,4.407728493901051,4.37449836825309,-771.248,9.41154910448862,5.204006687076795,6.477433794875106,8.171429926554117
2008-02-29,1.3812818192963463,9.59855601504557,5.364512327531325,5.505030677670924,5.370354266941033,9.208608873798035,6.322138783557962,7.61035443227827,7.518681449093809,7.00669522683704,9.280994529429796,0.9745596399981308,1.252762968495368,1.5107219394949425,1.8764069432883397,2.05668455455722,4.567987394860375,7.869515553316794,7.98212290953961,7.023934459284863,4.482304972018437,4.492919319625511,4.479357498792559,11.837375726364115,1.7749523509116738,4.632547970762523,4.371798252668074,7.229186391480292,2.4538618944977313,8.93390152360375,3.315639493300509,2.1598687907924505,1.4398351280479207,1.9712993830601329,1.6752256529721035,1.2325602611778486,1.1939224684724346,1.1537315878891892,1.7083778602890038,1.4060969884160703,1.979621206397625,12.720646236882642,4.404856537888055,4.273884476054178,-774.161864084581,9.414578333535706,5.21330399222108,6.476972362889683,8.180292863176883
2008-03-31,1.2837077723447896,9.602706484764369,5.368067284736141,5.508006815965998,5.372589610922624,9.21396379942695,6.305562688000687,7.612294678571387,7.536379024378763,6.913737350659685,9.284185452434054,0.9631743177730056,1.2412685890696329,1.4929040961781488,1.873339456220478,2.065596134857783,4.668708206792079,7.881757126735853,7.9894927691241975,7.035248544240913,4.4833801414619225,4.495745868706802,4.481294880082521,11.836869551014171,1.8082887711792655,4.629382683341586,4.367940387698808,7.237850080065525,2.454353512567952,8.942879140010847,3.281287084989598,2.2202898502672155,1.4929040961781488,2.010894999144726,1.6974487897568136,1.205970806988609,1.1600209167967532,0.8241754429663494,1.6845453849209058,1.4770487243883548,1.9242486522741338,12.722464747668527,4.402499380527713,4.255612709818223,-773.4943194981342,9.418630150189744,5.241217774507464,6.47943087672789,8.185322352110248
2008-04-30,1.1878434223960523,9.606879158754419,5.3703682242920205,5.507800031404364,5.373239293065296,9.217445073706115,6.291213520777901,7.613344238614442,7.5529100271000695,6.921658184151129,9.282326093748804,1.1908875647772805,1.3937663759585914,1.5623463049002497,1.8794650496471605,2.075684492802124,4.732419386903555,7.894573810404886,7.997206398660261,7.045462938850073,4.485011831494239,4.497573839388689,4.481871969643598,11.835284288552938,1.791759469228055,4.622571894167547,4.3584508981451755,7.238640508734566,2.4548769033363045,8.949118454781523,3.0814511489565284,2.061786606441115,1.410986973710262,2.0135687975291283,1.763017000362401,1.184789984909162,1.1817271953786161,0.8372475245337022,1.6937790608678513,1.4562867329399256,1.9501867058225735,12.721420030706701,4.396466870799902,4.152613470346076,-776.404,9.417647181464046,5.256974403013654,6.479123892842133,8.188605787638453
2008-05-31,1.091923300517313,9.610028789475274,5.37624090729573,5.50899149676385,5.374982067483448,9.223582309247108,6.275439311327337,7.612996110111627,7.566661052475481,6.881411303642535,9.33463549124779,1.297463147413275,1.4838746894587547,1.6213664832993742,1.8825138324965192,2.0706530356467567,4.8393723646590345,7.908309375733498,8.005230171823985,7.054059651838703,4.487583059799735,4.501807672992938,4.483668996557045,11.833906907822936,1.8562979903656263,4.61644241502597,4.353076597097522,7.23871233491524,2.4540168417494272,8.950014029534257,2.935451342669061,2.018895041811802,1.3862943611198906,2.028148247292285,1.8082887711792655,1.247032293786383,1.2237754316221157,1.0152306797290584,1.7227665977411035,1.3987168811184478,1.9572739077056285,12.730647316475777,4.390921953752245,4.107589788972121,-787.1119794977329,9.463454291312559,5.286244785313768,6.474662003756499,8.184262675491288
2008-06-30,1.0986122886681098,9.611041928549795,5.386616663812181,5.511030711887428,5.37723944655287,9.228975651520356,6.256634840855597,7.6105207135116135,7.571556049768239,6.953684210870537,9.316374660598019,1.2892326482767593,1.4678743481123135,1.6074359097634274,1.8991179875485542,2.0881534822818573,4.904756125442696,7.914729144224737,8.011899339944112,7.060571697425817,4.490349347371939,4.508956598233662,4.485936098064394,11.832760060438417,1.8870696490323797,4.6138603171825245,4.346999018190655,7.24829067833772,2.4488019282479825,8.952799456436388,3.2168738221975275,2.122261538862764,1.3987168811184478,2.048982334195127,1.803358605071407,1.2556160374777743,1.2892326482767593,1.0612565021243408,1.7387102481382397,1.3787660946990992,2.0082140323914683,12.731723825614724,4.388614884417402,4.050044303325521,-795.1449950883119,9.446360661104071,5.305789381386738,6.4721917230499395,8.176138471236936
2008-07-31,1.1019400787607843,9.609116424819454,5.393700270980589,5.512876174170355,5.379736050209196,9.228779324792786,6.230599550840237,7.60489796686132,7.561753543811305,6.828712071641684,9.305714186119436,1.2584609896100056,1.4469189829363254,1.6074359097634274,1.8976198599275322,2.0992441689760155,4.901118002856905,7.904913854934211,8.016328459503752,7.065816588035899,4.492684345387676,4.513548196440778,4.487714596715289,11.831328285701943,1.916922612182061,4.6093554156833125,4.337251524377261,7.259678953495382,2.435191057542067,8.958643013243911,3.1755507001298273,2.1972245773362196,1.4398351280479207,2.075684492802124,1.8082887711792655,1.205970806988609,1.1505720275988207,0.9783261227936076,1.7173950539391927,1.423108334242607,2.017566137961748,12.727161422502446,4.383990954134552,4.130354999745133,-787.354,9.434747125114917,5.330300412401088,6.4768185049003035,8.175040853519825
2008-08-31,1.0986122886681098,9.603746372436765,5.3922174617410885,5.514267104321975,5.381706775456668,9.227856072522204,6.195766150690572,7.5952261448392315,7.532394820838577,6.739336627357174,9.299312325778446,1.2119409739751128,1.410986973710262,1.5748464676644813,1.8931119634883424,2.0980179272527715,4.7673740658629455,7.871147854712211,8.0173893105457,7.069843031468996,4.493895256816414,4.512747832396891,4.488928461900529,11.829267877915221,1.9600947840472698,4.593594444871081,4.3256176458272115,7.251274058871315,2.411055117899291,8.960878512344099,3.075005454448499,2.2364452904895007,1.4562867329399256,2.0706530356467567,1.7867469274045107,1.1474024528375417,1.0612565021243408,1.0116009116784799,1.7047480922384253,1.449269160281279,2.0014800002101243,12.719033987026581,4.367715973883865,4.1588830833596715,-752.9989819720838,9.427626803805994,5.298317366548036,6.468629969381338,8.178414296503103
2008-09-30,1.0331844833456545,9.596677840538467,5.39306829909367,5.5163398274339475,5.38317768166203,9.222011992836585,6.156414978138921,7.5809678973227586,7.489916338445536,6.710523109452428,9.302472780737443,1.0986122886681098,1.3812818192963463,1.5789787049493917,1.8946168546677629,2.1174596088673567,4.653007515402251,7.819438994899265,8.016148580867426,7.072532932267858,4.494276665316667,4.513570115209821,4.489938891868277,11.825982843753238,1.9600947840472698,4.549209172625033,4.292297476952575,7.281936097050535,2.3826982731261444,8.967784617140511,3.6985822295753215,2.481567748522486,1.6094379124341003,2.1849270495258133,2.0082140323914683,0.9555114450274363,0.97,0.7654678421395714,1.6620303625532709,1.5303947050936475,1.958685340544036,12.70181711826806,4.322583111960216,4.26689632742025,-698.6059631824251,9.429154565129164,5.28776185260852,6.505784060128229,8.186408748584636
2008-10-31,0.97,9.589407362279752,5.384472126746243,5.5174328159418105,5.383522112562264,9.213844226302859,6.114546850144875,7.559943997377209,7.439150294828572,6.656726524178391,9.303347902717832,0.9400072584914712,1.33500106673234,1.6114359150967734,1.9851308622085946,2.2905125117597764,4.3522115495946965,7.753528692275813,8.013947434406385,7.073931362930842,4.494361522756538,4.507016968579617,4.488535241023299,11.82257693322599,2.0149030205422647,4.5591105405570485,4.287077014859991,7.291519960110962,2.3559362684910403,8.982711777877299,4.109068957620483,2.843163674909384,1.8764069432883397,2.418588768750352,2.0731719286662407,0.87,-0.96,0.69,1.6428726885203377,1.803358605071407,2.0095554142156695,12.659791265899383,4.331337105351937,4.070734696582967,-628.474,9.429275078516337,5.2332453698043215,6.522386872573096,8.208410049056402
2008-11-30,0.39,9.583955868511051,5.366690712835543,5.519402801392775,5.384251913964754,9.198895124291441,6.076883392153041,7.533123903658683,7.391272392392384,6.481577129276431,9.300043955057962,1.0,1.0750024230289759,1.3686394258811698,1.9629077254238845,2.3233676321765744,4.068000586882499,7.68554723756035,8.01222142135825,7.074166504970358,4.494519561102958,4.4952771919289685,4.488096898400948,11.8170737226273,2.0541237336955462,4.546074956554679,4.263413410756566,7.322312263768519,2.338595197473017,8.98659664058994,4.0402403032289,3.038791763014438,1.9600947840472698,2.3988039507345884,1.937301774518713,0.33,-2.24,0.19,1.6094379124341003,1.8991179875485542,1.9416152247724325,12.615971244510902,4.317049350627275,4.030694535145645,-554.8913131562442,9.424491613388572,5.180659323079804,6.56751595579168,8.232599677785805
2008-12-31,0.16,9.579962134142486,5.358461873127594,5.519490978805787,5.38415096689764,9.190392734166487,6.040571879533797,7.502514751680143,7.349418341830332,6.329720905522696,9.289807529437082,0.76,0.9360933591703349,1.1786549963416462,1.80005827204275,2.2438960966453663,3.7381456954168546,7.61929105135332,8.011895229877634,7.074985820756056,4.494682179934403,4.489736887535719,4.487613374741037,11.811910912893365,2.1162555148025524,4.517721622537295,4.230968252096756,7.37041954084111,2.327326100916842,9.00832210227692,3.713572066704308,2.9507349076232554,1.9198594718553708,2.367436065313662,1.803358605071407,0.11,-0.26,0.03,1.3532545070416904,1.9473377010464987,1.8082887711792655,12.591423477784792,4.287393100892994,4.11251186617755,-481.8246449544468,9.412423705558744,5.146912912388804,6.6316064423440295,8.262610571266647
2009-01-31,0.15,9.577196451813718,5.360977562236331,5.5213129069091655,5.386080960551498,9.195043976350192,6.005054286874999,7.474432362896052,7.321696364291332,6.19644412779452,9.295829757991598,0.94,1.0473189942805592,1.3532545070416904,1.80005827204275,2.2126603854660587,3.755135249891002,7.567222090300315,8.014020542127998,7.078535489929532,4.494640779043016,4.489849117202628,4.487309647328428,11.8060949539747,2.174751721484161,4.4927984826277605,4.199689077751926,7.371426400154664,2.317966195032348,9.02046233677658,3.8251570724064843,2.848391685655282,1.8531680973566984,2.3174737054877963,1.8961194845522977,0.76080582903376,0.38,0.13,1.4182774069729414,1.890095369948917,1.8082887711792655,12.607107956558952,4.261103988093013,4.130354999745133,-420.992,9.40315666586278,5.14865659199363,6.617135562543013,8.269987453751268
2009-02-28,0.22,9.575432168208124,5.364596559337304,5.521808857324291,5.3881215068080826,9.192736326027822,5.973089047548007,7.455291718627994,7.312781417411306,6.368187186350492,9.287893830191248,1.0,1.095273387402595,1.3912819026309295,1.8357763546448294,2.206074192613202,3.6928714753834737,7.540307039350645,8.018457277295314,7.085204644604692,4.494312710180471,4.49162067630118,4.488096898400948,11.800470027968018,2.2300144001592104,4.486870767028797,4.199972542108181,7.3574286417546215,2.307817890689476,9.02379390279566,3.8575668196320874,2.911263116927541,1.827769906751088,2.340843805111136,1.9615022438151495,0.96,0.58,0.3,1.5238800240724537,1.8261608959453874,1.803358605071407,12.603613103042193,4.253916236159196,4.048300623720694,-383.0654297532987,9.393361683884411,5.1375615876686425,6.603672785162575,8.269910624248702
2009-03-31,0.18,9.57420950576252,5.3636134131906985,5.5228998820565005,5.3902263141689435,9.187501540072148,5.943538930534874,7.440400518435175,7.316759504089414,6.226536669287466,9.286866133206571,0.81,0.9820784724121582,1.3110318766193438,1.8718021769015913,2.2428350885882717,3.891412051524022,7.531640261301112,8.02464039256782,7.094343355477442,4.493780336516422,4.490533445549868,4.488804894856826,11.794300187847343,2.272125885509337,4.471283301612434,4.183002360893198,7.362899045320849,2.295632079951887,9.031739883412644,3.8097687713893897,2.8920370372152258,1.9080599249242156,2.344686269012681,1.7439688053917064,0.8241754429663494,0.73,0.22,1.534714366238164,1.8870696490323797,1.766441661243765,12.585539372236147,4.237210378245948,4.065602093356446,-360.84545554316037,9.389849644670303,5.130490255904535,6.612041034833092,8.278834474295547
2009-04-30,0.15,9.573749112928446,5.364615276552932,5.523774240067964,5.392290288985793,9.187429920393077,5.928751026310429,7.430093972284916,7.327841640365644,6.171700597410915,9.294589604421082,0.91,1.1052568313867783,1.425515074273172,1.8547342683894434,2.2396452932201716,3.9276994848131537,7.5392722385302156,8.029905692938325,7.10207786778411,4.49332200419471,4.491945495273463,4.491004350368526,11.789238150184426,2.302585092994046,4.463494864269606,4.177462536412565,7.3866567051634835,2.2851336993802898,9.03230163082037,3.624340932976365,2.670694414558441,1.8050046959780757,2.2793164660546914,1.749199854809259,0.9042181506398859,0.82,0.16,1.5602476682433286,1.8656293177945105,1.7544036826842861,12.590024664335708,4.228390197601151,4.191168746857641,-358.368,9.393528220098094,5.136386499401816,6.6316064423440295,8.278250488193054
2009-05-31,0.18,9.574078264703246,5.366078813476227,5.524029615930746,5.39319108748168,9.189382277384706,5.933138645368978,7.421707187381604,7.341159092678765,6.293419278846481,9.31013140682914,0.92,1.205970806988609,1.4973884086254776,1.8779371654691073,2.203869120054888,4.097007679641584,7.557891305330453,8.03312579595832,7.106888683781055,4.493122117949757,4.4929752577356,4.4917662978534265,11.786541573959736,2.341805806147327,4.453691267159982,4.168321216230162,7.3891314945228395,2.2775678128234116,9.039231714996294,3.3985271531062766,2.5416019934645457,1.665818245870208,2.178155014615869,1.6863989535702288,1.0296194171811581,0.8586616190375187,0.18,1.6544112780768316,1.7526720805200082,1.776645831418007,12.599809242759731,4.217831300795162,4.244200317766478,-373.3030116029968,9.407599801134344,5.146331009550155,6.633713092234391,8.28367096752364
2009-06-30,0.21,9.575483982729251,5.3743057125473745,5.523426983887206,5.39413650771864,9.195571852271005,5.949131327206213,7.415866996333333,7.356065304020951,6.373319789577012,9.297737507884605,0.7466879474879752,1.264126727145683,1.5107219394949425,1.888583653863595,2.1400661634962708,4.2581626474514955,7.582339486613654,8.034941180279866,7.110022671747809,4.493298868727626,4.498831414215966,4.493031192716793,11.78298313606827,2.3513752571634776,4.450556398943237,4.1671813696453075,7.410105084267084,2.2732605081792476,9.040974526342444,3.3087165288679903,2.446685436967803,1.534714366238164,2.105352923464337,1.601405740736836,1.0116009116784799,0.8501509293696101,0.18,1.7083778602890038,1.5644405465033644,1.8594181177018698,12.61874505188769,4.2142675288143945,4.273884476054178,-397.55350338645155,9.39631358667775,5.165357239291806,6.65066707161499,8.276572806050694
2009-07-31,0.16,9.57844152741727,5.374009083914975,5.522056740324785,5.394822286911,9.199006384311279,5.967133431669641,7.412786346688428,7.375083457399,6.38856140554563,9.29338472405053,0.7561219797213337,1.2612978709452054,1.5085119938441398,1.8578592709325787,2.0906287310704004,4.175770927584296,7.610715157161855,8.036915524529945,7.114161946801579,4.4939480802834035,4.498942627890914,4.493881019448024,11.780369115181005,2.3513752571634776,4.46228431923823,4.183874431811847,7.414994479212708,2.271197619752413,9.041377193425113,3.2928695047765273,2.3243465847755584,1.413423028508143,2.020222182019865,1.6074359097634274,1.0331844833456545,0.8415671856782186,0.18,1.6882490928583902,1.5107219394949425,1.8325814637483102,12.620837708026075,4.225929687095677,4.204692619390966,-423.998,9.392611927520095,5.156177599386914,6.653121060576557,8.277411998949004
2009-08-31,0.16,9.583016100827239,5.3773364735980795,5.523534765951975,5.395879554132789,9.210850241970382,5.978023557128274,7.412833931984025,7.398177054532051,6.375024819828097,9.294332194696928,0.97,1.220829921392359,1.4816045409242156,1.8341801851120072,2.0255131996542803,4.277499105319947,7.639096472155502,8.040006525433103,7.120947143086929,4.495082180133136,4.501807672992938,4.4953441592043175,11.778982901275336,2.3608540011180215,4.4732295274749205,4.196007249331467,7.4164987365438035,2.270799527877989,9.041471915061974,3.2962071678045244,2.3145136638593193,1.3812818192963463,1.9615022438151495,1.5432981099295553,0.9707789171582248,0.7514160886839212,0.17,1.6808279085207734,1.3837912309017721,1.814824742159051,12.641174222766644,4.237220491682587,4.200204952921578,-444.8611021510636,9.39367807898126,5.170483995038151,6.648336671803215,8.274050993595338
2009-09-30,0.15,9.587976590073392,5.379256595303348,5.523119541585116,5.397800645032987,9.203194903815312,5.979928638434371,7.414192921492499,7.421031408874991,6.373319789577012,9.298873091137734,0.95,1.1969481893889715,1.4609379041156565,1.81319474994812,1.9892432737616872,4.255045172913092,7.66431205519184,8.043386174407642,7.128881595514797,4.496374181518987,4.503403205840395,4.497083736123034,11.777149537383817,2.379546134130174,4.4816694604522125,4.207094210872112,7.418240844935023,2.271277709699632,9.041317987845563,3.281287084989598,2.189416394888408,1.3506671834767394,1.9125010869241836,1.5085119938441398,1.0116009116784799,0.8628899551470398,0.12,1.6467336971777973,1.3635373739972745,1.7984040119467235,12.614978494162504,4.246397328681492,4.310799125385514,-460.17002470044093,9.397823584475654,5.165357239291806,6.649373075575218,8.272034066044347
2009-10-31,0.12,9.592349118021298,5.382240228982983,5.524029615930746,5.400427104147686,9.208107881823468,5.972465197098199,7.414767440735937,7.4410317850254355,6.282266746896006,9.299586749490377,0.9,1.1969481893889715,1.4838746894587547,1.8164520818184267,1.986503546020567,4.341465022917759,7.6860534821450806,8.046163756211428,7.136616851210987,4.4975627033452135,4.507149335633651,4.500720366631587,11.775766538822978,2.3978952727983707,4.4839162587505035,4.208889769171262,7.424642494126723,2.2719196786831604,9.044108676331176,3.4560011737028296,2.151762203259462,1.3506671834767394,1.8931119634883424,1.5238800240724537,1.0986122886681098,0.959350221334602,0.07,1.6467336971777973,1.3609765531356006,1.7967470107390942,12.625292718870673,4.249741607869832,4.2710950739666,-473.254,9.39851145355903,5.171619713502079,6.654023645899904,8.272212945492853
2009-11-30,0.12,9.595039740080637,5.385567881608545,5.522304561894524,5.401171744464425,9.209009486741188,5.957261709765692,7.413310386246838,7.454360455467106,6.3784261836515865,9.304640951396419,0.67,1.1019400787607843,1.43746264769429,1.8229350866965048,1.9906103279732201,4.370459998302416,7.701891588594375,8.04749088562527,7.142443942609246,4.4983522401879545,4.509616976654483,4.501585869731521,11.775751161423143,2.388762789235098,4.4879484927495685,4.219978182719482,7.428927194802272,2.272167963015156,9.047715554519534,3.23907053215372,2.157559320943788,1.3837912309017721,1.8562979903656263,1.4539530095937052,1.1249295969854831,1.0116009116784799,0.05,1.6695918352538475,1.366091653802371,1.7544036826842861,12.633547094676594,4.255158706064893,4.225372824628505,-485.1494137368715,9.403486464853286,5.184028220145909,6.6537658474968255,8.272366245270868
2009-12-31,0.12,9.597171298340179,5.386085540427978,5.522336534398173,5.4021412021175665,9.215686058300935,5.942653244930602,7.412237983367899,7.464221136514951,6.366470447731438,9.30977838418224,0.76080582903376,1.3056264580524357,1.5789787049493917,1.8341801851120072,1.9974177062012453,4.321480134805848,7.714987922480506,8.04842467546065,7.147800354598329,4.499049572264901,4.510188952075134,4.502428460526177,11.773811714634846,2.388762789235098,4.491333851849221,4.219928204988961,7.4337847364904,2.272339921308112,9.048021422481074,3.121483478859551,2.0001277349601105,1.264126727145683,1.884034745337226,1.5539252025038417,1.2149127443642704,1.1410330045520618,0.05,1.7029282555214393,1.3297240096314962,1.814824742159051,12.639198315231106,4.260183806701555,4.297285406218791,-497.19909472762265,9.408305592758158,5.187944309066666,6.659037476548497,8.271292652979412
2010-01-31,0.11,9.600056107242676,5.386731093119025,5.517589433327865,5.401022860753607,9.216034131718105,5.941315334850919,7.41515283362768,7.47356725937879,6.421622267806518,9.312418506510332,0.82,1.205970806988609,1.5325568680981427,1.8341801851120072,1.9810014688665833,4.372228792193771,7.727565506489256,8.05032671615307,7.154114450230854,4.500009650332931,4.512352896349456,4.503890222430722,11.773719266136299,2.379546134130174,4.5019152298609635,4.231125253486831,7.426608594435357,2.272950287864355,9.04233583577702,3.2433732964685884,2.020222182019865,1.2725655957915476,1.8164520818184267,1.4951487660319727,1.2029723039923526,1.0681530811834012,0.06,1.7227665977411035,1.2584609896100056,1.7884205679625405,12.638601536520987,4.272607895555201,4.32280727501391,-509.192,9.414806582621663,5.20893955539682,6.647688373563329,8.266164436612492
2010-02-28,0.13,9.604150477421436,5.385783223579298,5.517440848199357,5.401464935444362,9.219736093616545,5.957372640101588,7.423237936139546,7.483718999101871,6.405228458030842,9.312896960301275,0.81,1.1939224684724346,1.528227857008557,1.8484548129046001,1.9933388426264242,4.349245145149502,7.740186113776695,8.053635605158297,7.161439289623043,4.501326501275614,4.512330950883936,4.5047529875356185,11.773002500337729,2.379546134130174,4.505400678143426,4.231880841239248,7.4358509139130815,2.2741480310477957,9.04815079999897,3.0204248861443626,2.0425181875752383,1.2864740258376797,1.8180767775454285,1.4724720573609429,1.1410330045520618,1.0402767116551463,0.11,1.7263316639055997,1.2947271675944,1.80005827204275,12.639340970433723,4.278083170080335,4.312140507209715,-520.0562738866682,9.41479843176562,5.204006687076795,6.663515764373193,8.272928143479916
2010-03-31,0.16,9.609578387820605,5.38611301924639,5.517107455280667,5.40169942635215,9.2259184019395,5.979175758366695,7.435836538434102,7.495929742488336,6.456769655572163,9.31822569761712,0.7030975114131134,1.2669476034873244,1.5769147207285403,1.8357763546448294,1.9837562915454279,4.409641801706855,7.754701204344515,8.057781043152424,7.169499381873774,4.503040418278254,4.513723533142486,4.506222398102455,11.774258428599005,2.388762789235098,4.51234850729488,4.245785860702574,7.44512545797024,2.2756313375674933,9.048409504829962,2.922623801733353,1.922787731634459,1.244154593958768,1.81319474994812,1.5040773967762742,1.1755733298042381,1.0402767116551463,0.15,1.7298840655099674,1.264126727145683,1.7900914121273581,12.662687037656893,4.2871278702266515,4.312140507209715,-531.8141138739907,9.419944679988408,5.216564864675778,6.670259221443527,8.272264048030106
2010-04-30,0.2,9.614550893419512,5.386341980040145,5.517288224272448,5.401875258455487,9.228504402603852,5.984794854073047,7.44818591751409,7.506998840067821,6.5337888379333435,9.327385357562829,0.97,1.2325602611778486,1.5454325824581878,1.8389610707123492,1.9810014688665833,4.448282430450947,7.7677951850337115,8.060466788408533,7.1747618282749706,4.5045871289683665,4.514260310628249,4.5067301131748385,11.776181639260182,2.388762789235098,4.5159093718196885,4.255414108538011,7.4353790210240085,2.276446435384351,9.051426700424695,3.1376657694426577,1.888583653863595,1.2178757094949273,1.7783364488959144,1.4539530095937052,1.2237754316221157,1.1019400787607843,0.16,1.7387102481382397,1.2237754316221157,1.801709800081223,12.67199608711983,4.292887996668077,4.293195420967266,-542.514,9.428897421352232,5.2225156531317545,6.662493922414308,8.27563105457801
2010-05-31,0.2,9.618524449696206,5.385824453986271,5.517966820607969,5.402506196049651,9.231299193367397,5.961247183456728,7.458421980888577,7.51663811656822,6.369900982828227,9.335156395867807,0.76,1.1314021114911006,1.4609379041156565,1.7850704810772584,1.9530276168241774,4.315352501405889,7.779180562868713,8.060587405533635,7.175911546438902,4.505808133546453,4.514577859590944,4.5078219307181895,11.780246654330055,2.3608540011180215,4.52938357493889,4.269672274557895,7.446118245741216,2.275903101920623,9.058144447036772,3.4986265269937014,2.0769384114617173,1.358409157630355,1.8180767775454285,1.43746264769429,1.095273387402595,0.9895411936137477,0.16,1.665818245870208,1.2892326482767593,1.7544036826842861,12.661628658778907,4.308521365473625,4.312140507209715,-551.9391310327912,9.437053544604657,5.224670826379739,6.669498089857879,8.28253358414078
2010-06-30,0.18,9.621742289322217,5.385407490437048,5.518636934171145,5.40355087414068,9.23330466260994,5.923634874864142,7.466645528560127,7.5259823902394665,6.285998094508865,9.335059298633679,0.61,1.0260415958332743,1.3787660946990992,1.7715567619105355,1.9782390361706734,4.335328031664641,7.788370692018758,8.059245777897141,7.17479393480818,4.506856117837154,4.514161740443459,4.508295783424986,11.779143831297946,2.341805806147327,4.5315591672556375,4.271278018125152,7.457897765125078,2.273633061256685,9.060865410587175,3.570658822726505,2.0955609235597192,1.4060969884160703,1.7884205679625405,1.3635373739972745,1.0367368849500223,0.9321640810304452,0.12,1.6351056591826783,1.3937663759585914,1.7387102481382397,12.659600669299683,4.312799807249945,4.343805421853684,-556.7493029955772,9.437611393553631,5.217649463480582,6.6823591926146335,8.28516024625611
2010-07-31,0.18,9.625267705034528,5.38726644830794,5.519178314704694,5.404311181629444,9.236894665197429,5.892290411833345,7.474978627337356,7.53809736847946,6.304448802421981,9.336699857850068,0.55,0.9555114450274363,1.3711807233098425,1.7439688053917064,1.9473377010464987,4.348599108561364,7.796549420792792,8.058106079580424,7.174221120470703,4.508163568045941,4.515004749268339,4.508317817622061,11.778522958453452,2.341805806147327,4.535336604060274,4.278131711177665,7.452286435213299,2.269131716734826,9.060946692991319,3.1986731175506815,2.0268315914075385,1.3635373739972745,1.7351891177396608,1.3029127521808397,1.0296194171811581,0.8878912573524571,0.16,1.6074359097634274,1.3862943611198906,1.7119945007591924,12.662500159955135,4.31850626171417,4.231203744939298,-553.943,9.440634298319225,5.220896219579452,6.676201460307957,8.28445374642858
2010-08-31,0.19,9.629504007653278,5.388720069817855,5.519178314704694,5.4049675502264405,9.240685272928149,5.8875000762506025,7.484048714577906,7.554132245878765,6.396929655216146,9.341026470588075,0.47,0.8458682675776092,1.244154593958768,1.7029282555214393,1.8961194845522977,4.354398467556408,7.804117023610136,8.058481341356005,7.17625778848304,4.509945200394352,4.516360829966092,4.509264829101021,11.77854596061949,2.3513752571634776,4.53896200507742,4.281150493606061,7.465598067511184,2.2622597461392164,9.067231835998232,3.2976870052924907,2.0693912058263346,1.3887912413184778,1.691939133945844,1.2237754316221157,0.9242589015233319,0.7839015438284094,0.16,1.5686159179138452,1.3762440252663892,1.6789639750827108,12.666685443623589,4.323854471869926,4.247065649239764,-542.0582843684139,9.445720747036122,5.225208894727398,6.688852721925182,8.288810942053825
2010-09-30,0.19,9.63347537536102,5.390326649837445,5.519731423148087,5.405874966846811,9.242623614896335,5.899885111586226,7.491978691745019,7.571185564007945,6.38856140554563,9.341894811716484,0.42,0.8197798314933114,1.2612978709452054,1.7101878155342434,1.8961194845522977,4.334803991301542,7.81217116385512,8.05952585394221,7.1791867388102,4.511902135725791,4.517343931621511,4.5098260056057535,11.777909372098769,2.3513752571634776,4.541732924907673,4.283491384917655,7.476189215368441,2.2539124866262497,9.070825399101546,3.2068032436339315,1.9823798288367047,1.3987168811184478,1.673351238177753,1.2149127443642704,1.0224509277025458,0.832909122935104,0.15,1.5623463049002497,1.3887912413184778,1.6714733033535532,12.676123148677311,4.328099611908669,4.237000862623624,-529.0483517648564,9.447339490060832,5.225208894727398,6.69728113076859,8.2907441830933
2010-10-31,0.19,9.636292448329234,5.393786624607836,5.520228158326351,5.406409148898877,9.248348812161888,5.914283781834273,7.497124025066907,7.587369298009487,6.298949246855942,9.34529075735412,0.34,0.7747271675523681,1.2892326482767593,1.7369512327330598,1.9050881545350582,4.417635062141249,7.8227259399459514,8.060008487540685,7.180738348463145,4.513822146528786,4.520494261523098,4.511331922383428,11.780055279222779,2.341805806147327,4.5390656392723105,4.285752490405067,7.486557257757222,2.2443201848620697,9.076340298109193,3.100092288878234,1.9358598132018119,1.423108334242607,1.6601310267496185,1.1878434223960523,1.1410330045520618,0.9082585601768908,0.13,1.5830939370944985,1.430311246536665,1.6544112780768316,12.68847101661088,4.326673795684513,4.229749199228304,-523.586,9.451292406739983,5.234312036572124,6.70171463556759,8.292924006814518
2010-11-30,0.19,9.637145919980647,5.39630577487624,5.521432917470239,5.407839709774626,9.252882486241852,5.918466240642164,7.498009025659872,7.599709422519254,6.302618975744905,9.348283269587792,0.45,0.9042181506398859,1.3376291891386096,1.7698546338400052,1.9344157696295783,4.444296960400006,7.835951678167537,8.059083402910657,7.1792752920706375,4.515363478996969,4.522462263115093,4.512616204377483,11.781080622113786,2.379546134130174,4.539763021022018,4.288395669199678,7.506152122996272,2.234928514515533,9.078955245901513,3.2003044392827653,1.9768549529047348,1.3937663759585914,1.6974487897568136,1.2412685890696329,1.1216775615991057,0.9321640810304452,0.14,1.6467336971777973,1.425515074273172,1.6863989535702288,12.698760774896407,4.328350239798798,4.28496492183075,-532.326217693036,9.454579831585125,5.240158452374504,6.725753670999103,8.292748794368979
2010-12-31,0.18,9.637441585885002,5.400296170659453,5.522596273102498,5.408708706362284,9.256460307589736,5.91579789308027,7.497383859692763,7.61045342879126,6.29156913955832,9.356516482133785,0.61,1.1019400787607843,1.4586150226995167,1.7950872593207297,1.9600947840472698,4.500254016038531,7.851457561772264,8.057677427916504,7.176568631234245,4.516864680030696,4.524697385838044,4.51282460740776,11.78170755262149,2.33214389523559,4.549568677189326,4.294755678541955,7.514745263090908,2.226220752069426,9.082779690555704,2.9311937524164198,1.8578592709325787,1.3029127521808397,1.7439688053917064,1.3609765531356006,1.1939224684724346,1.0402767116551463,0.14,1.6900958154515549,1.3376291891386096,1.7681496035889213,12.705850466440845,4.338856834129391,4.324132656254979,-550.2824457416702,9.462972820175994,5.250701512606374,6.726353299247566,8.292373235721083
2011-01-31,0.17,9.639030219127308,5.40351936964341,5.5239418378337195,5.410766200613718,9.260586618400279,5.912873077545493,7.498935069605524,7.621394554982819,6.447305862541213,9.364202438730123,0.58,1.0818051703517284,1.4861396960896067,1.7984040119467235,1.958685340544036,4.504465481866459,7.867061054884611,8.057303998369532,7.175469820541887,4.518631424570852,4.527662595521084,4.514939085793623,11.78173048165232,2.312535423847214,4.547423481492064,4.2964033846990874,7.525154682103808,2.219746814685041,9.086499021735836,3.0218872310308424,1.8050046959780757,1.3029127521808397,1.7351891177396608,1.355835153635182,1.205970806988609,1.085189268335969,0.15,1.7083778602890038,1.308332819650179,1.7578579175523736,12.71331786729979,4.337184852873617,4.320151230955794,-568.476,9.478969585984856,5.2663105704129505,6.7282696970073905,8.29154650988391
2011-02-28,0.16,9.642671035856626,5.406714267718101,5.5251501044373645,5.412596492899964,9.263084613231042,5.914614635658075,7.504734265707332,7.632763747501413,6.249975242259483,9.369836738128193,0.69,1.1410330045520618,1.4861396960896067,1.827769906751088,1.9671123567059163,4.506233438128068,7.8799228827145384,8.058662297580359,7.1774167499947135,4.5206708224675065,4.5304143116834,4.516666787396688,11.783372361400305,2.302585092994046,4.5433426534645855,4.298939819235478,7.535616992843453,2.216158293413928,9.092130995449445,2.962692419475791,1.7544036826842861,1.2725655957915476,1.7316555451583497,1.3812818192963463,1.220829921392359,1.1474024528375417,0.13,1.7316555451583497,1.2725655957915476,1.7833912195575383,12.720798652900964,4.333305030654149,4.363098624788363,-578.9192377050922,9.484678812836345,5.282187984618153,6.737915499690239,8.295523553358027
2011-03-31,0.14,9.647915471533985,5.411851387915005,5.526082223162762,5.413670786410199,9.270560205994737,5.92051134348693,7.515760078500517,7.645982768698816,6.398594934535208,9.371208439550966,0.8,1.1755733298042381,1.4973884086254776,1.81319474994812,1.9501867058225735,4.643813809580296,7.891865200697406,8.060691436477809,7.180397665717583,4.5232343023648856,4.53438284826638,4.518162445355486,11.78508010842844,2.302585092994046,4.553544204687439,4.305871568652533,7.545336894092373,2.2114928558000697,9.096824469145073,2.930660276810276,1.7526720805200082,1.275362800412609,1.7351891177396608,1.3762440252663892,1.247032293786383,1.1662709371419244,0.1,1.706564623164823,1.2864740258376797,1.7681496035889213,12.730484556299576,4.343405341832344,4.22683374526818,-583.2052683994671,9.486395108186985,5.29931686688112,6.7467645928900115,8.296721068657186
2011-04-30,0.1,9.652364898722466,5.416513650139063,5.5270930277138755,5.414886332186241,9.273606208594268,5.927715047944022,7.529948201507794,7.657817621576487,6.318968113746434,9.373750903878378,0.61,1.0885619528146082,1.463255402256019,1.8180767775454285,1.9487632180377197,4.7098904967584945,7.900349057783926,8.061253716665538,7.180621892514379,4.525726465552543,4.538570876216849,4.520428957533,11.787560291072575,2.312535423847214,4.550260888048532,4.301048385351028,7.548397905559933,2.2021015544157234,9.102821974208979,2.7568403652716422,1.7509374747078,1.275362800412609,1.6974487897568136,1.324418957401803,1.2725655957915476,1.2383742310432684,0.06,1.7047480922384253,1.269760544863939,1.7544036826842861,12.73585347881177,4.339794792618812,4.259859000699674,-581.092,9.4890170170129,5.318610069815799,6.742290839254605,8.298887916742277
2011-05-31,0.09,9.65495854047016,5.419676223550304,5.528078970163822,5.4168778776698066,9.275491205612187,5.934581443934262,7.546860999341161,7.667606605060748,6.331501849893691,9.3755327246914,0.45,0.9858167945227653,1.3987168811184478,1.7850704810772584,1.9139771019523042,4.628202885098664,7.905536058553459,8.058990604387862,7.175675995804847,4.528021268605796,4.541569891245122,4.522777218616657,11.78831985208285,2.302585092994046,4.551477172471138,4.301277427488328,7.56868913717743,2.1844741790719646,9.109558248356965,2.800325477211381,1.8066480817218056,1.2947271675944,1.665818245870208,1.269760544863939,1.1786549963416462,1.0986122886681098,0.04,1.665818245870208,1.2837077723447896,1.7227665977411035,12.733681637330509,4.3404087506008775,4.321480134805848,-574.29819943879,9.491005382332567,5.323497665078335,6.762382625966384,8.303504798872783
2011-06-30,0.09,9.656379264278028,5.419676223550304,5.530135187370583,5.4191933917546455,9.27760642002805,5.940402236915745,7.563284848965216,7.674003112758049,6.411818267709897,9.379382479212302,0.45,1.0152306797290584,1.430311246536665,1.7900914121273581,1.9095425048844386,4.577696208987336,7.908237363491448,8.055162761221057,7.168373189275756,4.529764855186797,4.541367394135343,4.52386251191514,11.790079814910355,2.312535423847214,4.554395704362343,4.302631633859629,7.577173132842845,2.163547663829473,9.117380428202255,2.8633430855082453,1.8594181177018698,1.3137236682850553,1.6992786164338898,1.2919836816486494,1.2325602611778486,1.1085626195212777,0.04,1.6544112780768316,1.3217558399823195,1.706564623164823,12.741524538222428,4.342462962716953,4.283586561860629,-567.915797973084,9.495271163122158,5.322522055244854,6.773537936862329,8.311791321578184
2011-07-31,0.07,9.658141847363133,5.422281261279501,5.532733146900125,5.4214991361128675,9.281041117548902,5.945726844434111,7.578020656446133,7.676841219067117,6.436150368369428,9.384890139837005,0.36,0.8544153281560676,1.3402504226184837,1.780024213009634,1.9110228900548727,4.586904377181199,7.910188110133505,8.05131607638749,7.162126918116798,4.530877581406236,4.543050071479697,4.525325791982433,11.790504169859322,2.302585092994046,4.559082267461986,4.3081782442105325,7.594683159728166,2.143940999554448,9.135056323900825,3.2676659890376327,1.884034745337226,1.3270750014599193,1.6428726885203377,1.235471471385307,1.235471471385307,1.1216775615991057,0.04,1.6620303625532709,1.324418957401803,1.713797927758343,12.740581592237245,4.346045767546974,4.169761201506855,-567.111,9.50127714214846,5.32593253358101,6.787393922310954,8.327121681162222
2011-08-31,0.1,9.661306089376346,5.4254168688417685,5.534689039202813,5.42434190310191,9.282781956476896,5.951003426911513,7.589010249932765,7.675877159774703,6.373319789577012,9.386777985611163,0.2,0.96,1.172482137234565,1.6808279085207734,1.8500283773520307,4.469694046425642,7.9126249232281145,8.049076289651707,7.16024008928279,4.531242686488976,4.545377717835734,4.527295127265125,11.791496154553547,2.302585092994046,4.565362260459365,4.312157933331338,7.652593174947437,2.1313695266018087,9.160792921137569,3.484925597192868,2.1162555148025524,1.4469189829363254,1.6714733033535532,1.1817271953786161,1.1151415906193203,1.000631880307906,0.02,1.536867219599265,1.4011829736136414,1.6524974018945473,12.742489989763005,4.35101314989455,4.039536325727106,-575.838267580666,9.503106996158733,5.319099905730565,6.842256296749442,8.344243580421276
2011-09-30,0.08,9.665506890032688,5.427576521145974,5.536026325421549,5.425469706208367,9.285837378974179,5.958513261593921,7.59743039025222,7.67381335284104,6.478509642208569,9.386777985611163,0.25,0.96,1.0715836162801904,1.6272778305624314,1.8357763546448294,4.461415282342953,7.915884594513355,8.048524697277305,7.161653083345494,4.531407545095192,4.546767468912097,4.52796511507912,11.793182540227962,2.302585092994046,4.564602325839628,4.314153225640669,7.659360029113651,2.1248043556871647,9.164170771129331,3.7832801295354206,2.2417729535972883,1.4586150226995167,1.7227665977411035,1.169381359556317,1.0116009116784799,0.9162907318741551,0.01,1.430311246536665,1.4562867329399256,1.6114359150967734,12.752907099100863,4.348798132311757,4.102643365036796,-589.2007835848066,9.503196535701694,5.321545492667243,6.842256296749442,8.344267356262645
2011-10-31,0.07,9.670499389155323,5.428248536140067,5.538058414209478,5.4271766116696005,9.287662459038497,5.971675019725998,7.605878060683328,7.67374531033858,6.415096959171596,9.387599134427674,0.25,0.99,1.1537315878891892,1.6054298910365616,1.851599469584072,4.470609692592396,7.920414176250983,8.049352022367177,7.164489106864291,4.532072472581878,4.54678867152426,4.528440318129362,11.794775564479083,2.2823823856765264,4.57150067635409,4.3187340037593325,7.670754961440916,2.1209433051048485,9.167745974343763,3.4326960487215263,2.0881534822818573,1.3912819026309295,1.682688374173693,1.1662709371419244,1.128171090909654,1.0577902941478545,0.02,1.4182774069729414,1.4398351280479207,1.62924053973028,12.759072309390733,4.354088730566901,4.123903364463645,-601.788,9.503562072317239,5.308762624409575,6.845560675389019,8.34711636103872
2011-11-30,0.08,9.675486837881284,5.430086582450763,5.539768310204532,5.428902548352586,9.288023374657568,5.990786539639449,7.615292731203118,7.677872248359331,6.568077911411976,9.388938338136539,0.25,0.96,1.1249295969854831,1.5830939370944985,1.814824742159051,4.587108043169683,7.925853070341904,8.051105723623902,7.166901219064427,4.53364672240802,4.548811452318707,4.5305328429731055,11.795861291796776,2.2617630984737906,4.57138380009437,4.315876148351581,7.681790963275421,2.1177057963575137,9.171994476058694,3.3603753871419,2.1736147116970854,1.4445632692438664,1.7351891177396608,1.1908875647772805,1.1151415906193203,1.0152306797290584,0.01,1.3912819026309295,1.4182774069729414,1.6054298910365616,12.763064995258881,4.352277226768232,4.169761201506855,-607.905197703215,9.504553570119137,5.310245937413311,6.8684945650288345,8.35054811400729
2011-12-31,0.07,9.680401679096303,5.430323221130898,5.54185160750998,5.431120368960806,9.289040640519849,6.012056865346032,7.626110646120804,7.684884906969706,6.543911845564792,9.398519738254297,0.25,0.83,1.0612565021243408,1.5953389880545987,1.8325814637483102,4.600860914399993,7.931290508863405,8.052915436366254,7.168253209823528,4.535822133356349,4.549382596844371,4.532169293103601,11.797374817809994,2.2512917986064953,4.576574190099722,4.321477478759824,7.677215142391246,2.1145721628035687,9.174671742696722,3.1945831322991562,2.1077860146889784,1.451613827240533,1.713797927758343,1.1216775615991057,1.085189268335969,0.9516578757114464,0.01,1.3812818192963463,1.451613827240533,1.599387576580599,12.764679353086624,4.355687792791329,4.2612704335380815,-607.7955114957364,9.514134446206814,5.302309387817574,6.860768487757801,8.35523880841445
2012-01-31,0.08,9.684697324245988,5.433031809092953,5.543269375272755,5.433184741350815,9.296316212983452,6.028536318323216,7.637410843808605,7.692104667718524,6.584791392385716,9.407271356154137,0.22,0.71,1.0402767116551463,1.5789787049493917,1.8293763327993617,4.617493935676923,7.934962145444592,8.053576800265995,7.167879343767317,4.5379079589289235,4.552760479170346,4.5351231876760565,11.799937312871705,2.2300144001592104,4.582510380843921,4.328777481472436,7.697439159590112,2.1119087318173375,9.18396559534087,3.017493765335504,2.0294631718735947,1.4445632692438664,1.6486586255873816,1.0885619528146082,1.1346227261911428,1.0577902941478545,0.03,1.3937663759585914,1.449269160281279,1.6054298910365616,12.772990281398513,4.359789972516805,4.330733340286331,-602.271,9.520219262185012,5.3067814449601665,6.874612060388883,8.360071435644025
2012-02-29,0.1,9.687926285293209,5.435157653737877,5.544986019909048,5.43387046414914,9.30457724872407,6.035869357278023,7.647714470561383,7.6972226611244094,6.558197802812269,9.414276638742546,0.3,0.87,1.091923300517313,1.5789787049493917,1.814824742159051,4.637153231841142,7.935731175200258,8.052498306202702,7.165802517466935,4.539356214856299,4.554971029655239,4.536505831961941,11.802021537252891,2.2300144001592104,4.585642760820332,4.331761758651255,7.7008382881546815,2.109833542912018,9.188350354084568,2.9668182633893485,1.9430489167742813,1.410986973710262,1.6174060820832772,1.085189268335969,1.1817271953786161,1.095273387402595,0.09,1.413423028508143,1.4279160358107101,1.599387576580599,12.78647377102115,4.36109023990619,4.334672938290411,-593.17795146089,9.52749143681148,5.311233591814583,6.8748187787358725,8.363295812838842
2012-03-31,0.13,9.69076891333496,5.43723982622139,5.547027294950676,5.435807164339233,9.3051868079043,6.038483273420964,7.6569531428109485,7.701045082276225,6.54534966033442,9.41901170409292,0.33,0.712949807856125,1.172482137234565,1.6074359097634274,1.8293763327993617,4.674602960703428,7.934097336572125,8.050532778213624,7.163180540316883,4.540629747286257,4.556861905693973,4.538186010006559,11.803697757768987,2.2192034840549946,4.580476798397419,4.325403371732791,7.7076919537236,2.1069333821382266,9.192492033812403,2.803360380906535,1.944480556245719,1.4036429994545037,1.6331544390514163,1.0885619528146082,1.199964782928397,1.1052568313867783,0.08,1.4539530095937052,1.4011829736136414,1.6074359097634274,12.790040918532748,4.354115723913043,4.3463994570307305,-580.1809210130222,9.532387638604847,5.323985113296614,6.882129731343165,8.365788737257004
2012-04-30,0.14,9.693267321724893,5.438892022060649,5.5492939599914015,5.43766618011898,9.307421709626746,6.04093781124483,7.662548206891165,7.703723453342179,6.625392368007956,9.424152520861504,0.27,0.82,1.0818051703517284,1.601405740736836,1.8229350866965048,4.647558952479878,7.930863185071718,8.049247602951011,7.162081168259177,4.542028022822129,4.55816243238075,4.539681880614904,11.804318144596323,2.2192034840549946,4.587525428814622,4.328975216745098,7.718196486764439,2.1020588315452446,9.198369000194964,2.8986705607108596,1.951608170169951,1.4350845252893227,1.6094379124341003,1.0647107369924282,1.1786549963416462,1.1184149159642893,0.08,1.430311246536665,1.420695787837223,1.5851452198650557,12.784392418259369,4.359342534920492,4.3489867805956814,-565.241,9.537418622955526,5.321545492667243,6.884691339383585,8.369597646337365
2012-05-31,0.16,9.695844142572872,5.436830703653009,5.550829410733976,5.439052748021061,9.306359391403422,6.047717826970561,7.663960301861682,7.705959576991013,6.5638555265321274,9.422714136775125,0.27,0.67,0.9516578757114464,1.5686159179138452,1.803358605071407,4.5612182984589085,7.92666428732726,8.049604607803404,7.163585740091753,4.543961204628536,4.557050796798813,4.540684996761682,11.805117352899838,2.2192034840549946,4.589645296112813,4.324626573992628,7.7221461668274465,2.0938461299070186,9.201743524750665,3.221272949467922,2.0744289998562917,1.4816045409242156,1.6193882432872684,1.0543120297715298,1.128171090909654,1.000631880307906,0.09,1.3686394258811698,1.451613827240533,1.55814461804655,12.782315154558995,4.359691553421376,4.385769620952716,-548.6229968147105,9.53613437002653,5.312713246831769,6.895176496775277,8.376090350438238
2012-06-30,0.16,9.69818184203767,5.436007599196397,5.552234515921059,5.440784342670468,9.304813838196942,6.058886125122085,7.663036924247128,7.707731480662652,6.630683385642372,9.421055003271356,0.33,0.72,0.9820784724121582,1.534714366238164,1.7950872593207297,4.42376820625352,7.9227683345326225,8.05088427741172,7.165761637107143,4.546081461486554,4.556547007875712,4.541697763032518,11.80566224085674,2.2192034840549946,4.589820987440867,4.326418782797052,7.729427591730368,2.0835677668572243,9.207736986106068,2.89480635496403,2.0068708488450007,1.4793292270870801,1.6154199841116479,1.0473189942805592,1.1410330045520618,1.000631880307906,0.09,1.308332819650179,1.4816045409242156,1.5390154481375546,12.771539851905173,4.358151375459213,4.3067641501733345,-533.9116812594788,9.53518093651046,5.302309387817574,6.904449821973411,8.38402744622026
2012-07-31,0.16,9.70017977747847,5.436295109489939,5.553552432408627,5.442287831958068,9.307267425753189,6.0747481512447195,7.662444307636678,7.709188990239635,6.608000625296087,9.413942221950075,0.23,0.6,0.9202827531436926,1.4816045409242156,1.7698546338400052,4.487849543411548,7.920016699749182,8.052013747055993,7.166103026495459,4.548165877920297,4.5569038845786,4.542720149114886,11.80674367277786,2.2192034840549946,4.5917951374782575,4.323186513438755,7.746948960471325,2.0717873227429764,9.215586586496135,2.9922261342247034,1.9685099809725544,1.451613827240533,1.5454325824581878,0.959350221334602,1.1631508098056809,1.0402767116551463,0.1,1.2781522025001875,1.4678743481123135,1.501852701754163,12.77617327490787,4.358473934636258,4.294560608892605,-523.083,9.529077699241165,5.303802296778606,6.921362282388354,8.38897338161233
2012-08-31,0.13,9.701696174685873,5.442062669147084,5.555464197696777,5.44342586017677,9.310818990542401,6.094220482717206,7.664345998483268,7.710374193179901,6.626717749249025,9.41435003234021,0.22,0.59,0.9439058989071284,1.4996230464268938,1.776645831418007,4.555559685434757,7.919322906687265,8.052046767121091,7.162500127510708,4.5498656291238095,4.560225119944922,4.5433479723447485,11.80805473805706,2.2082744135228043,4.587753390330821,4.320989974856447,7.757136681572718,2.0602156164749426,9.222515947906317,2.9161477942111484,1.9430489167742813,1.43746264769429,1.5303947050936475,0.9516578757114464,1.1786549963416462,1.0818051703517284,0.1,1.3270750014599193,1.4422019930581866,1.5238800240724537,12.789683939021812,4.352846248324012,4.321480134805848,-518.5309844103471,9.530211280242822,5.31664832323276,6.932350325837517,8.390064117285263
2012-09-30,0.14,9.70340647640052,5.446802024748668,5.5577272711890915,5.445266462823899,9.31526779386244,6.114667346479409,7.668150045489678,7.711646542539516,6.742880635791903,9.424427033200137,0.23,0.62,0.9745596399981308,1.501852701754163,1.7647307968401356,4.561427263040173,7.919962903120138,8.051197654694395,7.155904663293383,4.551222701240171,4.563232986524566,4.544559939068337,11.8094161276284,2.174751721484161,4.587227168545208,4.318066612839983,7.782014952379364,2.050843397090773,9.229868451783728,2.8172035149987327,1.9080599249242156,1.4036429994545037,1.4996230464268938,0.9439058989071284,1.2296405510745139,1.1346227261911428,0.11,1.355835153635182,1.415853163361435,1.4816045409242156,12.797389184202139,4.3507745872014,4.373238128640803,-517.4501787828635,9.540729860423568,5.324959297494458,6.941286762190929,8.393125448292714
2012-10-31,0.16,9.70634179827373,5.449483597334335,5.559973688175427,5.446840814591768,9.318153876595076,6.135404705092475,7.673047291711135,7.7135603842251825,6.82001636467413,9.43417168672689,0.3,0.72,1.000631880307906,1.4973884086254776,1.7191887763932197,4.506123032386857,7.920945109478447,8.049844594450917,7.147220110612557,4.552496992609272,4.566159050871799,4.546958276239677,11.810604896872286,2.174751721484161,4.590372234384518,4.315229564934492,7.789744379159271,2.044850096910217,9.236641446395554,2.975529566236472,1.891604804197771,1.3164082336557241,1.463255402256019,0.9360933591703349,1.252762968495368,1.1378330018213911,0.1,1.3609765531356006,1.3428648031925547,1.4838746894587547,12.798531711081052,4.352409855751722,4.426043520090656,-515.874,9.550391909536021,5.320567975482857,6.95253742175403,8.396944618820061
2012-11-30,0.16,9.710799386053372,5.447810071979619,5.561512055348547,5.4481587747871965,9.321828078005982,6.153701530552323,7.677800937007204,7.71624013224535,6.726233402358747,9.44662914504008,0.25,0.61,0.9631743177730056,1.5040773967762742,1.706564623164823,4.473465694990663,7.921430409573034,8.048481151044347,7.13830657548988,4.553727120787888,4.5654829640365,4.5480176544837825,11.811784838012134,2.163323025660538,4.594194169299002,4.32046368213784,7.790985484729801,2.0435960638814956,9.242555836338541,2.825536896557877,1.8946168546677629,1.3737155789130306,1.4678743481123135,0.9282193027394289,1.2267122912954254,1.1019400787607843,0.09,1.33500106673234,1.3506671834767394,1.463255402256019,12.801576677028075,4.35477105298235,4.4272389774954295,-511.2045692286191,9.56322714986549,5.312220271717028,6.962906123446985,8.405434473065917
2012-12-31,0.16,9.715952120086994,5.447689504450892,5.563155491574525,5.449857499002554,9.322078507314675,6.171175075906173,7.682137255301199,7.719273349083589,6.884486652042782,9.47071804910046,0.25,0.72,1.0224509277025458,1.536867219599265,1.728109442151599,4.491441420659749,7.921554139132002,8.047395992710083,7.129911441377657,4.554947261789981,4.565326879063524,4.548747971674992,11.813585458712266,2.186051276738094,4.597021071969469,4.326993460910565,7.8090947964030795,2.0446878822340144,9.254194564733387,2.9454910571172443,1.8468787684491346,1.3480731482996928,1.4655675420143985,1.0986122886681098,1.2383742310432684,1.128171090909654,0.07,1.355835153635182,1.3635373739972745,1.4701758451005926,12.805260733156736,4.3562048535626205,4.302712827954156,-504.72757069472925,9.587570601069563,5.310739886546594,6.970917853939778,8.417306555593653
2013-01-31,0.14,9.720116785513573,5.449659821285345,5.565064320677684,5.452020803519975,9.328425584194852,6.188013578351857,7.685389737004349,7.721760318635537,6.790097235513905,9.412415535256974,0.27,0.88,1.1052568313867783,1.5686159179138452,1.7457155307266483,4.561113799791172,7.921636135065544,8.047014826905185,7.12373644151855,4.556021957721361,4.567208679700973,4.550745678676536,11.814983703366517,2.1972245773362196,4.596871849839954,4.323793525909101,7.81375322137086,2.044979488124734,9.25767233062339,2.7265447837383743,1.7833912195575383,1.3402504226184837,1.4861396960896067,1.1346227261911428,1.2781522025001875,1.2029723039923526,0.07,1.4060969884160703,1.3402504226184837,1.5107219394949425,12.813029929774647,4.354740223594747,4.314817884980432,-499.348,9.538305093527622,5.31566600488265,6.975413927455952,8.41754963608764
2013-02-28,0.15,9.72213167615679,5.455051848339361,5.567271409116965,5.453477536668468,9.331805509257359,6.203150268106927,7.6872077747616245,7.72303518447494,6.870053411798126,9.413501599849829,0.25,0.77,1.0612565021243408,1.589235205116581,1.766441661243765,4.567675981560511,7.921915535587472,8.047473172795993,7.120835998016676,4.556833016910714,4.570723658253724,4.551822150486167,11.817088477548069,2.163323025660538,4.601597812654041,4.327307742779088,7.81375322137086,2.0425433560362323,9.25687084210188,2.8039662579320366,1.7884205679625405,1.358409157630355,1.4724720573609429,1.1019400787607843,1.2612978709452054,1.1568811967920856,0.1,1.4279160358107101,1.3532545070416904,1.506297153514587,12.827022719377275,4.358210263072221,4.364371699435161,-497.2392216377153,9.539859923169542,5.324472324024888,6.966872883465226,8.413875033170376
2013-03-31,0.14,9.723353013809254,5.452248022171745,5.569016033959405,5.454440385748874,9.331770083752764,6.21946660514162,7.688916227669358,7.72370675384565,6.918695219020472,9.415165154531396,0.25,0.77,1.0543120297715298,1.5953389880545987,1.766441661243765,4.54382655574704,7.922485802684883,8.04849539670638,7.119308590468565,4.557736302637596,4.569418648280942,4.552728864448421,11.81813552085269,2.1400661634962708,4.605640075572687,4.325969379042519,7.812944617785118,2.0381509772670965,9.262591207774596,2.617395832834079,1.7681496035889213,1.3762440252663892,1.4747630091074988,1.1085626195212777,1.2556160374777743,1.1755733298042381,0.09,1.425515074273172,1.358409157630355,1.5195132049061133,12.81845164699248,4.361081304741658,4.377014092850337,-497.29375788780015,9.542029760420961,5.3230099791384085,6.972699967622519,8.422112985165967
2013-04-30,0.15,9.7249400848997,5.450166829176312,5.570932754402171,5.454602908791149,9.330972677937293,6.234253850669027,7.691487402066969,7.724182801726834,6.728628613084702,9.41734641124616,0.22,0.68,0.9932517730102833,1.5539252025038417,1.7209792871670078,4.533351898197619,7.923269614129367,8.049472713795105,7.117660387523315,4.558853959110668,4.56841283626224,4.553213513719345,11.819505343726405,2.151762203259462,4.604615031918583,4.322555253869329,7.830385871402472,2.0344441757491003,9.267807071624512,2.67552700939665,1.713797927758343,1.3428648031925547,1.43746264769429,1.0750024230289759,1.205970806988609,1.1184149159642893,0.06,1.3686394258811698,1.3428648031925547,1.4816045409242156,12.813228837418123,4.358994673688037,4.3489867805956814,-498.38,9.545089696665226,5.320567975482857,6.9861967052887,8.426852642514797
2013-05-31,0.11,9.728164781809582,5.450579120620662,5.573153532510848,5.455304021194503,9.334556007363105,6.247823977184485,7.696111065932169,7.725256171742832,6.836259277277067,9.422778827673948,0.3,0.7178397931503169,1.1505720275988207,1.5871923034867808,1.7457155307266483,4.562262684976814,7.924255762487727,8.050058649920393,7.11437016328388,4.560435697809973,4.569138781578588,4.554371506100725,11.821079058605843,2.1400661634962708,4.605553112662314,4.325585904413923,7.832886815521774,2.032866916010228,9.27049429479593,2.8507065015037334,1.7263316639055997,1.332366019094335,1.5129270120532565,1.1939224684724346,1.1662709371419244,1.0543120297715298,0.04,1.413423028508143,1.33500106673234,1.57069708411767,12.819908725726677,4.358948624161763,4.448516375942715,-498.6741479704228,9.550626754059353,5.323497665078335,6.993198760799604,8.4296944229434
2013-06-30,0.09,9.73267620588624,5.452946503325083,5.575179867966844,5.456815724368715,9.336567654415228,6.258284641398905,7.702431201003452,7.728169006460034,6.733401891837359,9.42511298454063,0.36,0.8796267475025635,1.2584609896100056,1.6620303625532709,1.8229350866965048,4.572646994282532,7.92519991404542,8.050378461887835,7.110471251450083,4.562255829737877,4.571334149407629,4.556074475144028,11.822393490743867,2.1400661634962708,4.607388723213465,4.327620606014864,7.840352337130602,2.032408266924771,9.27488201810887,2.882563575448353,1.8261608959453874,1.3428648031925547,1.6213664832993742,1.308332819650179,1.095273387402595,1.0152306797290584,0.05,1.4816045409242156,1.358409157630355,1.6974487897568136,12.82323201121564,4.359878158023383,4.443827035579329,-494.67785916187233,9.55285858053376,5.324472324024888,6.98988810852066,8.432745797338619
2013-07-31,0.09,9.738308499810465,5.454893673590133,5.5768539966369834,5.45907474542615,9.339050159321488,6.265198545870689,7.710545342761097,7.734609586724383,6.78105762593618,9.425290448261865,0.31,0.8671004876833833,1.2809338454620642,1.6752256529721035,1.843719208158766,4.659753063758383,7.925946427268974,8.050764604085952,7.107130590341919,4.564233601569331,4.572564346239177,4.557334066573199,11.823288371645067,2.1162555148025524,4.604156672556825,4.3196710625018815,7.841532231863567,2.0311699930061367,9.280845432861536,2.670694414558441,1.742219023667919,1.3029127521808397,1.6034198401085376,1.3217558399823195,1.169381359556317,1.0543120297715298,0.04,1.528227857008557,1.3190856114264407,1.6695918352538475,12.82957763669906,4.35584050108606,4.455509411433685,-482.067,9.552013346996567,5.324959297494458,6.996315455961617,8.43448526854324
2013-08-31,0.08,9.744303232147537,5.457267937018751,5.579201384498818,5.461014280205691,9.342035078925747,6.267649583402945,7.7197872371515075,7.744983449355732,6.822197390620491,9.428905458096226,0.39,0.9631743177730056,1.3297240096314962,1.7119945007591924,1.8594181177018698,4.678141798443914,7.926511279299949,8.051413090788447,7.105554566262847,4.566129463325112,4.574030334546697,4.558403473259306,11.82506841584702,2.1041341542702074,4.610055234684732,4.32837793692153,7.842239501048256,2.0276166509077793,9.286069172734402,2.8909271591878647,1.7509374747078,1.269760544863939,1.6331544390514163,1.3506671834767394,1.1314021114911006,1.0224509277025458,0.04,1.5602476682433286,1.3029127521808397,1.706564623164823,12.827216176756801,4.360972799944044,4.420044701861403,-459.7917788354164,9.555227107198414,5.323985113296614,6.9974131509126725,8.437522081358422
2013-09-30,0.08,9.749286391333436,5.457643203547676,5.580940413683872,5.462559809942086,9.345474229966978,6.267703485557242,7.728786680694769,7.755410091440624,6.7464121285733745,9.433803872101313,0.33,0.8712933659434193,1.2919836816486494,1.7298840655099674,1.8671761085128091,4.675535448648655,7.92795468734831,8.05207420577469,7.105214745459144,4.567803314038751,4.574463525208929,4.559576407929372,11.826421472314989,2.1041341542702074,4.615328416020806,4.329436447052151,7.857442101474721,2.0218806171590695,9.291321101108462,2.8678989020441064,1.763017000362401,1.3217558399823195,1.6154199841116479,1.324418957401803,1.1600209167967532,1.007957920399979,0.02,1.5665304114228238,1.297463147413275,1.6714733033535532,12.827463317846071,4.365521165771995,4.363098624788363,-439.58146268629457,9.55977819098742,5.322522055244854,7.01040211594228,8.442749778393132
2013-10-31,0.09,9.75225870832015,5.458176010622318,5.5823076326612675,5.463497003223029,9.350015354048665,6.267972546489429,7.736979795999457,7.762272729583104,6.8308742346461795,9.431048961174842,0.31,0.8372475245337022,1.2725655957915476,1.7101878155342434,1.8421356765531218,4.620452809519248,7.931737048736334,8.052461083256022,7.105173965116542,4.5693046379680675,4.57577227080353,4.561249645929954,11.828028132998002,2.1041341542702074,4.614166596657504,4.330947790974349,7.873026633077914,2.013835784581842,9.301852438982234,2.691243082785829,1.6789639750827108,1.2947271675944,1.572773928062509,1.3190856114264407,1.1537315878891892,1.007957920399979,0.05,1.5432981099295553,1.3056264580524357,1.62924053973028,12.830014432021844,4.363678074709221,4.3067641501733345,-434.019,9.557703091428568,5.31566600488265,7.027314514039777,8.453635522419225
2013-11-30,0.08,9.752376547615016,5.460010955546024,5.585359234112394,5.465351835634204,9.355608864567426,6.27054139229984,7.743208599717265,7.762574163011833,7.00397413672268,9.4344114929646,0.28,0.8628899551470398,1.3217558399823195,1.728109442151599,1.8531680973566984,4.552402120449436,7.93843492618594,8.052352014174994,7.104690807022049,4.570521883860033,4.57724385054725,4.562888793731485,11.830018270449422,2.066862759472976,4.616685628049151,4.331045133778951,7.870395102793653,2.0045017694376237,9.302044056186396,2.6878474937846906,1.6620303625532709,1.2837077723447896,1.5851452198650557,1.332366019094335,1.1474024528375417,0.9895411936137477,0.07,1.5686159179138452,1.297463147413275,1.665818245870208,12.831361132608636,4.365521165771995,4.33204826486764,-452.02164589126625,9.561743443985813,5.309257306586371,7.0283787213058755,8.452526662085967
2013-12-31,0.09,9.751602067381446,5.4626404176393155,5.58810222659152,5.467042746127171,9.358260252052773,6.2760906555762395,7.749168062896581,7.759999795158077,6.910750787961936,9.437699027244859,0.38,1.0116009116784799,1.3962446919730587,1.7263316639055997,1.8531680973566984,4.591375474965902,7.947367429760148,8.052047990812058,7.1035261314088265,4.571711813755323,4.578969937485617,4.563941858925949,11.83041873499364,2.0412203288596382,4.618816648021943,4.329821082200164,7.887546493418191,1.99492231730909,9.307775565066883,2.6892071133007303,1.6094379124341003,1.2029723039923526,1.597365331199831,1.3711807233098425,1.1755733298042381,0.9895411936137477,0.07,1.5871923034867808,1.247032293786383,1.7011051009599243,12.83852988964073,4.366978984534315,4.42484663185681,-483.2157572171377,9.565739502410864,5.313205979041787,7.039046664663313,8.455828295664652
2014-01-31,0.07,9.752591288016658,5.465051400000277,5.590583914215924,5.467895570632123,9.357017479820671,6.284637765584042,7.756408934149805,7.759870943661334,6.790097235513905,9.444400124174551,0.34,0.9122827104766162,1.3001916620664788,1.7029282555214393,1.8229350866965048,4.560382003197957,7.956718534758643,8.051997186999992,7.101622428176134,4.573060132069858,4.581020925755088,4.565014636010996,11.831757306414225,2.028148247292285,4.615020511840926,4.319644453629684,7.895882834474975,1.987463304783483,9.312219835797354,2.9657883971809187,1.6505798557652755,1.2237754316221157,1.5602476682433286,1.308332819650179,1.144222799920162,1.000631880307906,0.04,1.5623463049002497,1.2029723039923526,1.6714733033535532,12.829558874344384,4.3625137404010355,4.409155302062135,-510.088,9.572911896860699,5.322033893165353,7.05142262879455,8.459775920546287
2014-02-28,0.07,9.756667037266457,5.466146919688556,5.592780147944134,5.468840427349948,9.362022292638025,6.294741886849445,7.765079776589209,7.765118071104535,6.851184927493743,9.450105024306628,0.33,0.9202827531436926,1.297463147413275,1.6956156086751528,1.8082887711792655,4.62320654847419,7.964242059941435,8.052530683063479,7.099479152999334,4.574553481457825,4.581492058633514,4.5654829640365,11.83291256533158,2.0412203288596382,4.622490322688035,4.329320500592934,7.911030720823693,1.98392428063154,9.31963414223658,2.70805020110221,1.57069708411767,1.208960345836975,1.534714366238164,1.297463147413275,1.1537315878891892,1.0260415958332743,0.05,1.5390154481375546,1.220829921392359,1.6808279085207734,12.843590830329157,4.369271887619027,4.414009680526933,-519.3116468661218,9.578961673183274,5.331268466687723,7.056261487281361,8.464572700903938
2014-03-31,0.08,9.76364536828396,5.468178277616658,5.595777725351208,5.4706938008085935,9.369333593463491,6.307267689629216,7.77607281328055,7.774101525304634,6.878326468291325,9.45716138664475,0.44,1.0043016091968684,1.3164082336557241,1.682688374173693,1.801709800081223,4.623010104116422,7.970372068461794,8.054087873905624,7.09821270929002,4.576409772542645,4.5830779395132755,4.566948973167894,11.834922003836665,2.0412203288596382,4.632235591034692,4.338382954607327,7.921825865773665,1.9830778197718484,9.323552979117805,2.700018029404946,1.5623463049002497,1.1817271953786161,1.5496879080283263,1.297463147413275,1.1410330045520618,0.9932517730102833,0.05,1.5303947050936475,1.205970806988609,1.6863989535702288,12.85344286765317,4.378269585796169,4.394449154672439,-515.7284432932857,9.585758558732051,5.337538079701318,7.061162825611449,8.465815682956466
2014-04-30,0.09,9.77107028190429,5.470032877554767,5.598136733140161,5.472573148929625,9.372739794333263,6.319209526045582,7.7866381814358245,7.781626073638703,6.950814768442584,9.462731997649378,0.42,0.9895411936137477,1.3001916620664788,1.6563214983329508,1.7749523509116738,4.635408369048701,7.973007938073773,8.056859774586243,7.10001479031505,4.57824082373725,4.584834816810152,4.568641047296197,11.837173286968719,1.9740810260220096,4.633050881967468,4.3388137634510535,7.929846429742503,1.9843063465647972,9.328736552953883,2.667922410011431,1.5496879080283263,1.1505720275988207,1.5260563034950492,1.2809338454620642,1.1568811967920856,1.085189268335969,0.03,1.5085119938441398,1.1600209167967532,1.673351238177753,12.864568855739364,4.378309735554774,4.443827035579329,-505.404,9.590521859549847,5.343768629451954,7.068342343630086,8.467960929536012
2014-05-31,0.09,9.777858498964257,5.471926076489559,5.60106660698016,5.474490896227936,9.376557953021578,6.330285698678827,7.7962326223627345,7.784838343804211,6.915723448631314,9.467583855287396,0.37,0.9321640810304452,1.247032293786383,1.6409365794934714,1.7509374747078,4.636475035816504,7.97189746082911,8.061052184730263,7.1059556631873635,4.57999871790237,4.586466354794308,4.570309553852088,11.83863282480007,1.9878743481543455,4.6370486258858685,4.342336811505701,7.933904395916531,1.9864864876779906,9.334052462662873,2.517696472610991,1.541159071680806,1.169381359556317,1.4816045409242156,1.244154593958768,1.169381359556317,1.0750024230289759,0.03,1.4793292270870801,1.1631508098056809,1.6331544390514163,12.865497568685086,4.381465227114144,4.417635062141249,-494.4737874631277,9.594956305348386,5.342334251964811,7.070384202430356,8.471798256925846
2014-06-30,0.1,9.783177501935183,5.473240791190564,5.602668485284695,5.475781310889807,9.381154302628534,6.340532065861519,7.804033147617492,7.78465660352671,6.815639990074331,9.472242991440476,0.47,0.9631743177730056,1.2612978709452054,1.6582280766035324,1.7578579175523736,4.670864289183454,7.969495116711624,8.065336321136897,7.112560385233827,4.581440550174714,4.587545784634352,4.571427242423134,11.841034253830165,1.9600947840472698,4.6403191593097795,4.3461831123863925,7.947749265161835,1.987968073921618,9.339603920295492,2.531313022602156,1.5107219394949425,1.1568811967920856,1.4861396960896067,1.2556160374777743,1.1817271953786161,1.0986122886681098,0.04,1.4861396960896067,1.1631508098056809,1.6370530794670737,12.868010337214706,4.3838312553660135,4.42484663185681,-487.9557457880072,9.599750621122816,5.343768629451954,7.080447286800249,8.475391550532475
2014-07-31,0.09,9.787247401021634,5.474360924549001,5.605401250686034,5.477279118847973,9.384747357684532,6.351818963477952,7.810587043932134,7.783303596502785,6.990256500493881,9.47563878914287,0.53,1.0152306797290584,1.275362800412609,1.6409365794934714,1.7457155307266483,4.650047944766177,7.968855713565251,8.068637580166707,7.116108388983648,4.582535953479157,4.588949336460541,4.573142739149332,11.842783015569914,1.9740810260220096,4.642421653757513,4.351251655689116,7.952615111651,1.987189181974749,9.344722652492905,2.8875901149342877,1.6174060820832772,1.1537315878891892,1.5107219394949425,1.2781522025001875,1.1908875647772805,1.0885619528146082,0.03,1.4655675420143985,1.1600209167967532,1.6331544390514163,12.868874014237738,4.384972291962451,4.416428061391214,-489.357,9.603874589216382,5.342334251964811,7.086487066925534,8.478992757600935
2014-08-31,0.09,9.789876745975816,5.474201581377986,5.60761292569996,5.478156678452974,9.391386115266085,6.364513627232677,7.815637310950125,7.78223881574811,6.892641641172089,9.479924663055764,0.48,0.9669838461896731,1.208960345836975,1.6253112615903906,1.7387102481382397,4.5802625502819065,7.972029049970556,8.069793613538675,7.1135313225304895,4.58313100316277,4.588827366647918,4.573524708152545,11.844083606767672,1.9600947840472698,4.64084809234452,4.346554885365629,7.939978446319058,1.982898452093421,9.347132691993004,2.563409711275944,1.5769147207285403,1.172482137234565,1.4816045409242156,1.2412685890696329,1.1378330018213911,1.0152306797290584,0.03,1.4350845252893227,1.184789984909162,1.62924053973028,12.87665463642997,4.382409061539406,4.42484663185681,-501.0955020567962,9.608794292381843,5.337538079701318,7.0687680748298405,8.481296547418475
2014-09-30,0.09,9.791611400091393,5.47427286961944,5.6099039362308005,5.479746858904132,9.39202839479653,6.377083725448746,7.819139567318471,7.779900150920141,6.931471805599453,9.483264073452418,0.58,1.0224509277025458,1.2584609896100056,1.631199404215613,1.7578579175523736,4.545526333060576,7.9755773926470965,8.069284278805195,7.1077177917822985,4.583244066761624,4.589172909153084,4.574844990141979,11.846285721543437,1.9315214116032138,4.643830165036308,4.347552936595037,7.956687007195668,1.9762875363199754,9.350215351440669,2.851284369188118,1.6863989535702288,1.1908875647772805,1.5325568680981427,1.3029127521808397,1.0885619528146082,0.9400072584914712,0.02,1.449269160281279,1.184789984909162,1.6486586255873816,12.872508740252554,4.384432488285785,4.449685283147696,-517.0005574560114,9.61261372518291,5.334649295795427,7.094898526055305,8.484855932837265
2014-10-31,0.09,9.793286395410256,5.474075766200316,5.612142219101015,5.481434440167891,9.398121995439498,6.388892443183599,7.821375648610565,7.773686175397206,6.980075940561763,9.48773723250839,0.5,0.9631743177730056,1.208960345836975,1.5933085305042167,1.7387102481382397,4.447346100794524,7.975210178348997,8.06785550297882,7.102269699776099,4.582924577040772,4.588878189211114,4.57570017980406,11.848003873521394,1.9021075263969205,4.64401679071,4.347560699625932,7.959031345993953,1.9683703064140479,9.355591568616408,2.710048203764883,1.667706820558076,1.220829921392359,1.5216989981260935,1.275362800412609,1.0715836162801904,0.9282193027394289,0.02,1.3962446919730587,1.220829921392359,1.6054298910365616,12.874962993533835,4.383722695549136,4.476199804691132,-530.751,9.617384233197562,5.320078858329549,7.101840702696333,8.491506084480253
2014-11-30,0.09,9.79537534192338,5.472199242548904,5.614718082581652,5.482545438120507,9.399712018382619,6.398245632132259,7.82235208777607,7.762728978853966,6.90975328164481,9.492205559106399,0.47,0.9122827104766162,1.1568811967920856,1.5933085305042167,1.7561322915849038,4.3410744233424525,7.968058203866777,8.066395984240676,7.100542506834251,4.582321248861604,4.587932466501756,4.576575219107979,11.850033213896426,1.916922612182061,4.6501225189048565,4.35523337977857,7.969634424594026,1.9610623297738714,9.35796695897325,2.6623552418400807,1.7351891177396608,1.2584609896100056,1.5260563034950492,1.235471471385307,1.0260415958332743,0.8712933659434193,0.02,1.3962446919730587,1.2412685890696329,1.6034198401085376,12.877720359976882,4.388992317874405,4.497584975308154,-535.9334426510757,9.622118842140939,5.307772525318792,7.106360205849192,8.49690884811353
2014-12-31,0.12,9.798183830048362,5.469122867380744,5.6167601885161575,5.483069300913701,9.400721033438039,6.406597516963242,7.822760115472023,7.749898686719463,6.97914527506881,9.497374734709306,0.67,0.9745596399981308,1.1537315878891892,1.5665304114228238,1.747459210331475,4.099166252501314,7.956851324899249,8.065859681957763,7.101760105694905,4.581908112610344,4.5861912193902885,4.577274699669338,11.852015700211933,1.8870696490323797,4.6502879006766245,4.354512827503823,7.983542377008303,1.9552854103608237,9.365042328394004,3.005682604407159,1.7984040119467235,1.2556160374777743,1.57069708411767,1.252762968495368,0.9858167945227653,0.8197798314933114,0.03,1.3428648031925547,1.2612978709452054,1.5830939370944985,12.868794123198764,4.38842735627987,4.549657476057832,-533.7327743802418,9.627200311698221,5.288267030694535,7.1325774206749015,8.507142855562735
2015-01-31,0.11,9.801705570725932,5.462759196087954,5.619538174865802,5.484012393454441,9.39828774083837,6.414884170576261,7.823314143106414,7.740683966943236,6.990256500493881,9.498274912555203,0.47,0.7793248768009976,0.9858167945227653,1.4951487660319727,1.6956156086751528,3.875773872753025,7.946785985012606,8.06743601253128,7.104339636727095,4.582331354084057,4.58143061910535,4.576914734016459,11.85341106583185,1.9021075263969205,4.642391786862699,4.349884310511714,7.982928335916484,1.9527438886338784,9.369546821264086,3.089677886396519,1.8341801851120072,1.2837077723447896,1.5151272329628591,1.1346227261911428,0.9745596399981308,0.8285518175661483,0.03,1.2412685890696329,1.2725655957915476,1.5390154481375546,12.861811269987971,4.37990062631883,4.596129441335942,-526.432,9.631140626692844,5.262690188904886,7.137993602772213,8.519710021540511
2015-02-28,0.11,9.805459604749545,5.465279908559764,5.622102315980096,5.485510371879013,9.402414220212815,6.423247393144175,7.824452148045278,7.7386497461796795,6.787844982309579,9.503688859929513,0.63,0.9162907318741551,1.0986122886681098,1.528227857008557,1.706564623164823,3.9431340004531985,7.9421025968501215,8.071235407239607,7.106590914188139,4.5837735865457025,4.583180168096476,4.5780456185914336,11.855322969610818,1.8718021769015913,4.636054323177384,4.3435456478556,8.007833159811856,1.9539172257026414,9.380386897894525,2.663052835171474,1.6974487897568136,1.2412685890696329,1.5085119938441398,1.2499017362143359,1.0402767116551463,0.9122827104766162,0.02,1.2725655957915476,1.2612978709452054,1.5686159179138452,12.860427021370963,4.373125890312052,4.5685062016165,-517.8992895263925,9.63654231139891,5.258016069774511,7.154537228861746,8.526172754196814
2015-03-31,0.11,9.809792282594424,5.467958870184617,5.624948480638349,5.487924816642791,9.407312417676621,6.433988137058205,7.826365314504303,7.740373878754826,6.8679744089702925,9.502920429690155,0.56,0.8628899551470398,1.0784095813505903,1.534714366238164,1.7119945007591924,3.888140064964814,7.940845509595745,8.076799524272516,7.108469155868452,4.586009301491663,4.585049107991869,4.579544638349119,11.855990208897635,1.8562979903656263,4.632657912994315,4.348120772644083,8.00750025924618,1.9572270523791815,9.382847255381746,2.790551422613954,1.7613002617433464,1.2669476034873244,1.4973884086254776,1.2267122912954254,1.0152306797290584,0.9202827531436926,0.03,1.2892326482767593,1.252762968495368,1.5454325824581878,12.875795096895795,4.3694022818084415,4.543294782270004,-510.4036255857229,9.636601078274,5.260096153727839,7.147559271189454,8.52454609246142
2015-04-30,0.12,9.813605732491085,5.468996411557917,5.627631904999317,5.490366457100502,9.410018757079403,6.446213348373761,7.828653380608717,7.741290727473564,7.0825485693553,9.506027815766101,0.58,0.8878912573524571,1.1151415906193203,1.5085119938441398,1.7011051009599243,4.015481713796376,7.941284186992571,8.081804917694257,7.1093785206280895,4.588044372826106,4.58592620262133,4.5813691758021395,11.8579538502745,1.8562979903656263,4.62718115741018,4.348897629335005,8.006934073821986,1.959953929057249,9.386761220449168,2.744060638625243,1.7209792871670078,1.2809338454620642,1.5107219394949425,1.2556160374777743,1.0784095813505903,1.000631880307906,0.02,1.2781522025001875,1.264126727145683,1.5432981099295553,12.877094353075474,4.3636704357955765,4.5736795188967205,-509.527,9.640465571820718,5.256974403013654,7.147244508832433,8.526846448444376
2015-05-31,0.12,9.816685358797763,5.47227487534332,5.629504231596955,5.491776667752447,9.415433999112334,6.460604626646796,7.831126022981214,7.737726949259977,6.984716320118266,9.510133804910309,0.61,0.9122827104766162,1.1378330018213911,1.6054298910365616,1.7732559976634952,4.098834467494953,7.941333051022362,8.085182016331432,7.109290920498278,4.589390027571165,4.588298658817844,4.582576868335347,11.860337641629776,1.8870696490323797,4.62269079970608,4.349956594411927,8.003162436701299,1.9602712925146812,9.388662274138133,2.6973262377392344,1.7191887763932197,1.3137236682850553,1.5303947050936475,1.2892326482767593,1.0296194171811581,0.9439058989071284,0.02,1.3762440252663892,1.3056264580524357,1.5830939370944985,12.884768405514054,4.359040721093849,4.51852237926242,-517.8514559848902,9.644956432176034,5.2699178920263385,7.137119442109403,8.52615293278771
2015-06-30,0.13,9.818820487245423,5.475027374678979,5.632229185237898,5.493324783149174,9.418077856940485,6.4743481372478,7.8328805415158715,7.73120039882753,7.095064377287131,9.51268689386802,0.64,0.9669838461896731,1.208960345836975,1.6467336971777973,1.81319474994812,4.107918682249219,7.940202679575606,8.086938034863435,7.108966946622464,4.59006982226926,4.590218971534879,4.583762671549207,11.861439196628254,1.840549633397487,4.6196528047474885,4.347023614535509,8.01099020013569,1.9585626630646502,9.392961883779135,2.9564715596006885,1.791759469228055,1.3428648031925547,1.5851452198650557,1.3402504226184837,1.0543120297715298,0.959350221334602,0.02,1.413423028508143,1.3270750014599193,1.6134299337036377,12.885762176780023,4.35597650732716,4.575741375297279,-529.5940002803011,9.647304147143718,5.27709373009641,7.1459844677143876,8.52724252726924
2015-07-31,0.13,9.820248650805222,5.476605801227826,5.635963913397019,5.495383847352127,9.422697963396507,6.486054075933385,7.833155988711767,7.723882633316399,7.044905117129371,9.515874641459298,0.67,0.9321640810304452,1.1631508098056809,1.6389967146756448,1.824549292051046,3.949318790171843,7.937305408048644,8.087810525285297,7.1093875120188335,4.590421963639183,4.591121970262033,4.5847429636730475,11.863511911568404,1.824549292051046,4.625847920462344,4.354845553412046,8.017472347382352,1.955719027188817,9.39759971779976,2.574137783515943,1.8500283773520307,1.3711807233098425,1.5912739418064292,1.3297240096314962,1.007957920399979,0.8586616190375187,0.03,1.4036429994545037,1.355835153635182,1.6054298910365616,12.89419472137359,4.362215432340936,4.544358046591334,-538.082,9.649859020209199,5.272486606513515,7.151328711807855,8.529773723621567
2015-08-31,0.14,9.821030789445377,5.4766016177138,5.638073491016792,5.496417943902498,9.4252259196434,6.493894331819517,7.83130331718493,7.717983300069211,7.030857476116121,9.518104444460652,0.74,0.9321640810304452,1.1662709371419244,1.6174060820832772,1.8229350866965048,3.7812307151781224,7.9323078901760535,8.088286765464979,7.11123064773779,4.590640325242243,4.591192958057232,4.585538744038864,11.864504446520591,1.8082887711792655,4.624153850574858,4.352036389374165,8.018855929102607,1.95263115773869,9.401332563273307,3.382014562245381,1.9021075263969205,1.423108334242607,1.62924053973028,1.3428648031925547,0.9669838461896731,0.8153648132841945,0.07,1.3506671834767394,1.3912819026309295,1.5769147207285403,12.893485918617287,4.360649768914296,4.531523645819793,-537.4282435608377,9.65191237597763,5.262171919911683,7.145748033146552,8.533932307420514
2015-09-30,0.14,9.821498429697494,5.474360924549001,5.640974011660186,5.498462469365115,9.424435105951774,6.499968785709274,7.828177033741132,7.71288144323807,7.110696122978827,9.51933128974921,0.64,0.8628899551470398,1.1184149159642893,1.623340817603092,1.8468787684491346,3.8390221125436557,7.925851169110161,8.088666684364323,7.113634233068191,4.590657068778661,4.58982301837401,4.5869654813332446,11.865453823695033,1.791759469228055,4.621368285556864,4.34954605569675,8.022273724667302,1.9495732011067,9.406416894002474,3.2386784521643803,2.030776369698555,1.4562867329399256,1.6331544390514163,1.3029127521808397,0.8796267475025635,0.7275486072772778,0.02,1.3737155789130306,1.4279160358107101,1.5810384379124023,12.888224599523513,4.358039991578394,4.4796069630127455,-530.9406366509236,9.653197599301409,5.247550249494384,7.1569563646156364,8.541163592054817
2015-10-31,0.12,9.822067984925829,5.475345772637219,5.643427191564835,5.500310823139456,9.425121051756674,6.507740291945752,7.82461384960535,7.706738412161843,6.9650803456014065,9.521099117945438,0.75,0.9242589015233319,1.1505720275988207,1.599387576580599,1.8468787684491346,3.8548175316573667,7.918088842459496,8.08921924953609,7.115650361061926,4.590330622291429,4.58982301837401,4.5872913071007995,11.867693592088733,1.791759469228055,4.616666845411228,4.348268176208155,8.009562458546766,1.9463386286733806,9.407747566188178,2.776954179749421,1.9315214116032138,1.4327007339340463,1.623340817603092,1.308332819650179,0.9282193027394289,0.7884573603642702,0.02,1.358409157630355,1.451613827240533,1.5602476682433286,12.884415785020105,4.3535242742011695,4.51085950651685,-523.238,9.655602949958412,5.2390980068880655,7.149838340115741,8.543465044155067
2015-11-30,0.12,9.823032036942902,5.476534679109026,5.645902624172819,5.502241400524405,9.427401462574034,6.51862595660703,7.8217645550807475,7.69918622280219,7.067319848653476,9.52146549615443,0.94,0.9745596399981308,1.1662709371419244,1.6213664832993742,1.8656293177945105,3.77138067562568,7.910245824417703,8.09009506956793,7.116352937846771,4.5896785376343185,4.590442260583479,4.588349508257748,11.869277356733225,1.8082887711792655,4.609526682661068,4.345734728375563,8.032847200454626,1.9430698999249896,9.416109864632686,2.8408313123360287,2.0014800002101243,1.4350845252893227,1.6428726885203377,1.3376291891386096,0.9516578757114464,0.832909122935104,0.13,1.3937663759585914,1.4350845252893227,1.599387576580599,12.888735052447842,4.346552295091332,4.525044141508807,-518.5086413994798,9.65607692307892,5.2295030505476765,7.167423604978719,8.549544208300563
2015-12-31,0.24,9.824632047741378,5.475463051597927,5.64819576621645,5.503488374939637,9.429716836721148,6.531371288373148,7.820017321680837,7.691954035715383,7.044905117129371,9.525384661183775,0.7227059828014898,1.0152306797290584,1.184789984909162,1.6034198401085376,1.8656293177945105,3.6425737012374246,7.903238344536246,8.091347112857402,7.116061166984787,4.589227176043823,4.5896097478700355,4.589000152825453,11.871187149370217,1.791759469228055,4.6046410460182265,4.342854320349358,8.034598627991073,1.9392046216607357,9.420682331453184,2.955430976780465,2.0731719286662407,1.4422019930581866,1.6900958154515549,1.3506671834767394,0.9321640810304452,0.8372475245337022,0.23,1.3787660946990992,1.4398351280479207,1.6114359150967734,12.891245616422701,4.341790406059276,4.539030383483547,-515.3802166965404,9.659465044891405,5.217649463480582,7.17518362240665,8.555548145292702
2016-01-31,0.34,9.826980790199759,5.475006423890286,5.651485167644685,5.505148592369942,9.431802510507854,6.542706803246093,7.8199721238358455,7.6884356586921765,6.996681488176539,9.530116864223984,0.76,0.8458682675776092,1.0784095813505903,1.6094379124341003,1.864080130807681,3.486763269991802,7.899019522608236,8.09289413269311,7.115296951488647,4.5897316222989,4.590015938216414,4.590736519990488,11.871976583568564,1.7578579175523736,4.609551573675762,4.346164973583086,8.042763782841538,1.9344157696295783,9.429058143961429,3.054001181677967,2.1713368063840917,1.4996230464268938,1.6937790608678513,1.3056264580524357,0.8796267475025635,0.7839015438284094,0.26,1.3506671834767394,1.4724720573609429,1.5665304114228238,12.884882536589913,4.346740072589793,4.532599493153256,-511.682,9.661193036547521,5.21275947818639,7.17541319960299,8.56644039398485
2016-02-29,0.38,9.829896601435946,5.473681442774493,5.654249034325469,5.507402560611206,9.437914095569708,6.5500935689795226,7.821737401302142,7.6905957192826415,7.111512116496157,9.530596114859451,0.78,0.7975071958841881,1.007957920399979,1.601405740736836,1.8468787684491346,3.4442568711226023,7.898682926122661,8.09456671065196,7.114654417912287,4.591478840886971,4.5894980165937955,4.592449621578711,11.873476885654881,1.7749523509116738,4.6044018909250095,4.342237960261135,8.046068934501799,1.9289043338850982,9.436941937461683,3.070375816549757,2.169053700369523,1.5151272329628591,1.6770965609079151,1.2669476034873244,0.883767540168595,0.8020015854720274,0.31,1.2864740258376797,1.5173226235262949,1.5303947050936475,12.893573917903293,4.341592585726344,4.529368472571809,-506.05473328313246,9.661218519610841,5.205653681684617,7.185765731737187,8.573100823354533
2016-03-31,0.36,9.833462928437307,5.476798223956053,5.656418293289847,5.509036047860928,9.436519311833914,6.555172082586642,7.825079979056774,7.697493908507907,7.013915474810528,9.532930988916153,0.73,0.7929925155296614,1.0224509277025458,1.572773928062509,1.81319474994812,3.6519561000093383,7.901344474923225,8.09659740316105,7.114565131370484,4.594025170996842,4.591811352785102,4.593866539816699,11.875253400600698,1.791759469228055,4.596770003034604,4.340810031055697,8.055252965380058,1.9226136005927954,9.441840906230773,2.7047112998366956,2.0856720914304723,1.415853163361435,1.5810384379124023,1.244154593958768,0.9631743177730056,0.9122827104766162,0.3,1.3029127521808397,1.4445632692438664,1.5496879080283263,12.89048932594087,4.333900687363583,4.5217885770490405,-498.0905985402208,9.663490271649758,5.210032451680465,7.189394127886633,8.574933658052808
2016-04-30,0.37,9.8369578235928,5.48060558945309,5.658969889420941,5.511616621387235,9.442443664661864,6.558558021613629,7.829090466170595,7.706584123626232,7.059617628291383,9.53413255544002,0.77,0.8241754429663494,1.0402767116551463,1.5303947050936475,1.7561322915849038,3.7316994512968646,7.905554474553658,8.098814865437005,7.115568316178454,4.59621016461658,4.59504914056402,4.596300970519026,11.876575029596234,1.8082887711792655,4.599931487939889,4.338926004367162,8.068496939115796,1.9170696601935016,9.448167588675545,2.8154087194227095,1.9754689512968577,1.3506671834767394,1.5390154481375546,1.2499017362143359,0.9969486348916096,0.9555114450274363,0.23,1.2864740258376797,1.3812818192963463,1.5390154481375546,12.894152006356869,4.336899814757646,4.499809670330265,-489.37,9.665224018214074,5.216022123821206,7.199678345691172,8.57772369115627
2016-05-31,0.37,9.840303339784912,5.482957067701281,5.662456881129027,5.513981012992419,9.445704941507348,6.561688583592033,7.83344037931648,7.7162920330644225,7.046647277848756,9.535007487254774,0.87,0.8628899551470398,1.0438040521731147,1.536867219599265,1.7369512327330598,3.8651410195280156,7.9103985361080955,8.10135265350606,7.118034818211088,4.597472958273022,4.596664111694147,4.5979844301733666,11.876887791319529,1.7578579175523736,4.597691288625706,4.337642313010677,8.083760614224019,1.912686591049839,9.4544779973946,2.7206373166076814,1.9416152247724325,1.3454723665996355,1.547562508716013,1.269760544863939,0.9321640810304452,0.9042181506398859,0.28,1.2892326482767593,1.3532545070416904,1.534714366238164,12.898189295275595,4.334454041464,4.5612182984589085,-480.855300225683,9.666384519452501,5.227358277607543,7.20934025660291,8.58090011687395
2016-06-30,0.38,9.843377597965855,5.485717671307194,5.665800194328323,5.515603798377849,9.451889496729754,6.565238500965653,7.837620706892842,7.723946909296082,7.093404625868766,9.537418622955526,0.58,0.6981347220709844,0.9122827104766162,1.5040773967762742,1.7101878155342434,3.907211448430924,7.915215730664205,8.103928766532409,7.121268263807317,4.598120850058839,4.598397301700663,4.599011258672507,11.878630514504515,1.7749523509116738,4.602481574910314,4.339391800034812,8.085271165245713,1.9096579454559557,9.45972070888538,2.8112082932048366,1.9754689512968577,1.366091653802371,1.4906543764441333,1.205970806988609,0.8754687373538999,0.8671004876833833,0.27,1.2383742310432684,1.358409157630355,1.4996230464268938,12.91018202107369,4.3389664602132,4.548599834499697,-476.76789503989994,9.669181936515727,5.239628370199357,7.208452288511412,8.583243069877737
2016-07-31,0.39,9.84658058355186,5.485215932835098,5.66823819513131,5.516765913558026,9.453890289867957,6.570279138618146,7.841759791363596,7.7279755421055585,7.122866658599083,9.541498513773627,0.67,0.708035793053696,0.9001613499442714,1.4539530095937052,1.6524974018945473,3.8210036070409776,7.9201664078005924,8.106566083079997,7.124718974260762,4.5988703838395635,4.598568442353529,4.600449058985555,11.88114550704848,1.7578579175523736,4.603620986598161,4.3394322370414615,8.0874251447849,1.9074662769400255,9.463430999658344,2.554899021608035,1.900613874140137,1.3110318766193438,1.451613827240533,1.1878434223960523,0.9122827104766162,0.8372475245337022,0.3,1.172482137234565,1.3137236682850553,1.4996230464268938,12.908082932465524,4.339792184774677,4.51085950651685,-481.229,9.673602578810565,5.240158452374504,7.208674354465914,8.588471449416867
2016-08-31,0.4,9.849959468763986,5.487055791138069,5.671145640129904,5.519150250325006,9.456348524622392,6.577323032633871,7.84561341812356,7.727145095174957,7.066466970136958,9.544058820400775,0.8,0.7839015438284094,0.9477893989335261,1.463255402256019,1.6563214983329508,3.8225358389266098,7.925094915731401,8.109044520625924,7.127603356996982,4.600221276006121,4.599946566612866,4.602195766785902,11.882176003610741,1.7749523509116738,4.602593870134576,4.33539089805786,8.103403530161842,1.905881775984744,9.470502212888473,2.668616131856803,1.8082887711792655,1.2837077723447896,1.449269160281279,1.2267122912954254,0.9042181506398859,0.8197798314933114,0.3,1.1817271953786161,1.3029127521808397,1.4883995840570443,12.908132490040286,4.338439100822531,4.508659285607248,-496.7120258068158,9.67610377415187,5.234312036572124,7.228533578923107,8.593320551803789
2016-09-30,0.4,9.853363406502394,5.4896647345493035,5.6745905051233105,5.520828718066062,9.460912302451582,6.585787770825351,7.849156171633546,7.725308668339265,6.974478911025045,9.54824016058858,0.77,0.76080582903376,0.9555114450274363,1.4838746894587547,1.6695918352538475,3.8325468039263493,7.930465810716128,8.11122511271602,7.12955515453859,4.60198722705231,4.6018245957369945,4.603508806661425,11.884226918091121,1.791759469228055,4.601716227936574,4.337217535538669,8.107207882576319,1.9045212486142082,9.475508394545624,2.659559991941776,1.7867469274045107,1.3056264580524357,1.4586150226995167,1.244154593958768,0.9555114450274363,0.8960880245566356,0.29,1.208960345836975,1.3029127521808397,1.4861396960896067,12.91405917628676,4.337260675021041,4.523960130562548,-515.7701945942858,9.680350251202388,5.23590990641942,7.230128591223848,8.595542157827214
2016-10-31,0.4,9.856939769849067,5.491995031303906,5.678047485646913,5.522028756611304,9.462498888358917,6.5957572896479135,7.852758241264769,7.727243878644263,7.1808311990445555,9.552134138393525,0.86,0.8372475245337022,1.0438040521731147,1.506297153514587,1.682688374173693,3.9275025762765323,7.937426480536748,8.113200498772192,7.13048354407696,4.604009512667339,4.6038493140206755,4.6047801099183125,11.884971663532948,1.7749523509116738,4.602403361857919,4.338576188799935,8.113636261577374,1.9028535167336418,9.48044384215367,2.8936995479888394,1.776645831418007,1.2837077723447896,1.4838746894587547,1.2919836816486494,1.0043016091968684,0.9516578757114464,0.33,1.252762968495368,1.2864740258376797,1.4973884086254776,12.91657092142417,4.337706340733396,4.4796069630127455,-530.806,9.684111893790838,5.234844943592463,7.231287004327616,8.598551955784059
2016-11-30,0.41,9.86037394680981,5.493168433501671,5.680947053085135,5.523383069344899,9.464517365870565,6.606075023444283,7.856329738898188,7.735876260076295,7.039660349862076,9.555142107517112,0.7466879474879752,1.0402767116551463,1.2149127443642704,1.5810384379124023,1.742219023667919,3.842887266593284,7.94588984129834,8.114829816765178,7.130339618436546,4.605915097831621,4.604179695614418,4.605220184738133,11.885791620927325,1.7404661748405046,4.598591594427931,4.338106094615744,8.118445471055598,1.9006242824885957,9.486137092628733,2.6623552418400807,1.7351891177396608,1.2383742310432684,1.5789787049493917,1.3987168811184478,1.0784095813505903,1.0188473201992472,0.45,1.3506671834767394,1.2725655957915476,1.6154199841116479,12.913731520268446,4.33376689230593,4.551769409260976,-534.9306088603162,9.687108569849771,5.2327116094500425,7.234898420314831,8.602746839768896
2016-12-31,0.54,9.863770961682148,5.495679412643419,5.683804231940536,5.525134163228542,9.473235264866277,6.616634740038972,7.860324227082038,7.7480748850350345,7.133295954896068,9.559665371125362,0.7884573603642702,1.0750024230289759,1.2383742310432684,1.6213664832993742,1.763017000362401,3.9697257155564354,7.955208242632686,8.116365597763181,7.130087325561795,4.607666381246002,4.605879934057332,4.6063694665635735,11.887319494589997,1.7404661748405046,4.605576103592393,4.338958630177182,8.112977302708504,1.8975725993257393,9.488199355479201,2.7107133185216936,1.6524974018945473,1.1878434223960523,1.5686159179138452,1.3987168811184478,1.0818051703517284,1.0438040521731147,0.51,1.413423028508143,1.205970806988609,1.6714733033535532,12.929841170429937,4.3407123314896,4.597138014290827,-533.2744182384084,9.691747483659505,5.2428046566177775,7.229548881062685,8.602710118939001
2017-01-31,0.65,9.866879790650414,5.499697810079428,5.686191998747906,5.527311768206993,9.477669215578565,6.626244789739188,7.864860837350857,7.758217271077831,7.0825485693553,9.567679095564452,0.7839015438284094,1.0647107369924282,1.2383742310432684,1.5933085305042167,1.7334238922150915,3.979681653901961,7.96351156148567,8.117937564513788,7.130970827704471,4.6090526395023135,4.609670046412983,4.609012793705542,11.888872503340602,1.7404661748405046,4.603326487419929,4.341284064082796,8.127020555126366,1.8937141917510485,9.493441970053855,2.5641798306825083,1.6094379124341003,1.172482137234565,1.5602476682433286,1.410986973710262,1.1151415906193203,1.0784095813505903,0.52,1.3912819026309295,1.172482137234565,1.6467336971777973,12.937625303182614,4.338590549310099,4.600157644164547,-533.42,9.698570632386376,5.255931650051599,7.239789109004419,8.604031220048576
2017-02-28,0.66,9.869393356105418,5.501282700040775,5.688814342334166,5.529421150971992,9.479558021336995,6.633512781444708,7.869492011487685,7.7623005613958975,7.148345743900068,9.572020767713326,0.7975071958841881,1.0612565021243408,1.2119409739751128,1.599387576580599,1.7298840655099674,3.9976500913955832,7.969032161497635,8.119505591135406,7.1334246681152615,4.609933311196596,4.61101308297135,4.610764508544401,11.89032711891309,1.7227665977411035,4.599510198435882,4.34098326148451,8.132295124248037,1.889586920345095,9.498979486317243,2.6333266549062735,1.556037135706985,1.1600209167967532,1.5390154481375546,1.3937663759585914,1.1052568313867783,1.0612565021243408,0.53,1.3937663759585914,1.169381359556317,1.6409365794934714,12.937391912703644,4.335073906384752,4.577798989191959,-539.7534876011898,9.702869633459057,5.260615499364025,7.241151360514599,8.607289804167674
2017-03-31,0.79,9.872124257836608,5.5008172970301175,5.690399994042855,5.529206840594185,9.483484782843737,6.639804773694063,7.8746592725123765,7.762866115633448,7.0825485693553,9.575642990265273,0.8197798314933114,1.0750024230289759,1.2237754316221157,1.6114359150967734,1.7369512327330598,3.9186013207882686,7.972726397053826,8.121339782510377,7.1369139481573125,4.610748384837924,4.610505925577611,4.610346764356906,11.891204354034075,1.6863989535702288,4.605662064995776,4.3384430178827,8.142412465439067,1.8848286617808783,9.504158579783812,2.5930133911138515,1.5933085305042167,1.1755733298042381,1.5539252025038417,1.4036429994545037,1.0885619528146082,1.0188473201992472,0.75,1.4060969884160703,1.1631508098056809,1.6370530794670737,12.935720497126814,4.341652456535568,4.583946549536464,-549.1201899866179,9.706017839569876,5.260096153727839,7.255661893229013,8.612885116528368
2017-04-30,0.9,9.875069713648275,5.50204565553057,5.692859704470464,5.5303294756910955,9.485711980650875,6.644065736721848,7.878999618117779,7.762460352392036,7.044905117129371,9.579818997829939,0.8241754429663494,1.0331844833456545,1.1908875647772805,1.5830939370944985,1.7173950539391927,3.9523968995664194,7.973906357494865,8.123096418219104,7.139545341248602,4.611708762827674,4.612394031077411,4.612374174836594,11.892552971905369,1.6863989535702288,4.615532313229606,4.350643030994466,8.150958411799742,1.8806856784224564,9.508094055055155,2.469793011977952,1.57069708411767,1.1878434223960523,1.5325568680981427,1.3837912309017721,1.0715836162801904,1.0331844833456545,0.81,1.3711807233098425,1.184789984909162,1.6154199841116479,12.939915412621222,4.3520866222809795,4.584967478670572,-553.499,9.709720748057432,5.267858159063328,7.254177846456518,8.61616937049884
2017-05-31,0.91,9.878739655636933,5.501274536942063,5.695283123955345,5.531133982557933,9.48591696791581,6.646915223161418,7.882403241408697,7.763883790293886,7.05444965813294,9.586349205919953,0.8241754429663494,1.0116009116784799,1.1662709371419244,1.5789787049493917,1.713797927758343,3.901568547524287,7.973249904320511,8.124935850613658,7.140504335494967,4.6131416415501105,4.611967034988364,4.613168117099153,11.894029572165458,1.6863989535702288,4.616387041193256,4.350249548859606,8.163257349852005,1.8774702088226578,9.513012037044724,2.4344901638739844,1.556037135706985,1.172482137234565,1.5107219394949425,1.3609765531356006,1.0331844833456545,1.000631880307906,0.9,1.3762440252663892,1.1786549963416462,1.599387576580599,12.934234591247018,4.3536785991583935,4.585987366571318,-548.2447363884587,9.715602548429219,5.266826699456666,7.273786317844895,8.621246853512815
2017-06-30,0.712949807856125,9.882967454290663,5.501923295449171,5.69781470287641,5.532385031860414,9.489954989850201,6.650045025125536,7.885522357046556,7.76836137242075,7.1308988302963465,9.587742025919043,0.8671004876833833,1.0612565021243408,1.1969481893889715,1.5432981099295553,1.6808279085207734,3.8325468039263493,7.97356712286475,8.127401172420786,7.141077484612069,4.614871332097662,4.612800997150991,4.614496559844335,11.895388031513077,1.667706820558076,4.618451596294006,4.352139428513673,8.16573319738658,1.875518650559207,9.515211364848644,2.4997952622817508,1.5623463049002497,1.128171090909654,1.5195132049061133,1.3635373739972745,1.0043016091968684,0.9669838461896731,1.0,1.33500106673234,1.1568811967920856,1.5851452198650557,12.939055734587319,4.356613950394107,4.564348191467836,-538.6015445696137,9.717459133810847,5.270946169751904,7.275726182662721,8.622363689021777
2017-07-31,0.7654678421395714,9.888048734957316,5.502249555734362,5.69935937381855,5.533330198432336,9.492831494730883,6.65599103526372,7.889779442803506,7.777174085689455,7.095893221097532,9.590945686853404,0.8501509293696101,1.0438040521731147,1.1939224684724346,1.547562508716013,1.6845453849209058,3.863462814812769,7.978318511834481,8.131497180630365,7.143287374409089,4.616841806848493,4.613168117099153,4.615219521841093,11.89664245454079,1.667706820558076,4.615976585953077,4.349633858017628,8.176307228620471,1.8747209899424022,9.5192725530292,2.421256622711544,1.528227857008557,1.1184149159642893,1.4996230464268938,1.355835153635182,1.0367368849500223,0.9820784724121582,0.7371640659767197,1.355835153635182,1.1216775615991057,1.5933085305042167,12.939411221824747,4.355143499640093,4.547541073151455,-531.498,9.721179995644174,5.270432163058501,7.281660918182536,8.62672897848454
2017-08-31,0.7701082216960736,9.893784556628521,5.506075161813114,5.703462423445275,5.535501880562002,9.49518843240683,6.665893060563091,7.896025170220768,7.790339422381864,7.05617528410041,9.594411587396674,0.8458682675776092,0.9932517730102833,1.1378330018213911,1.5325568680981427,1.6695918352538475,3.892636291627956,7.989662093513804,8.137619524216998,7.148552311823684,4.618852898311786,4.615387807848508,4.616288151721938,11.897561819494662,1.6863989535702288,4.611473279691202,4.3487697027724295,8.185907481482324,1.8751074082262407,9.523704810952713,2.4501426573516603,1.5789787049493917,1.144222799920162,1.4906543764441333,1.332366019094335,1.0152306797290584,0.9477893989335261,0.708035793053696,1.33500106673234,1.1314021114911006,1.572773928062509,12.940510510757985,4.351746534859776,4.582924577040772,-533.1619920320788,9.7252396869834,5.271973391208435,7.288791073167126,8.62717700315131
2017-09-30,0.7654678421395714,9.89958756992226,5.511147921253802,5.706149670635679,5.536593835486438,9.504374725899428,6.676249302877589,7.90380806057653,7.804233805705097,7.074963197966044,9.600021566928538,0.9042181506398859,1.0715836162801904,1.2029723039923526,1.5325568680981427,1.667706820558076,3.928289977892018,8.00395678280008,8.144461366676072,7.155685725979562,4.620803058476244,4.619073091157083,4.617493935676923,11.898187865760873,1.667706820558076,4.612624334662231,4.350603044796149,8.180740954595027,1.8762874619607546,9.526471407725072,2.3523271848888596,1.5173226235262949,1.0986122886681098,1.506297153514587,1.3532545070416904,1.0438040521731147,0.9858167945227653,0.7178397931503169,1.3297240096314962,1.1314021114911006,1.5748464676644813,12.96279772973241,4.354020601262597,4.565389315976247,-541.8194393295737,9.731684481996174,5.27709373009641,7.279249867519148,8.625401647838192
2017-10-31,0.7654678421395714,9.90539014146542,5.511919543375023,5.70981093359449,5.539402991872684,9.506622854647134,6.683711322424763,7.9132166549498955,7.8160569833895925,7.1372784372603855,9.604225355171398,0.9555114450274363,1.1019400787607843,1.2178757094949273,1.5260563034950492,1.6714733033535532,3.9623358193017353,8.017968021449896,8.151084460335518,7.163706717472305,4.622813621160686,4.620364170570252,4.619920857933999,11.899187366093956,1.6486586255873816,4.624867905820891,4.362420688034793,8.189272287704782,1.8779371654691073,9.530661449426905,2.414126467726953,1.506297153514587,1.0681530811834012,1.506297153514587,1.358409157630355,1.0577902941478545,1.0260415958332743,0.7371640659767197,1.355835153635182,1.085189268335969,1.597365331199831,12.963513004633658,4.367351986788072,4.622027303054514,-554.897,9.736948789617356,5.277604324950495,7.288859386177366,8.628573551398057
2017-11-30,0.7701082216960736,9.91048921591682,5.514573252258271,5.71184984573396,5.540541716075034,9.513521707874887,6.685382402169464,7.923106545275173,7.822703317420953,7.149916836132109,9.607181735592935,1.0224509277025458,1.144222799920162,1.2296405510745139,1.5195132049061133,1.6620303625532709,4.054216771131322,8.027736843723606,8.156113677778281,7.170944266009796,4.624763781657307,4.6217814517932885,4.6204035666286805,11.900742423228017,1.6486586255873816,4.627413948933707,4.364392055462072,8.196574618718191,1.8796568022359508,9.532612259196254,2.5079719227189963,1.528227857008557,1.0577902941478545,1.5303947050936475,1.3837912309017721,1.0508216248317612,1.0043016091968684,0.8109302162163288,1.33500106673234,1.0715836162801904,1.589235205116581,12.974062885144109,4.370970742913406,4.600157644164547,-568.1521830296399,9.740880383851273,5.28269598564508,7.292132934759817,8.627785994751719
2017-12-31,0.832909122935104,9.915301027744265,5.516669457126116,5.715144350065572,5.54261165565683,9.522746763832743,6.684639704566521,7.933026914621181,7.826777375849907,7.071573364211532,9.61044446884217,1.0612565021243408,1.1631508098056809,1.2237754316221157,1.506297153514587,1.6524974018945473,4.075501474420621,8.034018549034304,8.160423345277334,7.177573661971906,4.626866293284723,4.623216369679153,4.621860130773256,11.90173259618225,1.62924053973028,4.62973693699969,4.363613142083164,8.192819471692962,1.8816452570253805,9.535527744793985,2.488234439880675,1.5325568680981427,1.0188473201992472,1.5238800240724537,1.3737155789130306,1.085189268335969,1.0508216248317612,0.8501509293696101,1.3270750014599193,1.0367368849500223,1.6074359097634274,12.979185607728,4.374293057505737,4.5736795188967205,-577.2727063040762,9.744444926628441,5.2847254130285695,7.285575086269977,8.628967097251227
2018-01-31,0.8796267475025635,9.919830919169652,5.520896758754419,5.717728113954812,5.545974002143254,9.525464931182906,6.6861917288084785,7.941410825737224,7.831326642618152,7.170119543449628,9.620169278185848,1.144222799920162,1.2584609896100056,1.3137236682850553,1.5151272329628591,1.6601310267496185,4.169761201506855,8.03731666511926,8.164759526239859,7.183258236185021,4.629160112728187,4.626921892985921,4.625041438380496,11.90272178966377,1.6094379124341003,4.6297183979092855,4.3614577889072885,8.199629064482536,1.884034745337226,9.536819991135875,2.6769034721053733,1.4562867329399256,0.9400072584914712,1.5602476682433286,1.430311246536665,1.1346227261911428,1.091923300517313,0.8878912573524571,1.355835153635182,0.9858167945227653,1.6389967146756448,12.9738796102533,4.37518830651336,4.571613402459248,-576.031,9.749327706000189,5.292802185859927,7.291724326745414,8.62534779995844
2018-02-28,0.883767540168595,9.923808189240098,5.523574682287342,5.719603328996342,5.547950938536709,9.528044731476838,6.692432284797984,7.946911448298179,7.837716780632835,7.15305163493748,9.624633068687027,1.1786549963416462,1.2947271675944,1.3532545070416904,1.572773928062509,1.706564623164823,4.146778872070522,8.038555794434144,8.16931516089683,7.187626443157281,4.63143036910207,4.629042950399648,4.626912108106495,11.905339105333661,1.62924053973028,4.6321226821413415,4.370711610550306,8.193538458505639,1.8865926667249295,9.539406680860608,3.0373539482448106,1.4973884086254776,0.9858167945227653,1.6134299337036377,1.4770487243883548,1.1378330018213911,1.1118575154181303,0.9516578757114464,1.4182774069729414,0.9745596399981308,1.6863989535702288,12.979988424087669,4.3783285551992215,4.612145799724517,-563.7240096803956,9.752961130478566,5.299816242671772,7.27897394836171,8.625383698867116
2018-03-31,0.9202827531436926,9.928110644927012,5.5237662585213,5.722970534059247,5.550130004035457,9.532003492943687,6.702063392020604,7.951161149050956,7.845030632936534,7.1846291527173145,9.629287520896968,1.184789984909162,1.269760544863939,1.3190856114264407,1.5830939370944985,1.7298840655099674,4.154655409326203,8.039450405329603,8.17498064799732,7.1922370517700225,4.633942599469143,4.63009691751195,4.629072242268715,11.906864401239769,1.6094379124341003,4.636613618963949,4.370731837931354,8.205792032343863,1.889426174836654,9.543571648068259,3.0430928449138284,1.551808799597464,1.0473189942805592,1.62924053973028,1.4724720573609429,1.1151415906193203,1.0715836162801904,1.0043016091968684,1.4085449700547104,1.0296194171811581,1.6937790608678513,12.97797324144493,4.38339569708012,4.628886712605407,-547.892612953381,9.75667984696413,5.299816242671772,7.292541375881901,8.62939624343573
2018-04-30,0.9895411936137477,9.932167910806292,5.526356912894477,5.725935279297334,5.551524447076631,9.535274875630753,6.710051621949382,7.954202314269555,7.849000832969181,7.152268856032539,9.633822199871146,1.2499017362143359,1.332366019094335,1.3737155789130306,1.5789787049493917,1.7351891177396608,4.208417018481948,8.04141130012236,8.180801151579177,7.197230243242439,4.636087288622813,4.632454559015149,4.630857425724067,11.907848533867023,1.6094379124341003,4.647799506310708,4.378169204346577,8.205846644325746,1.891604804197771,9.54616239725581,2.829087196145044,1.4951487660319727,1.0260415958332743,1.6620303625532709,1.506297153514587,1.1537315878891892,1.1314021114911006,1.0260415958332743,1.4036429994545037,1.0296194171811581,1.7191887763932197,12.983099011217604,4.394987281461181,4.603168183317418,-543.823,9.760177071538465,5.304796332645746,7.287765817617833,8.628412510717043
2018-05-31,0.9932517730102833,9.9361982949415,5.528603349858509,5.729476211970205,5.553521442553928,9.540075680658964,6.713689397144644,7.9569548142011035,7.847560664238223,7.213768308118642,9.63891635458144,1.2237754316221157,1.3029127521808397,1.3428648031925547,1.6094379124341003,1.763017000362401,4.2623981472183505,8.045703172399064,8.186804099260623,7.203407678748653,4.637799997329529,4.63415600857416,4.632590781564083,11.91006265872885,1.5686159179138452,4.63842119277199,4.370317094819565,8.204371072957349,1.8927893564214386,9.549850845620327,2.799108932049177,1.5325568680981427,1.0612565021243408,1.6620303625532709,1.4838746894587547,1.1216775615991057,1.1085626195212777,1.0647107369924282,1.4182774069729414,1.0473189942805592,1.715598108262491,12.994739074947077,4.38588418475118,4.59511985013459,-560.8752189888233,9.764535781883211,5.319099905730565,7.284820912568604,8.630825402083328
2018-06-30,1.0367368849500223,9.939719973152966,5.529500513531953,5.730693762377032,5.554504901931918,9.541900564236375,6.713252687222503,7.959585875173655,7.843020694580531,7.084226422097916,9.643855053397756,1.2584609896100056,1.3164082336557241,1.3480731482996928,1.601405740736836,1.763017000362401,4.232220669556607,8.051143213874997,8.192030662532003,7.209610223123902,4.639125405137229,4.635010501998974,4.633485496968138,11.91149350959015,1.6094379124341003,4.6465577805264955,4.377412254779385,8.20502715127289,1.892866161564139,9.5544902031539,2.8384934971274993,1.5496879080283263,1.095273387402595,1.6882490928583902,1.506297153514587,1.1346227261911428,1.1184149159642893,1.0784095813505903,1.3987168811184478,1.0715836162801904,1.713797927758343,12.989432947022962,4.394046604524196,4.597138014290827,-589.4899903018717,9.769350262106883,5.323985113296614,7.284340687539651,8.634264863002075
2018-07-31,1.0681530811834012,9.942695284835928,5.530277933488923,5.733503076105283,5.55566522370326,9.545082541465364,6.710111331626328,7.962542805443293,7.838540851250704,7.097548850614793,9.649227361180932,1.3001916620664788,1.3480731482996928,1.3762440252663892,1.5830939370944985,1.7561322915849038,4.276388302650885,8.056663581585584,8.196184850057769,7.2151730647267,4.640402185558672,4.636058201521486,4.634787238960214,11.911862645782104,1.5686159179138452,4.647809088930136,4.378235708183434,8.21074954957939,1.8919064178329938,9.557208384779516,2.626840145676667,1.4951487660319727,1.0402767116551463,1.6789639750827108,1.506297153514587,1.1378330018213911,1.0986122886681098,1.095273387402595,1.3887912413184778,1.0647107369924282,1.7119945007591924,12.99458682246217,4.3951415075334666,4.594109238628667,-618.246,9.775006243887576,5.324472324024888,7.2906338884175055,8.636184385843698
2018-08-31,1.0681530811834012,9.944857192099088,5.532056584995613,5.736585200621753,5.556407123696717,9.547883463598888,6.705540535463905,7.965897616366249,7.836998105783911,7.161622002939187,9.65347370670252,1.2864740258376797,1.3190856114264407,1.3506671834767394,1.5851452198650557,1.7526720805200082,4.234975691961846,8.060800831442426,8.198742134531024,7.219226932950859,4.641773665126569,4.636746369422835,4.634884315971482,11.913545521415193,1.5686159179138452,4.654517337868207,4.381008616669347,8.210233154008916,1.8901268324608833,9.559961496120476,2.6290069937617573,1.501852701754163,1.0715836162801904,1.673351238177753,1.501852701754163,1.1249295969854831,1.091923300517313,1.1216775615991057,1.3962446919730587,1.0577902941478545,1.7083778602890038,12.993256468016503,4.401511809626613,4.576770711466393,-635.2351971087518,9.779340559793246,5.320078858329549,7.2924733139455125,8.63778117840483
2018-09-30,1.0818051703517284,9.946550732939144,5.53410859769561,5.7382547523257035,5.558247902668974,9.548154564913963,6.700621199617159,7.969231457674707,7.837718032996532,7.1316985104669115,9.6554491806889,1.3376291891386096,1.3711807233098425,1.3987168811184478,1.6054298910365616,1.7715567619105355,4.265914077990263,8.062822697784295,8.200568562771062,7.222687941178572,4.643130707628386,4.638779028161859,4.636717301486221,11.91412816859194,1.547562508716013,4.654948433271157,4.3815090007245425,8.222150764558164,1.8884952336308378,9.562242946252754,2.574137783515943,1.4539530095937052,1.0438040521731147,1.691939133945844,1.528227857008557,1.144222799920162,1.1085626195212777,1.1537315878891892,1.423108334242607,1.0577902941478545,1.7439688053917064,12.991983584695994,4.401475032571569,4.616110126026426,-639.822671358357,9.781009135810686,5.321056853517526,7.292405247376381,8.637922992203551
2018-10-31,1.1600209167967532,9.948406758012416,5.536436226105201,5.741081470698531,5.560362349281308,9.552801780505346,6.695832291038039,7.972354630461084,7.8392951494856895,7.108244139731541,9.65957991186919,1.3532545070416904,1.3812818192963463,1.423108334242607,1.6370530794670737,1.803358605071407,4.273187854639731,8.062313654325903,8.20298834598511,7.227191799731967,4.644438974908791,4.640489066112446,4.638276087885086,11.915225569735236,1.5686159179138452,4.653290602116843,4.377002786253755,8.221667101608064,1.887978326968598,9.56316390875875,3.101442727976105,1.57069708411767,1.1085626195212777,1.7369512327330598,1.5686159179138452,1.1151415906193203,1.0647107369924282,1.1908875647772805,1.4678743481123135,1.0715836162801904,1.7681496035889213,13.003410908227035,4.399232756711023,4.601162164590552,-634.207,9.784185864310457,5.32593253358101,7.296481063086003,8.636290918043157
2018-11-30,1.1631508098056809,9.950715081713215,5.535734562977192,5.743794541273384,5.562368668705323,9.558451753054372,6.6922654211223245,7.974934304409088,7.840494974218361,7.074963197966044,9.662606365362578,1.33500106673234,1.3454723665996355,1.3887912413184778,1.6524974018945473,1.827769906751088,4.059753117452481,8.059233004066252,8.206722144963772,7.233278716321029,4.6455460835982185,4.640826863196126,4.6401125291856555,11.91587407602073,1.5686159179138452,4.6540803429581,4.374664601286999,8.21349013224361,1.889241201094986,9.563037414545692,2.9481164196123277,1.665818245870208,1.184789984909162,1.763017000362401,1.5623463049002497,1.0885619528146082,1.0188473201992472,1.2149127443642704,1.4724720573609429,1.1314021114911006,1.7595805708638197,13.00773336573935,4.399328588872124,4.590056548178043,-621.4007285664147,9.786768325834295,5.314682720634301,7.291315551702252,8.637727993044974
2018-12-31,1.184789984909162,9.953699834073209,5.536416523185819,5.746624826878675,5.56476175750574,9.55056271102241,6.69049252062324,7.978112880930701,7.841319055526759,6.999422467507961,9.67570827281739,1.247032293786383,1.2556160374777743,1.3056264580524357,1.6134299337036377,1.81319474994812,3.9223692974822906,8.055309509554215,8.211795696272171,7.240110926957906,4.646673454825057,4.641511758390529,4.641839570345103,11.917089727345346,1.589235205116581,4.654389781748102,4.378238217675587,8.230763667531216,1.891314968417481,9.570794167054956,3.2741212990941793,1.8453002361560848,1.2383742310432684,1.7387102481382397,1.5107219394949425,0.9969486348916096,0.9202827531436926,1.2267122912954254,1.410986973710262,1.1939224684724346,1.713797927758343,12.984511809102072,4.398859169333932,4.598145571051127,-606.9202827345881,9.798871204361427,5.308267697401205,7.306665618119627,8.644759327221841
2019-01-31,1.2237754316221157,9.957271560020954,5.535604425247911,5.749386616461217,5.567450974912074,9.55317802059355,6.691479341530868,7.983073351847165,7.841927578411969,7.112327444710911,9.675519883856426,1.2383742310432684,1.2325602611778486,1.2892326482767593,1.5953389880545987,1.8115620965242347,3.958524839079566,8.053153502470954,8.217585895293581,7.2457192595427475,4.64799018317102,4.641637110944751,4.643217133624994,11.918810484903082,1.6094379124341003,4.647844543823609,4.369336453857364,8.226653707115476,1.892660054163788,9.576634899007766,2.866192902199006,1.6808279085207734,1.2178757094949273,1.6863989535702288,1.4655675420143985,1.0473189942805592,0.9932517730102833,1.2296405510745139,1.3962446919730587,1.2267122912954254,1.6974487897568136,12.991938013218263,4.391480555207119,4.523960130562548,-598.587,9.801172395064262,5.2988172415896875,7.302226845615436,8.649869218319784
2019-02-28,1.2237754316221157,9.96097982215136,5.538589384540711,5.752801184135736,5.569054175548616,9.555099604966951,6.695220657101062,7.9897401995534105,7.84240501409582,7.022868086082641,9.680312750733627,1.2584609896100056,1.2584609896100056,1.3164082336557241,1.5665304114228238,1.7833912195575383,4.024458434757935,8.054200729950379,8.223035136425915,7.248717983759816,4.649455724774748,4.643063094922465,4.643996590642763,11.918843803687215,1.5686159179138452,4.642707752675515,4.364403505545117,8.23390146726575,1.8923754267427557,9.57864344639558,2.7587433154177283,1.5933085305042167,1.169381359556317,1.6808279085207734,1.4883995840570443,1.0818051703517284,1.0438040521731147,1.235471471385307,1.3912819026309295,1.184789984909162,1.6770965609079151,12.992824006049343,4.385480662645396,4.551769409260976,-600.6658166511479,9.806558062356155,5.29931686688112,7.301012843982557,8.649448770536708
2019-03-31,1.2267122912954254,9.965579349619851,5.542349230098992,5.755903592969622,5.5705062875592155,9.563887429173567,6.702061912959255,7.998337197303996,7.842674900239833,7.083387847625295,9.683171250782687,1.184789984909162,1.172482137234565,1.2267122912954254,1.5623463049002497,1.7647307968401356,4.080076590424396,8.056986541226053,8.22904142502686,7.250879863454678,4.6512121596276845,4.644929215761439,4.644861942029404,11.920355308387979,1.5686159179138452,4.642813694469267,4.362349299528312,8.226359491132078,1.891398119085139,9.58137965306933,2.688527534613346,1.6193882432872684,1.1817271953786161,1.6193882432872684,1.425515074273172,1.0577902941478545,1.0224509277025458,1.2383742310432684,1.3812818192963463,1.184789984909162,1.6213664832993742,13.009615643312484,4.384676869696558,4.599152113662528,-608.7580776268557,9.810851294614196,5.307277107919509,7.292949650247942,8.648589807024901
2019-04-30,1.2296405510745139,9.970481260359733,5.546087186788511,5.759444213481102,5.5721426252686,9.566566215084231,6.710668044137684,8.006209888552885,7.842419381958154,7.149131598557407,9.683351972736222,1.184789984909162,1.1878434223960523,1.2556160374777743,1.5454325824581878,1.7404661748405046,4.172231100879172,8.058763603794548,8.234608770499399,7.253512844628017,4.652797769860959,4.647951859083368,4.647022050010651,11.92240251446825,1.547562508716013,4.637393396703853,4.356167654641385,8.236738273388914,1.8913030995643165,9.585030071410563,2.647592232065096,1.5539252025038417,1.144222799920162,1.6054298910365616,1.43746264769429,1.0818051703517284,1.0473189942805592,1.2325602611778486,1.3711807233098425,1.1537315878891892,1.6486586255873816,13.009942439969533,4.378316008808944,4.58700621536042,-615.022,9.812637909728712,5.313698468586339,7.300945356214689,8.647203391913784
2019-05-31,1.220829921392359,9.97585113191291,5.546333026537353,5.762145717953116,5.572978787030993,9.57093362928881,6.720509518386004,8.012399269593706,7.841405718413168,7.165493475060845,9.683576271802583,1.0818051703517284,1.0750024230289759,1.144222799920162,1.541159071680806,1.728109442151599,4.124388683570477,8.05744553527029,8.239907457330956,7.258052924259031,4.654117032622075,4.648478686588285,4.6480476665487584,11.92265480165207,1.5260563034950492,4.638775160355737,4.357076707731012,8.238616208213115,1.8927225456745593,9.591000361165376,2.9811261211646287,1.7209792871670078,1.2149127443642704,1.5789787049493917,1.3812818192963463,1.007957920399979,0.9477893989335261,1.2237754316221157,1.3402504226184837,1.172482137234565,1.6074359097634274,13.015946748699838,4.3787186693846945,4.61512051684126,-613.4375016620023,9.813453429832148,5.311727053457954,7.303035362031936,8.654674273737038
2019-06-30,1.2178757094949273,9.980764785329129,5.546009129783441,5.765031215395386,5.574959977759413,9.57444167214304,6.728638731612106,8.016003626930738,7.839717067413566,7.126087273299125,9.685717040558425,1.0116009116784799,1.0152306797290584,1.0986122886681098,1.4861396960896067,1.6974487897568136,4.019261756097745,8.052850777734863,8.244508356998846,7.263408522296811,4.655124442722288,4.648890376677635,4.650009699460783,11.924008098529098,1.5260563034950492,4.6399821564401345,4.361987179336155,8.254892924900833,1.8925332072055538,9.59927628924424,2.77757626375082,1.623340817603092,1.1969481893889715,1.5173226235262949,1.3217558399823195,0.9895411936137477,0.9282193027394289,1.169381359556317,1.2725655957915476,1.220829921392359,1.5539252025038417,13.015690890377208,4.378936866251801,4.597138014290827,-603.2556665897366,9.815284556759847,5.304796332645746,7.314885666409363,8.663282897288132
2019-07-31,1.2237754316221157,9.984850096534698,5.548305359947473,5.767623877863522,5.577009147161685,9.58002630470705,6.732929161070156,8.016956638360062,7.8373155794153115,7.123672785204607,9.688293569507614,1.0612565021243408,1.0438040521731147,1.1052568313867783,1.4562867329399256,1.6639260977181702,4.066459358732565,8.044835754136605,8.248653659170033,7.268614855121802,4.65598686681344,4.6502200305418,4.651156422824789,11.92460455954486,1.547562508716013,4.6347843265042705,4.355137079321068,8.256866848974312,1.8866150002407338,9.605324074902835,2.840247370713596,1.5953389880545987,1.1410330045520618,1.5107219394949425,1.324418957401803,1.0152306797290584,0.9400072584914712,1.1474024528375417,1.2725655957915476,1.169381359556317,1.55814461804655,13.024137350647102,4.372770175536047,4.599152113662528,-584.258,9.816272518446162,5.3067814449601665,7.321122416986156,8.666509346596207
2019-08-31,1.1410330045520618,9.987617947025933,5.54921615290625,5.769476577851563,5.579265567291434,9.583743614458433,6.732124207858992,8.01518533818726,7.834709081199078,7.226936018493289,9.694468775267314,0.9162907318741551,0.8712933659434193,0.9162907318741551,1.3812818192963463,1.5830939370944985,4.021953064800342,8.034381433945132,8.252245270134548,7.272369915275896,4.656802112978149,4.650726555647125,4.652158728210895,11.926067695086308,1.5260563034950492,4.642286763923762,4.3622485820757415,8.257204103981206,1.873717999915325,9.610196445486482,2.9947317732204075,1.6351056591826783,1.1817271953786161,1.43746264769429,1.208960345836975,0.9360933591703349,0.8544153281560676,1.095273387402595,1.1378330018213911,1.1755733298042381,1.5216989981260935,13.0304300894772,4.379267832676775,4.508659285607248,-558.4292926218715,9.82144200718823,5.29931686688112,7.319467499850768,8.671063832036177
2019-09-30,1.1118575154181303,9.990215275818947,5.55074783848714,5.772798456987206,5.581192906105731,9.585799777997941,6.732252978489774,8.012541579578167,7.833887884094256,7.179307969504034,9.697729493914256,0.9669838461896731,0.9360933591703349,0.9858167945227653,1.3937663759585914,1.5912739418064292,4.059580569785761,8.025610613804686,8.255742541426933,7.274313995204419,4.657798852490872,4.6516147442306925,4.6529026481307545,11.927409777498553,1.5040773967762742,4.639186031132025,4.355338657667357,8.269680100318016,1.8653863030689612,9.616225391909035,2.847232265235547,1.6134299337036377,1.1631508098056809,1.4586150226995167,1.2499017362143359,0.9282193027394289,0.8544153281560676,1.0750024230289759,1.1505720275988207,1.1662709371419244,1.534714366238164,13.021948390213591,4.3752726276308795,4.545420181582317,-533.5617681897797,9.824195396461592,5.295312857527738,7.328043315981939,8.675614738094142
2019-10-31,1.0402767116551463,9.994396698345705,5.553560179722246,5.774122882252855,5.583383520466449,9.587748882301822,6.740984972232028,8.010998163208269,7.837137146787564,7.189922170745808,9.701420326823834,0.9242589015233319,0.9202827531436926,0.9895411936137477,1.3887912413184778,1.5933085305042167,4.006605647914094,8.022598136460566,8.260064895310723,7.274448373256423,4.65933634973182,4.653588852589418,4.654417388556704,11.928070240242743,1.5260563034950492,4.630719017284441,4.347083161075679,8.27484133616073,1.8756409532087572,9.624606636037417,2.6546494243750947,1.6389967146756448,1.1568811967920856,1.4398351280479207,1.2412685890696329,0.9321640810304452,0.8919980393051105,0.9858167945227653,1.1600209167967532,1.1662709371419244,1.5644405465033644,13.024455025271543,4.366017926356954,4.56954300834494,-516.146,9.828252021850222,5.296315363877364,7.332957652773334,8.681707129560227
2019-11-30,0.9360933591703349,9.99979069138739,5.556360771069094,5.776447263063909,5.585554339957934,9.59421405384087,6.760842351260837,8.011306468231865,7.842877936939799,7.21081845347222,9.705573055267694,0.959350221334602,0.9631743177730056,1.0224509277025458,1.4011829736136414,1.597365331199831,4.060960118202517,8.026156513337137,8.265451022276597,7.273603196904867,4.661385429792178,4.653931778320781,4.6545887241178185,11.929442607064761,1.5260563034950492,4.636178422728651,4.35605989823234,8.282027664874702,1.9060150589533145,9.631160322135647,2.611539300721366,1.6134299337036377,1.1249295969854831,1.4469189829363254,1.2556160374777743,0.959350221334602,0.9162907318741551,0.9439058989071284,1.1878434223960523,1.1410330045520618,1.5432981099295553,13.03153673152354,4.370771027317861,4.582924577040772,-512.4326373572769,9.832619710103506,5.298317366548036,7.335503595330759,8.685348208292615
2019-12-31,0.9360933591703349,9.99984972413505,5.559257540556812,5.778416736866441,5.587323561961949,9.598476191562526,6.779584592196865,8.008078260169253,7.834797759438545,7.3453648404168685,9.702362309338362,0.9477893989335261,0.9895411936137477,1.0715836162801904,1.3887912413184778,1.5851452198650557,4.1089047135534305,8.020623229066082,8.272242299179924,7.276760735782739,4.663262646478851,4.656642464357053,4.656613969051653,11.930273029573433,1.5260563034950492,4.634166694249672,4.358006702033613,8.28883607304914,1.9151952010899655,9.635261642139618,2.6932749155200555,1.5260563034950492,1.091923300517313,1.4327007339340463,1.2669476034873244,1.0188473201992472,0.9858167945227653,0.9439058989071284,1.1939224684724346,1.1052568313867783,1.556037135706985,13.032994314164549,4.368220517320799,4.60816569496789,-516.0497203204853,9.830099321306754,5.298317366548036,7.346590686565407,8.686446394706065
2020-01-31,0.9360933591703349,9.985413700805978,5.560320027183203,5.782029725307157,5.589859479448716,9.603510201990195,6.779337645915614,7.994032468830347,7.790324167170094,7.364547014255642,9.71466088330265,0.8458682675776092,0.8415671856782186,0.9202827531436926,1.3711807233098425,1.5623463049002497,4.069368576151923,7.984503957988214,8.280116269968984,7.2901093731132,4.6638352420502045,4.658312769386177,4.658473958010402,11.931938385623662,1.5260563034950492,4.628273243221538,4.355771207775147,8.284352777123164,1.8453002361560848,9.641330266647094,2.987700101856727,1.6154199841116479,1.1410330045520618,1.3686394258811698,1.1878434223960523,0.9745596399981308,0.9555114450274363,0.9360933591703349,1.169381359556317,1.1019400787607843,1.506297153514587,13.031170908181464,4.36195784696016,4.613138355637268,-518.021,9.842808241724278,5.299816242671772,7.337782909918554,8.689733736355088
2020-02-29,0.9477893989335261,9.954331348368166,5.561627337540266,5.785328666914761,5.5924858566345925,9.60317268798016,6.752742186822249,7.967275672846841,7.700608899075828,7.338238150065589,9.719642836323601,0.86,0.89,0.7561219797213337,1.3297240096314962,1.528227857008557,3.942358205224219,7.909583788495652,8.288043587278702,7.3141567859890175,4.662643723690295,4.659194248432302,4.660264248297663,11.933673196609549,1.5040773967762742,4.631537493055506,4.358078401214608,8.297643175612158,1.6547195798950194,9.643829123990566,3.716251400909787,1.801709800081223,1.2178757094949273,1.33500106673234,1.1216775615991057,0.8796267475025635,0.8458682675776092,0.9321640810304452,1.0885619528146082,1.1346227261911428,1.4929040961781488,13.031129279081403,4.365054672262985,4.624972813284271,-513.5644885070176,9.848323618985619,5.286750730176571,7.3370020157550995,8.69178495014825
2020-03-31,0.65,9.917187587274485,5.557407044635715,5.785316377637463,5.591240679669787,9.531988993991236,6.716510836448485,7.934526423134311,7.582174311914733,7.133295954896068,9.70258849766862,0.23,0.37,0.7,1.3912819026309295,1.665818245870208,3.4081729953985804,7.814336850681328,8.295420261982661,7.34209736376661,4.660813308487592,4.656224451810591,4.659525786725642,11.924366017828747,1.6863989535702288,4.591132111684164,4.312128442793777,8.344457542645873,1.3229192572647495,9.673080183458701,3.9989343774174424,2.2793164660546914,1.5953389880545987,1.7209792871670078,1.1249295969854831,0.87,0.49,0.3,0.9001613499442714,1.4861396960896067,1.5040773967762742,12.969671299965883,4.3248304260020705,4.500920164614292,-512.9526131308396,9.829754894558613,5.268373490174964,7.409499794011935,8.729752931270802
2020-04-30,0.05,9.899185461800021,5.549566237124528,5.785150457610536,5.586484321425332,9.411589990738989,6.704188839341292,7.9140391712413285,7.502380176453106,6.837332814685591,9.836364360679829,0.2,0.36,0.64,1.2325602611778486,1.6351056591826783,2.865053949911875,7.759395696803459,8.299550731315883,7.359335229744616,4.660235856010899,4.6520156032195965,4.656214949494401,11.77853062590092,2.760009940032921,4.450633431643657,4.148134903059264,8.468381027004803,0.9508853766386541,9.737084619464106,3.5596246182566738,2.1552445050953364,1.4422019930581866,1.4861396960896067,1.0438040521731147,0.7275486072772778,0.72,0.14,0.8197798314933114,1.4973884086254776,1.4422019930581866,12.83978558923429,4.185071527854979,4.28771595520264,-531.137,9.94039308773197,5.2284312390838705,7.534067971354859,8.799676775109173
2020-05-31,0.05,9.915443266495583,5.548484470237058,5.787363530371088,5.585227891433528,9.491933947087405,6.7375949255342205,7.916646010417795,7.512368965320555,6.960347729101308,9.785103711432292,0.16,0.3,0.65,1.252762968495368,1.599387576580599,3.386422096080001,7.787087899851412,8.299438980672017,7.358872470937449,4.66214381120716,4.652912181973512,4.657421021786504,11.79841263037494,2.653241964607215,4.466032248881143,4.191333634927001,9.692501053888376,0.7357422113247062,9.787043619880974,3.3502549029245805,2.020222182019865,1.4060969884160703,1.3962446919730587,0.9360933591703349,0.7654678421395714,0.83,0.13,0.8671004876833833,1.4539530095937052,1.423108334242607,13.002964787442576,4.2009348214352755,4.294560608892605,-578.7463258010469,9.89737893285172,5.244916589820922,8.756320322031645,8.850546282843581
2020-06-30,0.08,9.949919731364584,5.552975088677402,5.788408508976702,5.586645480270209,9.548817739834604,6.795187997330444,7.9344543628764,7.579696412768601,7.134890851565884,9.78399993991354,0.16,0.29,0.66,1.235471471385307,1.534714366238164,3.671478939433769,7.862119020766714,8.296642688566928,7.346824901444405,4.665494680924784,4.655853794555008,4.658966844343733,11.832513098432994,2.4849066497880004,4.529093353823968,4.266050247295245,9.71328905393161,0.7411784814908448,9.804230594438787,3.447762850809476,2.0068708488450007,1.3686394258811698,1.3029127521808397,0.9669838461896731,0.8501509293696101,0.7701082216960736,0.16,0.9122827104766162,1.3635373739972745,1.4182774069729414,13.06856589752835,4.264565422226854,4.370712874773608,-638.9833115614136,9.899574908116165,5.258536496536192,8.771835409789817,8.862242822502337
2020-07-31,0.09,9.982697913905568,5.558402111807713,5.790779407097064,5.5923778039122105,9.567042315550422,6.853200883506221,7.955587825582653,7.653294225388889,7.329093736246592,9.796531319954536,0.11,0.21,0.55,1.144222799920162,1.4609379041156565,3.730740908208854,7.938561134923543,8.293295856078219,7.332191950194032,4.66901784353436,4.659099503013172,4.662618002391523,11.843961523743884,2.4159137783010487,4.5643867323917915,4.301193406287833,9.727937020527873,0.8228587870816025,9.814721910450139,3.2371085931292605,1.8180767775454285,1.2809338454620642,1.208960345836975,0.8796267475025635,0.9360933591703349,0.8754687373538999,0.13,0.8372475245337022,1.3056264580524357,1.3837912309017721,13.081785103181868,4.3008043774385385,4.297285406218791,-695.747,9.91306652731645,5.267858159063328,8.778402943536904,8.865057434876352
2020-08-31,0.1,9.997543342851642,5.562088333453249,5.792339600804254,5.596160143762447,9.577023070861863,6.892123132941471,7.9696881621320665,7.69594730084212,7.2456550675945355,9.76009051118709,0.14,0.28,0.72,1.1786549963416462,1.451613827240533,3.769075996108213,7.983051993806499,8.29167128122621,7.324069799707322,4.671513617482063,4.662202480764254,4.665597141210949,11.854918150122819,2.2407096892759584,4.5739828784513135,4.317484113528311,9.733766277717912,0.8526563612913354,9.816850650876404,3.3109079103146946,1.7950872593207297,1.3001916620664788,1.2178757094949273,0.9555114450274363,1.0296194171811581,0.9895411936137477,0.1,0.8586616190375187,1.2864740258376797,1.3635373739972745,13.08620548901095,4.311703414379526,4.318820558770089,-731.4456536469958,9.883039917267023,5.274536837882633,8.782077355192014,8.865283391663079
2020-09-30,0.09,10.000007642336179,5.564332650233833,5.793019705926529,5.598051520023959,9.592605086913911,6.916063649203905,7.977613147627927,7.715031322249621,7.288927694521257,9.766756761576357,0.13,0.28,0.69,1.1969481893889715,1.4724720573609429,3.7045067099996354,8.003542053357478,8.293101329706094,7.324682530670233,4.673459588723108,4.663891821804098,4.667111587528274,11.86232097802478,2.174751721484161,4.573590763668102,4.31893107197087,9.751198472190143,0.8385017729361904,9.83036294287683,3.309447523052588,1.8578592709325787,1.3217558399823195,1.235471471385307,0.9631743177730056,0.9669838461896731,0.9162907318741551,0.11,0.883767540168595,1.3029127521808397,1.3609765531356006,13.10498728369282,4.312868124469595,4.399375273008495,-749.741434248966,9.890701153841748,5.280662431309316,8.795779018180257,8.87527314786247
2020-10-31,0.09,9.999956242826139,5.565473975520499,5.794189745731669,5.599458458683974,9.59584083966475,6.935073709386147,7.983329552125542,7.726398341250055,7.342131730584722,9.764690894124463,0.14,0.38,0.88,1.208960345836975,1.4906543764441333,3.6988297849671046,8.015684364529807,8.298869008268742,7.33460020134554,4.675908200493433,4.664608221736704,4.667863255326515,11.867055172541233,2.0541237336955462,4.580114907642444,4.32874847701102,9.759282253054735,0.811818710277444,9.835749250890084,3.6640743351949654,1.843719208158766,1.2837077723447896,1.2383742310432684,0.9969486348916096,0.9932517730102833,0.9516578757114464,0.1,0.9439058989071284,1.2947271675944,1.3376291891386096,13.101560490014776,4.3211188477699976,4.416428061391214,-760.659,9.891389667337991,5.285738584341177,8.805929707746623,8.882266767897256
2020-11-30,0.09,10.004687537742175,5.567943660075221,5.795297583491974,5.601997042247272,9.594023294755392,6.95368367793298,7.989165990353383,7.739841921141622,7.348587530927593,9.753588654394456,0.16,0.36,0.84,1.1939224684724346,1.4586150226995167,3.7362400254737738,8.028986084711233,8.308866482186616,7.352117555262886,4.679368458904383,4.665295859821269,4.66863312889873,11.868934187032442,2.0412203288596382,4.58448675089459,4.335621374359107,9.773555389193604,0.799697572745306,9.847451449845819,3.071303460401065,1.673351238177753,1.1908875647772805,1.1474024528375417,0.9360933591703349,1.0188473201992472,0.9858167945227653,0.09,0.9631743177730056,1.2325602611778486,1.3137236682850553,13.096610603041006,4.327380356893852,4.355425952876702,-770.5191596051491,9.883866308788958,5.294811227218749,8.817594036275793,8.891236429516061
2020-12-31,0.09,10.014135528151254,5.572173043403894,5.7964953449766625,5.603372647057163,9.602571631047377,6.972226034040863,7.996221071700242,7.757181119027443,7.400009517162692,9.760707811182751,0.13,0.36,0.93,1.1817271953786161,1.425515074273172,3.8716175907931074,8.045458495787308,8.320558899846871,7.371597373396592,4.683869568015524,4.670086760654421,4.671884463450295,11.867230603136077,2.0412203288596382,4.597177328034161,4.343721002706072,9.7841013575062,0.7998605871739344,9.854454858958817,3.1675825304806504,1.5810384379124023,1.1568811967920856,1.1184149159642893,0.9360933591703349,1.095273387402595,1.0818051703517284,0.09,0.9820784724121582,1.172482137234565,1.3001916620664788,13.113391247956125,4.342051937345958,4.403054001865957,-781.2914687127974,9.892234473474886,5.305789381386738,8.8240747681456,8.894245107487494
2021-01-31,0.09,10.0257576175141,5.57412167684376,5.797718984134581,5.603674805279823,9.61902030698629,6.987548417054232,8.004488135957759,7.776446517556881,7.402451520818244,9.863441298717904,0.11,0.45,0.7466879474879752,1.2383742310432684,1.4445632692438664,3.970291913552122,8.06344236688348,8.32962187873606,7.384574380045939,4.688876942061084,4.674183057275045,4.675321053405543,11.870019321152974,2.0014800002101243,4.603303444710265,4.354224975252284,9.799686930722157,0.8033459728580209,9.867782651665351,3.5290040861498118,1.5769147207285403,1.1537315878891892,1.1505720275988207,0.9858167945227653,1.1410330045520618,1.1662709371419244,0.08,1.0367368849500223,1.1505720275988207,1.3164082336557241,13.145482069103958,4.350288258886669,4.382026634673881,-792.417,9.987916013334514,5.326904823399949,8.836620993428191,8.904032579401203
2021-02-28,0.08,10.036311235784003,5.578155001695478,5.799544067709747,5.605114329859499,9.612413065681345,6.9972560038362595,8.012872523243777,7.794072422675917,7.249925536717988,9.780347694692988,0.14,0.75,0.8919980393051105,1.308332819650179,1.4861396960896067,4.095011006765261,8.079924216441112,8.333154209791648,7.386058726151145,4.693515973533696,4.677695477792316,4.677481545198869,11.873699994114407,1.9740810260220096,4.5696176169606115,4.314779114175377,9.83227771996466,0.8028384808012348,9.901478755350578,3.3655702040190043,1.5195132049061133,1.1378330018213911,1.2149127443642704,1.0885619528146082,1.1474024528375417,1.220829921392359,0.04,1.1118575154181303,1.1505720275988207,1.3787660946990992,13.118758889034217,4.318803248367269,4.354141431184346,-802.8118997206036,9.91615695563679,5.354697699984144,8.846813435231072,8.91216342043175
2021-03-31,0.07,10.04708433804942,5.5831579056651615,5.801961263337727,5.607495484594704,9.658775565803827,7.005157625619081,8.021736653427823,7.811468718942159,7.419979923661835,9.99237258979423,0.16,0.92,1.007957920399979,1.3962446919730587,1.556037135706985,4.148359150528339,8.097040298131937,8.333650607484225,7.3797324341911334,4.698637450535997,4.682742151582976,4.6816218381484225,11.879476479579168,1.9600947840472698,4.597066439148742,4.346043175953584,9.901649069110203,0.7989789123237594,9.977150159551588,3.0155349008501706,1.4724720573609429,1.1085626195212777,1.2669476034873244,1.1346227261911428,1.2149127443642704,1.264126727145683,0.03,1.205970806988609,1.1410330045520618,1.4279160358107101,13.219424750247402,4.3482823982097205,4.45318382899021,-815.9794205991826,10.105317575718125,5.375278407684165,8.856603963452967,8.919319398258887
2021-04-30,0.07,10.055923706260293,5.590061178954489,5.805842549847348,5.615552173261787,9.671246494111182,7.01243416238147,8.028179612622289,7.823753968215991,7.30854279753919,9.83296315171376,0.16,0.86,0.9745596399981308,1.3609765531356006,1.5260563034950492,4.138680376042152,8.11110018622195,8.333555889409059,7.371147727452688,4.703494002043789,4.688242146991168,4.687616157354789,11.881685094069978,1.9600947840472698,4.598464754749088,4.347212597844703,10.009032201534172,0.7948008342864451,10.095790607200703,2.976039640208255,1.4539530095937052,1.085189268335969,1.2383742310432684,1.1118575154181303,1.2267122912954254,1.2725655957915476,0.02,1.1939224684724346,1.0885619528146082,1.3812818192963463,13.225679604928326,4.351808377539749,4.492001487882454,-831.972,9.96670645335768,5.388615004528817,8.868342899312132,8.928706638058605
2021-05-31,0.06,10.063193188491221,5.59639026687933,5.809024983351479,5.622189120907777,9.673508190212637,7.021479350137419,8.03155630245143,7.830851264621107,7.382746449738912,9.808874629591731,0.14,0.79,0.9477893989335261,1.3762440252663892,1.5303947050936475,4.192227188023968,8.122473799912571,8.335271680325652,7.364754488475077,4.7083669994069774,4.693245163820426,4.69287881983765,11.884799318083303,1.916922612182061,4.607035445309819,4.358793831043735,10.161086128785154,0.7924722736624691,10.26314759485594,2.876948737564024,1.4678743481123135,1.095273387402595,1.2178757094949273,1.091923300517313,1.2296405510745139,1.2725655957915476,0.02,1.199964782928397,1.0986122886681098,1.3737155789130306,13.20907304221675,4.3624219627832375,4.429625613473161,-852.2750260031358,9.947537930214997,5.420092423473958,8.878748208404913,8.937362987059018
2021-06-30,0.08,10.069965707726734,5.604566008573656,5.813551259601692,5.629723219264516,9.687164439066159,7.031057728922209,8.033295723149221,7.837396677857126,7.40184157874383,9.80900103343018,0.25,0.87,0.8960880245566356,1.332366019094335,1.4906543764441333,4.281930018135596,8.132945375378458,8.338687041787933,7.362176683894085,4.713075710865564,4.698250609004103,4.697339073459468,11.890148836458353,1.9315214116032138,4.6116322617295475,4.360387947851531,10.340959089288887,0.7920999583286964,10.45899451301668,2.8231630082027146,1.3962446919730587,1.0543120297715298,1.1878434223960523,1.0577902941478545,1.199964782928397,1.244154593958768,0.04,1.1505720275988207,1.0715836162801904,1.3912819026309295,13.215296188050155,4.368965457652338,4.460144413937834,-871.2131044977053,9.949192008419832,5.437644431769136,8.873706122231553,8.931287626222456
2021-07-31,0.1,10.078699437066549,5.609449816921462,5.818315791246362,5.63340292789362,9.689786777548502,7.040541644142609,8.035886886911701,7.8504807148799225,7.3783837129967145,9.819763493663443,0.19,0.69,0.8064758658669484,1.2725655957915476,1.4445632692438664,4.29714934254078,8.146490314492862,8.343441765913333,7.363547147868027,4.718114869004222,4.703022586155596,4.701570680274407,11.89656750606783,1.8562979903656263,4.61578168436045,4.3694238015448885,10.549944488727519,0.7929925155296614,10.683581045414261,2.9569914452375605,1.463255402256019,1.0818051703517284,1.1568811967920856,1.0188473201992472,1.2237754316221157,1.269760544863939,0.05,1.0784095813505903,1.0715836162801904,1.33500106673234,13.19527549194814,4.374910122261704,4.409155302062135,-884.277,9.95974973154426,5.450394469428386,8.87739590545031,8.933782858193918
2021-08-31,0.09,10.090339304597393,5.612357736736853,5.8203469904409175,5.634764602856745,9.6993252128172,7.048889173392571,8.041250118476395,7.873728736476387,7.3752557780097545,9.821328022641154,0.2,0.77,0.832909122935104,1.2669476034873244,1.4445632692438664,4.230185785133514,8.165062481198175,8.348837141591394,7.368729876562727,4.723475647143343,4.707185111394821,4.7046353582073674,11.899730892369847,1.8082887711792655,4.615528354456272,4.367330422420018,10.771700297218011,0.7945007544779559,10.918844003973225,2.8610573702273894,1.43746264769429,1.0784095813505903,1.1755733298042381,1.0296194171811581,1.2029723039923526,1.247032293786383,0.05,1.0715836162801904,1.085189268335969,1.3532545070416904,13.20328139419074,4.3763040418287895,4.26689632742025,-888.596807668209,9.962147893474246,5.457093048829443,8.886049638657015,8.94102198354136
2021-09-30,0.08,10.102353560024861,5.616360104129388,5.824051307047146,5.6373221079559315,9.705030516232725,7.057174111817616,8.049344037109963,7.8994647501181925,7.355001921105257,9.81095002537549,0.28,0.98,0.9242589015233319,1.2612978709452054,1.4422019930581866,4.285653390016292,8.186535192722888,8.35405688333272,7.3750210866449075,4.728975332457334,4.710394692397079,4.706679294489752,11.90298586076137,1.7404661748405046,4.605125184975561,4.358589109132145,10.990278825467444,0.7958969158532788,11.148186829653046,3.1838702156693857,1.423108334242607,1.0473189942805592,1.2178757094949273,1.0784095813505903,1.2149127443642704,1.2556160374777743,0.04,1.0784095813505903,1.0508216248317612,1.3887912413184778,13.20987412968536,4.3673494498277305,4.301358731606427,-896.414998239616,9.95476034671355,5.466700567544634,8.889211816702975,8.943231871396494
2021-10-31,0.08,10.112759455872835,5.625583067060748,5.8285661338506465,5.644113854058279,9.718049143400567,7.067740902367909,8.060543204096017,7.920855429876013,7.370230641807081,9.816403445629014,0.48,0.7793248768009976,0.9360933591703349,1.3029127521808397,1.4701758451005926,4.412555839708705,8.210237231860543,8.358818134793653,7.3799178260867135,4.734952057937431,4.716783114511592,4.71148324782972,11.908791313925676,1.7047480922384253,4.618621312591914,4.372871100386227,11.214361876792204,0.7966058889281753,11.381168369888098,2.848391685655282,1.423108334242607,0.9895411936137477,1.244154593958768,1.0885619528146082,1.2556160374777743,1.358409157630355,0.05,1.1184149159642893,1.0188473201992472,1.420695787837223,13.227656290777173,4.382006634473879,4.286341384539473,-924.289,9.961869661799783,5.486724535053385,8.889680459027195,8.942552425902386
2021-11-30,0.08,10.119115912586297,5.6340714882435785,5.833230541843087,5.65035708440536,9.72571164859002,7.080768275621561,8.073700757394478,7.931627443822367,7.4413203897176174,9.819725436430797,0.52,0.76080582903376,0.8878912573524571,1.2864740258376797,1.4539530095937052,4.383899879055562,8.23295838141783,8.362518537158746,7.381159888288549,4.741028024961531,4.722899886888869,4.71651476139306,11.913029561836215,1.62924053973028,4.627600729833898,4.381985383823077,11.425950752177776,0.7962216743321655,11.59954897797936,3.338967305126021,1.541159071680806,1.0331844833456545,1.2669476034873244,1.0986122886681098,1.252762968495368,1.33500106673234,0.05,1.0784095813505903,1.000631880307906,1.410986973710262,13.239570247108984,4.391921270906826,4.225372824628505,-978.9960897045856,9.966401316971085,5.498343763585437,8.89056201392664,8.942238679903342
2021-12-31,0.08,10.123415410175076,5.64122598798994,5.837258032388652,5.656764239692572,9.729146070082393,7.094668663330924,8.088201376244314,7.93882295088918,7.471932078245122,9.82147999915022,0.73,0.8153648132841945,0.9242589015233319,1.2947271675944,1.4586150226995167,4.286478926661966,8.255334812789993,8.366375179224445,7.380248878419771,4.747764269802913,4.7295094602436984,4.722473106407597,11.91681600075644,1.589235205116581,4.626880795848918,4.382800085483673,11.637057638419126,0.7955366600174787,11.81616741731144,2.9025198918318122,1.410986973710262,1.0473189942805592,1.2809338454620642,1.1085626195212777,1.269760544863939,1.3532545070416904,0.06,1.0473189942805592,1.0438040521731147,1.413423028508143,13.2323812308082,4.39191136931626,4.2710950739666,-1044.0428206483855,9.968989671763904,5.49033344590145,8.892693815004929,8.943466956550642
2022-01-31,0.08,10.127835018853755,5.6468240408189185,5.840377087494153,5.662304014709661,9.73445332686895,7.105794332893071,8.101910144690667,7.95107153614627,7.44600149832412,9.805951898199366,0.7793248768009976,0.9631743177730056,1.0260415958332743,1.3686394258811698,1.5216989981260935,4.433432422733782,8.275959750233364,8.371567007941236,7.379436874654472,4.755157927083112,4.734697322268228,4.727148852108999,11.918490568078726,1.6094379124341003,4.627074524709351,4.377237685941991,11.839479923167882,0.7957037688850374,12.022905858844409,3.251536607107749,1.5325568680981427,1.0750024230289759,1.3987168811184478,1.235471471385307,1.235471471385307,1.3402504226184837,0.15,1.1314021114911006,1.0367368849500223,1.5151272329628591,13.255715253916799,4.3925597164868,4.222444564849416,-1089.677,9.966265149155781,5.51122066498575,8.890203975970792,8.940550606588202
2022-02-28,0.08,10.133477095878577,5.654364613526245,5.8456928321716095,5.667419274919894,9.741009798661214,7.111167692821263,8.112575801705965,7.971503147525988,7.463363045520021,9.812610531745538,0.8919980393051105,0.9969486348916096,1.0402767116551463,1.4469189829363254,1.6034198401085376,4.528721013824685,8.292315922115266,8.378089912404615,7.38034846666407,4.762396942525939,4.740539887886254,4.731238801231248,11.9242202143186,1.5686159179138452,4.633230779095968,4.3859850398405555,12.014557884730246,0.797341957605444,12.201085281793416,3.4388142452334622,1.5623463049002497,1.205970806988609,1.4883995840570443,1.2837077723447896,1.2864740258376797,1.413423028508143,0.31,1.1786549963416462,1.1118575154181303,1.5871923034867808,13.261446828786957,4.3988468779041305,4.155753190350744,-1095.86292078747,9.972416421974993,5.535994787639283,8.886422992275623,8.935574524790947
2022-03-31,0.2,10.140945891043243,5.6648787779145735,5.850378979126818,5.670022292297752,9.75293206890581,7.110976795589882,8.123023929762669,7.998662184162451,7.425953657077541,9.816959694995763,1.1878434223960523,1.2296405510745139,1.199964782928397,1.4883995840570443,1.665818245870208,4.695924549256556,8.305740554764743,8.386152617856407,7.382879665670598,4.770226710520723,4.748802888166934,4.735145262409837,11.927489056063653,1.5260563034950492,4.641243644033328,4.395139040103541,12.199872034098043,0.8005922658638557,12.389150386469982,3.070839746040796,1.4883995840570443,1.0750024230289759,1.5871923034867808,1.3887912413184778,1.3454723665996355,1.4678743481123135,0.45,1.2267122912954254,1.1505720275988207,1.7351891177396608,13.280926593373433,4.40670583254013,4.100989104940769,-1070.065780539395,9.976342954837376,5.564574045730872,8.881350075702725,8.929925165116307
2022-04-30,0.33,10.148207568730694,5.669066798567707,5.855776544957668,5.675091462442617,9.75912629952857,7.104016722509777,8.132714421506696,8.021345502919788,7.511524648390866,9.820893676732108,1.308332819650179,1.366091653802371,1.358409157630355,1.5602476682433286,1.7334238922150915,4.632590781564083,8.311604399698336,8.393142655951573,7.386015354773653,4.77663299944717,4.751769569262508,4.738371524150632,11.92928435313281,1.547562508716013,4.643451996972184,4.394539274068354,12.370960703702263,0.8046885552928528,12.562369918785885,3.5380565643793527,1.6034198401085376,1.1151415906193203,1.7209792871670078,1.528227857008557,1.355835153635182,1.4586150226995167,0.76,1.3376291891386096,1.0681530811834012,1.8082887711792655,13.291501749968031,4.408495717187255,4.192680462942962,-1025.567,9.979628813299684,5.584661043748338,8.877995605618208,8.925786734198933
2022-05-31,0.77,10.154783788191518,5.677982499165789,5.861845491303375,5.680418312617861,9.763409060064273,7.089571593670598,8.142854522420206,8.034778952860142,7.340186835320115,9.825401679013183,1.2612978709452054,1.3376291891386096,1.3480731482996928,1.6351056591826783,1.8115620965242347,4.705467907303455,8.308761021289211,8.39836078388094,7.3894515272091414,4.78133501706444,4.7574276462341665,4.7419363411225435,11.931168585437607,1.5260563034950492,4.644062960760075,4.392028944374146,12.539650014136653,0.8094900150645578,12.732835821033623,3.3028492586443794,1.6524974018945473,1.1568811967920856,1.7191887763932197,1.5129270120532565,1.2919836816486494,1.3762440252663892,0.99,1.4036429994545037,1.169381359556317,1.8082887711792655,13.28666182262439,4.408380062468809,4.084294226368599,-972.8238446434166,9.983134797409173,5.614043745456804,8.867497888347126,8.915418824312933
2022-06-30,0.7929925155296614,10.160362569208042,5.690345940719238,5.867993804569483,5.686880436580845,9.77286620732769,7.070373709832828,8.15181766203505,8.038492959355281,7.341483852363161,9.830734047293198,1.366091653802371,1.3887912413184778,1.3812818192963463,1.6563214983329508,1.8357763546448294,4.752209928637407,8.299979549096218,8.402430052889995,7.393865196547501,4.784550198450198,4.766395779487311,4.747511407855852,11.933929220559035,1.5260563034950492,4.642681747065044,4.388310599146994,12.695512984798302,0.8146724421478352,12.890096321115475,3.391483689474516,1.927164106234258,1.1969481893889715,1.8066480817218056,1.5686159179138452,1.2029723039923526,1.275362800412609,0.9321640810304452,1.4469189829363254,1.1410330045520618,1.9021075263969205,13.293558261726533,4.405956761523918,3.9318256327243257,-925.8490505375073,9.98698735449011,5.639247509067864,8.851720681099524,8.901121369193746
2022-07-31,0.9858167945227653,10.165684072166009,5.690281748602346,5.87391054772079,5.690545247874181,9.773230792445263,7.047643300365525,8.158845134318236,8.03446834956775,7.239214973779806,9.839972507468197,1.358409157630355,1.308332819650179,1.3001916620664788,1.6213664832993742,1.8261608959453874,4.631032845513819,8.288414794134656,8.407122712385663,7.400819091569369,4.787325062224947,4.76653194622369,4.749564858937198,11.938448069853372,1.5040773967762742,4.644876358210126,4.388285755444934,12.849432032467186,0.820660500858905,13.045198364016072,3.1059310658520665,1.763017000362401,1.2119409739751128,1.747459210331475,1.4996230464268938,1.2612978709452054,1.3164082336557241,1.1939224684724346,1.410986973710262,1.1969481893889715,1.840549633397487,13.2862493720426,4.406785098754533,3.960813169597578,-892.026,9.994766892135653,5.6104749548556665,8.848581096128086,8.900848859926745
2022-08-31,1.2029723039923526,10.170886136635799,5.691065286247172,5.881108239905085,5.695646130866546,9.780935663954613,7.024602210881597,8.162940360168202,8.02479758739393,7.327123292259293,9.846456777608811,1.4929040961781488,1.4586150226995167,1.423108334242607,1.623340817603092,1.8164520818184267,4.5503971601407995,8.277806459847879,8.4134037854702,7.410919981054408,4.790236595136085,4.769751986304036,4.754951333297407,11.940034641136265,1.5260563034950492,4.646027059900053,4.390058046370857,12.996585200404132,0.8273653310231296,13.193324433982296,3.2910104226273997,1.7967470107390942,1.1568811967920856,1.8213182714695995,1.6094379124341003,1.247032293786383,1.275362800412609,1.3137236682850553,1.4182774069729414,1.1786549963416462,1.8794650496471605,13.289550991613567,4.40627646632441,4.0809215418899605,-879.7494758573376,9.999947071596974,5.600442139281612,8.843687239653407,8.898952866178888
2022-09-30,1.269760544863939,10.175986957269918,5.694879628332842,5.887860820725148,5.701392955360893,9.787234595711878,7.004320417481081,8.166050094077566,8.015197949226623,7.293697720601438,9.851541413512937,1.6524974018945473,1.6213664832993742,1.5748464676644813,1.7209792871670078,1.900613874140137,4.445705411337064,8.270244217127045,8.420505340905668,7.42237287093375,4.793310014985242,4.773342107177604,4.759486566371969,11.941696859308626,1.5040773967762742,4.649498984477414,4.391609323697648,13.132995267550008,0.8345887778670347,13.330516481605471,3.484925597192868,1.860974538249528,1.1755733298042381,1.9600947840472698,1.7509374747078,1.1474024528375417,1.144222799920162,1.4398351280479207,1.5173226235262949,1.1537315878891892,2.0412203288596382,13.286003178490777,4.407860059704852,4.087655574071304,-879.2943736997906,10.004350469141505,5.594332125537973,8.832383421284616,8.89141527978447
2022-10-31,1.4060969884160703,10.181475475692443,5.699985274407816,5.895195908128374,5.704951790739604,9.79345502891465,6.9879139799281935,8.171022597393879,8.011288771969316,7.273092595999522,9.858437883982404,1.706564623164823,1.6620303625532709,1.62924053973028,1.8082887711792655,1.9823798288367047,4.4835673642288425,8.266679471054596,8.428013939009103,7.43411915639611,4.796740507463195,4.777794879803182,4.762917248215466,11.944045324290936,1.5260563034950492,4.64865295749956,4.391677415715989,13.268188233461654,0.8428594537882721,13.466384983971258,3.2913825156549485,1.728109442151599,1.1878434223960523,1.9933388426264242,1.7867469274045107,1.2584609896100056,1.3001916620664788,1.5830939370944985,1.6174060820832772,1.1878434223960523,2.089391872533004,13.297727453630785,4.4049506109780285,4.109233174715851,-877.204,10.009791622906167,5.583725605799399,8.819251429812525,8.883154879746701
2022-11-30,1.5644405465033644,10.187003853112005,5.702608452428391,5.901509751600004,5.708079894174064,9.79219279739011,6.978074999604635,8.179264516871319,8.016925291978934,7.259116128097101,9.861039236271289,1.682688374173693,1.572773928062509,1.5432981099295553,1.7749523509116738,1.9558604799084813,4.446994751022215,8.267705730580467,8.434643765153137,7.44392416889161,4.80022179307264,4.7799970610197855,4.765731700999482,11.945720355683635,1.5260563034950492,4.645407689726885,4.3837776008375275,13.39382584108924,0.8516375946812342,13.592572260001464,3.0717669598299886,1.713797927758343,1.1474024528375417,1.9035989509835904,1.7047480922384253,1.205970806988609,1.2267122912954254,1.6714733033535532,1.6094379124341003,1.1568811967920856,2.0255131996542803,13.285009298838286,4.399506714001198,4.055257173514054,-864.1591925808971,10.01093738405272,5.576543623353847,8.808174814359301,8.877437756669234
2022-12-31,1.62924053973028,10.192378395377276,5.7031556115519075,5.909003709780786,5.711826699614158,9.795044513001706,6.972222499913244,8.189879261536818,8.025709153242174,7.201170883281678,9.865287118720824,1.6882490928583902,1.6074359097634274,1.5851452198650557,1.691939133945844,1.8855533485144158,4.349503442968322,8.269398024865227,8.440123510332793,7.451769803555995,4.803574783530386,4.78204359520832,4.7695653542485905,11.946602189955948,1.5040773967762742,4.633044074413612,4.364669365052019,13.518653759095816,0.8612968918281732,13.717880468305973,3.1210424645194377,1.7595805708638197,1.095273387402595,1.916922612182061,1.7351891177396608,1.1939224684724346,1.2029723039923526,1.6789639750827108,1.5390154481375546,1.0885619528146082,2.004179057179289,13.273796081164539,4.3848800597815805,4.107589788972121,-844.0093328764264,10.01293819222098,5.556430299204841,8.797185775383639,8.872389042035554
2023-01-31,1.673351238177753,10.196701831574828,5.708292290134029,5.916199367186013,5.716070006120348,9.810856779912225,6.967728394496777,8.20037721843939,8.028065130447706,7.216709486709457,9.891369423705878,1.6505798557652755,1.5325568680981427,1.5085119938441398,1.6863989535702288,1.8718021769015913,4.370965687314457,8.266547653663888,8.443522969589704,7.456829412695756,4.8061826412255355,4.78758340524758,4.774583792481262,11.949721267374798,1.4816045409242156,4.641961026313126,4.3815265096322,13.638747170090744,0.8712933659434193,13.838380978409731,3.0155349008501706,1.667706820558076,1.0647107369924282,1.8421356765531218,1.6695918352538475,1.1755733298042381,1.184789984909162,1.7387102481382397,1.5390154481375546,1.0885619528146082,1.9643112344262046,13.310496348504882,4.39140997313407,4.188138441508461,-825.687,10.022438794462667,5.565389761125912,8.781294408047003,8.863177190314808
2023-02-28,1.7173950539391927,10.19939952603849,5.712111029094428,5.9233516454768225,5.7207182513624035,9.814519717475383,6.963036245769732,8.208204981890086,8.019285930856938,7.247792581767846,9.897771245540019,1.7595805708638197,1.6448050562713916,1.5933085305042167,1.715598108262491,1.8855533485144158,4.354526960971297,8.257183136791072,8.444653963492984,7.459020049606609,4.807652780280862,4.790703247044018,4.778139816182667,11.951573866868626,1.5260563034950492,4.642468860901022,4.380058449066675,13.743415489674879,0.8803791535428181,13.943364824987752,3.077312260546414,1.6524974018945473,1.0647107369924282,1.922787731634459,1.7544036826842861,1.2325602611778486,1.275362800412609,1.7561322915849038,1.5686159179138452,1.0438040521731147,2.0149030205422647,13.30180579344744,4.389606584134082,4.21803603456465,-816.2130224261379,10.027888640494087,5.559407743041598,8.767640577257792,8.855934280814752
2023-03-31,1.7316555451583497,10.202132802644654,5.712887563904859,5.928577994052791,5.723951048057832,9.813759762161355,6.9591950221450665,8.214698525348695,8.004026837809233,7.202661196523238,9.903412549723488,1.6213664832993742,1.5260563034950492,1.4996230464268938,1.7227665977411035,1.9035989509835904,4.307841736484505,8.243785664281678,8.44572602889011,7.460882091229631,4.808880965074313,4.791898684600252,4.7814652867861955,11.952514988806925,1.5040773967762742,4.642603726175634,4.37284082400067,13.855357729548624,0.8901466197377681,14.055608194522673,2.9806186357439426,1.7191887763932197,1.1346227261911428,1.8764069432883397,1.6714733033535532,1.199964782928397,1.2237754316221157,1.7681496035889213,1.5623463049002497,1.1151415906193203,1.9906103279732201,13.28890610057526,4.387464323609583,4.143134726391533,-810.928194107214,10.032711556668097,5.553199866129296,8.746302909708952,8.84336975184516
2023-04-30,1.763017000362401,10.205960153853884,5.7171329590243385,5.933395718966672,5.728601908472713,9.818191067914043,6.959979539885851,8.218819769624893,7.9938762077822805,7.221835825288449,9.908460168562648,1.6174060820832772,1.506297153514587,1.4906543764441333,1.6992786164338898,1.8764069432883397,4.387635873438392,8.23452545945305,8.449087354968784,7.464698355547292,4.810467435153592,4.794905856854373,4.784503950439141,11.954304542926062,1.4816045409242156,4.646543388565269,4.378415121002146,13.959991198876532,0.8989410935390422,14.160492525937723,2.8201877010390604,1.7101878155342434,1.1249295969854831,1.864080130807681,1.6639260977181702,1.1568811967920856,1.1631508098056809,1.803358605071407,1.5432981099295553,1.1216775615991057,2.005525858729668,13.296254497720257,4.389158641344148,4.169761201506855,-806.093,10.034827169975294,5.552602932181302,8.724938800550351,8.83153666882151
2023-05-31,1.801709800081223,10.21211563888665,5.718227639087697,5.938759730675954,5.732194989092879,9.820584090136364,6.967429337791163,8.221089782019371,7.996158015435709,7.367708572374371,9.912764389316337,1.6863989535702288,1.556037135706985,1.534714366238164,1.7351891177396608,1.9125010869241836,4.284689401784925,8.23406329661103,8.456673309894278,7.472519698562292,4.813076571613509,4.795955821194175,4.787358400559033,11.956251387629603,1.547562508716013,4.644207228428786,4.3763241564064534,14.064531422000911,0.907067452055193,14.265256764220604,2.9412760877579323,1.7387102481382397,1.1505720275988207,1.9065751436566365,1.7083778602890038,1.1568811967920856,1.1216775615991057,1.8421356765531218,1.5810384379124023,1.1631508098056809,2.0241930674493576,13.299151318615934,4.3847117764518915,4.0943445622221,-797.583217237281,10.037913544886964,5.539968589417986,8.721113147762688,8.834890272711116
2023-06-30,1.8050046959780757,10.219152641349696,5.720321612624612,5.942883361101092,5.7341338429931445,9.824790605586946,6.977954517868044,8.222509238461377,8.006205896052215,7.255591274253665,9.913903121683829,1.7698546338400052,1.6351056591826783,1.57069708411767,1.7316555451583497,1.9095425048844386,4.26619481914876,8.239400997317022,8.466170740287733,7.482136395286467,4.815999885704384,4.797615325952897,4.789065503770337,11.957790757305265,1.5260563034950492,4.638420225475791,4.369055370392717,14.162444351077372,0.9140963780646311,14.363357655653708,2.6803363625346943,1.6193882432872684,1.0577902941478545,1.9213246735826988,1.7369512327330598,1.169381359556317,1.1568811967920856,1.8594181177018698,1.5830939370944985,1.0986122886681098,2.0425181875752383,13.301357738549877,4.37697389103723,4.177459468932607,-787.7564065322888,10.039869877388638,5.540714374784133,8.713055983776858,8.831960134676777
2023-07-31,1.8115620965242347,10.225974158852434,5.722368676131881,5.947643267559132,5.736394862383678,9.83072329258129,6.987854908112539,8.224593714993723,8.016895619379348,7.295735072749282,9.915574213671276,1.7715567619105355,1.6448050562713916,1.6034198401085376,1.7334238922150915,1.9080599249242156,4.344714099789901,8.245642177692934,8.475502069314002,7.491610894089254,4.818602737807098,4.798868448617849,4.790254589270974,11.958969338020733,1.5040773967762742,4.645084889043894,4.370580122599597,14.260459227929037,0.9206810801754479,14.461541486018287,2.683074215032033,1.5665304114228238,1.0188473201992472,1.9125010869241836,1.749199854809259,1.2149127443642704,1.184789984909162,1.8702625307159986,1.601405740736836,1.0438040521731147,2.0554049638515948,13.304189811645339,4.381851619359595,4.283586561860629,-779.231,10.042701518712793,5.5406162769019875,8.705364272999084,8.828596673285913
2023-08-31,1.8453002361560848,10.231172981123649,5.727456682669764,5.951124207406752,5.738686190664081,9.833740825542932,6.993807772655151,8.228363036219493,8.022079654745552,7.174724309836376,9.91972500862579,1.766441661243765,1.6544112780768316,1.6272778305624314,1.7833912195575383,1.9487632180377197,4.411464070327499,8.248716986713866,8.48233590096218,7.498653772491887,4.820212108117411,4.802404985514341,4.791226426826334,11.960312762162596,1.5686159179138452,4.64530490438821,4.370175435815317,14.355448630851852,0.9267022567597537,14.556677945716283,2.6789646202071133,1.5789787049493917,1.0402767116551463,1.9344157696295783,1.7698546338400052,1.1755733298042381,1.1474024528375417,1.8809906029559975,1.6639260977181702,1.0473189942805592,2.1016921506146558,13.310973453283157,4.380491707275306,4.254193263163997,-775.2094241983984,10.047393072338084,5.555591776578392,8.694250918535094,8.82213053175038
2023-09-30,1.8453002361560848,10.235007407067132,5.731034411007756,5.956795459572689,5.741861510703094,9.841213133051625,6.9981111870407355,8.233207586959574,8.023274980263071,7.218176838403408,9.922971501608815,1.7967470107390942,1.7227665977411035,1.7209792871670078,1.81319474994812,1.9685099809725544,4.504576070752389,8.250013144058027,8.487138672038641,7.503445925898316,4.821280609769672,4.806207177991836,4.794483907192498,11.961884195620215,1.5686159179138452,4.647349019585738,4.3705346035112855,14.444657994292887,0.9319032207362776,14.646011778234392,2.918851229218033,1.6154199841116479,1.0224509277025458,1.9919755158985601,1.840549633397487,1.208960345836975,1.169381359556317,1.8809906029559975,1.6992786164338898,1.0224509277025458,2.1174596088673567,13.318436611627874,4.381128731679614,4.231203744939298,-776.5225806756126,10.050924315809837,5.560427752637294,8.684079569709784,8.815904220715753
2023-10-31,1.8453002361560848,10.238458591495196,5.731822324520703,5.960167359750213,5.744252407209914,9.843089779987451,7.004691408940068,8.238667735569859,8.023768620663603,7.2196420401307355,9.923525446272635,1.803358605071407,1.7613002617433464,1.7715567619105355,1.888583653863595,2.0320878452963655,4.461761602692735,8.252288141886355,8.49142974568866,7.507142178024644,4.8226094990254795,4.806550629519482,4.795914504855624,11.96293682393869,1.5686159179138452,4.640325917517986,4.362131278078473,14.53419134802209,0.9364854391596743,14.735657904252982,2.9517803860248084,1.6900958154515549,1.0473189942805592,2.0360119837525,1.8809906029559975,1.2296405510745139,1.2237754316221157,1.8870696490323797,1.7833912195575383,1.0402767116551463,2.174751721484161,13.31561992862597,4.3728736233769805,4.1713056033582285,-783.734,10.051493678914962,5.545927163370108,8.678784690983795,8.814166962028702
2023-11-30,1.8453002361560848,10.241877713598438,5.733418943784508,5.964601956818078,5.747317585345981,9.847128818866743,7.015462052907052,8.243797006681243,8.025957969906203,7.32052696227274,9.92577728051019,1.7457155307266483,1.6695918352538475,1.6808279085207734,1.8373699804801074,1.986503546020567,4.365516082546892,8.257343529743292,8.49583969602941,7.510214254489336,4.8246351250072586,4.806444335698733,4.796798302102346,11.96409662116793,1.547562508716013,4.643301844798448,4.365667297444516,14.618410750121056,0.9400694060178505,14.819973191907147,2.6333266549062735,1.5769147207285403,0.9820784724121582,1.9344157696295783,1.7783364488959144,1.172482137234565,1.1474024528375417,1.8748743759385615,1.7334238922150915,1.0260415958332743,2.1065702090680882,13.314694669227583,4.3747149694784895,4.131961425793407,-796.486948120018,10.053737778330014,5.536767177119592,8.673786599637461,8.813185636863713
2023-12-31,1.8453002361560848,10.245615542763383,5.735739692895657,5.968653850103118,5.750058369586968,9.852967643219758,7.029007533985194,8.248931275382018,8.029850423208249,7.358193752733032,9.928789735398347,1.6544112780768316,1.5769147207285403,1.5851452198650557,1.747459210331475,1.8931119634883424,4.289088639014612,8.265016286079563,8.500664785514678,7.5132938851883795,4.827292453605645,4.807686450067565,4.7983080352158956,11.965941874936615,1.547562508716013,4.640835547902214,4.363749368422801,14.70306441599675,0.9430375576164908,14.904714088315016,2.598979106047848,1.4793292270870801,0.959350221334602,1.8500283773520307,1.7083778602890038,1.1505720275988207,1.1378330018213911,1.8625285401162623,1.6370530794670737,0.9631743177730056,2.0294631718735947,13.319131741392875,4.371236125970129,4.258445572902527,-814.2540457020779,10.056749265921207,5.524918932033537,8.671646682534385,8.813200512614008
2024-01-31,1.8453002361560848,10.249562605603254,5.738779537151827,5.974959078206095,5.7539621491992845,9.853719410302007,7.041777301228261,8.254047101402787,8.034563953550848,7.227662498728654,9.934516147888793,1.6620303625532709,1.5912739418064292,1.6074359097634274,1.7698546338400052,1.8991179875485542,4.319486116198983,8.274022682645718,8.505523160726572,7.516626428988117,4.8301280903678885,4.811907894396375,4.803307675591887,11.967567963853227,1.547562508716013,4.629696931164688,4.349809439535027,14.785431692272223,0.945461109173935,14.98715813233373,2.731115474033206,1.5238800240724537,0.959350221334602,1.8500283773520307,1.7173950539391927,1.1817271953786161,1.1755733298042381,1.864080130807681,1.6601310267496185,0.9631743177730056,2.0399207835175526,13.307883147789974,4.359199312597002,4.382026634673881,-834.896,10.067348081686498,5.5306426365770855,8.666526572383212,8.810116504537987
2024-02-29,1.8453002361560848,10.2534453177426,5.743176249756477,5.979204701377249,5.7575285917464685,9.859378912910065,7.050263662191037,8.258948045358702,8.038978356886165,7.344072850573066,9.936806267728953,1.7298840655099674,1.6601310267496185,1.6582280766035324,1.7967470107390942,1.9125010869241836,4.359908829420263,8.282647772853922,8.50988794200631,7.520281572682369,4.832591940079721,4.815163652692791,4.805855426799004,11.969064675806347,1.589235205116581,4.641759555576069,4.362509916501793,14.860519331924435,0.9474141295277219,15.06230932274068,2.667228206581955,1.4562867329399256,0.9360933591703349,1.8976198599275322,1.7698546338400052,1.2029723039923526,1.2237754316221157,1.8625285401162623,1.682688374173693,0.9400072584914712,2.0719132752590443,13.315824326814132,4.370342388958788,4.355425952876702,-855.2064728360431,10.070158102120656,5.544888340192945,8.65961246951054,8.805360146293532
2024-03-31,1.8453002361560848,10.257800007383787,5.746937744970129,5.983361808404796,5.761101246008566,9.86602968465767,7.052768348280095,8.264448135475273,8.042927136537289,7.170119543449628,9.941779950322616,1.7209792871670078,1.6505798557652755,1.6486586255873816,1.7934247485471162,1.9095425048844386,4.4101280647847565,8.29104070255577,8.514140422813142,7.525087614486908,4.834653181681085,4.8185219538798245,4.809163537129253,11.971027297992245,1.5686159179138452,4.639572578888532,4.363185245240524,14.938787699349694,0.9493551370511991,15.140637892620486,2.6397713603489157,1.423108334242607,0.9162907318741551,1.8809906029559975,1.7578579175523736,1.199964782928397,1.2178757094949273,1.8671761085128091,1.6789639750827108,0.9321640810304452,2.052840859882657,13.321314231149827,4.3673113946502555,4.387014176184921,-876.2740301395445,10.075236751725047,5.545548469391306,8.659178746687317,8.806004625898577
2024-04-30,1.8453002361560848,10.26221574212259,5.750052004376662,5.987125145508884,5.764005447194912,9.868052066363553,7.045871520107452,8.27015901833103,8.045246876377822,7.228388451573604,9.94362611356891,1.7984040119467235,1.7439688053917064,1.7387102481382397,1.8373699804801074,1.9459101490553132,4.458408804592688,8.297368376997577,8.517637492699803,7.5309305375129485,4.835726197017755,4.821160211740506,4.811753368201845,11.97171014650861,1.589235205116581,4.639528133499347,4.35699980999087,15.012659396998986,0.9512717007694006,15.214561165844028,2.8124102164264526,1.430311246536665,0.8919980393051105,1.9416152247724325,1.827769906751088,1.2267122912954254,1.2325602611778486,1.8625285401162623,1.7334238922150915,0.9001613499442714,2.1004689088719113,13.318684810339336,4.366435725627628,4.359269647551265,-894.362,10.07745346462214,5.552897567494701,8.655440944506935,8.80411497492161
2024-05-31,1.8453002361560848,10.266987385101872,5.750109289810902,5.991131991817601,5.765629877982281,9.872378649508887,7.0257757100486256,8.27659646882713,8.0453083343809,7.182352111885263,9.947279532280742,1.7850704810772584,1.7298840655099674,1.728109442151599,1.8325814637483102,1.9387416595767009,4.394696037774544,8.301035743463881,8.52039100594521,7.53851322191539,4.835503415023486,4.821458292345319,4.8130132800121235,11.97307444628504,1.6094379124341003,4.647016295923092,4.36414266557532,15.087151322561285,0.9534828622816981,15.28910031719918,2.7966713927557385,1.43746264769429,0.8878912573524571,1.9344157696295783,1.8196988379172965,1.2178757094949273,1.220829921392359,1.8656293177945105,1.7263316639055997,0.9042181506398859,2.3505212810185427,13.321232268773791,4.373052739452245,4.249922794040544,-908.9156839425535,10.08159189604006,5.546223771888069,8.657806944810401,8.808369153122275
