Date,FEDFUNDS,GDP,CPIAUCSL,CUSR0000SAH1,CPILFESL,PCE,PRFI,PNFI,EXPGS,HOUST,DSPI,DGS2,DGS5,DGS10,AAA,BAA,WTISPLC,IMPGS,GCE,FGCE,GDPCTPI,PCEPI,PCEPILFE,PAYEMS,UNRATE,INDPRO,CUMFNS,M1,M1V,M2,VIXCLS,BAMLH0A0HYM2,BAA10Y,BAMLC0A4CBBBEY,BAMLC0A1CAAAEY,T10YIE,T5YIE,DGS3MO,DGS30,BAA10YM,MORTGAGE30US,RSXFS,TCU,UMCSENT,NETEXP,PI,PPIACO,M1REAL,M2REAL
2003-01-31,0.8064758658669484,9.321445963039304,5.21275947818639,5.358941988364472,5.264760583019194,8.928282454274623,6.400994714986966,7.195709314448624,6.912942800495842,7.5251007461258,9.020268861722167,1.000631880307906,1.3912819026309295,1.6094379124341003,1.969905654611529,2.122261538862764,3.52459425980608,7.3333255829870705,7.683868582178652,6.6767357937649034,4.350045651318704,4.359282435193288,4.37248122183035,11.779749002851904,1.916922612182061,4.523275514487692,4.317309430906853,7.11085937495862,2.307373609725843,8.666182000252242,3.471034341250935,2.2289385528257473,1.425515074273172,1.9387416595767009,1.673351238177753,1.0331844833456545,0.9122827104766162,0.7839015438284094,1.814824742159051,1.4586150226995167,1.9315214116032138,12.495868731879137,4.343463805067755,4.423648309364701,,9.13681223168747,4.914858338702487,6.511893907016668,8.064605028738889
2003-02-28,0.5962864465738632,2.334409194892756,1.8274790802318357,1.8499359935105373,1.8350228830525352,2.2954849324751994,2.001130285762685,2.104801242349774,2.0683674446186453,2.127795336106316,2.3046907534155623,0.656596935953885,0.8353524217578405,0.9359709626716894,1.0779814827827727,1.1271717427044086,1.527663318564381,2.119958730653929,2.1620059637080384,2.040892319155456,1.677232701341759,1.6796036547987587,1.6815433400369024,2.5477796671558015,1.0755215413706298,1.709194139897236,1.6707739457512347,2.0946136094484165,1.1947273328471069,2.26925172612127,1.4865875416842589,1.1751348889556048,0.8909575997495958,1.0612895015621775,0.9606635094384516,0.7316029768882519,0.6989308785261883,0.5788028441978895,1.0278633259124825,0.8860439035975186,1.0700245047748609,2.601253668513355,1.6761721313006959,1.6851414640142153,,2.3162383179363784,1.7802926570353128,2.0169416222412604,2.204457033345003
2003-03-31,0.4661466035206588,1.204424313080155,1.0394778717465887,1.0472705753830924,1.0420500087706093,1.1928067555918473,1.0992895162979068,1.1332890663413324,1.1211836823931793,1.142519563530657,1.195483736292942,0.502272616331898,0.6128855958878252,0.6656680170569631,0.7299740132797627,0.752693682465076,0.9216591635832511,1.137798189410699,1.151358842522838,1.1127310755063424,0.9848679048682852,0.9858449435926789,0.9865025879329931,1.2662862509597954,0.7302124673395967,0.9964699249316836,0.9824406459775742,1.1297207905051303,0.7854862717288974,1.1846800480050272,0.909471219068657,0.7665596590303331,0.6280233149343593,0.7238377337617381,0.6748282795604356,0.5352342718995394,0.5189993713317903,0.45006601537802493,0.7072753857466563,0.6334263766190819,0.7304504016962303,1.2816411002780286,0.9842234591930179,0.9857344247929134,,1.1989511286481869,1.024106522721778,1.10421094522975,1.1646085792590166
2003-04-30,0.38368289602036104,0.7905451431892854,0.7125880383659647,0.7165201597003975,0.7139542095359408,0.7852243363664689,0.7419055914819921,0.7577910277684933,0.7520395919791827,0.7611113077566245,0.7864510744933947,0.4069790390907158,0.48065113428951217,0.5116992196934829,0.5459997703533931,0.5600427471221032,0.6453675947360811,0.7598070478922484,0.7661569011623445,0.7481165321145098,0.6856055165803217,0.685985712962959,0.6864137980887712,0.8181382921611443,0.5496051325127768,0.6911724576776704,0.6840699495322148,0.7561287265880404,0.5794772894046762,0.7815564859137236,0.6313202256752897,0.5552438460159583,0.4772583238164141,0.5388790218285967,0.513851870996901,0.42386620825735816,0.4018384799707017,0.3716090832430358,0.5365880934722961,0.4821136363958018,0.5467102660693729,0.8248739719611361,0.6850229974993876,0.6894941580048519,,0.7880131749405052,0.7041884754467959,0.7441995333205462,0.7724011554701771
2003-05-31,0.32474870957059454,0.5825734542776425,0.5379791350682729,0.5403727120567294,0.5388363129473157,0.5795601965179255,0.5552231736969476,0.5641226710017964,0.5608516752602077,0.5665830682265769,0.5802786765334634,0.32983135579897865,0.37658658748941853,0.40399112169364104,0.4305286951737308,0.4411581002636381,0.4978528950263345,0.5652457174933929,0.5688362509743675,0.5585748552904756,0.5221624726201854,0.5223268379893837,0.5226336335530316,0.5978138837121332,0.43885820393910724,0.5254153014835313,0.5212255145116836,0.5632600606139736,0.4570260782367962,0.5775735864534783,0.4866508862447632,0.4442789220433489,0.3924819466249567,0.4255729492940824,0.40831223332934014,0.34658928174493786,0.32474870957059454,0.3107443329496036,0.42533235880705994,0.39147507444379925,0.43146960443821175,0.6015139778073247,0.5217803904757116,0.5257798887321037,,0.5811517320957817,0.5330762383697967,0.5564937631037439,0.5724409691999983
2003-06-30,0.27890255622966414,0.4590868080684062,0.4304808232864886,0.4320244079592827,0.43103187616441524,0.45717812042860395,0.44178642603010393,0.44736348757383193,0.4452982246015058,0.44930237966379244,0.4576192379393224,0.28452207556974696,0.32332675969967656,0.3416185243836177,0.3561273572817636,0.3643747066440017,0.4056723418052638,0.4480828553624577,0.450352870451851,0.4437864331481507,0.4201576315601773,0.4202545785092309,0.4204489907860423,0.4686362693429504,0.36500126345125283,0.42228370520596276,0.4195816548003491,0.44684458339834543,0.3764056008893892,0.4559177634785975,0.39658191300443174,0.3640260719152253,0.33036438909883126,0.3545738025923175,0.3432709042968286,0.2991810660714253,0.2910149435918353,0.25921389039928694,0.3531938142781586,0.33126626208716686,0.3581916321104379,0.47098420132777624,0.4199038213418023,0.42216659364462145,,0.4581742219383619,0.42738419364918984,0.4425005614446845,0.452657859545508
2003-07-31,0.2349136537825833,0.37783453875399375,0.3580347176010005,0.3591090471933794,0.35841080683219817,0.3765268725613019,0.36599932919739125,0.3697727760900453,0.3683808486848731,0.37115133366470193,0.3768539787748411,0.26627535222769183,0.29226572963927916,0.3015998235481778,0.30746196934336373,0.3124260940669315,0.34053274564860636,0.37027908322383285,0.37182175224619884,0.3672879624693431,0.3507866840002893,0.3508639643872876,0.35099660990021664,0.3843341220640331,0.31073846978073694,0.35231033606611695,0.35039561620450527,0.3694057702529768,0.3195255317963862,0.37566315736517386,0.33400369718183154,0.30835000779942207,0.2820875912795054,0.3076129597599947,0.3009767765870845,0.27295239817569117,0.26492137470200294,0.2291404114601042,0.3055488616537818,0.2830074369371456,0.30960630470449874,0.3859544576484215,0.3506407980447401,0.352301710086459,,0.37719765779852876,0.3558261762578321,0.36638795350435066,0.373412382304319
2003-08-31,0.2119629752584494,0.32052864554749166,0.30606213100267926,0.30683912170165223,0.3063210137793811,0.3195934373899626,0.31196048236557333,0.31466783700604845,0.3136878989729431,0.3155422209348741,0.3198258189989759,0.23903864206934408,0.25703095554899136,0.2633831581668241,0.26951902823246904,0.27296721652946654,0.2933255351416869,0.31504964304237004,0.3161523328763745,0.3128562856209989,0.30070064215238623,0.3007680251457932,0.30085042188161387,0.3252188531981748,0.2702648940442567,0.3018002679926698,0.30036624977121024,0.31441034842108234,0.27734132823367735,0.31896210188908125,0.2876502061403145,0.26797139736529746,0.24697635127878273,0.26804912595869124,0.26278781907364923,0.2426495083238253,0.23977048770234147,0.2089939332501791,0.2679323718077516,0.24824495668056565,0.27097139055880554,0.3264142730149997,0.3005654434071019,0.3016892125402593,,0.32006252894156706,0.30442379493105004,0.31218067707813496,0.31731334047724347
2003-09-30,0.19144733300178032,0.2780421466212311,0.2670300537076325,0.2676187795329502,0.267216911223758,0.27732406527493453,0.27156834087466647,0.2735976297209035,0.27288548469814916,0.2743837901382275,0.27748458116833846,0.20610824510197626,0.22436989043061775,0.23154124781212507,0.2381895299615079,0.2408765595687392,0.2563748306184204,0.27390482261297,0.27472311285635237,0.2722310481197579,0.2629131075422018,0.2629716839005616,0.2630256882931464,0.28157856369256834,0.23922545670873938,0.26378124721175816,0.2626931392718067,0.2733827761116567,0.24483853733075192,0.27683801708441674,0.254585886926839,0.23757091063630922,0.2218368418664639,0.23554950159562024,0.23081739895919945,0.21521472846706804,0.21293665705244738,0.18935828993126028,0.2368507477164877,0.22133927690034985,0.23890915679723673,0.28247297554991835,0.2628350741103362,0.2635692883718019,,0.2776873204455665,0.2657777030016857,0.27168238800159816,0.275577345813928
2003-10-31,0.17516881431515388,0.24533629018036537,0.2366720877449356,0.2371504043925682,0.2368280791311976,0.24476984730826706,0.24028110030287714,0.24184943342740436,0.24132189846207483,0.24248956351943657,0.24489855940318137,0.19291094978572862,0.2049988840593359,0.20967572425904363,0.21360388373991246,0.21571058455014686,0.22865671473173435,0.24211458014925735,0.24273816345904148,0.2407932566409365,0.23342965106955904,0.23346796756055663,0.23351801223743449,0.24809396306464257,0.21427436837121216,0.2341136650363479,0.23325330897676425,0.241674922780837,0.21904037875706003,0.24438339848487534,0.22427837196155562,0.21100308567719128,0.19855493102682514,0.21227603079335025,0.20882288740634122,0.19891678994414674,0.19549849768350117,0.1726735095383876,0.21262058574891787,0.19926933863098864,0.21414443745142547,0.24878486802542715,0.23336570753710467,0.2340281822152118,,0.24505721124447738,0.23570719227466394,0.2403443853250958,0.2433981737665781
2003-11-30,0.1611220039019173,0.21941022962513904,0.21242540076424932,0.21281538862444346,0.21255010164246732,0.21895880435049644,0.2153568468695169,0.2165972562953697,0.21619978252533223,0.21720268499132264,0.21906240513695716,0.17856325127262648,0.18696814717154814,0.19038165780002703,0.193497910609346,0.19522409923995324,0.20604245038913538,0.21683888775056795,0.21732455503121373,0.2157646872775817,0.2098059638105965,0.20983405134615302,0.20987494492780104,0.22161781425005891,0.1937833558294292,0.21037522267131725,0.2096869616393926,0.21647216861165267,0.19807118199088583,0.21864054710384787,0.20243903521997894,0.1907814844376375,0.18088484371733676,0.1924549031525583,0.1898992595652178,0.18072769579266645,0.17817808082776146,0.15960428848452599,0.1926757843267288,0.18111660698911694,0.19394920508849606,0.22218004024430857,0.2097708440805355,0.2104305175576952,,0.2191894030075926,0.2116351626622438,0.21538987197999038,0.21784859225472145
2003-12-31,0.14887592969256075,0.19837100335452962,0.19262869846727243,0.19294830238089122,0.19272787924173584,0.1980004032641316,0.19505355716115685,0.1960524690448904,0.19574798786955916,0.1965399962453043,0.19808485328080666,0.1623600354612966,0.17091242127736309,0.17409959182386034,0.17683939971172247,0.17825751469853274,0.1874785835298672,0.19627826497386575,0.1966618260869804,0.19538265908659683,0.19046685876880518,0.19048949045253263,0.19052054676942512,0.20017660346491878,0.1769692162305091,0.19093178365307145,0.19036038360531074,0.19595531400415148,0.1807080499121128,0.19773629462684336,0.18495061796310663,0.17386864771238314,0.1663298856908767,0.1755659638372006,0.173493371086452,0.16585916812552215,0.1640519258145692,0.14695386256879298,0.1761259220339215,0.1662640250244334,0.17720514117023733,0.20063475047692655,0.1904328246019508,0.19094426841000856,,0.19818859654306498,0.19198104861571275,0.19506929143681026,0.1970825073919947
2004-01-31,0.1493867823815296,0.19837495346709308,0.1926380667309912,0.19295217120606362,0.19273230108822487,0.19800718947206133,0.19507365340428776,0.19605209202253376,0.19576468834810873,0.19644925338477837,0.1980879776767696,0.1623600354612966,0.17059519469568754,0.17381625910105963,0.17670667318153657,0.1780490200588442,0.1877293691443891,0.19630197972331834,0.19666811197380354,0.195390309421126,0.19047441205972782,0.19050049489903775,0.19052783053433148,0.2001774408307854,0.1769692162305091,0.19093628560087783,0.19035919218173847,0.1959563442885057,0.18070216439653414,0.19773669027016583,0.18445210288994526,0.17352085430472325,0.16529198736909784,0.1753398381427524,0.1733261864760209,0.16613093975132176,0.16507068331129598,0.14666073551613673,0.17597640700031514,0.16599600156079572,0.17693702906806982,0.20063746265459964,0.19043803218062144,0.19124690380787898,,0.19819036441392412,0.1920130596733416,0.19506226991781958,0.19707918411409422
2004-02-29,0.14963634183411895,0.19837922201111163,0.19264273142585717,0.19295120486203615,0.19273560979993057,0.19801114891377403,0.1950985844880003,0.19606051409455832,0.1957812920534799,0.19640613432309542,0.19809165949275204,0.16047853042100665,0.16992085417171132,0.17335432620092087,0.17663918426619607,0.17781853137620518,0.1877820354143816,0.19632535279980665,0.19667383438358113,0.19539651241416592,0.19048204086802548,0.19050655196101882,0.19053242356467853,0.2001777131938751,0.17680649512268964,0.19095298378942277,0.19038239281499209,0.19597249685099227,0.18070308657355785,0.19774276664472304,0.18372201061287885,0.17427397654386215,0.1654368526652883,0.1750400299276368,0.17289023102061912,0.16658889798308274,0.16658889798308274,0.14780446479727316,0.17588109506433333,0.16529198736909784,0.17677340698792776,0.2006416437492663,0.19045625350115658,0.19099609244833754,,0.1981935480377351,0.19202471205850438,0.19507714378874924,0.1970839085595111
2004-03-31,0.1493867823815296,0.1983841812744805,0.19264738324885744,0.19296276325377462,0.1927422075942153,0.1980180467700401,0.19512737926775067,0.1960759447257013,0.19579751710774257,0.19650428637022171,0.19809689480430237,0.15977745441086494,0.16894390545960156,0.17297956197976616,0.17634359017375967,0.17759258182415102,0.18799753104427375,0.1963485589267999,0.1966798836819211,0.19540337845204186,0.19049021690357495,0.19051093974552827,0.19053718410200443,0.20017925249214402,0.17712755447849732,0.1909424245149287,0.19038264080783243,0.19597937664684872,0.18071022627729422,0.19774886497082622,0.18448696132150372,0.1744439865942967,0.16599600156079572,0.1748622942380152,0.17236228098583087,0.16658889798308274,0.16599600156079572,0.14807881630320063,0.175525442535765,0.16592782444589307,0.17646706293896294,0.20065241499787717,0.19044558832729405,0.19103550074624828,,0.19819829964050845,0.19204122906981216,0.1950823513967008,0.1970880655983303
2004-04-30,0.1493867823815296,0.19838902224610888,0.1926508637074744,0.1929704234160136,0.19274659165854652,0.19801903414795816,0.19515174828233517,0.19609251909354625,0.19580839755663085,0.19650736141591102,0.19810180998621105,0.16613093975132176,0.17226506553720802,0.17472576565790285,0.17701716883434468,0.17807551784414066,0.18799034203189446,0.19636590149141758,0.19668581622610815,0.19541159771759298,0.1904974598842345,0.1905162146525961,0.19054455246267055,0.2001805602653202,0.17680649512268964,0.19095287344440234,0.19039307253703983,0.19598048554128225,0.18072028904308582,0.19775498443119774,0.18462615102573363,0.17312603215163497,0.16421535119366074,0.1761259220339215,0.17427397654386215,0.1668410507826348,0.1663298856908767,0.14834877108727476,0.17625383444073855,0.16469072437065413,0.1774466478759556,0.20064579342570482,0.1904572596180961,0.19099039932056883,,0.1982029855516868,0.19206896543437857,0.19508451483694178,0.19709369257007767
2004-05-31,0.1493867823815296,0.19839380328281594,0.19266010991257268,0.1929770965284115,0.19274987215162373,0.19802713470813726,0.19516943558720487,0.1961076074589961,0.1958128498376007,0.19649376172498426,0.19810951572355476,0.16755918003808468,0.17283005956336875,0.17501807532560965,0.17749082148493003,0.17844600880514816,0.18833618059142035,0.19637682376588672,0.1966921024674659,0.19542235936858643,0.1905037983240715,0.19052544107496314,0.1905484388480789,0.20018193258738223,0.17680649512268964,0.1909727774590003,0.19041461987664837,0.19598821677831363,0.18073111296407057,0.19776807812092045,0.18407331071965236,0.17412477884313207,0.1640519258145692,0.17653650346318875,0.17481709788044772,0.16822511018351435,0.1676165796534473,0.15036266546673432,0.17665612806742265,0.1640519258145692,0.1778873175164022,0.20065652562424527,0.1904789212627277,0.1908730474723769,,0.1982108144957132,0.19210105806650535,0.1950784477285874,0.19710274008085163
2004-06-30,0.15012419440651278,0.1983983190176774,0.1926681588688403,0.19298089744435284,0.19275423611257364,0.19802493343746563,0.19518163885918852,0.19612038562823703,0.19581477960348576,0.19639387017214605,0.19811275535414627,0.16843653804898856,0.17283005956336875,0.1749295115570884,0.1774466478759556,0.17848293348457828,0.18812375522129807,0.1963850747680397,0.19669813042841527,0.19543284173476416,0.19050937733288711,0.19053352583439837,0.19055291699547508,0.20018239571732346,0.17680649512268964,0.19095198465781302,0.1903959218902856,0.19599569548187243,0.1807401213365463,0.19776898303491042,0.18363976486929007,0.1736566797612104,0.16453468888259756,0.17657092584375955,0.17488477653612838,0.1674432914626483,0.16690305166614847,0.15535995890616477,0.1766051521581152,0.16421535119366074,0.17779077856205672,0.2006482042338188,0.1904572743562135,0.191029917965842,,0.19821435938050277,0.19210740827333897,0.19508364991091967,0.1970990172706741
2004-07-31,0.154843169082468,0.19840306397101565,0.19267045151060608,0.1929846894686031,0.19275641380980751,0.1980341298270027,0.1951929304397289,0.1961327344691079,0.19582012794667905,0.1965067471442,0.19811569012915556,0.16833145344089742,0.17252153209508372,0.17465643012041052,0.1771587134824547,0.1782830277678009,0.18837294738987048,0.19639719302343803,0.19670402175115734,0.19544091091416863,0.1905153901913305,0.19053615474308014,0.19055626060222353,0.20018268980044474,0.17663918426619607,0.19097179091591462,0.1904212661994456,0.19599111456035276,0.18074617242816915,0.197770679130563,0.1840092184234358,0.17343808100995015,0.1646130031807748,0.17634359017375967,0.17463315649567182,0.16726667838216683,0.16677863945048044,0.15649542893238746,0.17630784626935725,0.16476785970364358,0.17754919281826,0.2006547308687257,0.190478574739476,0.19106043313692184,,0.19821845676238228,0.19211057495470826,0.19507975030812552,0.19710029340757682
2004-08-31,0.15754232541272195,0.1984080601453562,0.19267159665964842,0.19298752767423602,0.1927575015905675,0.1980381215168044,0.19520589510164976,0.1961449929694816,0.19583293807140964,0.19652017676141553,0.1981190088315917,0.16677863945048044,0.17121747145194402,0.1737369267369092,0.1768884161536955,0.17807551784414066,0.18872611899680658,0.1964166512558188,0.19670942757881782,0.19544457003646987,0.19052226885807122,0.1905376098973534,0.1905573505306089,0.2001831041492517,0.17646706293896294,0.19097408827094783,0.19043408764485076,0.19600558879323124,0.1807490640203541,0.1977748967080727,0.18399842870189484,0.17354823057003088,0.16529198736909784,0.17570578002293688,0.17376347162576988,0.1663952984201081,0.16585916812552215,0.158511222378055,0.17601412600243188,0.16521875984964843,0.1771587134824547,0.20065590198085348,0.1904810830244587,0.19103828633717596,,0.19822258769787826,0.19212004152431653,0.19509441860873047,0.19710434538612115
2004-09-30,0.15989717781467114,0.19841321642561396,0.19267845120856508,0.19299507199352872,0.19276401337799423,0.19804610339154263,0.19522038019981158,0.196156674769538,0.1958496957545839,0.19644534750545714,0.19812125856613222,0.16806318084398889,0.17140228053415224,0.17376347162576988,0.17657092584375955,0.17781853137620518,0.18880331387315474,0.19643796591558987,0.19671457061594194,0.19544691109031015,0.1905295370543963,0.19054320823292537,0.19056265151459614,0.2001838116928325,0.17646706293896294,0.1909771091032168,0.19043333139894114,0.19601343991952375,0.18075617324450227,0.19778047203779175,0.1832222355777917,0.17289023102061912,0.16469072437065413,0.17570578002293688,0.17386864771238314,0.16652479974021728,0.1662640250244334,0.1607033430673903,0.17568599487918982,0.1649204012018981,0.17700122811929617,0.20066622782901183,0.190484028673686,0.19099039932056883,,0.19822552648705946,0.19211531449937222,0.1950989138617964,0.1971069481675667
2004-10-31,0.16156166734322217,0.1984189386390131,0.19268981362001816,0.19299789207196738,0.1927683404430636,0.19805239680711795,0.19523705921583864,0.19616825566673138,0.19586712405289688,0.1965488794381466,0.19812551267099754,0.1676736210838971,0.17110445550127398,0.17352085430472325,0.17658806339239053,0.17773485805337985,0.18929206265255905,0.19645623407508356,0.19672030405097984,0.19545233126652484,0.19053725507384026,0.19055534603525215,0.19056877844470171,0.20018550234894902,0.17663918426619607,0.1910009048434672,0.19045799639939226,0.19601627216810943,0.18077735591410363,0.1977840959014617,0.1843356206371254,0.17226506553720802,0.16453468888259756,0.175525442535765,0.1736566797612104,0.1668410507826348,0.16726667838216683,0.1618677110789554,0.17560622786109864,0.16469072437065413,0.17687212245222428,0.2006700995867193,0.1905086462805149,0.190917851408125,,0.19822994585876744,0.19215123942019605,0.1950905525837797,0.19710598130930065
2004-11-30,0.16319456766024323,0.19842480512872743,0.1926999743723173,0.19299976939694743,0.19277265626880877,0.19805772377539166,0.19525448233576947,0.19617878166185,0.19588113475193758,0.19636185706480047,0.19812607887000774,0.16996466152080425,0.17255297491222757,0.1743229892059604,0.1766730240035092,0.17772079064746044,0.18898543136631157,0.1964662929094027,0.19672652287704745,0.19546305914992557,0.19054458254792703,0.1905662248000224,0.1905748527869524,0.20018585712723855,0.17646706293896294,0.19100747317782116,0.19045550874311618,0.19602249693635262,0.18081666106638214,0.19778908450080757,0.1831779338836998,0.17059519469568754,0.16337163969614824,0.17607027705804215,0.17446792720717946,0.1679535808702898,0.1687444785041038,0.16469072437065413,0.17562626424258262,0.1638859103468682,0.17700122811929617,0.20067216850834824,0.1905145654097514,0.1909500925118827,,0.19823104684336534,0.1921727576209952,0.1950965612287957,0.19710534731005852
2004-12-31,0.16507068331129598,0.19843068644797626,0.1926999743723173,0.19300351752195125,0.19277588579400662,0.19806440584267673,0.1952730153972988,0.1961890494270074,0.19589399962931459,0.19653103502511168,0.19816017677484546,0.17022273621018927,0.17226506553720802,0.17402346964694185,0.17658806339239053,0.1776499225717458,0.18859798223739394,0.19647190355951727,0.19673300482789427,0.19547643484835397,0.19055190403678468,0.19056772937544064,0.19057847509707707,0.2001864511207062,0.17646706293896294,0.19102828207062453,0.19047414888051079,0.19602569284941948,0.1808678603833019,0.19779240939490234,0.18320014652477482,0.17030699022057658,0.16255104065136217,0.17586185639010987,0.17414987329300058,0.1676736210838971,0.1681174834534691,0.1655085028388761,0.1755457355171494,0.1631049299329358,0.17714315482548815,0.20067909375229795,0.19053519237260821,0.19107141556073132,,0.19826193331796696,0.1921543294149004,0.1950987001696252,0.19710857956485464
2005-01-31,0.16592782444589307,0.19843574965726432,0.19269884843799978,0.19300725697737228,0.19278018207744935,0.19806366116484284,0.1952912140398077,0.19619886869763759,0.19590761934144843,0.1965904711923426,0.1981261714827023,0.17106641997988534,0.17252153209508372,0.17376347162576988,0.17639681520119047,0.17746141036689764,0.18886942388209732,0.19647749354737382,0.196738677179094,0.19548728998476173,0.19055893168537033,0.19057143375614752,0.19058861229485743,0.20018714969899581,0.17628989538253137,0.19103768776063385,0.19048855389727845,0.19601138441679286,0.1809174234547505,0.19779043149852152,0.18298630124018175,0.17106641997988534,0.1614577999327502,0.17593845731218305,0.17427397654386215,0.16726667838216683,0.16778664387170444,0.16652479974021728,0.17525558899850563,0.16196791699578905,0.1769046650196507,0.20067317657765635,0.19054333561761722,0.19102712075714584,,0.1982378263178906,0.19216510237705212,0.19508947655652123,0.19711024133746916
2005-02-28,0.1673259252488451,0.1984392968629103,0.1927078347827933,0.1930147100242025,0.1927844672655485,0.19807046003447226,0.1953069259326048,0.19620754500647722,0.1959216886453002,0.1966255139402316,0.1981289756621596,0.17213344620572954,0.1733823547155349,0.1743229892059604,0.1761074294693147,0.1771587134824547,0.18895091182088192,0.19648557720247242,0.19674266021184056,0.1954921431377917,0.19056506679596918,0.19057927534566915,0.1905932825804036,0.20018836297484982,0.17646706293896294,0.1910568756843815,0.19050844845203202,0.1960226908930943,0.18095286591755325,0.1977943518764584,0.18262486941890396,0.16909051904432942,0.1596565369808791,0.17628989538253137,0.17481709788044772,0.16822511018351435,0.1690419242178143,0.16778664387170444,0.17479438293614966,0.16036450225830115,0.17695314465878523,0.20068061459870876,0.19056133628569344,0.1909875467307763,,0.19824101177252285,0.1921758105153862,0.19508753736424095,0.1971070481305693
2005-03-31,0.16806318084398889,0.19844272789203904,0.19271565843934058,0.193025825471493,0.19279193980185366,0.19807478195612396,0.19532431986406226,0.1962174164686229,0.19593642352222904,0.19641825554149453,0.19813507389740342,0.17279978604146698,0.17386864771238314,0.17465643012041052,0.17646706293896294,0.1775200818717032,0.18936374721166185,0.19649657218565322,0.19674666858902243,0.19549477975911597,0.19057203405469522,0.19058771164227464,0.1906002169822263,0.2001889400357318,0.1761074294693147,0.19105311021124874,0.19048996946103663,0.19602346637764564,0.18098376919304723,0.19779559826067347,0.18351095902394868,0.17189742581834494,0.16024937040407397,0.17693702906806982,0.1753607289188435,0.16848861593692438,0.1692821934160184,0.16894390545960156,0.17525558899850563,0.15928642567677503,0.17749082148493003,0.20068204895603645,0.19055455074397532,0.19094426841000856,,0.19824679639945486,0.1922075529251842,0.1950817016325591,0.1971045458564593
2005-04-30,0.1688944763626598,0.1984464352748098,0.19272233541217332,0.193025825471493,0.1927930045621612,0.1980835089921777,0.19534223251828803,0.19622776417927132,0.19594615713946023,0.19654237267396213,0.19814060069822323,0.17236228098583087,0.17309697581149175,0.1739464936099604,0.17634359017375967,0.17750547043867157,0.18928650595796465,0.1965067858541842,0.19675134080929532,0.19549879648098176,0.19057944927258347,0.19059559658633368,0.1906034521126492,0.20019065817758103,0.1761074294693147,0.19105863453208213,0.19049703318973754,0.1960102081166336,0.18100998672308968,0.19779753343269918,0.1840056253035299,0.1738946940008317,0.16156166734322217,0.17683939971172247,0.1749295115570884,0.1678982768653165,0.1685918576862909,0.16913884089143957,0.17499604660631152,0.16103269648769705,0.1770962279634892,0.20068670443813874,0.1905573470156142,0.19079612499591225,,0.19825245103166356,0.19222692178406545,0.1950629298621092,0.19710350963205775
2005-05-31,0.16987681444035874,0.19845128588827615,0.19272122443457762,0.1930267483106576,0.19279619474328505,0.19808277085011428,0.1953622534112016,0.19623939926226808,0.19594937929501077,0.1965207830326514,0.19814512545876728,0.17216656829811405,0.17267741970553638,0.1733823547155349,0.17601412600243188,0.1774466478759556,0.1890794539403797,0.19651540677946533,0.1967578035769116,0.1955073958571668,0.1905881205891095,0.1905971838357552,0.1906092216851286,0.2001914749546685,0.17591939522357863,0.19106112405548228,0.1904994511981435,0.196017052195498,0.18103721654186294,0.19780032087554172,0.18320014652477482,0.1737369267369092,0.16292340128862834,0.17628989538253137,0.17463315649567182,0.16652479974021728,0.16714703735004088,0.16942317732442402,0.17463315649567182,0.16264532040846777,0.1768884161536955,0.20068294078421353,0.19055659467225763,0.1907708901184662,,0.1982570014664312,0.1922165187539274,0.19507235099564676,0.19710708144920436
2005-06-30,0.17005158706742102,0.19845641405165274,0.19272233541217332,0.19302859240579362,0.1927972567730345,0.19809160578594143,0.19538091129904187,0.19625012920434556,0.19595000107108054,0.1965465181449531,0.19814758366929103,0.17236228098583087,0.17255297491222757,0.17321250072765773,0.17564623731805445,0.17722053491839213,0.1894776657597117,0.1965243762204166,0.19676478430041908,0.19551724755296257,0.1905970038075065,0.1905989422144905,0.1906111756276413,0.20019266949371084,0.17572550317688324,0.19107273762622373,0.19049923444860134,0.19603119123724913,0.18106410498140876,0.1978052148652567,0.18260439495394995,0.17294990737117172,0.16264532040846777,0.17618106849772952,0.1745863637425804,0.16585916812552215,0.16613093975132176,0.17005158706742102,0.17412477884313207,0.16255104065136217,0.17668987230014344,0.20070018912716237,0.19056525850741923,0.1910410680746747,,0.19825995386352083,0.1922165187539274,0.19508732171216758,0.1971120990348507
2005-07-31,0.17095120242161857,0.19846131285697546,0.19273560979993057,0.1930341120649074,0.19280043878146297,0.198102318937924,0.19539667668498337,0.1962588316440976,0.19595388547690057,0.19653821028395477,0.19815247751608325,0.17343808100995015,0.1737102802283028,0.17412477884313207,0.17584255824683034,0.17735726543740246,0.18961285258598426,0.19653777820723503,0.19677146924755662,0.19552480110447376,0.19060599542249496,0.19061083296203515,0.1906152832634799,0.20019436215339545,0.17572550317688324,0.19106427558767186,0.19048327171401022,0.1960226908930943,0.18109202485605316,0.19780912787434674,0.18235595916937317,0.17110445550127398,0.16059147182943512,0.17658806339239053,0.1752978515265534,0.1664602681490552,0.1661977114079719,0.17106641997988534,0.17437164908511318,0.1616645993721243,0.1770805014170495,0.20070482777600063,0.19055237448088783,0.19105491929288912,,0.19826517817553768,0.1922460806673168,0.1950653466838251,0.1971106065327809
2005-08-31,0.17182861914525877,0.19846527564737576,0.1927487793717636,0.19303686481903895,0.1928025567275994,0.19810192664940643,0.19540713276785754,0.19626429143277022,0.19596541228669612,0.19656235163661073,0.1981577076330451,0.17292013066259015,0.1730090953139826,0.17343808100995015,0.17590027457453444,0.17737225947971563,0.1899277775527357,0.196557261722859,0.19677679611858886,0.19552723440120515,0.1906142347785205,0.1906221456136846,0.19061757320533357,0.20019529613654657,0.175525442535765,0.1910730139727395,0.19049236288776458,0.1960273356047077,0.18112017197189964,0.19781490342700994,0.18288215619925044,0.17236228098583087,0.1616645993721243,0.1761443592095841,0.17481709788044772,0.16652479974021728,0.166964646480446,0.17189742581834494,0.174515553635801,0.1609239396552822,0.1770805014170495,0.200698450065518,0.19055768091401512,0.19083955597335503,,0.198270453686769,0.19226503364103853,0.1950657856047115,0.19710934434581692
2005-09-30,0.1722323769170001,0.19846888921775221,0.19277803532589066,0.1930341120649074,0.1928046719668016,0.19810724334957044,0.19541411022761548,0.1962694341642786,0.1959823256467089,0.196594425361778,0.198163365449711,0.17386864771238314,0.17386864771238314,0.17427397654386215,0.17597640700031514,0.17747613484861707,0.18995574686780156,0.19657818064911764,0.19678155245797288,0.19552884574098683,0.19062146534305358,0.1906490699358,0.19062378107250952,0.20019556472351416,0.17572550317688324,0.19102085210387504,0.19045481167981865,0.19602646621703795,0.18114959679135972,0.19781987806577925,0.18254235764850954,0.171965615079999,0.16206724002183392,0.17677340698792776,0.17548466120597603,0.1676736210838971,0.16854038817534003,0.17179398139011873,0.17453924044981445,0.16226328712227886,0.17729689570298168,0.20069960702336365,0.19049803108691318,0.19042669628825296,,0.19827627305485815,0.19233050224318693,0.19504565724599532,0.19709989060418423
2005-10-31,0.17273885908337216,0.19847337610214885,0.1927812544126372,0.19304509495427427,0.19281205407694074,0.19811124724797397,0.19542089522559916,0.19627854850422224,0.19600277133048427,0.19654474357806898,0.19816999704552268,0.174419960376672,0.17453924044981445,0.17481709788044772,0.1763791252971458,0.17785990451088765,0.18980240932656947,0.19659697550430405,0.1967873931760453,0.19553565692183258,0.19062827202559615,0.19065354067192763,0.19063183752425697,0.20019600737668808,0.17572550317688324,0.19105329257426457,0.19048987874800358,0.1960301322884487,0.18118473137766952,0.19782509076712285,0.1840092184234358,0.17219954485117323,0.16226328712227886,0.17720514117023733,0.17593845731218305,0.16773030796246527,0.1681174834534691,0.17276938617273624,0.1749739433526066,0.1623600354612966,0.1776499225717458,0.20069924932805913,0.1905284435136655,0.1903233364213883,,0.19828302074095316,0.19238550348320518,0.19504096596591036,0.19710397774597033
2005-11-30,0.1733823547155349,0.19847903661012609,0.1927704997575517,0.1930514671909599,0.19281730690491386,0.19811205401790988,0.19542846341983824,0.19629337360757745,0.19602306590656562,0.19659216772762247,0.19817384497178803,0.17446792720717946,0.17446792720717946,0.17463315649567182,0.17650188313161197,0.17798221516597473,0.18959122026552502,0.19660920324642414,0.19679477055591899,0.19555067426898343,0.1906343937200371,0.19064768981174604,0.19063898420296826,0.20019767596598428,0.17572550317688324,0.1910823816933519,0.19050922167682843,0.19602781830041452,0.1812242070391603,0.19782777385681852,0.18261464484983073,0.17239440603470482,0.16283148990590482,0.17728170401044704,0.17593845731218305,0.16652479974021728,0.1663952984201081,0.1732979348085792,0.17510545315318563,0.1624559494502688,0.17783235642458206,0.20070443171506044,0.1905552721491108,0.1905954930284911,,0.19828707013048313,0.1923513317647876,0.1950481075976661,0.1971123309885367
2005-12-31,0.17381625910105963,0.1984854495274222,0.1927704997575517,0.19305690907713374,0.19282045060469868,0.1981157005540715,0.19543355122670603,0.19631163564062679,0.19604368630273317,0.19650181967711394,0.1981766704603604,0.1744439865942967,0.17429852723771672,0.17439584804483715,0.17641445366882974,0.1778873175164022,0.18965181940120085,0.1966174700647033,0.19680322131833022,0.19556954077564725,0.19064077063600499,0.19064768981174604,0.1906418900932598,0.20019842170485988,0.175525442535765,0.19109515866028376,0.19050650155676405,0.1960254026960199,0.18126565088060537,0.19783127417341895,0.18261976029352234,0.17252153209508372,0.16216569264742864,0.1769046650196507,0.1758232003272734,0.1662640250244334,0.16606370488542832,0.1732979348085792,0.1749295115570884,0.1624559494502688,0.1777488904018297,0.20070474201920108,0.1905647156491814,0.190911934099283,,0.1982902293717192,0.1923416422595502,0.19504610312080162,0.19711682616761186
2006-01-31,0.17414987329300058,0.1984912866362636,0.192783397005879,0.1930605267883092,0.19282463291730334,0.19812508003147256,0.19543071814245508,0.1963283290672553,0.1960634891066247,0.19666096339241462,0.1981904498562646,0.17474871727795774,0.1745863637425804,0.17472576565790285,0.17627189152684425,0.177776850511046,0.1899529655416196,0.19662430174808912,0.19681110673340213,0.1955843880291577,0.19064782449804138,0.19066121609715403,0.19064816117588854,0.20019966241072917,0.17510545315318563,0.1910993401671997,0.19052325610907228,0.1960305174790368,0.18130131813746075,0.1978374709219074,0.1830466013336803,0.17154703001243707,0.16176660953434543,0.17703306632639274,0.17603289972574676,0.1675014185533936,0.16778664387170444,0.17427397654386215,0.17481709788044772,0.16216569264742864,0.17760697147842572,0.20072068575277852,0.19056496082824334,0.19090302579505034,,0.19830559059028888,0.19235959439237618,0.1950427551895257,0.19711715584628586
2006-02-28,0.17463315649567182,0.19849532679238785,0.1927844672655485,0.19306773784906478,0.19282880466053323,0.19812759020601808,0.19541814457497178,0.19633931677569555,0.19608010250672245,0.19657622184630466,0.19819504069371607,0.17508371843230142,0.17490718216455994,0.17477158955241207,0.1763791252971458,0.17781853137620518,0.18976542639146493,0.19663132617902415,0.19681680212942865,0.19558977463747107,0.19065514049735757,0.1906628882148678,0.1906526674439134,0.20020109634371172,0.1753188791359413,0.19110046581337395,0.19051073494419027,0.19602984330671772,0.18132514904938732,0.1978414263625367,0.18275553186592655,0.171365667366689,0.16036450225830115,0.1770962279634892,0.17619934115727556,0.1675014185533936,0.16833145344089742,0.17474871727795774,0.17481709788044772,0.1609239396552822,0.17780467213609913,0.20071682060936538,0.19056190105760196,0.19076453295340945,,0.19831082094802802,0.1923249054741334,0.19504074213345507,0.19712061048737162
2006-03-31,0.1748622942380152,0.19849864147842597,0.1927876739064162,0.19307670633603521,0.1928360799234459,0.19813137146015306,0.19539556287176577,0.19634836578970782,0.19609545656329744,0.1964862670793411,0.19820034610604575,0.1753607289188435,0.1753607289188435,0.17544361705603254,0.17668987230014344,0.17800903384577665,0.189828533387776,0.19664051311121014,0.19682153985298287,0.19558878702272933,0.19066390189282306,0.1906682967088419,0.19066037953667597,0.20020253593579987,0.17510545315318563,0.19110646395049094,0.19050539236056047,0.1960312874546451,0.18134773643584137,0.19784354963202813,0.18225677962138578,0.17043176194898957,0.16081416037451535,0.1775346559449205,0.1766051521581152,0.16738479497586703,0.16778664387170444,0.17495176514409672,0.175170224033669,0.16081416037451535,0.17792818616972783,0.20071806305846576,0.1905639484051266,0.19083340741830104,,0.1983164370043934,0.19233050224318693,0.19504364884533718,0.19712126707232014
2006-04-30,0.1752978515265534,0.19850115263270468,0.19279831812212192,0.19308384517146124,0.192841256954463,0.1981373500847649,0.19536914993407045,0.19635647227476852,0.1961054591258724,0.19638906150513943,0.19820437660906967,0.1754641721596334,0.1755659638372006,0.17586185639010987,0.17718970647027882,0.178358858099502,0.1901388906905787,0.19665078399301786,0.1968248349503478,0.19558452656612427,0.19067246038401034,0.19068122688331496,0.19066889678965396,0.2002033217290919,0.17510545315318563,0.19111428614013218,0.1905104366893794,0.19603723650355695,0.18137354242098863,0.19784817020412984,0.18236683664868797,0.17005158706742102,0.16059147182943512,0.17769255007335055,0.17678997410545888,0.16833145344089742,0.16827844067919517,0.1751487055541083,0.17584255824683034,0.16081416037451535,0.17823188193006959,0.20072106235600978,0.19056780982253485,0.19078669802001735,,0.1983210889487891,0.19235959439237618,0.19503400853192457,0.1971218248078569
2006-05-31,0.17560622786109864,0.19850348142816768,0.1928046719668016,0.19309183850539488,0.19284744799420955,0.1981414188639347,0.19534116444820257,0.19636608144716744,0.19611009805883978,0.19646920176311708,0.19820625857822147,0.17580378232200983,0.17580378232200983,0.17595746113893576,0.17735726543740246,0.17844600880514816,0.19019158894782562,0.19666216464713573,0.196827340102291,0.19558030842265994,0.19068076021467775,0.19068870239615887,0.19067588502688596,0.20020349362021878,0.17488477653612838,0.1911149506726364,0.1904985045627032,0.19603675793659064,0.18140972573508624,0.19785000267493238,0.1843910913540216,0.17039038354702807,0.16047853042100665,0.17790097371078628,0.1769692162305091,0.1681174834534691,0.16833145344089742,0.17540230725236677,0.1761074294693147,0.16024937040407397,0.1782830277678009,0.20071970492786662,0.19056375217011703,0.19050737985978625,,0.19832282326679063,0.1923800809422072,0.19503580769314405,0.1971196247462053
2006-06-30,0.17570578002293688,0.1985057923873649,0.19280994826293038,0.1930997921041519,0.19285258947020653,0.19814422054061825,0.19531503069749412,0.1963759659670386,0.19611297339458394,0.19637589653933632,0.19820971271808785,0.17603289972574676,0.17591939522357863,0.17601412600243188,0.1772664722635526,0.17848293348457828,0.19019242193264324,0.19667102228011774,0.19682983957337816,0.19557878716483926,0.1906876222609272,0.1906955589145162,0.19068291617700867,0.2002038697390329,0.17488477653612838,0.19112383624198054,0.19050177264459153,0.19602433814357265,0.18144922080771023,0.19785488885739183,0.18310600894353873,0.1712919207788333,0.16059147182943512,0.1780490200588442,0.1770962279634892,0.1679535808702898,0.16806318084398889,0.1755659638372006,0.17601412600243188,0.16059147182943512,0.17848293348457828,0.20072216228415504,0.19056815256276224,0.19070642370172977,,0.1983261605501104,0.19238414943465842,0.1950188385722164,0.1971230375558605
2006-07-31,0.17618106849772952,0.19850853548522843,0.19282149717637703,0.1931068289000022,0.19285669111536802,0.19815264676552874,0.19529017749547667,0.19638557649843166,0.19611943645805102,0.19632956291888948,0.19821246890640895,0.17566614742017644,0.1755457355171494,0.17570578002293688,0.17720514117023733,0.17845834511580044,0.19033155559825737,0.1966744364399273,0.19683361344399905,0.19558207188420007,0.19069282560334216,0.19070504822405496,0.19068562943232978,0.20020476954488595,0.17510545315318563,0.19112210981158773,0.1904868103717666,0.19602598292613863,0.18148740734369953,0.19786105631483974,0.18387392862788135,0.1716538399776884,0.1607033430673903,0.17781853137620518,0.17682297025383356,0.16778664387170444,0.16755918003808468,0.17588109506433333,0.17597640700031514,0.16059147182943512,0.1784088300670739,0.2007239580275048,0.1905608520753069,0.1906998656543245,,0.19832849690156523,0.1923936056644703,0.1950069375103287,0.19712369244193417
2006-08-31,0.17619934115727556,0.19851183701442274,0.19283088658370973,0.19311383482906924,0.19286180382794635,0.19815248747292616,0.19526832148400503,0.19639375719038418,0.19613298354313183,0.19626417161822207,0.1982145896171899,0.1752978515265534,0.17510545315318563,0.1751916712272158,0.17693702906806982,0.1782447133356643,0.19027776548684225,0.19667012023098834,0.19683933511871723,0.19559123351080177,0.19069592627270596,0.19071377689255814,0.19069130921114158,0.20020553833977556,0.17510545315318563,0.19113354518253303,0.19050153087030416,0.19602375704320588,0.18151795195079046,0.1978655107673375,0.18274066564382968,0.17179398139011873,0.1612472035375148,0.1775200818717032,0.17644957729082272,0.1673259252488451,0.166964646480446,0.17590027457453444,0.17572550317688324,0.16103269648769705,0.1780490200588442,0.20072592257112942,0.19056723613277926,0.1906092559804761,,0.19833046100534513,0.19240836204454778,0.19500002003812536,0.19712375790535527
2006-09-30,0.17619934115727556,0.1985153800454183,0.19282045060469868,0.19311819796892388,0.19286588257871418,0.19815578629886924,0.19524905895947386,0.1964009269294402,0.19615020142677703,0.19631709980806644,0.19821709944680996,0.17512711539335507,0.1748622942380152,0.1749739433526066,0.17665612806742265,0.17803572338824125,0.1898755813283198,0.19666301123792165,0.19684601197593693,0.19560191414747408,0.19069862605702173,0.1907064891780031,0.19069569054985985,0.20020617203585736,0.17465643012041052,0.19112875915361047,0.19049794071695864,0.19601714966000547,0.18154365406925554,0.19786906858194467,0.1825734922268978,0.17161840098801717,0.16114044613173553,0.17737225947971563,0.17625383444073855,0.16652479974021728,0.16572039577917314,0.17558612783849573,0.1754229955396662,0.16103269648769705,0.17787362782916005,0.2007222539848745,0.19055591944465794,0.19072272896592113,,0.19833340182555645,0.19237464142061367,0.1949986319793864,0.1971335583072087
2006-10-31,0.17619934115727556,0.19851911774932257,0.19281100150519298,0.19312688859929827,0.19286995122826076,0.19815758892178284,0.1952295512311041,0.19640853543805892,0.19616811825738484,0.1961331770362946,0.1982190887688104,0.17512711539335507,0.17481709788044772,0.17490718216455994,0.17665612806742265,0.1780223946938179,0.18962252182268638,0.1966589549028284,0.19685300103243472,0.19560983330788578,0.19070334399170247,0.19069993133712748,0.19070071936925492,0.2002062829747808,0.174419960376672,0.1911260514591105,0.19047881184042015,0.19602152663846326,0.18157175866155265,0.19787581769230733,0.18209195373278328,0.17106641997988534,0.16024937040407397,0.17729689570298168,0.17621755952203755,0.16585916812552215,0.1646130031807748,0.1758232003272734,0.1754229955396662,0.16081416037451535,0.17799564071358592,0.20072126910441657,0.1905465283450016,0.19097322311529347,,0.19833607927480307,0.19233050224318693,0.19501221531612237,0.19714626534955287
2006-11-30,0.17619934115727556,0.1985226143062621,0.19281205407694074,0.19313380713826786,0.19287198177920079,0.19815824161522883,0.19520982091990327,0.19641682987293518,0.19618266463163694,0.19620026416434083,0.19822313443105652,0.1749295115570884,0.17453924044981445,0.17456284365572036,0.17634359017375967,0.17772079064746044,0.18964864124676534,0.1966627477319542,0.1968591212345135,0.19561145160924873,0.1907112070950141,0.19070088350509568,0.19070203209394412,0.2002072942817812,0.17465643012041052,0.19112534264432443,0.1904761292373174,0.19602142956150764,0.18160378889790849,0.1978810140811728,0.18198042118428262,0.1707156320246201,0.16024937040407397,0.17704892079130696,0.17595746113893576,0.16606370488542832,0.16565026848921047,0.17586185639010987,0.17508371843230142,0.15977745441086494,0.17763564169834276,0.2007224426249231,0.1905390746890912,0.19092963468145543,,0.1983409131107221,0.19236371105031583,0.19501198630546346,0.1971512683441252
2006-12-31,0.17618106849772952,0.1985262075906845,0.1928235883319211,0.19313983629581932,0.19287502290412614,0.19816690330256032,0.195188717128407,0.1964264048519005,0.19619529773897784,0.19626339599773326,0.19823074918769784,0.1753607289188435,0.17510545315318563,0.17512711539335507,0.17632574444709712,0.1777488904018297,0.18978549148284288,0.19667245925963797,0.1968652482596405,0.19561072523093873,0.1907212535106943,0.19071074072354566,0.19070576882570228,0.2002081379524867,0.174419960376672,0.1911522437272071,0.19051054449715643,0.1960201667796728,0.18163748140474795,0.19788621968167722,0.1823505098783941,0.16937644190292697,0.16024937040407397,0.1774021306947593,0.17636138370560217,0.16606370488542832,0.16579002709914525,0.17566614742017644,0.17506191082629835,0.16047853042100665,0.17769255007335055,0.20072858539868296,0.1905612099806376,0.190917851408125,,0.1983493527147141,0.19237736330997496,0.1949988634285791,0.19715203077363527
2007-01-31,0.17619934115727556,0.19852996425421457,0.19282710594802538,0.19314631366239055,0.1928800789549483,0.198171816440093,0.19516747422604058,0.1964368561894445,0.19620682249789845,0.19605883982857386,0.19823364879477245,0.17560622786109864,0.1753607289188435,0.17538155183328077,0.17646706293896294,0.1779145965496951,0.18937925646726653,0.19668405509768647,0.1968719521056474,0.1956132756716151,0.1907309956626422,0.19071999860110714,0.19071700408097012,0.20020916892031668,0.17488477653612838,0.1911428107564318,0.1904934933894747,0.19602162370683887,0.18166541710012252,0.19789225660912876,0.18167881851120377,0.16854038817534003,0.15941104253199434,0.17749082148493003,0.17653650346318875,0.16690305166614847,0.1668410507826348,0.17593845731218305,0.1754229955396662,0.1595344062540259,0.17779077856205672,0.20072916327045617,0.19054433319924535,0.19106593186822377,,0.19835395054573293,0.1923554679777917,0.19500209926684445,0.19715611818198875
2007-02-28,0.17621755952203755,0.19853358611914793,0.19283531233963602,0.19315359166306736,0.19288547172380713,0.19817446511619963,0.19514840148312404,0.196446803526402,0.19621727490851942,0.19612349573546867,0.1982395054184205,0.17499604660631152,0.17470273423371932,0.17479438293614966,0.17644957729082272,0.17783235642458206,0.1896428032751169,0.19669343426706795,0.1968789001005737,0.1956218217847909,0.19073802618763905,0.19072860008622589,0.1907229888136869,0.2002095412601952,0.17465643012041052,0.19116806473713793,0.1904958828578656,0.19601558918972714,0.18168212633678424,0.1978946646366266,0.1840449610083079,0.1690419242178143,0.15977745441086494,0.17706473242372187,0.17607027705804215,0.1664602681490552,0.16671581322510032,0.17603289972574676,0.1753607289188435,0.15928642567677503,0.1777488904018297,0.20073050446875323,0.19056486976505685,0.19090599955689402,,0.19836063220631245,0.1923936056644703,0.1949860702909814,0.19715428265015644
2007-03-31,0.17621755952203755,0.1985376295814791,0.1928462940988179,0.19315726071352446,0.19288831718935567,0.19817887933892803,0.19512617856344014,0.19645748392712067,0.19622959708374468,0.1961366761324138,0.1982458322936493,0.17483973483301238,0.17474871727795774,0.17499604660631152,0.17628989538253137,0.17781853137620518,0.18971087222996064,0.1967024008639192,0.19688681401642047,0.1956352109397391,0.1907439994448492,0.19073871389918257,0.1907257801268512,0.20021057883082585,0.174419960376672,0.19117271810426928,0.19051162586573497,0.19601578436971634,0.18169555726640432,0.19789800515509595,0.18375672482927996,0.1691868922607928,0.1614577999327502,0.17729689570298168,0.17621755952203755,0.166964646480446,0.16738479497586703,0.17588109506433333,0.1751487055541083,0.16103269648769705,0.1776641674911109,0.2007350403763103,0.19056346128826365,0.19081795506490626,,0.19836726411555045,0.19242696279431473,0.19498208969671016,0.19715377565966932
2007-04-30,0.17619934115727556,0.19854127948299988,0.19285263053731866,0.19316237131426353,0.1928916189692749,0.19818194614259915,0.1951018462843492,0.19646646916318466,0.1962428418429833,0.1961323004897547,0.19824932046643615,0.17488477653612838,0.17467962254319797,0.17495176514409672,0.17658806339239053,0.17798221516597473,0.18988037657532839,0.19671016867276908,0.19689364221730155,0.19564747107314112,0.19074858617252446,0.19074521494822852,0.19072973347356192,0.2002108539702523,0.17465643012041052,0.1911902611540123,0.19052170170003987,0.1960293615012661,0.18170993099110389,0.19790849797473806,0.1835919646468785,0.1686430273535254,0.1607033430673903,0.17722053491839213,0.17619934115727556,0.16690305166614847,0.1670258395409987,0.1757451646641396,0.1754641721596334,0.1609239396552822,0.1776641674911109,0.20073328504360013,0.1905763372930217,0.1907772277992777,,0.19837079253275688,0.19245449364383882,0.19499027141786604,0.19716157174542928
2007-05-31,0.17619934115727556,0.19854459025839385,0.19286134433436936,0.19316657816244207,0.1928947339971587,0.19818598506773372,0.19507220865654656,0.1964736849870643,0.19625824859353444,0.1960644546752583,0.1982525036872827,0.1755659638372006,0.17544361705603254,0.175525442535765,0.17658806339239053,0.17798221516597473,0.18985581398574142,0.19671776199313862,0.19689916639466853,0.1956560231495067,0.19075268939240578,0.19075323267579467,0.1907330006415153,0.20021154580833092,0.174419960376672,0.19119166904158708,0.19051230458331048,0.19603176841504905,0.18173145704638866,0.1979107924593048,0.1830923775236076,0.16708663510050425,0.15977745441086494,0.177621324718378,0.17670667318153657,0.1664602681490552,0.1662640250244334,0.1754641721596334,0.175525442535765,0.16024937040407397,0.1780223946938179,0.20074123279763384,0.19057240071734496,0.19081485061470166,,0.19837384699571345,0.19247902895924987,0.19498723867241544,0.1971591483796591
2007-06-30,0.17619934115727556,0.19854762318834443,0.19286622880609974,0.19317255180950357,0.19289807281011725,0.19818798733181264,0.19503910799611202,0.19647943804193446,0.19627433904170397,0.19609482992728186,0.19825394157607623,0.1754641721596334,0.1755659638372006,0.17578430391938205,0.17711191225403738,0.17838390164066767,0.19004252771403388,0.19672509744244623,0.1969039544000783,0.19566216105271056,0.19075641055216977,0.19075908204514166,0.1907375854059083,0.2002119074238856,0.17488477653612838,0.19119238549341802,0.19051471604595524,0.1960202639682952,0.1817579595314171,0.19791464256716154,0.18432244521460517,0.16978802969093018,0.1596565369808791,0.17784614742261778,0.1768884161536955,0.16658889798308274,0.1662640250244334,0.1751916712272158,0.1761074294693147,0.15977745441086494,0.178346292880932,0.2007358943196063,0.19056847077173722,0.19071947812473505,,0.19837538468568217,0.1924854278312435,0.19496912481316486,0.19716166603473592
2007-07-31,0.17621755952203755,0.1985509772013274,0.19286998170508307,0.1931767401646519,0.192901873158368,0.1981921946637689,0.19500064647768642,0.19648524922006694,0.19629150347208896,0.19600598268290437,0.1982563205796999,0.17479438293614966,0.17488477653612838,0.17527675493991451,0.17701716883434468,0.17832107498258276,0.19032255201225304,0.19673306013050532,0.1969096625359957,0.19566942682570748,0.19076032649895877,0.1907632910269394,0.190741741674969,0.20021177012895844,0.17510545315318563,0.19118827396767082,0.190506335934365,0.1960242413148683,0.1817889381807382,0.19791915167560212,0.18615098205840944,0.1738946940008317,0.1624559494502688,0.17795526629567826,0.17663918426619607,0.1663298856908767,0.16514499398218668,0.17564623731805445,0.17593845731218305,0.16036450225830115,0.1783713943152688,0.20073806310498224,0.19056035722397946,0.1908790784245435,,0.19837736789321989,0.19250195406489032,0.19497054563370017,0.1971643022649915
2007-08-31,0.17576476480548392,0.19855471189018964,0.19287063174257615,0.1931818303171477,0.1929053167612043,0.19819670951639068,0.1949582220236215,0.19649170998644103,0.19630856320323384,0.19598209649395998,0.19825728063386078,0.17378991553548048,0.17404893780089048,0.17474871727795774,0.17711191225403738,0.17832107498258276,0.19025117359967247,0.19674188365211104,0.1969170251448136,0.1956798616639576,0.19076456476403886,0.19076516954975534,0.1907458575090102,0.20021165569086002,0.17488477653612838,0.19119340560289308,0.19049198592035144,0.19602220593699202,0.18182034449380044,0.19792880523386178,0.186123873774389,0.17477158955241207,0.16421535119366074,0.17776288783920383,0.17634359017375967,0.16536468289145703,0.16354583811333218,0.1742246068331891,0.17558612783849573,0.16363188317030417,0.17806228483469558,0.20074117673291972,0.19056340170511038,0.19065672821857937,,0.1983779207835674,0.1924674505839924,0.1949750344104226,0.1971753616963238
2007-09-30,0.17560622786109864,0.19855794401726393,0.1928795437513026,0.19318673723679727,0.19290963588220122,0.19820104894512233,0.19491390719520696,0.19649803118577683,0.1963243988323134,0.19582339743021793,0.19826221940469513,0.1732979348085792,0.17399790662298348,0.1748622942380152,0.17703306632639274,0.1782447133356643,0.1905370421511985,0.19675197950297424,0.19692488335582037,0.19569178982815483,0.19076890595466428,0.19077577185244968,0.19075339271433825,0.20021204926003763,0.17510545315318563,0.19119979506508297,0.19049496359223253,0.19603455383311263,0.18184454945114578,0.19793177616072202,0.18486376106344227,0.17392064243067631,0.16380191043652592,0.17776288783920383,0.17634359017375967,0.1661977114079719,0.16469072437065413,0.17335432620092087,0.1752978515265534,0.16437625133471634,0.1780223946938179,0.20074333500403477,0.19056883438042413,0.19065672821857937,,0.19838256726890574,0.19248159137031257,0.1949679395774503,0.19717340861474936
2007-10-31,0.1752343533219354,0.1985598993015166,0.19288602511637906,0.19319127115889248,0.19291481369127605,0.19820456314230633,0.19486539160739663,0.19650374605529092,0.19633951044495834,0.19591361976880414,0.19826427961283774,0.17321250072765773,0.17381625910105963,0.1746098011955006,0.1769046650196507,0.17810188907360594,0.19074855409147315,0.19676482378343546,0.1969324849731565,0.19570397779431273,0.19077349091815207,0.1907841138026198,0.19076058167909601,0.20021237854770346,0.17510545315318563,0.1911921252297727,0.19048586173017198,0.19602868661795544,0.18185554257242517,0.1979334727784524,0.1850109715877003,0.1743229892059604,0.16371723763494006,0.17772079064746044,0.17619934115727556,0.1663298856908767,0.16579002709914525,0.1733823547155349,0.17525558899850563,0.16337163969614824,0.17790097371078628,0.20074685531988082,0.19056008693709134,0.19057118932758874,,0.19838414692749443,0.19249688601485995,0.1949672279034161,0.19717210427615767
2007-11-30,0.17463315649567182,0.1985599188402591,0.19290248079416217,0.19319728518156484,0.19292056623385953,0.1982113601866986,0.1948169264076816,0.19650788715941253,0.1963528466791537,0.19583951848354147,0.1982683236604067,0.17005158706742102,0.17151109550795487,0.1732979348085792,0.17653650346318875,0.17799564071358592,0.1910023364099059,0.19677989648539307,0.19693851978881874,0.19571436046248225,0.19077785413214132,0.19079866291076003,0.19076599683229054,0.20021290866067443,0.17510545315318563,0.19120681377130422,0.1904975177345253,0.19602142956150764,0.18184836922895609,0.1979364659827972,0.18602312049366723,0.17704892079130696,0.16714703735004088,0.177621324718378,0.17527675493991451,0.1663298856908767,0.16565026848921047,0.1712919207788333,0.17470273423371932,0.16572039577917314,0.17757815560030277,0.2007528730955557,0.1905763930287711,0.1903965853117211,,0.19838828460794372,0.19255059611240546,0.19494641368392773,0.19716711853444482
2007-12-31,0.17402346964694185,0.19855919869803498,0.19290855469060972,0.19320286337356238,0.19292556226711613,0.1982129211870623,0.19476845039632476,0.19651111338997942,0.19636703135080305,0.19564007062038308,0.19827423564344657,0.17009470920351152,0.1716538399776884,0.173493371086452,0.17662219237265292,0.17832107498258276,0.19091873752358254,0.196796766999671,0.19694411218270302,0.19572483792452178,0.19078198764082974,0.1908050096710821,0.19077152476157652,0.20021338807290598,0.17572550317688324,0.1912083402840095,0.19050028186676785,0.19602617626803634,0.18183115175399392,0.19794050907582184,0.18594798514075822,0.17731204751735544,0.1674432914626483,0.17783235642458206,0.17548466120597603,0.16613093975132176,0.16585916812552215,0.17018028187425688,0.17472576565790285,0.1676165796534473,0.17767837660806607,0.20074459723075272,0.19057923707982305,0.1903737218326466,,0.19839414989283452,0.19254567049005444,0.19494351578800026,0.1971683362750516
2008-01-31,0.17321250072765773,0.1985593985102773,0.19291577221017428,0.1932076890576282,0.1929314728071296,0.19821509590198969,0.1947258010310079,0.1965139105669037,0.19638376076229003,0.19570234982573445,0.19827778701933202,0.16514499398218668,0.1690419242178143,0.17239440603470482,0.17634359017375967,0.17818025349578967,0.1909544496471209,0.1968131375971088,0.19695016966092158,0.1957368871071475,0.19078540631562574,0.19081192815615636,0.19077700630831035,0.20021339263676832,0.17572550317688324,0.19120508895285668,0.19049328690034614,0.19602820430415824,0.1818161959639792,0.19794426227918555,0.1866291642200369,0.1786875122566136,0.16969829074545068,0.17757815560030277,0.17467962254319797,0.1663298856908767,0.16499582127487591,0.1690419242178143,0.17424933658898545,0.16894390545960156,0.17693702906806982,0.20074665702370623,0.19057756313948282,0.1904820374385032,,0.19839744091552367,0.19257501269493754,0.19494303216225417,0.1971695212598277
2008-02-29,0.16978802969093018,0.19856150866028016,0.19292083215622785,0.1932106678344374,0.1929331157160127,0.19821374201533667,0.19469418570879327,0.19651652765639255,0.19640283500349262,0.19572659939353942,0.19827995928353032,0.16036450225830115,0.1673259252488451,0.17193159705365432,0.17668987230014344,0.17853177620754018,0.19102291764382823,0.19682694953108174,0.19695702366559031,0.19575058943175774,0.19078790348108177,0.1908173966093645,0.1907796942365886,0.20021306851026435,0.175525442535765,0.19119549827133173,0.19047422564447195,0.19602945787928622,0.1818126040795638,0.19795511576728753,0.186684845496475,0.179475330745463,0.1707949306714435,0.17769255007335055,0.17427397654386215,0.16690305166614847,0.16606370488542832,0.16514499398218668,0.17470273423371932,0.17022273621018927,0.177776850511046,0.2007418813396691,0.1905693517156152,0.19018574918265754,,0.1984001376263756,0.19259549444794605,0.19494230637844062,0.19717928642215235
2008-03-31,0.1679535808702898,0.19856509533713954,0.19292830946057063,0.19321668227468844,0.19293781038287847,0.19821866748737502,0.19466706816908275,0.19651891135626853,0.19642494773431962,0.19559566404215006,0.19828286035439413,0.1600157260470382,0.16708663510050425,0.1716538399776884,0.17665612806742265,0.17861619686233074,0.19129052941485278,0.19684122680676627,0.1969654393101623,0.19576628511168565,0.19079089592253626,0.19082523213706643,0.19078509114314549,0.200212748765539,0.17591939522357863,0.19118712461843737,0.19046305122525703,0.19604096216946248,0.18181613835014312,0.19796375711083325,0.18653005794042316,0.17999543748710833,0.1716538399776884,0.17808871921480618,0.17456284365572036,0.1663298856908767,0.16529198736909784,0.1551898114022262,0.17439584804483715,0.17140228053415224,0.17720514117023733,0.2007429135643205,0.19056260593369115,0.19013076898298972,,0.19840374263173807,0.19265664853487888,0.19494617244486234,0.19718482075641633
2008-04-30,0.16592782444589307,0.1985686988502974,0.19293314503862896,0.19321626454917126,0.19293917427634122,0.19822186725462027,0.19464350497379954,0.1965202004127274,0.19644553141258614,0.195606925811011,0.19828117007615023,0.16599600156079572,0.17000823849237948,0.1727082038911929,0.17672342687043532,0.17871107365684993,0.191455202712046,0.19685613870811305,0.19697423486909724,0.1957804220634897,0.19079543514601832,0.19083029539038238,0.19078669802001735,0.20021174724320526,0.17572550317688324,0.1911690765877982,0.1904354988375827,0.19604201071133887,0.18181989980604374,0.19796975500154887,0.1855761734505483,0.1785801792006029,0.17030699022057658,0.17811502754674527,0.17538155183328077,0.16585916812552215,0.16579002709914525,0.1556941101537442,0.174515553635801,0.17106641997988534,0.17747613484861707,0.2007423205878919,0.1905453161707869,0.18981378300426335,,0.19840286827397252,0.1926909456392985,0.1949456898292779,0.1971884309875994
2008-05-31,0.16363188317030417,0.19857141730514863,0.19294547231839826,0.19321867109518345,0.19294283166181378,0.19822750377477494,0.19461750599531544,0.1965197728757101,0.1964626012933331,0.19554949733361862,0.19832852874854376,0.16822511018351435,0.17151109550795487,0.17354823057003088,0.17675679355449,0.17866384618251327,0.19172400993724248,0.19687207885903932,0.1969833703924445,0.19579229581026292,0.19080258285097337,0.1908420102495463,0.19079169968096993,0.20021087689245223,0.17646706293896294,0.19115279845307453,0.19041985309470105,0.19604210598356647,0.18181371812512706,0.19797061540421484,0.18481519979111297,0.17816727008230462,0.16987681444035874,0.17825751469853274,0.17591939522357863,0.16720705042019537,0.16671581322510032,0.16156166734322217,0.17488477653612838,0.17009470920351152,0.17754919281826,0.2007475554589313,0.19052939114448214,0.18967132211201476,,0.1984434684949391,0.19275423611257364,0.19493867123138925,0.19718365514213987
2008-06-30,0.16380191043652592,0.19857229146315275,0.19296720097697342,0.19322278807272225,0.1929475662629273,0.19823245242360052,0.1945863807432058,0.19651673197838967,0.19646866629836637,0.19565225953782742,0.1983120417469435,0.16806318084398889,0.1712547846452485,0.17335432620092087,0.17693702906806982,0.17882733748026955,0.19188382568227771,0.1968795145732339,0.19699095302987454,0.19580127548530601,0.19081026565502385,0.19086175203862915,0.19079800523270557,0.2002101520980607,0.17680649512268964,0.19114593104078523,0.19040212351439978,0.19605479802899048,0.18177616249046394,0.19797329060694185,0.18623281890284826,0.17913984018116083,0.17009470920351152,0.17845834511580044,0.17586185639010987,0.16738479497586703,0.16806318084398889,0.16283148990590482,0.17508371843230142,0.1697432805412774,0.17806228483469558,0.20074816582360272,0.1905227559637838,0.18948563695173193,,0.19842835259708616,0.19279619474328505,0.19493478225472843,0.19717471112518015
2008-07-31,0.1638859103468682,0.1985706299787336,0.19298199804511687,0.19322651184799708,0.1929527990219351,0.19823227236099647,0.194543048366045,0.19650981911620427,0.1964565147755763,0.1954735173092915,0.1983023942675073,0.1674432914626483,0.17091242127736309,0.17335432620092087,0.17692086925618283,0.17892983178076324,0.19187502043536986,0.1968681422727456,0.19699598349961525,0.1958084986250412,0.19081674488629652,0.1908744059878338,0.19080294833569722,0.2002092470861961,0.17712755447849732,0.19113393531719386,0.1903736069027901,0.19606985504705218,0.18167754393830846,0.19797889883833494,0.186037139254688,0.17979956016957244,0.1707949306714435,0.17871107365684993,0.17591939522357863,0.1663298856908767,0.16507068331129598,0.16047853042100665,0.17481709788044772,0.1705138910406493,0.1781542559037393,0.20074557848430402,0.19050944100564274,0.18974365840742832,,0.19841805921207908,0.19284847757501028,0.1949420643583866,0.19717350171177994
2008-08-31,0.16380191043652592,0.19856599360261648,0.19297890307455767,0.1932293171917889,0.1929569269062107,0.19823142551540252,0.19448463445304848,0.19649790988217264,0.19641997647464707,0.19534258109002378,0.19829659272003106,0.1664602681490552,0.17030699022057658,0.17289023102061912,0.17687212245222428,0.17891854160468912,0.19154408853222388,0.1968288552274009,0.1969971877571062,0.19581403818108786,0.19082010289279452,0.1908722017183796,0.19080632035711292,0.20020794443515444,0.17757815560030277,0.19109182232285954,0.19033944008727044,0.1960587460028242,0.18150050383637453,0.1979810428499287,0.18554378505312644,0.18013072908342448,0.17106641997988534,0.17866384618251327,0.17566614742017644,0.16499582127487591,0.16283148990590482,0.1614577999327502,0.17465643012041052,0.17095120242161857,0.17799564071358592,0.20074096601024505,0.19046240072898027,0.1898334290082099,,0.1984117388355556,0.19278018207744935,0.1949291709464086,0.19717721796448495
2008-09-30,0.16206724002183392,0.1985598848464136,0.19298067913298336,0.19323349559883735,0.19296000634102903,0.19822606211379007,0.19441803263586976,0.196480310987825,0.1963667236555643,0.19529979950077242,0.19829945756654382,0.16380191043652592,0.16978802969093018,0.17294990737117172,0.1768884161536955,0.17909632572635595,0.19124940867497423,0.19676819164926784,0.19699577928085232,0.19581773623978546,0.19082116029276963,0.19087446634536515,0.19080912616520135,0.2002058668408261,0.17757815560030277,0.19097200379678053,0.19024078342389947,0.19609917836225554,0.18128888737488713,0.19798766122040576,0.1882545514338001,0.18201005289747674,0.1733823547155349,0.17969379175934735,0.17806228483469558,0.15977745441086494,0.14861443988982842,0.1527701811549066,0.17409959182386034,0.1722323769170001,0.1775636926507071,0.20073118067745377,0.19033050450274985,0.19016476519398032,,0.19841309556394035,0.1927575015905675,0.19498747221913515,0.19718601552384946
2008-10-31,0.14861443988982842,0.1985535944933579,0.19296271526395709,0.19323569797735368,0.19296072724024696,0.1982185575509131,0.19434644653309813,0.1964542689721757,0.19630247337469164,0.19521916408672413,0.1983002505757999,0.15928642567677503,0.16894390545960156,0.17341027274550808,0.17783235642458206,0.18057249125963787,0.19041733193261653,0.19668997586414397,0.19699327972360064,0.19581965794295528,0.1908213955286978,0.19085640057883227,0.19080522817666293,0.2002037118926461,0.17812813475972664,0.1909988904276517,0.19022521767153971,0.19611176274000483,0.18108548635451657,0.1980019401773903,0.18967604123231008,0.18430259263544016,0.17668987230014344,0.18155606401557536,0.1786875122566136,0.14575072240210246,,0.13909038539396448,0.17384250295201079,0.17586185639010987,0.17807551784414066,0.20070721225733626,0.19035625515475713,0.18955287344468782,,0.1984132025717525,0.19263923411496342,0.19501335974524026,0.19721015980669548
2008-11-30,0.11946653124961877,0.19854887319713224,0.1929254149653984,0.1932396658034652,0.1929622544895602,0.19820479624707366,0.1942814007535023,0.19642088648206132,0.19624126198808634,0.19494954563007857,0.19829725604806445,0.1493867823815296,0.16319456766024323,0.16956185605914098,0.17760697147842572,0.18083296772120033,0.1895440193040554,0.19660823393616728,0.19699131898347896,0.1958199810146289,0.19082183361317975,0.1908239334421028,0.19080401049324858,0.20020022801304008,0.17850741023176947,0.1909634739511655,0.1901542866050512,0.19615202499652093,0.18095172585199526,0.19800565046299362,0.1894535890131224,0.18535980522085527,0.17757815560030277,0.18140956349073176,0.17734223221104167,0.11293671344521859,,0.0897701382866044,0.1733823547155349,0.17693702906806982,0.17738721450888006,0.20068209472845808,0.19031418431881,0.18942226780651555,,0.1984089535918988,0.19252332746303047,0.1950832172229669,0.19723659239045768
2008-12-31,0.08236960186198092,0.19854541183458493,0.19290808826798736,0.19323984335379898,0.19296204325760868,0.19819695435857443,0.19421809837211995,0.19638256554425718,0.1961872538351689,0.1947065531697037,0.198287968084407,0.14196032897470495,0.15916053509817119,0.16572039577917314,0.1758232003272734,0.18019260543116322,0.18840216886339156,0.19652749909933034,0.19699094835981243,0.19582110657910456,0.19082228436970616,0.19080856530925142,0.1908026670846894,0.200196957433985,0.179085389923042,0.19088589006658707,0.1900560251016805,0.19621441218383123,0.18086395757075355,0.19802635504385965,0.1883107717028776,0.18489763947080629,0.1771587134824547,0.1811733345624435,0.17586185639010987,0.06663133700632466,,0.025441455789270928,0.1692821934160184,0.1774466478759556,0.17591939522357863,0.20066796744611032,0.19022616098280865,0.18968701513891092,,0.19839821964602408,0.1924479784301924,0.1951811681611257,0.19726922255346765
2009-01-31,0.07960492996570717,0.1985430135490787,0.19291338969735985,0.19324351092848918,0.19296608070981533,0.19820124562838431,0.19415560947618238,0.1963471975155156,0.19615122221841258,0.19448577621371105,0.19829343418798073,0.14780446479727316,0.1624559494502688,0.1692821934160184,0.1758232003272734,0.17993100313841356,0.18846480813456212,0.19646329673467888,0.1969933627593426,0.1958259807606974,0.19082216961467663,0.19080887691474477,0.19080182310131472,0.20019327054479055,0.1796055618780276,0.1908170614632792,0.18996017134371188,0.19621571126514722,0.18079054627334354,0.19803789197950633,0.1887183458262089,0.18433233123291337,0.17643204094946557,0.1807866706145397,0.1769046650196507,0.15256634446345038,0.11847163510218449,0.07353952761643978,0.17043176194898957,0.17683939971172247,0.17591939522357863,0.20067699859267238,0.19014733116042923,0.18974365840742832,,0.19838996287644686,0.19245189051389702,0.19515917941826647,0.197277215732064
2009-02-28,0.09607026699426097,0.19854148309033737,0.19292100941374335,0.19324450896112405,0.19297034699302906,0.19819911698301773,0.19409888085504073,0.19632297460958048,0.19613959069485692,0.1947689473127979,0.19828622998730006,0.1493867823815296,0.16371723763494006,0.16996466152080425,0.17623572386085914,0.17987509654858064,0.188233038576027,0.19642984496136356,0.1969983998474818,0.19583512831217273,0.19082126021469692,0.19081379403407323,0.19080401049324858,0.20018970218544255,0.1800770601211668,0.1908006034038004,0.18996104502579197,0.19619762657141562,0.18071041987561703,0.19804105388485854,0.18883324251398584,0.184683333087313,0.1761443592095841,0.18096915890616347,0.17759258182415102,0.14834877108727476,0.13359455407944645,0.10908337355744388,0.17213344620572954,0.1761259220339215,0.17586185639010987,0.2006749876927893,0.1901256455033721,0.18947994599989096,,0.19838122237618674,0.19242696279431473,0.1951386560790937,0.19727713253968152
2009-03-31,0.0874394694753151,0.19854042222126547,0.19291894021085373,0.19324670401102506,0.19297474500581227,0.19819428526963379,0.19404601989818324,0.19630406371026518,0.19614478366608873,0.1945362610582673,0.19828529636943748,0.14377939912042614,0.16059147182943512,0.16848861593692438,0.17663918426619607,0.18018381397866937,0.18895162114024375,0.19641903452684495,0.19700541256108806,0.19584764177657504,0.19081978426537274,0.19081077668800842,0.19080597716278255,0.2001857852307526,0.18042412758450874,0.19075716284418404,0.18990857693169338,0.19620470042422355,0.1806134668549088,0.19804858810062193,0.18866325543668078,0.18457727734565915,0.17703306632639274,0.1809988876275972,0.1751487055541083,0.1551898114022262,0.14078048049652392,0.09607026699426097,0.17229761174306377,0.17680649512268964,0.1754229955396662,0.20066457506803953,0.19007502112256242,0.18953624433697433,,0.1983780850798437,0.1924110315696805,0.19515142061179366,0.19728678760766027
2009-04-30,0.07960492996570717,0.1985400226987634,0.19292104880168853,0.1932484626608621,0.19297905511291458,0.19819421913577884,0.19401941383260685,0.19629094116553847,0.19615922749995116,0.19444398126076867,0.19829230899361824,0.14695386256879298,0.16396924598379597,0.1705546451941186,0.17644957729082272,0.18015734386517288,0.18907675922409706,0.19642855520787478,0.19701137784087502,0.19585821323750757,0.19081851336892774,0.19081469526920578,0.19081208371058464,0.2001825692931093,0.18066888598689682,0.19073536854862158,0.1898913767585193,0.19623532887966888,0.1805292844345432,0.19804912035899347,0.1879707321342137,0.183270402232059,0.17588109506433333,0.18048237447564608,0.17521304752691214,0.1581049257195709,0.1441230469849659,0.08236960186198092,0.17267741970553638,0.17657092584375955,0.17527675493991451,0.20066716119757977,0.19004816676382708,0.1899338671479737,,0.1983813710986845,0.19242431776295052,0.1951811681611257,0.1972861562530689
2009-05-31,0.0874394694753151,0.1985403083350462,0.19292412796486383,0.19324897623260615,0.19298093540854638,0.1981960216704174,0.1940273186212281,0.19628024238044955,0.19617654062747972,0.19464713249499568,0.19830639376997988,0.14724210884705158,0.1663298856908767,0.17172423115886254,0.17670667318153657,0.17985631989232054,0.18963748322959728,0.19645172041116588,0.19701502310064817,0.19586477973307806,0.19081795904670712,0.19081755175110685,0.19081419808482283,0.20018085530612095,0.1809766090417574,0.19070785061774326,0.18986291631639493,0.19623851073355753,0.18046823637230838,0.19805568253590017,0.18704812921049793,0.18242616497210928,0.17414987329300058,0.17963514421168428,0.174419960376672,0.16196791699578905,0.15649542893238746,0.0874394694753151,0.17399790662298348,0.17525558899850563,0.1755457355171494,0.20067279805458457,0.19001590304232194,0.1900962409517287,,0.19839392316166876,0.19244667242656055,0.19518436310630483,0.1972920138031085
2009-06-30,0.09407648767433337,0.19854152804380357,0.19294141248214194,0.1932477642548626,0.1929829083222729,0.1982017324435486,0.1940560549926604,0.19627278130357814,0.19619586237011402,0.19477722878821696,0.19829516465216673,0.1519377398218591,0.16755918003808468,0.17193159705365432,0.17682297025383356,0.1792998348299643,0.19013846397691653,0.19648200612856956,0.19701707719465567,0.19586905379377428,0.19081844921188995,0.19083377685110178,0.19081770688115376,0.20017859261303367,0.1810504562037834,0.19069903130250543,0.18985936067949544,0.19626541143319204,0.1804333378876212,0.19805733162828482,0.18665385545212776,0.18176088429110535,0.17229761174306377,0.17898592104187058,0.17326957045965194,0.1614577999327502,0.15618055687704233,0.0874394694753151,0.17470273423371932,0.17273885908337216,0.17650188313161197,0.2006836884982208,0.19000498503216873,0.19018574918265754,,0.19838385793671637,0.19248925573609585,0.19521001890214512,0.1972843421140035
2009-07-31,0.08236960186198092,0.19854409335626327,0.1929407899858554,0.1932450077398361,0.19298433907855625,0.19820489879143424,0.1940882596297828,0.1962688420351286,0.19622042743543164,0.1948017608252649,0.19829121558582952,0.1523597004009622,0.1675014185533936,0.17189742581834494,0.17648449813829978,0.17885028688538018,0.18988611749028395,0.196516970896988,0.19701931034977427,0.19587469442520133,0.1908202493465917,0.19083408466102844,0.19082006341903243,0.20017692979573945,0.1810504562037834,0.19073197575712922,0.18991128130702697,0.1962716658577906,0.180416586973422,0.19805771257382088,0.18658253127279126,0.1808406394614239,0.17034879356504398,0.17818025349578967,0.17335432620092087,0.16206724002183392,0.15585819213648003,0.0874394694753151,0.1744439865942967,0.17193159705365432,0.17619934115727556,0.20068489054971522,0.19004065971949982,0.18997557949332103,,0.19838055276904876,0.1924687409278898,0.19521372410807813,0.19728524963375
2009-08-31,0.08236960186198092,0.19854805889754493,0.19294776969724,0.19324798103478733,0.19298654432597032,0.1982158041563745,0.19410766866674697,0.19626890290209942,0.19625012684042392,0.1947799775906005,0.19829207541676935,0.14861443988982842,0.16665256759551397,0.17147499329102384,0.17621755952203755,0.17823188193006959,0.190196582118071,0.1965517443335978,0.19702280486606555,0.19588392982399824,0.19082339300557927,0.1908420102495463,0.19082411902017832,0.20017604778185397,0.18112313627614932,0.19076259968344916,0.18994881496807892,0.1962735888096004,0.18041335164752423,0.19805780218205307,0.18659759833787923,0.18076334902150348,0.16978802969093018,0.17759258182415102,0.17242639269340274,0.16024937040407397,0.15215018685383597,0.08497661719685744,0.1743473629795658,0.16983254029788317,0.17599529519070867,0.20069655677463225,0.1900750518641884,0.18996176128386322,,0.19838150492436216,0.19250068845692467,0.1952064983558434,0.19728161413551337
2009-09-30,0.07960492996570717,0.1985523557563847,0.1929517944001821,0.1932471458662609,0.19299054962180462,0.19820875783827005,0.19411105840893908,0.1962706409514648,0.19627937950519908,0.19477722878821696,0.1982961944523249,0.14807881630320063,0.16613093975132176,0.1711423082964689,0.17597640700031514,0.17787362782916005,0.19012905533428182,0.19658247421235303,0.1970266233751293,0.19589471242104975,0.1908269728487885,0.19084642056460926,0.19082893818028493,0.20017488102020145,0.18126511806228077,0.19078613418017595,0.1899829648759011,0.19627581507172012,0.18041723776275834,0.19805765656364502,0.18653005794042316,0.17973251249265965,0.1692346756225765,0.1770805014170495,0.17189742581834494,0.1614577999327502,0.15665014166383692,0.07020173098105242,0.1738946940008317,0.1694696566345761,0.17580378232200983,0.2006815241893957,0.19010289926758642,0.19029571172809434,,0.1983852056323495,0.19248925573609585,0.19520806428999407,0.19727943140925458
2009-10-31,0.07020173098105242,0.1985561405388221,0.19295804387563315,0.19324897623260615,0.19299602196886578,0.19821328098074767,0.19409776904891746,0.19627137557376093,0.19630486655219273,0.19462877128168268,0.1982968415341436,0.14666073551613673,0.16613093975132176,0.17151109550795487,0.17601412600243188,0.17784614742261778,0.19038594592036226,0.19660884672120102,0.1970297598105616,0.19590520665463104,0.19083026455464971,0.1908567658953897,0.19083900335663462,0.20017400069440802,0.18140278911609883,0.19079238764012882,0.18998848227099827,0.19628398896747346,0.1804224529188982,0.1980602960327105,0.1872919354792516,0.179403796749418,0.1692346756225765,0.17687212245222428,0.17213344620572954,0.16380191043652592,0.15989717781467114,0.04943635289331682,0.1738946940008317,0.16942317732442402,0.17578430391938205,0.20068744858814802,0.1901130241766765,0.1901773796201535,,0.19838581945759695,0.19250321873857398,0.1952150863673342,0.19727962502588584
2009-11-30,0.07020173098105242,0.19855846820276696,0.19296500759278798,0.1932455063602661,0.19299757270993806,0.19821411064954478,0.19407061834233308,0.19626951230805428,0.19632179365402044,0.19478545779674494,0.19830142209178223,0.13819004245666694,0.1638859103468682,0.17075537956015296,0.1760888812374437,0.1778873175164022,0.19047035109898167,0.19662798698453962,0.1970312578192531,0.19591310064135406,0.19083245048863537,0.19086357320946107,0.19084139695553018,0.20017399090530347,0.1813344784290882,0.19080359819120776,0.19002247328301047,0.19628945384484076,0.1804244692786475,0.1980637056424475,0.1863362993297605,0.17945499484432187,0.16983254029788317,0.17646706293896294,0.17102820027665638,0.16445577410105108,0.1614577999327502,0.03852568553184949,0.17419978673204128,0.16951588212499463,0.17527675493991451,0.20069218466467134,0.19012939817046595,0.1900389597762255,,0.19839025693200268,0.19253080767906747,0.19521469730480204,0.19727979095037948
2009-12-31,0.07020173098105242,0.1985603115217008,0.19296609028802394,0.19324557068686143,0.19299959114470863,0.19822025070682334,0.194044429271067,0.19626814057341085,0.19633428678306938,0.19476617505553948,0.1983060742364435,0.15256634446345038,0.16838415155052194,0.17294990737117172,0.17621755952203755,0.17795526629567826,0.19032725420886004,0.19664376858248758,0.19703231161743986,0.1959203483095897,0.19083438064345137,0.19086515024861325,0.19084372649852527,0.2001727561196889,0.1813344784290882,0.1908129981329838,0.1900223203924593,0.19629564352862652,0.1804258655773049,0.19806399468734823,0.18577495969864993,0.17798221516597473,0.16755918003808468,0.17677340698792776,0.1725842841516876,0.16652479974021728,0.16484441631010394,0.03852568553184949,0.17463315649567182,0.16884476395475226,0.17599529519070867,0.20069542449737715,0.19014455814353368,0.1902556281846775,,0.19839455199313735,0.19253949338055004,0.1952226485082824,0.1972786288462762
2010-01-31,0.06663133700632466,0.19856280525185593,0.1929674402501039,0.1932360135069744,0.19299726268060852,0.19822057062574347,0.19404202578736346,0.196271868316573,0.19634610475168263,0.19485466548531868,0.19830846346386574,0.1441230469849659,0.1663298856908767,0.17226506553720802,0.17621755952203755,0.17779077856205672,0.1904754717582683,0.19665888668513917,0.1970344575288708,0.19592888113938406,0.19083703729180648,0.19087111380646063,0.19084776627226005,0.20017269725304132,0.18126511806228077,0.1908423076311686,0.1900565034257656,0.19628649720756514,0.180430820395406,0.19805861939986738,0.18635622935395033,0.17818025349578967,0.16773030796246527,0.17601412600243188,0.17168911629241257,0.1662640250244334,0.16301454452180844,0.04421646475376544,0.17488477653612838,0.1674432914626483,0.17568599487918982,0.20069508246677317,0.1901819198818987,0.19033116491607327,,0.19840034076759908,0.192585886763608,0.19520551863161187,0.197273074675667
2010-02-28,0.07353952761643978,0.19856634263307912,0.19296545800504047,0.19323571415989962,0.19299818320005746,0.19822397202053918,0.19407081683137878,0.19628219649032663,0.19635891587287688,0.1948284842901206,0.19830889634011975,0.14377939912042614,0.16606370488542832,0.17219954485117323,0.1763791252971458,0.1779145965496951,0.19040868045538678,0.19667401886302463,0.19703818883183866,0.19593876545796604,0.19084067973251229,0.19087105334994744,0.19085014967739797,0.20017224082857088,0.18126511806228077,0.1908519384665262,0.1900588050283305,0.19629827446706943,0.1804405372917603,0.19806411694452425,0.18526516527362008,0.17839638018752726,0.16800854774881638,0.17603289972574676,0.17132888123135276,0.16484441631010394,0.16226328712227886,0.06663133700632466,0.1749295115570884,0.16817145883026885,0.1758232003272734,0.2006955062535285,0.19019833119805635,0.19029967972345946,,0.19840033351348152,0.19257501269493754,0.19522939552525953,0.19728039908275383
2010-03-31,0.08236960186198092,0.1985710286444455,0.19296614775608886,0.19323504244429887,0.1929986714263281,0.19822964778713265,0.19410971899641247,0.19629825616610802,0.19637429028594816,0.1949104514994185,0.1983137151958543,0.14988211570010068,0.1676165796534473,0.17292013066259015,0.17623572386085914,0.17781853137620518,0.19058302897924773,0.19669137612543294,0.1970428601902962,0.19594962408770233,0.19084541797460303,0.19087488879822734,0.19085420731108488,0.20017304055543592,0.1813344784290882,0.19087110171530092,0.19010104667926842,0.19631007034402245,0.1804525596584349,0.19806436140351538,0.18474548274573357,0.17718970647027882,0.16714703735004088,0.17597640700031514,0.17182861914525877,0.16565026848921047,0.16226328712227886,0.07960492996570717,0.1749739433526066,0.16755918003808468,0.17570578002293688,0.20070886756909498,0.1902253694490873,0.19029967972345946,,0.19840491170055885,0.19260266464294698,0.19523954213579464,0.19727968033739535
2010-04-30,0.09197929711059075,0.1985753180009912,0.19296662657754893,0.1932354066630545,0.19299903749935268,0.19823202020423242,0.1941197093837906,0.19631395788369252,0.1963881942734557,0.1950310793871444,0.1983219887080165,0.14861443988982842,0.16690305166614847,0.1724582419433738,0.17627189152684425,0.17779077856205672,0.19069262787559657,0.19670699160494196,0.19704588471892728,0.19595670363241666,0.19084969154529993,0.1908763666965428,0.19085560883617347,0.20017426493616047,0.1813344784290882,0.19088090530586202,0.19013016935725863,0.19629767368714363,0.18045916084377497,0.1980672116748625,0.1858541771491332,0.17682297025383356,0.16658889798308274,0.1755659638372006,0.17102820027665638,0.16671581322510032,0.1638859103468682,0.08236960186198092,0.17508371843230142,0.16671581322510032,0.17584255824683034,0.20071418511004002,0.19024254230005566,0.1902434578203296,,0.19841286723060686,0.19261573165418303,0.19522785662485087,0.19728332351904557
2010-05-31,0.09197929711059075,0.19857874324934818,0.19296554423994555,0.1932367737542321,0.1930003509255381,0.19823458303942681,0.19407774602232492,0.19632694251480268,0.19640027679010152,0.19477171367206011,0.19832899833975093,0.14196032897470495,0.1646130031807748,0.1711423082964689,0.17564623731805445,0.17750547043867157,0.1903091734075419,0.19672053690348346,0.1970460205149049,0.19595824928576464,0.19085306356925236,0.19087724086828134,0.19085862191499228,0.20017685188312348,0.18112313627614932,0.190917892768758,0.19017310723430814,0.19631133169705417,0.18045476099605606,0.19807355261511597,0.18746866718555097,0.17872281534752132,0.16937644190292697,0.17603289972574676,0.17075537956015296,0.16371723763494006,0.16081416037451535,0.08236960186198092,0.17414987329300058,0.16806318084398889,0.17527675493991451,0.20070826263236638,0.1902889693674311,0.19029967972345946,,0.1984201049718042,0.19262045837899044,0.19523839768016332,0.19729078519126025
2010-06-30,0.0874394694753151,0.19858151550127695,0.19296467209823834,0.19323812350053926,0.19300252511462748,0.19823642134205663,0.19401018509515772,0.19633735454283133,0.19641196698254607,0.1946349200507013,0.19832891081039344,0.1352350773693747,0.1618677110789554,0.1697432805412774,0.17548466120597603,0.17776288783920383,0.1903679678152906,0.19673144848825275,0.19704450987853037,0.19595674680080724,0.19085595662828742,0.19087609532587568,0.19085992924719072,0.20017615018560053,0.1809766090417574,0.1909238487820977,0.19017792880372333,0.19632627819868523,0.1804363605032519,0.19807611893582602,0.18775974691659042,0.17889588822788952,0.17022273621018927,0.17568599487918982,0.1694696566345761,0.16216569264742864,0.15903334974087815,0.07020173098105242,0.1737369267369092,0.17000823849237948,0.17508371843230142,0.2007071032868132,0.19030162931747482,0.1903927915706576,,0.19842059966235817,0.19260504797897857,0.19525770905274933,0.1972936221483991
2010-07-31,0.0874394694753151,0.19858455113632328,0.1929685595798791,0.1932392137666662,0.19300410706044951,0.19823971059469997,0.1939533746565082,0.19634788743526793,0.19642709054767563,0.19466524198108773,0.19833038952601242,0.13182784000302986,0.15977745441086494,0.16960758067276469,0.1751487055541083,0.1774466478759556,0.19040679507457753,0.19674114274307172,0.19704322630874785,0.19595597658690023,0.19085956449420338,0.19087841588969565,0.1908599900330423,0.20017575509740515,0.1809766090417574,0.19093417948484334,0.19019847654570007,0.1963191627331875,0.18039978745114735,0.19807619558073222,0.1861471236148819,0.1782447133356643,0.1694696566345761,0.1750400299276368,0.16833145344089742,0.16196791699578905,0.15754232541272195,0.08236960186198092,0.17335432620092087,0.16987681444035874,0.17474871727795774,0.20070876076100866,0.1903184842181471,0.1900567425492298,,0.1984232795545615,0.19261217791953988,0.19524847014003754,0.197292859219232
2010-08-31,0.0897701382866044,0.19858819668272965,0.19297159796659757,0.1932392137666662,0.19300547246661273,0.19824318155409662,0.1939446512559997,0.1963593315168811,0.19644705053698874,0.1948151916228704,0.19833428743362627,0.12636923416774737,0.15602032883128242,0.16714703735004088,0.17463315649567182,0.1769046650196507,0.1904237041439494,0.19675009884488992,0.19704364897271057,0.19595871469099607,0.19086447821957558,0.19088214737486087,0.19086260211986963,0.2001757697352292,0.1810504562037834,0.19094408176261696,0.1902075106815564,0.19633602930068597,0.18034373144511953,0.1980821189873889,0.18660427100840274,0.17865197364760485,0.16992085417171132,0.17449178272062169,0.16671581322510032,0.1587750080627862,0.15355863426892719,0.08236960186198092,0.17279978604146698,0.16969829074545068,0.1743229892059604,0.20071115225883643,0.19033424938364196,0.1901049236267366,,0.19842778592077592,0.1926216379978556,0.19526743763887938,0.1972975628585092
2010-09-30,0.0897701382866044,0.19859161204801737,0.19297495459152833,0.19324032748009493,0.1930073596902579,0.19824495561267483,0.19396718249260855,0.19636931974670963,0.196468207467911,0.1948017608252649,0.1983350694066391,0.12226056372154633,0.15501756206330167,0.1675014185533936,0.17472576565790285,0.1769046650196507,0.19036643081203894,0.1967596162367984,0.19704482526814243,0.19596265029955084,0.19086987193539776,0.19088485145099557,0.19086414957612072,0.20017536461547694,0.1810504562037834,0.19095164181908195,0.19021450927128594,0.19634941610661805,0.1802752779724702,0.1980855029401451,0.18618549790992883,0.17780467213609913,0.17009470920351152,0.17424933658898545,0.16652479974021728,0.16176660953434543,0.1555280452781184,0.07960492996570717,0.1727082038911929,0.16992085417171132,0.1742246068331891,0.20071654073056486,0.1903467412750205,0.19007438423596384,,0.19842921928778956,0.1926216379978556,0.1952800434544067,0.19729964861104093
2010-10-31,0.0897701382866044,0.19859403343846604,0.19298217824472258,0.19324132753558323,0.19300847043976774,0.19825019229734883,0.19399328533486418,0.19637579194202825,0.19648821844871736,0.19465621830836677,0.1983381265280531,0.11412559731952972,0.15316967186117955,0.16806318084398889,0.17506191082629835,0.17700122811929617,0.19060582367406992,0.19677206597572403,0.1970453687158137,0.19596473419078064,0.190875160329004,0.19089351042053823,0.19086830068762864,0.20017673012314374,0.1809766090417574,0.19094436464336723,0.19022126364328287,0.19636249290702948,0.18019611756361154,0.19809069222238068,0.185669242769403,0.17732715962869072,0.1705138910406493,0.17407431166734022,0.16592782444589307,0.16484441631010394,0.15824180607459937,0.07353952761643978,0.1730090953139826,0.17063554122840643,0.17399790662298348,0.20072358179698685,0.19034254775917955,0.19005231016097182,,0.1984327179676498,0.19264156646138889,0.19528666458562657,0.1973019995136249
2010-11-30,0.0897701382866044,0.1985947668222809,0.19298743314745517,0.19324375244612893,0.19301144423333869,0.1982543356590234,0.19400084917949023,0.1963769044804823,0.19650343316397173,0.19466224094667312,0.1983408190798724,0.1248002052801113,0.1581049257195709,0.1689930538782752,0.1754641721596334,0.17731204751735544,0.19068139256081548,0.19678763015305872,0.1970443270227597,0.1959627692496511,0.19087940316545177,0.19089891487066346,0.19087183914533612,0.20017738245017508,0.18126511806228077,0.19094626796002465,0.1902291522772943,0.19638713181026707,0.1801180928432005,0.19809315111155995,0.18615483580579206,0.1777488904018297,0.17000823849237948,0.17456284365572036,0.16708663510050425,0.16437625133471634,0.15903334974087815,0.07666734506282726,0.1738946940008317,0.1705546451941186,0.174419960376672,0.2007294415291076,0.19034747818175163,0.1902189116523584,,0.19843562594963624,0.19265433698852577,0.19532244850323696,0.19730181058466773
2010-12-31,0.0874394694753151,0.19859502086367825,0.1929957492607416,0.193246093242838,0.19301325007368375,0.1982576032975095,0.1939960245109222,0.1963761186021553,0.1965166493015186,0.19464408994580631,0.19834822031858684,0.1352350773693747,0.1638859103468682,0.17110445550127398,0.17576476480548392,0.17757815560030277,0.19083771333893193,0.19680582677158284,0.1970427434741978,0.19595913248460112,0.19088353335751884,0.19090504842484088,0.19087241318965575,0.20017778126413066,0.18090156257808485,0.19097298161051005,0.19024810274051734,0.1963979060266075,0.18004528534868203,0.19809674539009414,0.1847921134474765,0.17648449813829978,0.16833145344089742,0.1751487055541083,0.16942317732442402,0.16606370488542832,0.16226328712227886,0.07666734506282726,0.17446792720717946,0.1689930538782752,0.17544361705603254,0.20073347482153725,0.1903783101816873,0.19033506856578422,,0.19844304329316687,0.19267731072483998,0.19532333858527978,0.19730140560498707
2011-01-31,0.08497661719685744,0.19859638564476367,0.19300245955684833,0.19324879971126077,0.19301752390853266,0.19826136950851267,0.19399073225738633,0.19637806840019184,0.19653007870778638,0.19489547657098066,0.1983551207458312,0.13359455407944645,0.16337163969614824,0.17154703001243707,0.17580378232200983,0.1775636926507071,0.1908493555167094,0.19682408279464672,0.19704232281018194,0.19595765548494512,0.19088839138244745,0.19091317816066705,0.19087823516111077,0.20017779584954673,0.18074773653949217,0.19096714512007662,0.19025300513086824,0.1964109323690137,0.17999086287766297,0.19810023868964846,0.1852727336422423,0.17588109506433333,0.16833145344089742,0.1750400299276368,0.16932944804987782,0.1663298856908767,0.16345909337366032,0.07960492996570717,0.17470273423371932,0.16843653804898856,0.1753188791359413,0.2007377193883549,0.19037341150795822,0.1903233364213883,,0.19845715309809492,0.19271119226081024,0.19532618245019265,0.19730051401585477
2011-02-28,0.08236960186198092,0.1985995121622966,0.19300910481111178,0.19325122914807447,0.1930213236811155,0.19826364827541063,0.19399388397441322,0.19638535226895817,0.19654400242436504,0.19457532317082157,0.19836017378018786,0.13909038539396448,0.16484441631010394,0.17154703001243707,0.1761443592095841,0.1776499225717458,0.19085423778921298,0.19683908968914104,0.1970438527762077,0.19596027227258744,0.19089399543546423,0.19092071512354192,0.19088298902644404,0.20017884015807538,0.18066888598689682,0.19095603042489134,0.19026054599073347,0.19642399722542583,0.179960588119822,0.19810552428784425,0.1849616695347077,0.17527675493991451,0.16773030796246527,0.17499604660631152,0.16978802969093018,0.16665256759551397,0.16499582127487591,0.07353952761643978,0.17499604660631152,0.16773030796246527,0.17562626424258262,0.20074196786257048,0.19036203277545177,0.19044900505389525,,0.19846218018739437,0.19274549672348396,0.19534047761973763,0.1973048018541533
2011-03-31,0.07666734506282726,0.19860401265106975,0.19301977704873155,0.1932531027776968,0.19302355303698934,0.1982704622638746,0.19400454467905337,0.19639917717717617,0.1965601519002808,0.1948178611231628,0.19836140327610977,0.14342929566576537,0.16565026848921047,0.17172423115886254,0.17597640700031514,0.17747613484861707,0.1912252293401473,0.19685299037812798,0.1970461376349614,0.1959642766954204,0.19090103401194725,0.190931572379482,0.19088710211762625,0.2001799261314716,0.18066888598689682,0.19098378657831858,0.19028111872429518,0.19643611021991308,0.17992111181564363,0.19810992532969657,0.18478921699600884,0.17525558899850563,0.16778664387170444,0.1750400299276368,0.16969829074545068,0.16720705042019537,0.1654368526652883,0.06280230966049896,0.17467962254319797,0.16800854774881638,0.17544361705603254,0.20074746316968034,0.1903916217483446,0.19004341880601,,0.19846369052891802,0.19278232605517756,0.19535356446487928,0.19730609234077384
2011-04-30,0.06280230966049896,0.19860782802087018,0.19302944919199946,0.1932551340185502,0.19302607469012445,0.19827323631322588,0.19401754608279262,0.1964169217352393,0.19657457428713998,0.19468900714686485,0.19836368144359476,0.1352350773693747,0.16354583811333218,0.17117997980528912,0.17603289972574676,0.17746141036689764,0.19139736982466737,0.19686284603268303,0.19704677062114018,0.1959645778083852,0.1909078708024654,0.19094301404317787,0.19089333102223674,0.20018150288757158,0.18074773653949217,0.19097486400975222,0.19026680949310348,0.19643991994144153,0.1798412472398557,0.19811554416612276,0.18379872848083842,0.1752343533219354,0.16778664387170444,0.17456284365572036,0.1687444785041038,0.16773030796246527,0.1670258395409987,0.04421646475376544,0.17465643012041052,0.1676736210838971,0.17527675493991451,0.20075050656680052,0.19038105697745644,0.1901435790989999,,0.19846599701654588,0.1928235883319211,0.19534695156474732,0.1973084266976811
2011-05-31,0.05868451814580734,0.19861005083954514,0.1930360027954436,0.19325711474393722,0.1930302042602568,0.1982749523255533,0.1940299160130288,0.1964380074093306,0.19658647785154174,0.19470945482258364,0.19836527748365856,0.1248002052801113,0.1607033430673903,0.17009470920351152,0.17564623731805445,0.1770962279634892,0.1911840012187116,0.19686886381508795,0.19704422251679998,0.19595793264803343,0.19091416097332445,0.1909511972046387,0.19089977944832356,0.20018198567363832,0.18066888598689682,0.19097817049240667,0.19026748957417233,0.1964651148590487,0.1796898787548677,0.19812184846581288,0.18405561742313123,0.17590027457453444,0.16817145883026885,0.17414987329300058,0.1676736210838971,0.16572039577917314,0.16380191043652592,0.03229510402175013,0.17414987329300058,0.1679535808702898,0.17488477653612838,0.2007492756778639,0.19038285444028658,0.19032725420886004,,0.19846774553726695,0.1928340045497972,0.1953765976884176,0.1973133974051674
2011-06-30,0.05868451814580734,0.19861126805601517,0.1930360027954436,0.1932612438551738,0.1930350026368474,0.19827687729071825,0.19404038497603976,0.1964584146171979,0.1965942436033137,0.1948390207063487,0.19836872428451208,0.1248002052801113,0.16156166734322217,0.17063554122840643,0.17570578002293688,0.17704892079130696,0.19104911341009895,0.19687199539857222,0.19703991015923386,0.1959481079933646,0.1909189369040644,0.19095064493342545,0.1909027579436703,0.2001831041492517,0.18074773653949217,0.19098609892852472,0.19027150938009985,0.196475618617841,0.17950765396303045,0.19812916020883034,0.18441690555069665,0.17650188313161197,0.16854038817534003,0.1745863637425804,0.1681174834534691,0.16690305166614847,0.1640519258145692,0.03229510402175013,0.17399790662298348,0.16869390002312032,0.17467962254319797,0.2007537191689428,0.19038886559302667,0.19021479369624664,,0.19847149490125648,0.19283192656081474,0.19539299945265362,0.19732230847204277
2011-07-31,0.04943635289331682,0.19861277778860245,0.19304139660028669,0.1932664574451848,0.19303977760999008,0.19828000165057186,0.19404994766462821,0.19647666692370122,0.19659768607877598,0.19487778132754408,0.19837365175212773,0.1163759691814245,0.15633891197773894,0.1690419242178143,0.17558612783849573,0.17706473242372187,0.1910738783355334,0.19687425585870402,0.19703557343550945,0.19593969256667074,0.19092198331816698,0.19095523293870537,0.19090677202512407,0.20018337379429718,0.18066888598689682,0.19099881378342543,0.1902879532162695,0.1964972406010357,0.17933437614301928,0.19814564783383376,0.18646797358422634,0.17677340698792776,0.16879476556906498,0.17384250295201079,0.166964646480446,0.166964646480446,0.16437625133471634,0.03229510402175013,0.17409959182386034,0.1687444785041038,0.17477158955241207,0.2007531851456362,0.190399339162948,0.18986740602878718,,0.19847676949540344,0.19283918809317244,0.19541331443286844,0.19733875876762755
2011-08-31,0.06280230966049896,0.19861548706572266,0.19304788363871467,0.19327038003180688,0.19304566037250917,0.19828158453233757,0.19405941106782235,0.19649024382979138,0.19659651694253583,0.19477722878821696,0.19837533972369767,0.09197929711059075,0.14834877108727476,0.16557963946225898,0.1743473629795658,0.17639681520119047,0.19075272046935726,0.1968770783650007,0.19703304686536274,0.1959371482865244,0.1909229826457122,0.1909615751500353,0.1909121711219247,0.20018400406822323,0.18066888598689682,0.19101581972051676,0.19029973125965977,0.1965682117764736,0.1792219496231364,0.19816956834776125,0.18741223223935294,0.179085389923042,0.17091242127736309,0.1742246068331891,0.16579002709914525,0.16421535119366074,0.16114044613173553,0.017863140579268907,0.17233001655561733,0.17013760683518223,0.17397224814150863,0.20075426587730147,0.19041383792739008,0.18945128311416576,,0.1984783755187622,0.19282463291730334,0.19549313057522935,0.1973570772386547
2011-09-30,0.05424289143908061,0.1986190817992516,0.19305234821214165,0.19327306075401762,0.19304799290042982,0.19828436163502638,0.19407285742884112,0.19650062607649638,0.19659401336518426,0.1949447240478475,0.19837533972369767,0.1015044271855383,0.14834877108727476,0.1631049299329358,0.17362972449308198,0.17623572386085914,0.1907295392225145,0.19688085190211757,0.19703242448279043,0.19593905372416479,0.19092343383827634,0.1909653594307724,0.19091400711311185,0.20018507536032076,0.18066888598689682,0.1910137637951054,0.1903056300046767,0.19657645141903585,0.17916281989475438,0.19817270031197662,0.18856760216364146,0.1801750065994962,0.17110445550127398,0.17488477653612838,0.1655085028388761,0.1614577999327502,0.158511222378055,0.009434824608113688,0.17063554122840643,0.17106641997988534,0.17341027274550808,0.20076016089783347,0.19040737594837598,0.1896555217401792,,0.19847845409373102,0.19282984595053215,0.19549313057522935,0.19735710263641912
2011-10-31,0.04943635289331682,0.19862335095324957,0.19305373688332164,0.19327713235682467,0.19305152170112738,0.1982860198102958,0.19409636056295937,0.1965110246492202,0.19659393080623375,0.1948442567868556,0.19837607377432845,0.1015044271855383,0.1491333438781114,0.16514499398218668,0.1733261864760209,0.17641445366882974,0.19075528023597432,0.19688609161871473,0.19703335796072294,0.1959428763972583,0.19092525338197713,0.19096541715132018,0.19091530907155574,0.20018608713441885,0.1805071215055286,0.1910324070079695,0.19031915616650516,0.19659030138239453,0.1791279100255606,0.19817601336571325,0.18719384982017218,0.17882733748026955,0.16996466152080425,0.17437164908511318,0.1654368526652883,0.16453468888259756,0.16273879985239312,0.017863140579268907,0.17043176194898957,0.1707949306714435,0.1736566797612104,0.20076364641992084,0.19042280194091563,0.18972322193809527,,0.19847877485695278,0.1928025567275994,0.1954979065832551,0.1973601451978443
2011-11-30,0.05424289143908061,0.1986276124782269,0.1930575337141178,0.19328055660419155,0.19305508809712504,0.19828634766173614,0.194130346274099,0.19652259280848008,0.19659893618341287,0.19508408244887948,0.19837727072282488,0.1015044271855383,0.14834877108727476,0.16445577410105108,0.1730090953139826,0.17599529519070867,0.1910744252079458,0.19689237718567523,0.1970353361945408,0.19594612585951693,0.19092955958300295,0.19097092189973414,0.19092103962063298,0.20018677659361686,0.18033966976025295,0.1910320915086191,0.1903107201014813,0.19660368522199556,0.17909856043639277,0.19817994781401976,0.1868826704319819,0.17959566237131255,0.17087344996591103,0.1750400299276368,0.16599600156079572,0.16421535119366074,0.16156166734322217,0.009434824608113688,0.16996466152080425,0.17043176194898957,0.1733261864760209,0.2007659023679342,0.19041752337480292,0.18986740602878718,,0.19847964481584343,0.19280572857325606,0.19553095711781396,0.19736380800697267
2011-12-31,0.04943635289331682,0.19863180873119746,0.19305802239109388,0.1932847264152343,0.1930596683194294,0.19828727163050605,0.19416797473663086,0.19653585829060347,0.19660743212353277,0.19504677163588358,0.19838582685009554,0.1015044271855383,0.1444604254101915,0.16283148990590482,0.17318379383255672,0.17619934115727556,0.19111126616100882,0.19689865451342922,0.19703737692448894,0.19594794645407274,0.190935506357351,0.19097247550706076,0.19092551829213553,0.2001877375562844,0.18025370371823454,0.1910460904779477,0.19032724638035878,0.19659813948371413,0.17907008491879794,0.19818242576187883,0.18612776060515662,0.17900818960538964,0.17098979491989114,0.17477158955241207,0.16437625133471634,0.16345909337366032,0.1596565369808791,0.009434824608113688,0.16978802969093018,0.17098979491989114,0.17324109268352955,0.2007668142160089,0.1904274586168335,0.19014783265275695,,0.19848804422063407,0.19278874141000193,0.19551984181919677,0.19736881082792815
2012-01-31,0.05424289143908061,0.19863547369480744,0.19306361348167783,0.19328756275144443,0.19306392903686861,0.19829387548796337,0.19419698690660434,0.19654968456801247,0.19661616663503995,0.1951097637984322,0.1983936305063809,0.09607026699426097,0.13995305643895556,0.16226328712227886,0.17294990737117172,0.1761627412726937,0.19115559338616026,0.19690288958379268,0.19703812254023537,0.19594744305753783,0.19094120405641346,0.19098165768016095,0.1909335961824202,0.20018936410870133,0.1800770601211668,0.19106207058536573,0.1903487342219176,0.19662261231411576,0.17904582968378252,0.19819101923689522,0.1852499778155023,0.17827028613676402,0.17087344996591103,0.17392064243067631,0.16354583811333218,0.16469072437065413,0.16273879985239312,0.025441455789270928,0.17000823849237948,0.17095120242161857,0.1733261864760209,0.20077150583007228,0.19043939247490133,0.1903544817409822,,0.19849337207184162,0.19279831812212192,0.1955397446044612,0.1973739605714256
2012-02-29,0.06280230966049896,0.19863822697362332,0.1930679986424753,0.1932909955065721,0.19306534376455556,0.1983013643822276,0.19420985745308492,0.19656226434069926,0.19662235085105945,0.19506885374499994,0.1983998691072317,0.10908337355744388,0.14575072240210246,0.16363188317030417,0.17294990737117172,0.17599529519070867,0.19120766538870732,0.19690377624795724,0.19703690660779613,0.19594464595785427,0.19094515774707918,0.19098766091169173,0.19093737441822758,0.2001906866897451,0.1800770601211668,0.19107048986956118,0.1903575022394083,0.19662671593931533,0.17902689790188647,0.1981950690081258,0.18498366795655993,0.1774021306947593,0.17030699022057658,0.173493371086452,0.16345909337366032,0.16579002709914525,0.16371723763494006,0.05868451814580734,0.17034879356504398,0.17059519469568754,0.17324109268352955,0.20077910780737876,0.19044317148323728,0.19036604638990184,,0.19849973284766395,0.1928078397637681,0.19554004133598454,0.19737739402045273
2012-03-31,0.07353952761643978,0.19864064969039746,0.19307229114001107,0.19329507527959497,0.19306933791301073,0.1983019165699373,0.19421443942376176,0.1965735219521332,0.1966269655040982,0.19504899744857723,0.19840408198963358,0.11293671344521859,0.15036266546673432,0.16557963946225898,0.17335432620092087,0.1761627412726937,0.1913059123484738,0.1969018923334872,0.19703468996496476,0.19594111286948243,0.19094863282081972,0.19099279238842168,0.19094196327948637,0.20019175011274914,0.17998628401151648,0.19105659986312803,0.19033880945083567,0.19663498169403062,0.17900039061741246,0.19819889159340057,0.18407331071965236,0.1774170082061893,0.17018028187425688,0.1737102802283028,0.16354583811333218,0.1661977114079719,0.16396924598379597,0.05424289143908061,0.17102820027665638,0.17013760683518223,0.17335432620092087,0.20078111697640044,0.190422880571226,0.19040037236663584,,0.19850401130637652,0.1928350425631661,0.19555052697229067,0.19738004721228108
2012-04-30,0.07666734506282726,0.19864277815267953,0.19307569540729239,0.19329960280202663,0.19307316977450537,0.19830394065700382,0.19421873923280247,0.1965803296507861,0.19663019691284492,0.195171734808731,0.19840865226485407,0.10473281280107229,0.1441230469849659,0.16337163969614824,0.17326957045965194,0.1760888812374437,0.1912350880297147,0.1968981614205453,0.19703324015145146,0.19593963088774968,0.19095244652688453,0.19099631984007495,0.19094604653249628,0.2001921436398232,0.17998628401151648,0.19107554582987293,0.19034931547466125,0.19664762880417316,0.17895570739885946,0.19820431131205404,0.18461399504694093,0.17749082148493003,0.1707156320246201,0.1733823547155349,0.16292340128862834,0.16572039577917314,0.16429611295307098,0.05424289143908061,0.17063554122840643,0.17047293053292195,0.1730385081917296,0.20077793511768263,0.1904380916651183,0.19040792650178956,,0.19850840409615061,0.19282984595053215,0.19555419688577325,0.1973840986764468
2012-05-31,0.08236960186198092,0.19864497255212754,0.193071447915586,0.19330266814229938,0.19307602648956576,0.19830297863694718,0.19423060233238762,0.1965820465957969,0.19663289344656976,0.1950775785866673,0.1984073738950933,0.10473281280107229,0.13819004245666694,0.1596565369808791,0.17279978604146698,0.17586185639010987,0.1910046021617269,0.1968933141224055,0.1970336429259536,0.19594165900141966,0.19095771613622378,0.19099330482015728,0.1909487835449943,0.20019265055254531,0.17998628401151648,0.19108123492001666,0.19033652282454175,0.19665237730540885,0.1788800530869843,0.19820742092611016,0.1862534168483842,0.1786993059921879,0.17147499329102384,0.17352085430472325,0.16264532040846777,0.16453468888259756,0.16114044613173553,0.05868451814580734,0.16956185605914098,0.17098979491989114,0.1726465056271567,0.20077676445001233,0.19043910636459754,0.1905145654097514,,0.19850728308610371,0.19281100150519298,0.19556919676113207,0.1973909983984448
2012-06-30,0.08236960186198092,0.19864696255878378,0.1930697511533216,0.19330547211293192,0.19307959247058112,0.19830157871047027,0.1942500990091037,0.1965809239294336,0.19663502933238214,0.19517976776218182,0.19840589896807087,0.11293671344521859,0.14037103114006608,0.16059147182943512,0.17229761174306377,0.17576476480548392,0.19062327012845967,0.19688881305482323,0.19703508643192844,0.1959445908871494,0.190963491664007,0.190991938046626,0.19095154593008834,0.20019299612859465,0.17998628401151648,0.1910817062389356,0.19034179750429772,0.19666112170282943,0.17878470698949228,0.1982129396420035,0.18459262216430306,0.1780490200588442,0.17143872206867855,0.17346578022151057,0.1624559494502688,0.16484441631010394,0.16114044613173553,0.05868451814580734,0.16843653804898856,0.17147499329102384,0.17236228098583087,0.20077068737165862,0.19043462765697436,0.19028376405010494,,0.1985064506975628,0.19278874141000193,0.1955824339062056,0.19739942204528194
2012-07-31,0.08236960186198092,0.19864866276358348,0.19307034387745212,0.19330810109462407,0.19308268727322508,0.19830380095003258,0.19427769451611474,0.1965802033021975,0.19663678568087567,0.19514526066215376,0.19839957144918363,0.09796833198325006,0.13470137497578666,0.15864380718316398,0.17147499329102384,0.1754641721596334,0.1908033232773462,0.1968856320095062,0.19703636021802534,0.19594505076449165,0.19096916546405412,0.19099290627337265,0.19095433357819633,0.20019368191854228,0.17998628401151648,0.19108700026340383,0.19033228207948236,0.19668211209400116,0.17867450891928446,0.198220159277611,0.18511808179181047,0.1776641674911109,0.17098979491989114,0.1724582419433738,0.15989717781467114,0.16536468289145703,0.16226328712227886,0.06280230966049896,0.16784263234457575,0.1712547846452485,0.17179398139011873,0.2007733014694815,0.1904355658367906,0.1902475221584516,,0.19850111933739814,0.19279193980185366,0.195606505455756,0.1974046650556997
2012-08-31,0.07353952761643978,0.19864995283690007,0.19308222387944607,0.19331191296968106,0.193085028924686,0.1983070160743602,0.19431141936662827,0.19658251547466796,0.19663821351763902,0.19517374795991865,0.19839993443134926,0.09607026699426097,0.13415470123363876,0.15941104253199434,0.1717591857909751,0.1755457355171494,0.19098925876769737,0.19688482968003737,0.19703639745309773,0.19594019569660442,0.19097378919682167,0.19100191129813424,0.1909560449217384,0.200194513205168,0.17989380234149532,0.19107615780736978,0.19032580937077534,0.1966942836402518,0.17856529544879454,0.19822652482037284,0.1847101020355017,0.1774021306947593,0.17075537956015296,0.1722323769170001,0.1596565369808791,0.16572039577917314,0.16337163969614824,0.06280230966049896,0.16879476556906498,0.17083428694907318,0.17213344620572954,0.20078091594773287,0.19041918182478565,0.19032725420886004,,0.19850210994311285,0.19281940336940315,0.19562209651496085,0.19740582067482187
2012-09-30,0.07666734506282726,0.19865140751026475,0.19309197138998582,0.1933164226941231,0.19308881461488756,0.19831104083319495,0.19434665364146017,0.19658713800527133,0.19663974596916697,0.19534782376057497,0.1984088962054079,0.09796833198325006,0.13575628545645785,0.16036450225830115,0.17179398139011873,0.17540230725236677,0.19100516820244295,0.1968855698008024,0.19703543987779978,0.19593129832611203,0.19097747882370772,0.1910100578380388,0.1909593475005692,0.20019537625484188,0.1796055618780276,0.19107474505910751,0.19031718688607419,0.1967239043117429,0.17847612794163864,0.19823327118949627,0.1841536328997252,0.17703306632639274,0.17018028187425688,0.1717591857909751,0.15941104253199434,0.1668410507826348,0.16469072437065413,0.06663133700632466,0.16932944804987782,0.17039038354702807,0.17147499329102384,0.20078525321829876,0.19041314220407793,0.19047839233618075,,0.19851129338996423,0.1928371166313794,0.19563474862947391,0.1974090628950007
2012-10-31,0.08236960186198092,0.19865390320854587,0.19309748080212885,0.1933208964144818,0.1930920511154431,0.19831365027467457,0.19438220342207538,0.1965930838051977,0.19664205032567694,0.1954608936626809,0.19841754868932823,0.10908337355744388,0.14037103114006608,0.16114044613173553,0.17172423115886254,0.17483973483301238,0.1908539329875393,0.19688670549158038,0.19703391366471956,0.19591956359288556,0.19098094182136535,0.19101797478170043,0.19096587885652008,0.20019612975124423,0.1796055618780276,0.19108318486055417,0.19030881024800012,0.1967330778040014,0.17841876940460782,0.19823947865235486,0.18502995706140157,0.1768557837078184,0.1685918576862909,0.17117997980528912,0.15916053509817119,0.1673259252488451,0.16476785970364358,0.06280230966049896,0.16942317732442402,0.16909051904432942,0.17151109550795487,0.2007858960157816,0.19041790996083272,0.1906297329148552,,0.19851971560025375,0.1928277627129629,0.19565064175161484,0.19741310522027544
2012-11-30,0.08236960186198092,0.19865769101199607,0.19309404296173618,0.19332395844498731,0.19309475941968332,0.19831697052791772,0.194413415949268,0.19659884972790648,0.19664527540628673,0.19532316062130414,0.19842859033598093,0.1015044271855383,0.1352350773693747,0.1600157260470382,0.17182861914525877,0.17467962254319797,0.19076325917286818,0.19688726654797323,0.19703237534516432,0.1959074967466251,0.1909842833660264,0.19101614622252355,0.1909687621326723,0.20019687754043947,0.17950568274399578,0.19109342890106115,0.19032425773907818,0.19673454948991692,0.1784067341498647,0.19824489358813227,0.18420168563198203,0.1768884161536955,0.16965305817433263,0.1712547846452485,0.15890484807111455,0.16677863945048044,0.1638859103468682,0.05868451814580734,0.16894390545960156,0.1692346756225765,0.17117997980528912,0.2007876087304169,0.19042478927914383,0.19063312640327643,,0.1985308839925184,0.19280994826293038,0.1956652541329805,0.19742208115623044
2012-12-31,0.08236960186198092,0.19866206625272698,0.19309379522260223,0.1933272281604352,0.19309824866617198,0.19831719676068965,0.19444309078848782,0.1966041047111355,0.1966489238285373,0.19555390371534906,0.1984498793872604,0.1015044271855383,0.14037103114006608,0.16176660953434543,0.17233001655561733,0.17495176514409672,0.19081329663195165,0.19688740958359213,0.19703115072053032,0.1958961105931483,0.19098759638907165,0.19101572401162906,0.19097074920309967,0.20019801847195826,0.17970350004868715,0.1911009973729518,0.1903434881252953,0.1967559827286889,0.1784172132481082,0.19825553420683933,0.18486943025761843,0.17636138370560217,0.1691868922607928,0.17121747145194402,0.16380191043652592,0.1670258395409987,0.16453468888259756,0.04943635289331682,0.16932944804987782,0.1694696566345761,0.1712919207788333,0.20078968011069062,0.190428963792552,0.19027175033252267,,0.19855200420767904,0.1928067845053189,0.19567652207546377,0.19743460993441386
2013-01-31,0.07666734506282726,0.19866559996386043,0.1930978427150366,0.193331024013674,0.19310268973901887,0.19832292752363068,0.19447156487886838,0.19660804327667492,0.19665191358269912,0.1954172704851242,0.1983982123718255,0.10473281280107229,0.14605930517470395,0.16396924598379597,0.17279978604146698,0.175170224033669,0.19100431908181784,0.196887504371834,0.19703072050709813,0.1958877224613493,0.1909905133404636,0.1910208127931789,0.19097618208385167,0.20019890426659245,0.17979956016957244,0.19110059804191606,0.19033406990230237,0.19676148396207965,0.17842001053955955,0.1982587098109452,0.18361593889277872,0.17562626424258262,0.1690419242178143,0.17154703001243707,0.16469072437065413,0.16784263234457575,0.1662640250244334,0.04943635289331682,0.17022273621018927,0.1690419242178143,0.17193159705365432,0.2007940454925024,0.19042469949570678,0.19030759401010136,,0.19850917775380922,0.19281730690491386,0.1956828368037778,0.1974348661807137
2013-02-28,0.07960492996570717,0.19866730877749453,0.19310890761307004,0.19333541046564753,0.19310567874460002,0.19832597685254214,0.19449705946127827,0.1966102437076004,0.19665344561629652,0.19553319746482092,0.1983991792354716,0.1015044271855383,0.14233827407656108,0.16283148990590482,0.17309697581149175,0.1754229955396662,0.19102207596748158,0.19688782735083912,0.19703123782821833,0.19588377865182327,0.1909927140147907,0.191030309265039,0.19097910806777296,0.20020023735706236,0.17950568274399578,0.1911132352983433,0.19034441254911594,0.19676148396207965,0.17839662205141912,0.1982579781184561,0.18407683931923266,0.17568599487918982,0.16937644190292697,0.17132888123135276,0.1638859103468682,0.1675014185533936,0.16521875984964843,0.06280230966049896,0.17059519469568754,0.1692821934160184,0.17186310023311965,0.20080189793195927,0.19043479894270407,0.19045270066213757,,0.19851053445316347,0.1928360799234459,0.19567083558659848,0.19743099135482406
2013-03-31,0.07666734506282726,0.1986683443254645,0.19310315604029213,0.1933388758944377,0.1931076536922676,0.19832594490070216,0.194524433774334,0.19661231078161828,0.196654252500648,0.1956027154074509,0.1984006598808825,0.1015044271855383,0.14233827407656108,0.16264532040846777,0.17318379383255672,0.1754229955396662,0.19095734921383734,0.19688848650948915,0.19703239142003245,0.19588170080724765,0.1909951642106561,0.19102678483075983,0.1909815717904797,0.20020090038619212,0.1792998348299643,0.1911240282716215,0.19034047517775765,0.19676052942312647,0.1783543407641868,0.1982631982454632,0.18292982739236327,0.17544361705603254,0.16969829074545068,0.171365667366689,0.1640519258145692,0.16738479497586703,0.16565026848921047,0.05868451814580734,0.1705546451941186,0.16937644190292697,0.17206676114140762,0.20079708954422354,0.19044314552069905,0.19048930898176425,,0.198512427233824,0.19283296588259516,0.19567902579758728,0.19743967460945497
2013-04-30,0.07960492996570717,0.1986696896792501,0.19309888386108776,0.19334268122694218,0.19310798699806045,0.1983252256364941,0.19454914728978065,0.19661542035173935,0.19665482440300502,0.1953267149304502,0.19840260070921448,0.09607026699426097,0.13864508321281319,0.1609239396552822,0.1725842841516876,0.1748622942380152,0.19092875329897488,0.19688939238134712,0.19703349412569546,0.1958794578704524,0.19099819484567374,0.19102406736630825,0.19098288836499983,0.2002017676801628,0.179403796749418,0.1911212927715574,0.19033042242547069,0.19678108513553763,0.17831854675220976,0.19826795375166004,0.183300750864922,0.17477158955241207,0.16909051904432942,0.17075537956015296,0.16319456766024323,0.1663298856908767,0.16429611295307098,0.04421646475376544,0.16956185605914098,0.16909051904432942,0.17147499329102384,0.20079415720393917,0.19043708020371264,0.19040792650178956,,0.1985150953594952,0.1928277627129629,0.19569795582287627,0.19744466463397556
2013-05-31,0.06663133700632466,0.19867242222478557,0.19309973039523584,0.19334708768106496,0.19310942467821002,0.19832845709100438,0.19457174733945845,0.1966210082120136,0.1966561137040706,0.19548445369842055,0.19840743139571096,0.10908337355744388,0.15059761359799667,0.16507068331129598,0.1730678014233061,0.175170224033669,0.19100743077873977,0.19689053190570693,0.1970341551391079,0.19587497803120082,0.19100248190273744,0.19102602879139813,0.1909860332245435,0.20020276388243563,0.1792998348299643,0.19112379623347625,0.1903393466712606,0.19678402695504194,0.17830328499386583,0.19827040222216347,0.18434547110849892,0.1749295115570884,0.1688944763626598,0.171965615079999,0.16606370488542832,0.1654368526652883,0.16264532040846777,0.03229510402175013,0.17034879356504398,0.16894390545960156,0.17283005956336875,0.20079790730384814,0.19043694629798805,0.19069328689515802,,0.1985199201496712,0.1928340045497972,0.19570775459227946,0.197447654487765
2013-06-30,0.05868451814580734,0.1986762428321156,0.19310458928440563,0.19335110595145455,0.19311252355726286,0.19833027037915624,0.19458911726439976,0.19662863804635147,0.19665961114201644,0.1953337923230391,0.19840950571717525,0.1163759691814245,0.15725159967085267,0.1674432914626483,0.17409959182386034,0.1760888812374437,0.19103550074624828,0.19689162269931484,0.19703451589843043,0.19586966532058497,0.1910074122153037,0.19103195747622487,0.1909906558562866,0.20020359580084227,0.1792998348299643,0.19112869263688884,0.1903453326958662,0.19679280002597538,0.17829884353897413,0.1982743978075345,0.18452460874664522,0.1761259220339215,0.16909051904432942,0.17354823057003088,0.16843653804898856,0.16371723763494006,0.16156166734322217,0.03852568553184949,0.17147499329102384,0.16937644190292697,0.17456284365572036,0.200799771924304,0.19043964882695802,0.19068006677242305,,0.19852186369103067,0.1928360799234459,0.19570312349539115,0.19745086315529448
2013-07-31,0.05868451814580734,0.19868100893740176,0.19310858326643385,0.1933544240818013,0.19311715190310474,0.19833250728421434,0.1946005732714002,0.19663841967719345,0.19666733721522342,0.19540403236171117,0.1984096633941903,0.11041853523335445,0.15680308324646808,0.1678982768653165,0.17427397654386215,0.17632574444709712,0.1912671020230168,0.19689248501818213,0.19703495145158764,0.19586510974240445,0.1910127660567043,0.1910352777322199,0.1909940732241521,0.2002041621019945,0.179085389923042,0.1911200692555164,0.19032192035635462,0.19679418540961605,0.17828684446218762,0.198279823693576,0.183270402232059,0.17512711539335507,0.16833145344089742,0.1732979348085792,0.16869390002312032,0.1655085028388761,0.16264532040846777,0.03229510402175013,0.17219954485117323,0.1686430273535254,0.17419978673204128,0.2008033303253373,0.19042790318324979,0.19071296115347605,,0.19852112771679464,0.1928371166313794,0.1957121113050808,0.1974526915054425
2013-08-31,0.05424289143908061,0.19868607718859158,0.1931134503009904,0.19335907401796035,0.19312112330846232,0.19833519571212063,0.19460462984896496,0.196649541728407,0.19667976103825932,0.1954640621986412,0.19841287436705435,0.11946653124961877,0.1600157260470382,0.16884476395475226,0.17474871727795774,0.17650188313161197,0.19131513276022713,0.19689313741286094,0.19703568284753792,0.19586295941888565,0.19101789476742345,0.19103923255980224,0.1909969734487512,0.2002052883652711,0.17897475111611938,0.19113580000676011,0.19034755961390779,0.19679501570373786,0.1782523477617853,0.19828457225834203,0.1845711209810132,0.1752343533219354,0.1676736210838971,0.1737102802283028,0.1692346756225765,0.1646130031807748,0.16176660953434543,0.03229510402175013,0.17267741970553638,0.16833145344089742,0.17467962254319797,0.20080200640702534,0.1904428302361539,0.19061268269306328,,0.19852392552726822,0.1928350425631661,0.1957136450244362,0.19745588211523304
2013-09-30,0.05424289143908061,0.19869028663607402,0.19311421926451625,0.19336251690442852,0.19312428638138313,0.19833829164733044,0.19460471903200283,0.1966603525247901,0.19669222255061003,0.19535304371228443,0.19841722234356304,0.11293671344521859,0.15695428593284128,0.1681174834534691,0.1749739433526066,0.17658806339239053,0.1913083429943414,0.19689480420379654,0.19703642839411545,0.19586249567252317,0.19102242012782136,0.19104040080859755,0.19100015321910768,0.2002061442977035,0.17897475111611938,0.19114983636885627,0.19035067112283066,0.19681283518256013,0.178196459048505,0.19828934238745002,0.1844425374647357,0.17538155183328077,0.16869390002312032,0.17346578022151057,0.1687444785041038,0.16529198736909784,0.16135298335321388,0.017863140579268907,0.17276938617273624,0.16822511018351435,0.1742246068331891,0.20080214497999962,0.190456035999665,0.19044900505389525,,0.19852788515125128,0.19283192656081474,0.19573176550766772,0.19746137048783996
2013-10-31,0.05868451814580734,0.19869279591481281,0.19311531090564368,0.19336522252410057,0.19312620376062523,0.19834237695169404,0.1946051641852537,0.19667017803407652,0.19670041058710622,0.19547665231712497,0.19841477742228023,0.11041853523335445,0.1556941101537442,0.16773030796246527,0.17472576565790285,0.17630784626935725,0.19116345272017637,0.196899169736739,0.19703686463690653,0.19586244001815906,0.191026476848993,0.1910439292457871,0.1910046870779569,0.20020716046894324,0.17897475111611938,0.1911467459429196,0.1903551116822761,0.19683104793870043,0.1781176514861504,0.19829889536332718,0.18339885123187302,0.1743229892059604,0.16817145883026885,0.17286020760396922,0.1686430273535254,0.16514499398218668,0.16135298335321388,0.03852568553184949,0.17242639269340274,0.16838415155052194,0.1736566797612104,0.20080357516877861,0.19045068734810064,0.19028376405010494,,0.1985260800842162,0.19281730690491386,0.1957552825302741,0.19747278252193468
2013-11-30,0.05424289143908061,0.19869289537297052,0.1931190691666889,0.1933712577058032,0.19312999701128486,0.19834740489825986,0.19460941278239915,0.19667763726204066,0.19670076998428998,0.19572280447544868,0.1984177614485469,0.10624428785820333,0.15665014166383692,0.16869390002312032,0.17495176514409672,0.17643204094946557,0.19098068405017482,0.19690689253990443,0.19703674165390853,0.19586178059814946,0.19102976443657974,0.1910478948096775,0.19100912604729167,0.20020841889468627,0.1786281490872559,0.19115344499958437,0.19035539760721107,0.19682797647146044,0.17802558972125554,0.19829906902816882,0.18337773265803842,0.17409959182386034,0.1679535808702898,0.1730385081917296,0.1688944763626598,0.16499582127487591,0.16081416037451535,0.04943635289331682,0.17279978604146698,0.16822511018351435,0.17414987329300058,0.20080432997742365,0.190456035999665,0.19035834351774547,,0.19852959412214255,0.19280361468517618,0.19575675943278378,0.1974716210713296
2013-12-31,0.05868451814580734,0.19869224166676747,0.1931244513146056,0.19337667819274265,0.1931334532929202,0.19834978661896782,0.19461858152930112,0.19668476539229326,0.19669769989694078,0.1955914126397164,0.19842067737035654,0.11847163510218449,0.1614577999327502,0.17005158706742102,0.1749295115570884,0.17643204094946557,0.19108587516328354,0.19691717650390622,0.19703639883298826,0.19586019075263306,0.19103297692680246,0.19105254367502172,0.19101197653523785,0.20020867208280554,0.17838390164066767,0.1911591077340308,0.1903518014697289,0.19684796716164016,0.17793040073144722,0.19830426106661983,0.18338619375608348,0.1733823547155349,0.1662640250244334,0.17321250072765773,0.16960758067276469,0.16565026848921047,0.16081416037451535,0.04943635289331682,0.1730678014233061,0.16720705042019537,0.1746098011955006,0.200808346002488,0.19046026408974245,0.1906263339290664,,0.19853306743727547,0.19281205407694074,0.195771545464003,0.19747507861262115
2014-01-31,0.04943635289331682,0.19869307661248842,0.19312938273667452,0.19338157876076556,0.19313519586825767,0.1983486703730497,0.19463267905911258,0.19669341498849663,0.19669754619306826,0.1954172704851242,0.19842661625945562,0.11412559731952972,0.15837723005644633,0.16827844067919517,0.17463315649567182,0.1760888812374437,0.1910023364099059,0.19692792357875108,0.19703634154399288,0.19585759123510169,0.1910366154456417,0.19105806404039039,0.1910148793244348,0.20020951828340036,0.17825751469853274,0.1911490174656044,0.19032184187691367,0.19685765965219543,0.17785578093660037,0.1983082837086817,0.18497818138163905,0.1739464936099604,0.16671581322510032,0.17267741970553638,0.16843653804898856,0.1649204012018981,0.16114044613173553,0.03229510402175013,0.1727082038911929,0.1662640250244334,0.1742246068331891,0.2008033198079165,0.19044730662759693,0.19058163952356996,,0.1985392961001567,0.19283088658370973,0.19578865592084396,0.19747920996391882
2014-02-28,0.04943635289331682,0.19869651538093214,0.19313162239799375,0.19338591283668555,0.1931371260010767,0.19835316428539101,0.19464930667629834,0.19670375658903774,0.19670380222338607,0.19550602751400306,0.19843166726120093,0.11293671344521859,0.15864380718316398,0.16822511018351435,0.17453924044981445,0.17591939522357863,0.19117076012255524,0.19693655630664872,0.19703694311422137,0.19585466330416437,0.1910406433851485,0.19105933157950888,0.19101614622252355,0.2002102484854267,0.17838390164066767,0.19116886017860588,0.19035033035424664,0.196875231985531,0.17782022177463208,0.1983149881787872,0.18350276454558478,0.17283005956336875,0.1663952984201081,0.17229761174306377,0.16822511018351435,0.16514499398218668,0.1618677110789554,0.03852568553184949,0.17236228098583087,0.16665256759551397,0.1743473629795658,0.2008111792049393,0.19046690969773603,0.1905954930284911,,0.1985445443965147,0.19285053480675715,0.19579533341362057,0.19748422605926508
2014-03-31,0.05424289143908061,0.1987023980857331,0.19313577343015115,0.1933918240433732,0.19314091053135352,0.19835972272895394,0.1946698625154961,0.19671684258016187,0.1967144980545806,0.1955450743251369,0.19843790846735157,0.12397966082595169,0.1612472035375148,0.1685918576862909,0.17437164908511318,0.17584255824683034,0.19117023905709227,0.1969435809035886,0.19703869865632873,0.1958529325778656,0.19104564740858934,0.19106359674925244,0.19102011068728342,0.20021151833433737,0.17838390164066767,0.1911946722792781,0.19037692208017987,0.1968877236969901,0.17781170192065282,0.19831852858288201,0.18345323166368782,0.1727082038911929,0.16579002709914525,0.17252153209508372,0.16822511018351435,0.16484441631010394,0.1609239396552822,0.03852568553184949,0.1722323769170001,0.1663298856908767,0.174419960376672,0.20081668981002032,0.1904929354604925,0.19053952491782536,,0.1985504348742991,0.19286384446881696,0.195802089983787,0.1974855251690281
2014-04-30,0.05868451814580734,0.198708650318189,0.19313956117486786,0.19339647254780198,0.19314474607245266,0.19836277555351636,0.19468940157917025,0.19672939295161426,0.19672344241331186,0.195648210819853,0.19844283060325552,0.12226056372154633,0.16081416037451535,0.16827844067919517,0.17402346964694185,0.175525442535765,0.19120305767429047,0.1969465989151592,0.19704182235868517,0.1958553951657683,0.19105058028874541,0.1910683191182169,0.1910246840200847,0.20021294063423523,0.17772079064746044,0.19119682788263512,0.19037818402761797,0.19689698801460728,0.17782406549062743,0.19832320814559826,0.18325295485841597,0.17252153209508372,0.16507068331129598,0.17216656829811405,0.1678982768653165,0.16521875984964843,0.16345909337366032,0.025441455789270928,0.17189742581834494,0.16529198736909784,0.17424933658898545,0.2008229054710138,0.19049305140582945,0.19068006677242305,,0.19855455921237028,0.19287704719457993,0.19581197410872123,0.1974877666055811
2014-05-31,0.05868451814580734,0.19871436016385366,0.19314342569983284,0.193402241742176,0.19314865787812405,0.19836619560978766,0.19470747351064446,0.19674076752997013,0.19672725679698727,0.1955984897149419,0.19844711410002702,0.1174420874399176,0.15903334974087815,0.16720705042019537,0.17381625910105963,0.1752343533219354,0.1912058747764945,0.1969453276286662,0.19704654375454755,0.19586350674381878,0.19105531318540367,0.19107270205410135,0.19102919106543872,0.20021386251588622,0.17785990451088765,0.19120738922869587,0.1903884965703626,0.19690166982230742,0.17784597613419653,0.19832800310623067,0.18226235100532906,0.17239440603470482,0.1655085028388761,0.17147499329102384,0.16714703735004088,0.1655085028388761,0.16319456766024323,0.025441455789270928,0.17143872206867855,0.16536468289145703,0.1737102802283028,0.200823423947392,0.1905021587047248,0.19060582367406992,,0.1985583960379334,0.19287400982174863,0.19581478235258093,0.19749177384707603
2014-06-30,0.06280230966049896,0.1987188300296928,0.19314610816486488,0.19340539401444715,0.19315128886054375,0.1983703099346758,0.19472414823900067,0.19674999965187162,0.19672704105497654,0.19545453109301145,0.19845122433949766,0.12636923416774737,0.1600157260470382,0.1675014185533936,0.17404893780089048,0.1753188791359413,0.19129615943456596,0.19694257647690758,0.19705136459569078,0.19587251255710897,0.19105919301070767,0.19107560047832356,0.1910322087796408,0.20021537895245334,0.17757815560030277,0.19121601884900788,0.19039974039263133,0.19691761571788619,0.17786084457641124,0.19833300613805677,0.18235595916937317,0.17193159705365432,0.16521875984964843,0.17154703001243707,0.16738479497586703,0.16579002709914525,0.16380191043652592,0.03229510402175013,0.17154703001243707,0.16536468289145703,0.17376347162576988,0.2008248264833327,0.19050898074858902,0.1906263339290664,,0.19856254123233272,0.19287704719457993,0.19582860436953367,0.19749552375506602
2014-07-31,0.05868451814580734,0.19872224773396344,0.19314839283002308,0.19341076849466898,0.19315434148534247,0.1983735240661051,0.19474246836243905,0.19675774549951797,0.19672543467310352,0.19570363898560827,0.19845421815690606,0.1305721701096189,0.16156166734322217,0.16778664387170444,0.17381625910105963,0.175170224033669,0.19124163318220475,0.1969418440232397,0.19705507677254666,0.19587734512554636,0.1910621393564688,0.19107936762474928,0.19103683831140503,0.20021648295974007,0.17772079064746044,0.191221561474473,0.1904145334251223,0.1969232099476176,0.1778530301967191,0.198337615221486,0.1845525882665417,0.173493371086452,0.16514499398218668,0.17193159705365432,0.16784263234457575,0.16599600156079572,0.16354583811333218,0.025441455789270928,0.17121747145194402,0.16529198736909784,0.1737102802283028,0.20082530846281635,0.190512268677762,0.19060238575753438,,0.19856610434742603,0.19287400982174863,0.19583688579861958,0.19749927950398122
2014-08-31,0.05868451814580734,0.1987244545944181,0.19314806787204056,0.19341511518666107,0.19315612940483926,0.19837945782300503,0.19476301370124738,0.19676370750541453,0.19672417019395186,0.19556557364879912,0.19845799438037756,0.12711988051567594,0.160133117558053,0.1663952984201081,0.1736026649857935,0.17508371843230142,0.1910560232742806,0.19694547828742276,0.19705637615517094,0.19587383539155542,0.19106373942219368,0.19107904032798498,0.19103786874442605,0.20021730387617578,0.17757815560030277,0.19121741359861544,0.19040082636491307,0.19690867084785224,0.1778098958000233,0.1983397839865066,0.1825734922268978,0.17292013066259015,0.16557963946225898,0.17147499329102384,0.16708663510050425,0.16476785970364358,0.16156166734322217,0.025441455789270928,0.1707156320246201,0.16585916812552215,0.1736566797612104,0.20082964832263026,0.1905048807828378,0.1906263339290664,,0.19857035196719347,0.19286384446881696,0.1958125597350355,0.19750168089030876
2014-09-30,0.05868451814580734,0.19872591003549547,0.1931482132561931,0.19341961500207616,0.1931593680707912,0.19838003156042655,0.19478329539351077,0.19676783859034197,0.19672139199003955,0.19562085136582505,0.19846093490579608,0.13359455407944645,0.16176660953434543,0.1674432914626483,0.1736835314537158,0.1753188791359413,0.19096197991435068,0.19694953942254473,0.19705580369731235,0.19586591073206688,0.19106404340919625,0.19107996752989295,0.19104142941801222,0.200218693517077,0.17728170401044704,0.19122527242111384,0.19040374101690546,0.19692788737691486,0.17774314756269388,0.19834255680537471,0.18434874870047116,0.174419960376672,0.16599600156079572,0.17226506553720802,0.16833145344089742,0.16354583811333218,0.15928642567677503,0.017863140579268907,0.17095120242161857,0.16585916812552215,0.17392064243067631,0.20082733631615296,0.19051071338500586,0.19069657887100439,,0.19857364736830674,0.19285771493050216,0.19584840116621124,0.19750538912011756
2014-10-31,0.05868451814580734,0.19872731505264735,0.19314781127932637,0.19342400850743652,0.1931628035169052,0.1983854719299762,0.19480229264520796,0.19677047468559183,0.19671400394809718,0.19568937801281883,0.1984648713127936,0.12855836308046298,0.1600157260470382,0.1663952984201081,0.17315497123174084,0.17508371843230142,0.1906899897121257,0.1969491192673919,0.1970541975565338,0.1958584752077819,0.191063184387031,0.19107917670813876,0.19104373492620838,0.20021977748727088,0.1769692162305091,0.1912257639843093,0.19040376368351652,0.19693057869211572,0.17766274461277773,0.19834738935810098,0.1835150497863951,0.17417487573652735,0.16665256759551397,0.1721001775113131,0.16778664387170444,0.1631049299329358,0.15890484807111455,0.017863140579268907,0.17005158706742102,0.16665256759551397,0.1733261864760209,0.20082870509166167,0.19050866786068948,0.1907708901184662,,0.19857776058837684,0.19282672010706978,0.19585788934432155,0.1975123110492171
2014-11-30,0.05868451814580734,0.1987290667934661,0.1931439831336863,0.19342906129066806,0.19316506430510935,0.1983868906286023,0.19481730126793828,0.19677162544062204,0.196700954561983,0.19558999205194733,0.1984688006768588,0.12636923416774737,0.15837723005644633,0.16521875984964843,0.17315497123174084,0.1752978515265534,0.19038480285720555,0.19694093032892235,0.19705255640998562,0.19585611612225426,0.19106156194436447,0.19107663851568807,0.1910460932508217,0.20022105748298683,0.17712755447849732,0.19124182920095534,0.19042613557940874,0.19694273604601054,0.1775880745354505,0.19834952320612842,0.18321782759760266,0.1750400299276368,0.1674432914626483,0.17216656829811405,0.166964646480446,0.1618677110789554,0.15695428593284128,0.017863140579268907,0.17005158706742102,0.16708663510050425,0.1732979348085792,0.20083024245759085,0.19052384184361015,0.19083032622565232,,0.19858183982004138,0.19280043878146297,0.19586405872281293,0.1975179285650876
2014-12-31,0.07020173098105242,0.19873142103961758,0.1931377028631087,0.19343306451189773,0.19316613007591324,0.19838779073510962,0.19483067464419854,0.19677210624544073,0.19668563871876152,0.19568807274309288,0.1984733428797688,0.13819004245666694,0.16036450225830115,0.16514499398218668,0.17276938617273624,0.1751916712272158,0.18964439690931809,0.19692807605394932,0.1970519532548867,0.19585777927030665,0.19106045076477363,0.19107196310567948,0.19104797791955755,0.20022230761100165,0.17680649512268964,0.19124226389083204,0.19042403722664827,0.1969586454745731,0.1775287367028937,0.1983558742785657,0.18518854199790327,0.17580378232200983,0.16738479497586703,0.17283005956336875,0.1673259252488451,0.1607033430673903,0.15501756206330167,0.025441455789270928,0.16909051904432942,0.1675014185533936,0.1730090953139826,0.2008252638812132,0.1905222163891518,0.19097322311529347,,0.19858621453876146,0.192758588660544,0.19589972862978833,0.19752855453272436
2015-01-31,0.06663133700632466,0.19873437174399522,0.19312469434298635,0.1934385066927304,0.19316804834948206,0.19838561983326686,0.19484391708773505,0.19677275903009028,0.19667461502095568,0.19570363898560827,0.19847413349373097,0.12636923416774737,0.1533654412821358,0.1607033430673903,0.17168911629241257,0.17453924044981445,0.18889712607214243,0.19691650762352447,0.1970537259093918,0.19586130127361379,0.19106158912161486,0.19105916629372147,0.19104700809028416,0.2002231873225,0.1769692162305091,0.191221482766373,0.19041054535227397,0.19695794395730115,0.17750254365474563,0.19835991388452512,0.18561735622009184,0.17621755952203755,0.1679535808702898,0.17199948102671364,0.16469072437065413,0.16036450225830115,0.15535995890616477,0.025441455789270928,0.16708663510050425,0.16773030796246527,0.17236228098583087,0.20082136565583697,0.1904976442765508,0.19109861099315364,,0.19858960442737808,0.19270334764014624,0.195907072635684,0.19754157654393875
2015-02-28,0.06663133700632466,0.19873751532140133,0.1931298499530169,0.19344352624774436,0.19317109422397338,0.19838930083976014,0.19485725523694683,0.19677409966691198,0.19667217875997967,0.19541397468601426,0.19847888611042097,0.13626545280898655,0.158511222378055,0.16380191043652592,0.17219954485117323,0.17467962254319797,0.18912943691174783,0.1969111172472226,0.19705799633621637,0.19586437349170674,0.19106546694000442,0.1910638716103041,0.19105005454977314,0.20022439243663684,0.17663918426619607,0.19120476378130538,0.19039203201825544,0.19698633105175206,0.17751464280583631,0.19836962321994778,0.1832222355777917,0.17456284365572036,0.16708663510050425,0.17189742581834494,0.16726667838216683,0.16226328712227886,0.15837723005644633,0.017863140579268907,0.16773030796246527,0.1675014185533936,0.17279978604146698,0.20082059251759815,0.1904780676196804,0.1910243196565856,,0.19859424815464194,0.19269320738718915,0.1959294520682437,0.19754826185386246
2015-03-31,0.06663133700632466,0.19874114119849726,0.19313532519136706,0.19344909374282815,0.19317600085865447,0.19839366709439124,0.1948743460603094,0.19677635282065517,0.1966742437104384,0.19553020938526655,0.19847821179472747,0.13243169597638416,0.15665014166383692,0.1632834676570775,0.17229761174306377,0.17474871727795774,0.18894024757433805,0.19690966957109246,0.19706424475647363,0.1958669355050031,0.1910714744793511,0.19106889492530324,0.19105409090821557,0.20022481294390018,0.17646706293896294,0.1911957889590485,0.19040539882586532,0.196985952489616,0.17754871118442583,0.19837182457976235,0.18399842870189484,0.1753607289188435,0.1676165796534473,0.17172423115886254,0.16677863945048044,0.16156166734322217,0.15864380718316398,0.025441455789270928,0.16806318084398889,0.1673259252488451,0.1724582419433738,0.2008291690810953,0.19046728746024455,0.19095589994860573,,0.19859429865387976,0.19269772174629723,0.19592002228240893,0.1975465798931116
2015-04-30,0.07020173098105242,0.19874433055880758,0.1931374445925288,0.1934543389027477,0.19318095935953372,0.19839607805677686,0.19489374566661596,0.19677904639615207,0.19667534151183172,0.19583148676392068,0.19848093809409315,0.13359455407944645,0.15754232541272195,0.16421535119366074,0.17189742581834494,0.1746098011955006,0.1893721109159599,0.19691017479662978,0.1970698601505187,0.19586817555071953,0.19107693889980654,0.19107125126806773,0.19105900099431725,0.20022605026498036,0.17646706293896294,0.19118129529100283,0.19040766632633732,0.1969853085896476,0.17757671096058678,0.19837532473578626,0.18372201061287885,0.1748622942380152,0.1678982768653165,0.17193159705365432,0.16738479497586703,0.1632834676570775,0.16114044613173553,0.017863140579268907,0.16784263234457575,0.16755918003808468,0.17242639269340274,0.2008298934710369,0.1904506651726153,0.19103828633717596,,0.1985976184527568,0.1926909456392985,0.1959195965907799,0.197548958308206
2015-05-31,0.07020173098105242,0.19874690482954852,0.19314413746544204,0.19345799635659433,0.19318382166889586,0.19840089912876138,0.19491651011665334,0.19678195591271344,0.19667107326119537,0.19569588222558157,0.198484538470705,0.1352350773693747,0.15837723005644633,0.16476785970364358,0.1733261864760209,0.17550508454793254,0.1896433346083586,0.19691023107079142,0.1970736458260565,0.19586805610628708,0.19108055007282848,0.19107762142347223,0.1910622493853296,0.2002275519197061,0.17680649512268964,0.19116939203359887,0.1904107562284952,0.19698101749040262,0.17757996567862852,0.19837702400443208,0.18343657973623873,0.17483973483301238,0.16854038817534003,0.1722323769170001,0.16806318084398889,0.16196791699578905,0.15941104253199434,0.017863140579268907,0.16969829074545068,0.16838415155052194,0.1730090953139826,0.2008341698728314,0.19043721410105868,0.19088809162602222,,0.19860147381760904,0.19271900026060787,0.19590588790533478,0.19754824136154353
2015-06-30,0.07353952761643978,0.19874868887847866,0.19314975180245209,0.19346331599228625,0.19318696257276669,0.19840325137984124,0.1949381772361338,0.19678401957682123,0.1966632487998369,0.19584862800804473,0.19848677599127806,0.13676301096560944,0.160133117558053,0.1663952984201081,0.1738946940008317,0.17597640700031514,0.18967237163907189,0.19690892914590585,0.19707561334613485,0.19586761434221553,0.1910823737283125,0.19108277378811558,0.1910654375993416,0.2002282456858973,0.17628989538253137,0.19116132852971038,0.1904021953452654,0.1969899199312413,0.17756243302348593,0.1983808653248834,0.1849284091361709,0.17572550317688324,0.16909051904432942,0.1730385081917296,0.1690419242178143,0.16264532040846777,0.15989717781467114,0.017863140579268907,0.17034879356504398,0.16879476556906498,0.17343808100995015,0.20083472338089248,0.1904282991059009,0.1910438459682683,,0.1986034882354075,0.19273450762505945,0.19591789219580383,0.19754936772923778
2015-07-31,0.07353952761643978,0.19874988188334128,0.19315296938268614,0.19347060043450345,0.19319113799359078,0.19840735951926464,0.19495657635598201,0.19678434349380106,0.1966544638005318,0.19577965083592871,0.19848956845559668,0.13819004245666694,0.15903334974087815,0.16536468289145703,0.17378991553548048,0.1761074294693147,0.18915045475300477,0.19690559087521467,0.1970765906811612,0.1958681878105233,0.1910833182367793,0.1910851954484942,0.1910680722931085,0.2002295508349436,0.1761074294693147,0.19117776296437386,0.19042500624025235,0.19699728200868422,0.17753320021422472,0.19838500584859947,0.1826452430035827,0.17639681520119047,0.16960758067276469,0.17312603215163497,0.16884476395475226,0.16135298335321388,0.15649542893238746,0.025441455789270928,0.17018028187425688,0.16932944804987782,0.1733261864760209,0.20083941757621343,0.19044644024359692,0.19095879744413866,,0.19860567956360842,0.19272455515302664,0.19592511793056236,0.19755198351035683
2015-08-31,0.07666734506282726,0.19875053512597576,0.1931529608566045,0.1934747117824616,0.19319323404551744,0.19840960606084912,0.19496887096195123,0.19678216447806862,0.19664737239523636,0.19576019811130302,0.19849152092386624,0.14118167547168184,0.15903334974087815,0.1654368526652883,0.173493371086452,0.1760888812374437,0.18856015765830603,0.19689982831648853,0.1970771240821157,0.1958707004339084,0.19108390386628188,0.19108538579191123,0.19107021043496258,0.2002301756952026,0.17591939522357863,0.19117327234094741,0.1904168213365429,0.1969988522349963,0.17750138059854534,0.19838833618829532,0.18697687751657108,0.1769692162305091,0.1705138910406493,0.1736566797612104,0.16909051904432942,0.160133117558053,0.154843169082468,0.04943635289331682,0.1692346756225765,0.16996466152080425,0.17292013066259015,0.20083902317761387,0.19044189152583196,0.19092375157265704,,0.19860744010496473,0.1927022239724734,0.19591757233128382,0.19755627850817262
2015-09-30,0.07666734506282726,0.19875092566201563,0.19314839283002308,0.193480360710443,0.19319737637858783,0.19840890337895437,0.19497838086683228,0.19677848572608486,0.19664123294812738,0.19586997185474642,0.19849259488484575,0.13676301096560944,0.15665014166383692,0.16429611295307098,0.17357550056990986,0.17636138370560217,0.18876768560886636,0.19689237498962547,0.19707754956658957,0.1958739755838005,0.19108394876940019,0.19108171168706045,0.19107404241293288,0.2002307733123197,0.17572550317688324,0.19116588280831498,0.19040955847742772,0.19700272932451385,0.17746979086894202,0.19839286908032777,0.18633448117399426,0.1782830277678009,0.17106641997988534,0.1737102802283028,0.16833145344089742,0.15725159967085267,0.15105726662751576,0.017863140579268907,0.16965305817433263,0.17059519469568754,0.17297956197976616,0.2008360946223783,0.19043430366604844,0.1907803893663682,,0.19860854176496304,0.19267045151060608,0.19593271792600994,0.1975637394527798
2015-10-31,0.07020173098105242,0.19875140127159907,0.19315040096390407,0.19348513490907834,0.19320111920218447,0.1984095128850165,0.19499052770103154,0.1967742901367801,0.19663383236122098,0.19566831398848206,0.19849414204713323,0.14157487547466105,0.1587750080627862,0.16507068331129598,0.17324109268352955,0.17636138370560217,0.18882355485795357,0.19688340229547555,0.19707816834945352,0.19587672147463037,0.1910830732532087,0.19108171168706045,0.19107491726550477,0.20023218292749834,0.17572550317688324,0.1911533950705628,0.19040582911821904,0.1969882971609286,0.17743629142859585,0.1983940548201728,0.18391834149996794,0.17728170401044704,0.17067568645629605,0.17357550056990986,0.16843653804898856,0.15890484807111455,0.1537493044881403,0.017863140579268907,0.16937644190292697,0.17098979491989114,0.17267741970553638,0.20083397345602666,0.19042115753214853,0.19086699869005924,,0.1986106029759236,0.1926520222640109,0.1959231036906013,0.19756611198944968
2015-11-30,0.07020173098105242,0.19875220621296452,0.19315282443307458,0.19348994915947873,0.19320502644411078,0.19841153869324335,0.19500750450978,0.196770933046631,0.19662472181503637,0.19581056736689983,0.19849446263872783,0.14780446479727316,0.16036450225830115,0.1654368526652883,0.17354823057003088,0.17657092584375955,0.18852428869087576,0.19687432272317065,0.1970791489934334,0.19587767807817655,0.19108132409765413,0.19108337267350062,0.19107775790029596,0.20023317944300656,0.17591939522357863,0.19113439170423951,0.19039843044136784,0.1970147078094149,0.17740234887529813,0.1984015005437729,0.18428929751683487,0.17799564071358592,0.1707156320246201,0.17384250295201079,0.1689930538782752,0.1596565369808791,0.1555280452781184,0.07353952761643978,0.17000823849237948,0.1707156320246201,0.17324109268352955,0.2008363788281542,0.19040081879906137,0.19090599955689402,,0.198611009045354,0.1926310454127648,0.19594682936813376,0.19757237426460383
2015-12-31,0.09977762552842122,0.1987535418900486,0.19315064006181296,0.1934944059750503,0.19320754903199644,0.19841359480581205,0.19502732627778585,0.19676887350356603,0.19661598452713966,0.19577965083592871,0.1984978908601583,0.1508291208332235,0.16156166734322217,0.16585916812552215,0.1732979348085792,0.17657092584375955,0.18804127695124265,0.1968661988267522,0.19708055060938268,0.19587728083090275,0.1910801131355481,0.1910811395529801,0.19107950398261211,0.20023438083460596,0.17572550317688324,0.1911213622062796,0.19039001030161493,0.1970166896532765,0.17736209528498495,0.19840556761856631,0.18492283477014024,0.1786875122566136,0.17083428694907318,0.17446792720717946,0.1692346756225765,0.15903334974087815,0.1556941101537442,0.09796833198325006,0.1697432805412774,0.1707949306714435,0.17341027274550808,0.20083777639691086,0.19038689800922562,0.19094426841000856,,0.19861391089501743,0.19260504797897857,0.19595727072626443,0.19757855242756506
2016-01-31,0.11412559731952972,0.19875550201043432,0.1931497090851629,0.19350079417411853,0.19321090622260761,0.19841544628723304,0.19504490558814785,0.196768820217524,0.19661172940723856,0.1957126227729076,0.19850202744228787,0.14196032897470495,0.15602032883128242,0.1632834676570775,0.1733823547155349,0.17655373927896315,0.18741982199597862,0.19686130258284193,0.19708228198540229,0.19587624023009106,0.19108146650676341,0.19108222919130916,0.19108416183960977,0.20023487735934117,0.1753188791359413,0.19113445803085724,0.19039968740432678,0.19702592034695662,0.17731204751735544,0.1984130099469204,0.18543749454519676,0.1795758048780189,0.1717591857909751,0.174515553635801,0.16838415155052194,0.15725159967085267,0.15355863426892719,0.10315443103863678,0.1692346756225765,0.17132888123135276,0.17276938617273624,0.2008342334444638,0.19040136725424162,0.19092669525351255,,0.1986153902909971,0.19259429646025372,0.19595757936682287,0.19758974400130108
2016-02-29,0.11847163510218449,0.19875793439286127,0.19314700702048687,0.19350615730851062,0.19321546155012723,0.19842086807469556,0.19505633594165822,0.1967709010446026,0.1966143421328852,0.19587108405368142,0.19850244619930624,0.14270893905975313,0.15412328378515835,0.16135298335321388,0.17326957045965194,0.17636138370560217,0.18724263720469983,0.1968609117671731,0.1970841533162953,0.19587536518618154,0.19108615229850623,0.19108083979842727,0.19108875459140576,0.2002358208582222,0.175525442535765,0.19112072384986326,0.19038820739495377,0.19702965276536608,0.17725420559403357,0.1984200059952792,0.18552045578304988,0.1795558689779928,0.17199948102671364,0.17429852723771672,0.1676165796534473,0.15739777134454067,0.1543066928490273,0.11041853523335445,0.16800854774881638,0.17203319601166658,0.1722323769170001,0.20083907214473654,0.19038631918941773,0.190917851408125,,0.19861541210498712,0.19257864512757655,0.19597148149555718,0.19759657684582435
2016-03-31,0.1163759691814245,0.19876090796403195,0.19315336153297796,0.19351036379768996,0.1932187610647559,0.19841963118234868,0.19506418299823722,0.19677483916173577,0.19662267843206696,0.19573665804779325,0.19850448589933894,0.14078048049652392,0.15393750409467974,0.16176660953434543,0.17286020760396922,0.17597640700031514,0.1880773625521929,0.19686400134804674,0.19708642452684635,0.19587524358040598,0.19109297621128335,0.19108704373283777,0.19109255126789398,0.20023693783059018,0.17572550317688324,0.191100325479634,0.190384029039798,0.19704001181694628,0.17718786553302485,0.1984243488861997,0.18348220242113078,0.17880428794735354,0.17039038354702807,0.17297956197976616,0.16714703735004088,0.1600157260470382,0.15837723005644633,0.10908337355744388,0.16833145344089742,0.17087344996591103,0.17252153209508372,0.20083735543113232,0.1903637807513714,0.19089706523355918,,0.19861735642035,0.1925882937918774,0.19597634672035555,0.19759845571521362
2016-04-30,0.1174420874399176,0.19876382040345697,0.19316111641222838,0.19351530849656162,0.19322397053068335,0.19842488299143385,0.19506940958733038,0.19677956080915807,0.19663364637216085,0.1957999606807131,0.19850553527100648,0.14233827407656108,0.1551898114022262,0.16226328712227886,0.1722323769170001,0.1752978515265534,0.188378284786344,0.1968688851700016,0.19708890363978115,0.19587660975581184,0.19109882707246614,0.1910957186839934,0.1910990701337646,0.20023776863516587,0.17591939522357863,0.19110878184817315,0.19037851277729856,0.19705491867256086,0.17712911639458048,0.1984299524107217,0.1841432541657468,0.17773485805337985,0.1692346756225765,0.17236228098583087,0.16726667838216683,0.16103269648769705,0.15977745441086494,0.09796833198325006,0.16800854774881638,0.16978802969093018,0.17236228098583087,0.20083939380923635,0.19037257609095562,0.1908364839967589,,0.19861883981237127,0.19260147171592512,0.1959901161847859,0.1976013146568846
2016-05-31,0.1174420874399176,0.19876660690234946,0.1931659017567348,0.19352206030741037,0.19322874026853182,0.19842777192344774,0.19507423828461526,0.19678467790974416,0.19664533785214935,0.19578205918510214,0.19850629925541272,0.14575072240210246,0.15665014166383692,0.1623600354612966,0.17233001655561733,0.17506191082629835,0.18885987570358387,0.1968744996426144,0.19709173960990167,0.19587996747963546,0.19110220653549312,0.19110004208337608,0.19110357491403257,0.20023796522383475,0.1753188791359413,0.19110279067987526,0.19037475209640278,0.19707205274915846,0.17708247896579762,0.19843553589227197,0.18357992142603696,0.17738721450888006,0.16913884089143957,0.17248995475647377,0.1676736210838971,0.15903334974087815,0.1581049257195709,0.10624428785820333,0.16806318084398889,0.1692821934160184,0.17229761174306377,0.20084163967433005,0.19036540425204163,0.1910046021617269,,0.19861983251249424,0.19262634825510955,0.19600302506924838,0.19760456781980226
2016-06-30,0.11847163510218449,0.19876916621356505,0.19317151562920648,0.19352852787636388,0.19323201211482044,0.19843324625326955,0.19507970953022769,0.19678959144017616,0.1966545410192388,0.1958463575290779,0.19850840409615061,0.13359455407944645,0.14963634183411895,0.15837723005644633,0.17182861914525877,0.17472576565790285,0.18900632996337843,0.1968800777891027,0.19709461702748038,0.1958843665708823,0.19110393984808396,0.19110467932640063,0.1911063213468791,0.20023906048430845,0.175525442535765,0.191115596236141,0.19037987693420905,0.19707374572805458,0.17705015447889147,0.19844017040108278,0.18411892350470419,0.17773485805337985,0.16951588212499463,0.17161840098801717,0.1663298856908767,0.15710378117933974,0.15680308324646808,0.10473281280107229,0.1670258395409987,0.16937644190292697,0.1717591857909751,0.20084830486403218,0.1903786312677815,0.19097034618700695,,0.1986222247037405,0.19265318002403184,0.19600183979563773,0.19760696620576063
2016-07-31,0.11946653124961877,0.19877183141213675,0.19317049563598254,0.1935332404152174,0.19323435424538027,0.19843501612284192,0.19508747051608633,0.19679445256407133,0.1966593789118201,0.19588654005255018,0.19851196387955744,0.13819004245666694,0.15012419440651278,0.15796656369213735,0.17102820027665638,0.17397224814150863,0.18870351069118413,0.19688580512373158,0.19709756136731585,0.1958890578799158,0.19110594460909824,0.1911051370744043,0.19111016538769504,0.2002406406767339,0.1753188791359413,0.19111863908767374,0.19037999534962655,0.19707615901038097,0.1770267125037704,0.19844344792612267,0.18251623290115168,0.17695314465878523,0.16848861593692438,0.17098979491989114,0.16592782444589307,0.15837723005644633,0.1556941101537442,0.10908337355744388,0.16557963946225898,0.16854038817534003,0.1717591857909751,0.20084713891645337,0.19038104934171599,0.19086699869005924,,0.19862600286188897,0.19265433698852577,0.1960021362336624,0.19761231471141455
2016-08-31,0.1204285612530143,0.1987746415642181,0.1931742352104286,0.19353885626825243,0.19323915725292742,0.1984371898653932,0.195098300570358,0.19679897492352247,0.19665838196164545,0.1958093937439309,0.19851419662602912,0.14342929566576537,0.15355863426892719,0.1595344062540259,0.17117997980528912,0.17402346964694185,0.18870898638608577,0.19689150140283196,0.19710032700572028,0.19589297658828106,0.19110955652199113,0.19110882215900377,0.19111483278786154,0.20024128800334595,0.175525442535765,0.19111589617795707,0.19036815218204042,0.19709403047180926,0.17700973828453653,0.19844968900000218,0.1832573239265525,0.17591939522357863,0.1679535808702898,0.17095120242161857,0.16677863945048044,0.1581049257195709,0.15501756206330167,0.10908337355744388,0.16579002709914525,0.16833145344089742,0.1715827980838197,0.2008471664466498,0.19037708655767288,0.19086093198318604,,0.19862813938961424,0.19264156646138889,0.19602859017215601,0.1976172708187514
2016-09-30,0.1204285612530143,0.19877747108709606,0.19317953464633827,0.19354550440703733,0.19324253643041844,0.19844122321911373,0.19511129163520186,0.1968031294802886,0.19665617675446484,0.1956815240882415,0.19851784107569595,0.14233827407656108,0.15256634446345038,0.15977745441086494,0.17151109550795487,0.17419978673204128,0.18874467763286945,0.1968977028503174,0.19710275922230278,0.19589562691463985,0.1911142756915592,0.19111384120837208,0.19111833955814891,0.20024257607711116,0.17572550317688324,0.19111355168140462,0.1903735072919535,0.1970982776616945,0.17699514564648358,0.19845410322771848,0.18320014652477482,0.17566614742017644,0.16838415155052194,0.17110445550127398,0.16714703735004088,0.15977745441086494,0.15782669408909622,0.10769316165097359,0.1663952984201081,0.16833145344089742,0.17154703001243707,0.20085045770879928,0.19037363372030516,0.19090302579505034,,0.19863176483906217,0.19264505894232856,0.19603071002361844,0.19761954003397125
2016-10-31,0.1204285612530143,0.19878044235625478,0.19318426478030282,0.19355216965224578,0.19324495143403872,0.19844262471776078,0.19512655926768344,0.19680735067072377,0.19665850055959236,0.19596485887202542,0.1985212329000709,0.14543669940804768,0.1556941101537442,0.1623600354612966,0.17186310023311965,0.17437164908511318,0.18907608508088478,0.19690573041349138,0.19710496169590952,0.19589688717590448,0.191119676395715,0.191119248705207,0.19112173337396288,0.20024304373156843,0.175525442535765,0.19111538732144262,0.19037748813596683,0.1971054474436712,0.17697723557207917,0.19845845164715298,0.18458649211902745,0.1755457355171494,0.1679535808702898,0.17151109550795487,0.1681174834534691,0.1612472035375148,0.1596565369808791,0.11293671344521859,0.1673259252488451,0.16800854774881638,0.17172423115886254,0.20085185188009372,0.19037493971221092,0.1907803893663682,,0.19863497436053748,0.19264273142585717,0.19603224916461848,0.1976226129153248
2016-11-30,0.12135938829591589,0.19878329397113167,0.19318664542405242,0.19355775533479966,0.1932476759285374,0.1984444072129189,0.1951423228814364,0.19681153312520525,0.19666885555397035,0.19577239500298962,0.19852385154714822,0.1519377398218591,0.16226328712227886,0.16652479974021728,0.17297956197976616,0.17512711539335507,0.18878139019130327,0.196915476575019,0.197106777704771,0.1958966918175613,0.19112476205272547,0.19112013071637318,0.19112290783777813,0.20024355856412457,0.17510545315318563,0.19110519899695838,0.19037611098416193,0.19711080567031825,0.17695325672065262,0.198463463501276,0.18321782759760266,0.1750400299276368,0.1670258395409987,0.17294990737117172,0.17009470920351152,0.1632834676570775,0.1616645993721243,0.1248002052801113,0.1692346756225765,0.16773030796246527,0.17346578022151057,0.20085027581020057,0.19036338815772055,0.19097896473575648,,0.19863752985249053,0.1926380667309912,0.19603704510184805,0.19762689300436473
2016-12-31,0.13120821647346007,0.19878611325960063,0.1931917371491555,0.19356325504736516,0.19325119710077185,0.19845209931895327,0.19515841708795753,0.19681620750131798,0.19668345846483698,0.19590070340833113,0.1985277870277955,0.1537493044881403,0.16319456766024323,0.1670258395409987,0.17354823057003088,0.17538155183328077,0.18921943903987992,0.19692618912567122,0.19710848895173408,0.19589634935173436,0.19112943301128849,0.19112466823681235,0.19112597419455668,0.20024451774029964,0.17510545315318563,0.19112385757952113,0.19037860833464862,0.19710471288238512,0.1769203591441779,0.1984652778244588,0.1835191362414328,0.17397224814150863,0.16592782444589307,0.17279978604146698,0.17009470920351152,0.16337163969614824,0.1623600354612966,0.12924799786594943,0.17034879356504398,0.1663298856908767,0.1742246068331891,0.20085921102277887,0.19038374307624467,0.19110131030634875,,0.19864148345951402,0.19266010991257268,0.1960299396424203,0.19762685555139065
2017-01-31,0.1372493707637267,0.19878869209491082,0.19319987809754274,0.19356784792024864,0.1932555735081273,0.19845600745789532,0.19517302964211963,0.19682151188864105,0.19669557322134673,0.19583148676392068,0.19853475251558594,0.15355863426892719,0.16292340128862834,0.1670258395409987,0.17315497123174084,0.17501807532560965,0.1892528928469566,0.19693571865376439,0.19711024000922675,0.19589754854850638,0.191133128423649,0.1911347737152645,0.19113302222909487,0.2002454925080661,0.17510545315318563,0.19111785272668702,0.19038541637661166,0.19712034772446818,0.17687864532631967,0.1984698874617043,0.18257865870218612,0.1733823547155349,0.16557963946225898,0.17267741970553638,0.17030699022057658,0.16421535119366074,0.1632834676570775,0.12991900820019622,0.16996466152080425,0.16557963946225898,0.1738946940008317,0.20086352258968296,0.19037753020173964,0.19110938642516567,,0.19864729345322107,0.19268868083593826,0.1960435340731938,0.19762820284042057
2017-02-28,0.13772492357562288,0.19879077625455457,0.19320308642241263,0.19357288856496846,0.19325981026082456,0.1984576714381055,0.19518405938200756,0.19682692204181917,0.19670044377169266,0.1959210858002853,0.1985385226066244,0.15412328378515835,0.16283148990590482,0.1664602681490552,0.17324109268352955,0.1749739433526066,0.1893129390328212,0.19694204615806882,0.19711198616444195,0.19590087800750763,0.19113547516960633,0.19113835150728273,0.19113768943830672,0.20024640534627194,0.17488477653612838,0.19110765550320744,0.19038453605505518,0.1971262094848928,0.17683387615198837,0.19847475223254352,0.1830327659745035,0.17261546074811795,0.16529198736909784,0.17236228098583087,0.17000823849237948,0.16396924598379597,0.16283148990590482,0.1305721701096189,0.17000823849237948,0.1655085028388761,0.17381625910105963,0.20086339337243783,0.19036722250560512,0.1910493902616666,,0.19865095094750068,0.19269884843799978,0.19604534031678336,0.19763152467951559
2017-03-31,0.14307254288436777,0.19879303971764462,0.19320214444621683,0.1935759347463558,0.1932593799268766,0.19846112919699405,0.19519359298933767,0.19683295273599433,0.19670111805730073,0.19583148676392068,0.1985416659939623,0.15501756206330167,0.16319456766024323,0.16671581322510032,0.17341027274550808,0.17506191082629835,0.18904555490886513,0.1969462766294081,0.19711402807067918,0.195905609371757,0.19113764649147497,0.19113700065282077,0.1911365766663042,0.2002469557714172,0.174419960376672,0.1911240869436544,0.19037709803237793,0.19713743698729286,0.17678207080115604,0.19847929826024865,0.18277034434409783,0.17315497123174084,0.16565026848921047,0.1725842841516876,0.17018028187425688,0.16354583811333218,0.1616645993721243,0.14157487547466105,0.17022273621018927,0.16536468289145703,0.17376347162576988,0.2008624678880632,0.19038649437500677,0.19106593186822377,,0.19865362782493368,0.19269772174629723,0.19606454801186457,0.19763722416549215
2017-04-30,0.14666073551613673,0.1987954799556614,0.19320463037803642,0.193580657476401,0.19326163388459458,0.19846308942536378,0.1952000413119223,0.19683801368696227,0.19670063429110096,0.19577965083592871,0.19854528773826663,0.1551898114022262,0.16206724002183392,0.16599600156079572,0.1730090953139826,0.17481709788044772,0.189160895887011,0.19694762723845655,0.19711598298153207,0.195909175125356,0.19114020412925986,0.1911420285982993,0.1911419757386817,0.20024780185005492,0.174419960376672,0.19115037860780074,0.19041275851956846,0.1971469041670305,0.1767367959917172,0.1984827501888935,0.18192656706842944,0.17283005956336875,0.16592782444589307,0.17226506553720802,0.16983254029788317,0.1631049299329358,0.16206724002183392,0.14377939912042614,0.16960758067276469,0.16585916812552215,0.17346578022151057,0.20086479033180685,0.19041696776990966,0.1910686755897261,,0.1986567746869897,0.1927145430125927,0.19606258626549464,0.19764056695437315
2017-05-31,0.14695386256879298,0.19879851888245184,0.193203069901356,0.19358530744011557,0.19326324868808054,0.19846326980639853,0.19520435003587944,0.19684197942874992,0.19670233119787953,0.19579283396008043,0.19855094645795945,0.1551898114022262,0.1614577999327502,0.1654368526652883,0.17294990737117172,0.17477158955241207,0.1889868301307428,0.1969468758850279,0.19711802934608924,0.19591047414135412,0.1911440185657314,0.1911408918068365,0.19114408902833535,0.20024872805705493,0.174419960376672,0.19115265124234965,0.19041161081810679,0.19716050246535938,0.17670154857904152,0.19848706088098592,0.18167244196170237,0.17261546074811795,0.16557963946225898,0.17193159705365432,0.16942317732442402,0.16206724002183392,0.16114044613173553,0.14666073551613673,0.16969829074545068,0.16572039577917314,0.17324109268352955,0.2008616449742353,0.19042160715416595,0.19107141556073132,,0.19866176953813974,0.19271230992422714,0.19608845711783243,0.19764573113632167
2017-06-30,0.15036266546673432,0.1988020176445649,0.19320438278627444,0.1935901616680038,0.19326575906733592,0.19846682191610507,0.1952090793588543,0.196845611387602,0.19670766591818684,0.19589745083335897,0.1985521526483838,0.15680308324646808,0.16283148990590482,0.16613093975132176,0.17242639269340274,0.1743473629795658,0.18874467763286945,0.19694723897406813,0.19712077090748042,0.1959112503792377,0.19114862067586313,0.19114311191098282,0.19114762376462427,0.20024958000842558,0.17417487573652735,0.19115813797582104,0.1904171217018986,0.19716323611873748,0.17668010948850008,0.1984889875419178,0.1821380621793501,0.1727082038911929,0.16453468888259756,0.17206676114140762,0.1694696566345761,0.1612472035375148,0.160133117558053,0.1493867823815296,0.16894390545960156,0.16521875984964843,0.1730385081917296,0.20086431447641248,0.19043015448477033,0.1910130761412889,,0.1986633452142216,0.19272122443457762,0.19609101072453164,0.19764686642396306
2017-07-31,0.1527701811549066,0.19880621973988957,0.1932050429447077,0.1935931218902124,0.19326765507340718,0.19846935089060705,0.1952180547371821,0.1968505648937754,0.19671815196999617,0.1958497615316109,0.19855492603685698,0.15618055687704233,0.1623600354612966,0.16606370488542832,0.17248995475647377,0.17439584804483715,0.18885398169712472,0.19695267479631742,0.19712532308113698,0.19591424242585173,0.19115386015021668,0.19114408902833535,0.19114954676318416,0.20025036658545253,0.17417487573652735,0.1911515599656718,0.19040981465649856,0.1971748970491391,0.17667133655738812,0.19849254347240083,0.18157567367851596,0.17219954485117323,0.16429611295307098,0.1717591857909751,0.16932944804987782,0.16216569264742864,0.16059147182943512,0.15150377942837967,0.16932944804987782,0.16437625133471634,0.17315497123174084,0.2008645112540301,0.19042587386505033,0.19096746516618704,,0.19866650173079337,0.19272011271768563,0.1960988166565843,0.1976513017001826
2017-08-31,0.15297127077202205,0.19881095922700376,0.1932127791929241,0.19360097899026132,0.19327200957210716,0.19847142221007782,0.19523297434655504,0.19685782500777205,0.19673378344263073,0.195795214516919,0.19855792487422805,0.15602032883128242,0.1609239396552822,0.16476785970364358,0.17226506553720802,0.17419978673204128,0.18895587279246803,0.19696563252296606,0.1971321207674582,0.19592136510474253,0.19115920402622685,0.19114999431780047,0.19115238833892212,0.20025094298839552,0.174419960376672,0.1911395770775324,0.19040729297602835,0.1971854642839375,0.17667558724626758,0.1984964217005861,0.18178582993630102,0.17294990737117172,0.1649204012018981,0.17161840098801717,0.1688944763626598,0.16156166734322217,0.1595344062540259,0.15012419440651278,0.16894390545960156,0.1646130031807748,0.17286020760396922,0.20086511970757026,0.19041597633334886,0.191063184387031,,0.19866994361367188,0.19272344565136082,0.19610818206894334,0.1976517567154931
2017-09-30,0.1527701811549066,0.19881575003388205,0.19322302463533095,0.1936061201742246,0.19327419808079585,0.19847948790465403,0.19524854197229724,0.19686685971804052,0.19675023695045896,0.1958210755029133,0.19856277540066816,0.1581049257195709,0.1631049299329358,0.1662640250244334,0.17226506553720802,0.17417487573652735,0.18907878053961322,0.19698192149625943,0.197139708130811,0.19593100276158498,0.19116438252833062,0.19115978890248753,0.19115559338616026,0.20025133545502616,0.17417487573652735,0.19114264166722128,0.19041264189597173,0.19717977970137945,0.17668855956072715,0.19849884109659252,0.18105777620913352,0.17203319601166658,0.16380191043652592,0.17186310023311965,0.1692821934160184,0.1623600354612966,0.1607033430673903,0.15059761359799667,0.16884476395475226,0.1646130031807748,0.17289023102061912,0.20087743915728318,0.1904226034801598,0.19101589290659993,,0.1986754031955088,0.19273450762505945,0.19609564658526765,0.19764995344874353
2017-10-31,0.1527701811549066,0.1988205362579867,0.19322458179875157,0.193613118799558,0.19327982515317993,0.19848146000486314,0.1952597360056761,0.1968777635550725,0.19676420267849237,0.19590610340441678,0.19856640730348804,0.15977745441086494,0.1638859103468682,0.16658889798308274,0.17216656829811405,0.1742246068331891,0.18919452237024462,0.19699784459633946,0.19714704369044422,0.19594182204667135,0.19116971785467982,0.19116321739234618,0.19116204033444908,0.20025196197531758,0.17392064243067631,0.19117516546441032,0.1904470363830894,0.19718916355500984,0.17670667318153657,0.1985025032845334,0.1815231879496109,0.17186310023311965,0.16301454452180844,0.17186310023311965,0.16937644190292697,0.16273879985239312,0.1618677110789554,0.15150377942837967,0.16932944804987782,0.16345909337366032,0.17321250072765773,0.20087783401256018,0.19046134554796826,0.19116763167424655,,0.19867985871634372,0.19273560979993057,0.1961082717299128,0.1976531748248239
2017-11-30,0.15297127077202205,0.19882473872894912,0.19322993450923798,0.1936170132389238,0.1932821048934588,0.19848750742388857,0.1952622402209655,0.196889203929543,0.19677203931899576,0.19592320979413022,0.19856896006344263,0.16176660953434543,0.1649204012018981,0.1668410507826348,0.17206676114140762,0.17409959182386034,0.1894992393025912,0.1970089213811492,0.19715260786961375,0.19595156867507219,0.19117488943589456,0.19116697929263154,0.1911633219859381,0.20025293658166893,0.17392064243067631,0.19118191189447417,0.19045275973995002,0.19719718380842619,0.1767255279759793,0.19850420750767384,0.182195007142355,0.17219954485117323,0.16273879985239312,0.1722323769170001,0.16983254029788317,0.16255104065136217,0.1612472035375148,0.15466658951077783,0.16894390545960156,0.1631049299329358,0.17309697581149175,0.20088365415295212,0.19047183003770202,0.19110938642516567,,0.19868318391345072,0.19274659165854652,0.1961125667644758,0.19765237515196327
2017-12-31,0.1555280452781184,0.19882870146978995,0.1932341598758773,0.19362330138905542,0.19328624708051287,0.19849558363914155,0.19526112736179635,0.19690065775235355,0.19677683799932905,0.19581641727872884,0.19857177597895556,0.16283148990590482,0.16536468289145703,0.16671581322510032,0.17186310023311965,0.17397224814150863,0.18956828790164776,0.19701603333237946,0.19715737181422227,0.19596048312422942,0.19118046122178026,0.19117078617223468,0.1911671880780923,0.2002535570575376,0.1736566797612104,0.1911880622276274,0.19045049884914023,0.19719306083344462,0.17674729631951144,0.1985067534906422,0.18205704415193205,0.17226506553720802,0.1616645993721243,0.17213344620572954,0.16965305817433263,0.16345909337366032,0.16255104065136217,0.15618055687704233,0.16879476556906498,0.16216569264742864,0.17335432620092087,0.2008864777236131,0.19048144371208903,0.19103828633717596,,0.19868619692756084,0.19275096421478632,0.1961039596253561,0.19765357438378775
2018-01-31,0.15725159967085267,0.1988324293967509,0.1932426733798588,0.1936282290423193,0.19329297041738286,0.19849796105274142,0.19526345270109738,0.19691032063879882,0.1967821919171066,0.1959504588013183,0.1985801604859578,0.1649204012018981,0.1674432914626483,0.16854038817534003,0.17199948102671364,0.17407431166734022,0.18986740602878718,0.19701976397273002,0.19716216121108915,0.19596811706187175,0.19118653547972544,0.19118060851079652,0.19117562546993816,0.20025417684300412,0.1733823547155349,0.19118801316267767,0.19044423938307897,0.19720053533109055,0.17677340698792776,0.19850788158540544,0.18330937917735607,0.17106641997988534,0.15928642567677503,0.17267741970553638,0.17063554122840643,0.16469072437065413,0.16363188317030417,0.15754232541272195,0.16932944804987782,0.1607033430673903,0.17378991553548048,0.20088355310392572,0.19048403231226546,0.19103271129233418,,0.198690321522479,0.1927683404430636,0.19611203081440548,0.19764989874550493
2018-02-28,0.15739777134454067,0.1988357004291587,0.1932480613160564,0.19363180322245316,0.19329692054609074,0.19850021650029873,0.19527279433235312,0.19691665195984115,0.19678970431773235,0.19592744566399145,0.19858400479257593,0.16572039577917314,0.16817145883026885,0.1692821934160184,0.17286020760396922,0.17467962254319797,0.18979545833744613,0.19702116500349143,0.19716718883828055,0.195973976945784,0.19119254271678404,0.19118622533628235,0.19118058258989953,0.20025581636946352,0.1736566797612104,0.19119437370506887,0.19047107971430263,0.19719385046932303,0.1768013003675118,0.19851013900142983,0.18535242913334374,0.17172423115886254,0.1607033430673903,0.17343808100995015,0.17140228053415224,0.16476785970364358,0.1641339581591957,0.1596565369808791,0.17043176194898957,0.16036450225830115,0.174419960376672,0.20088692007497766,0.19049310575303136,0.19114136775209045,,0.19869338874307674,0.192783397005879,0.19609528370190987,0.1976499352147154
2018-03-31,0.15864380718316398,0.19883923668714945,0.19324844660903873,0.1936382166043646,0.19330127202495762,0.1985036757471947,0.19528718514388313,0.1969215388826072,0.19679829122274722,0.19596995671250686,0.19858801044377974,0.16585916812552215,0.1676736210838971,0.1686430273535254,0.1730090953139826,0.1749739433526066,0.1898201865761785,0.19702217629784874,0.19717343536700704,0.19598015610193642,0.19119918487768503,0.1911890148794896,0.19118630287669838,0.2002567715909549,0.1733823547155349,0.19120624070493084,0.19047113828562834,0.19720729194299247,0.17683212939997364,0.19851377185097638,0.18538183720317303,0.17255297491222757,0.1624559494502688,0.1736566797612104,0.17132888123135276,0.16421535119366074,0.1631049299329358,0.1612472035375148,0.17026497171039498,0.16196791699578905,0.174515553635801,0.20088580963375555,0.1905077253221307,0.19118581173609717,,0.19869652618525277,0.192783397005879,0.19611310244977326,0.19765401005557567
2018-04-30,0.16081416037451535,0.19884256931073585,0.1932536548315764,0.193643858607078,0.19330405526588093,0.1985065327160292,0.19529909710412957,0.19692503361719418,0.19680294737581014,0.19592638820682512,0.19859191021551983,0.16726667838216683,0.1688944763626598,0.16965305817433263,0.17294990737117172,0.1750400299276368,0.1899870299592894,0.1970243923523358,0.19717984596580543,0.19598684116742135,0.1912048508403524,0.19119525128182424,0.19119102710721422,0.20025738781064015,0.1733823547155349,0.19123572083832596,0.1904926455695062,0.19720735178098792,0.1768557837078184,0.19851603040086163,0.18422208972083506,0.17168911629241257,0.1618677110789554,0.17409959182386034,0.17186310023311965,0.16514499398218668,0.1646130031807748,0.1618677110789554,0.17018028187425688,0.16196791699578905,0.17483973483301238,0.2008886336246408,0.19054106985696717,0.19111742999638126,,0.1986994751163458,0.1927940686386401,0.1961068362645754,0.19765301131559376
2018-05-31,0.1609239396552822,0.1988458778291341,0.19325816798226958,0.19365059119440292,0.1933080392871119,0.19851072269059433,0.19530451450368957,0.19692819488201382,0.19680125879580643,0.1960089323703807,0.19859628783598013,0.16671581322510032,0.16833145344089742,0.16909051904432942,0.1733823547155349,0.17538155183328077,0.19015122959375397,0.19702923983482784,0.19718645025204867,0.19599510193212322,0.19120937263553314,0.1911997488574209,0.19119561146454855,0.20025877391949945,0.17279978604146698,0.19121101203613297,0.19046993725180997,0.1972057347943483,0.17686862687399224,0.19851924430512705,0.1840485165292185,0.17226506553720802,0.16283148990590482,0.17409959182386034,0.17151109550795487,0.16437625133471634,0.1640519258145692,0.16292340128862834,0.17043176194898957,0.1624559494502688,0.17479438293614966,0.20089504047930687,0.1905148953608348,0.1910959080284952,,0.19870314824587568,0.19282463291730334,0.19610296901742316,0.19765546070946208
2018-06-30,0.16216569264742864,0.1988487671035835,0.1932599696138111,0.19365290470921637,0.19331000048072589,0.1985123145522583,0.1953038643903001,0.19693121511862902,0.19679593264838138,0.1958337873867801,0.19860052854352409,0.1674432914626483,0.1685918576862909,0.1691868922607928,0.17326957045965194,0.17538155183328077,0.19005983997262627,0.19703537847764896,0.19719219439324617,0.19600338538050147,0.19121287011286614,0.19120200663519113,0.19119797674901917,0.20025966947147045,0.1733823547155349,0.191232453765591,0.1904904592446188,0.19720645380418642,0.17686945917403593,0.19852328412427184,0.18427595399363939,0.17252153209508372,0.16371723763494006,0.1744439865942967,0.17186310023311965,0.16469072437065413,0.16429611295307098,0.1632834676570775,0.17009470920351152,0.1631049299329358,0.17477158955241207,0.20089212096516695,0.19053836902002172,0.19110131030634875,,0.19870720259211613,0.1928350425631661,0.19610233815966674,0.19765895041070644
2018-07-31,0.16301454452180844,0.19885120692664726,0.1932615304168551,0.19365823989576017,0.19331231367804114,0.19851508912198787,0.19529918606057395,0.19693460761376014,0.19679067243623116,0.19585202515752131,0.19860513786756445,0.16827844067919517,0.1691868922607928,0.16969829074545068,0.1730090953139826,0.1752978515265534,0.19019325460126568,0.19704160131916187,0.19719675599419853,0.1960108052461762,0.19121623779829428,0.19120477402374525,0.19120141678307412,0.20025990048332412,0.17279978604146698,0.191235746045613,0.19049283762669986,0.19721272139930748,0.17685905507013522,0.1985256496665815,0.18299097191829403,0.17168911629241257,0.16226328712227886,0.1743229892059604,0.17186310023311965,0.16476785970364358,0.16380191043652592,0.16371723763494006,0.16992085417171132,0.16292340128862834,0.17474871727795774,0.20089495673219335,0.1905415125789327,0.19109320140352637,,0.19871196174244063,0.1928360799234459,0.19611060031793193,0.19766089705688483
2018-08-31,0.16301454452180844,0.19885297905163285,0.1932651000847662,0.19366408852995484,0.19331379232483348,0.19851753027292554,0.19529237289888912,0.1969384542787075,0.19678885989170478,0.19593901181808998,0.1986087784082391,0.16800854774881638,0.1686430273535254,0.1692346756225765,0.1730385081917296,0.17525558899850563,0.1900682255695653,0.19704626079145754,0.19719956233328037,0.1960162068949551,0.19121985365538313,0.1912065912161627,0.19120167326214646,0.2002609535213359,0.17279978604146698,0.19125337236411402,0.1905008414822013,0.1972121560769151,0.17683974142881662,0.19852804457454176,0.18300495155187776,0.17179398139011873,0.1631049299329358,0.17424933658898545,0.17179398139011873,0.16445577410105108,0.16363188317030417,0.16437625133471634,0.17005158706742102,0.16273879985239312,0.17470273423371932,0.20089422490343925,0.19055977799545376,0.1910466200274468,,0.19871560599272234,0.19282672010706978,0.19611301318726707,0.1976625159133205
2018-09-30,0.16337163969614824,0.1988543668503384,0.19326921616722623,0.19366725463953685,0.19331745977659315,0.1985177664947356,0.19528503223981175,0.1969422744591518,0.19678970578912727,0.19589853607750474,0.19861047122994116,0.1689930538782752,0.16960758067276469,0.17009470920351152,0.1733261864760209,0.17548466120597603,0.19016181138639832,0.19704853654467144,0.19720156582415538,0.196020814907795,0.19122342980907403,0.1912119562461235,0.1912065144671964,0.20026131805385616,0.17248995475647377,0.19125450373706107,0.19050228497086086,0.19722518910257153,0.17682200865331726,0.19853002840168135,0.1826452430035827,0.17102820027665638,0.1623600354612966,0.17449178272062169,0.17219954485117323,0.1649204012018981,0.1640519258145692,0.16514499398218668,0.1705138910406493,0.16273879985239312,0.1751487055541083,0.20089352458582593,0.19055967266411716,0.19115191502506895,,0.19871700826758645,0.19282880466053323,0.1961129239174117,0.19766265966473548
2018-10-31,0.16529198736909784,0.19885588739162843,0.19327388223954195,0.19367261193366705,0.19332167014570684,0.1985218142363441,0.19527787825414733,0.19694585103407938,0.19679155845028137,0.19586662862663878,0.19861400924913744,0.1692821934160184,0.16978802969093018,0.1705138910406493,0.17376347162576988,0.17586185639010987,0.19018365978087656,0.19704796366206542,0.19720421914917471,0.1960268063262271,0.1912268758837801,0.1912164669052581,0.19121062911963077,0.20026200456962492,0.17279978604146698,0.1912501520064206,0.19048927631538282,0.1972246607303371,0.1768163856940544,0.198530829019556,0.1856759507660162,0.17283005956336875,0.1640519258145692,0.17506191082629835,0.17279978604146698,0.16421535119366074,0.16292340128862834,0.16599600156079572,0.1712547846452485,0.1631049299329358,0.17544361705603254,0.2008998080632516,0.19055324807235471,0.19111207122036736,,0.19871967700283644,0.19283918809317244,0.19611826713875422,0.1976610050752181
2018-11-30,0.16536468289145703,0.19885777788225717,0.1932724759729616,0.19367775000331844,0.1933256629155893,0.19852673139061378,0.19527254472430972,0.1969488036016714,0.19679296752141626,0.1958210755029133,0.19861659999675949,0.16894390545960156,0.16913884089143957,0.16992085417171132,0.17397224814150863,0.1761443592095841,0.18951725408328884,0.19704449549370556,0.19720831097881714,0.19603489459814913,0.19122979090848558,0.19121735762400813,0.19121547391626167,0.20026241022010463,0.17279978604146698,0.1912522253415281,0.1904825181263849,0.19721572073992846,0.17683011908019175,0.19853071906155798,0.18488356326279787,0.17414987329300058,0.16585916812552215,0.17538155183328077,0.1727082038911929,0.16354583811333218,0.1616645993721243,0.16652479974021728,0.17132888123135276,0.1646130031807748,0.1753398381427524,0.20090218269991825,0.19055352275637857,0.1910823381225253,,0.19872184554079939,0.19281520777680325,0.1961114945993203,0.19766246200036205
2018-12-31,0.16585916812552215,0.1988602213836555,0.19327384275490544,0.19368310605875208,0.1933304224780628,0.19851986436898147,0.19526989208766593,0.19695243964641598,0.19679393513026114,0.19571645152370845,0.19862780160663984,0.16720705042019537,0.16738479497586703,0.16838415155052194,0.17343808100995015,0.17597640700031514,0.1890584918622744,0.19704007553985953,0.19721386649955897,0.19604396082660047,0.19123275817080312,0.19121916327639005,0.19122002737016394,0.2002631705399528,0.17309697581149175,0.191253037572659,0.1904928448738017,0.19723459027618875,0.17685263931535186,0.19853745774893752,0.1864974473754397,0.17634359017375967,0.1670258395409987,0.17508371843230142,0.17193159705365432,0.16103269648769705,0.15864380718316398,0.16677863945048044,0.17030699022057658,0.16606370488542832,0.17477158955241207,0.20088941170140734,0.19055217716834663,0.1911040059768969,,0.19873199708415548,0.1928014980932893,0.19613159874056083,0.19766958516908054
2019-01-31,0.16671581322510032,0.19886314397122795,0.19327221512180448,0.19368832856066,0.19333576722310714,0.198522141813067,0.19527136871499895,0.19695810963957705,0.19679464953821316,0.19587219515076562,0.19862764070333225,0.1670258395409987,0.16690305166614847,0.16806318084398889,0.17318379383255672,0.17595746113893576,0.18918164428983772,0.19703764532881027,0.1972202003813245,0.1960513932193141,0.19123622240267138,0.19121949370987945,0.19122365750840917,0.20026424657753814,0.1733823547155349,0.1912358393097697,0.1904670967535522,0.19723010602810628,0.1768672255678831,0.1985425264663113,0.18443294671713178,0.1743473629795658,0.16658889798308274,0.174419960376672,0.17121747145194402,0.1624559494502688,0.1609239396552822,0.1668410507826348,0.17005158706742102,0.16677863945048044,0.17456284365572036,0.20089349951133312,0.1905309968744705,0.19090302579505034,,0.19873392512306984,0.1927812544126372,0.19612579187252588,0.1976747562965158
2019-02-28,0.16671581322510032,0.1988661766144483,0.1932781958563074,0.1936947800951593,0.19333895163805484,0.19852381455435827,0.19527696398962285,0.19696572164616633,0.19679520999025704,0.1957491080887655,0.1986317328333373,0.1674432914626483,0.1674432914626483,0.1685918576862909,0.17276938617273624,0.17562626424258262,0.18940174325947626,0.19703882586765398,0.1972261551027841,0.19605536364418022,0.1912400763528037,0.19122325167092918,0.19122571077977554,0.2002642674104217,0.17279978604146698,0.1912223153896901,0.19045279297050163,0.19723801154221007,0.17686414040183462,0.19854426845307369,0.1838101039850548,0.17315497123174084,0.1655085028388761,0.1743473629795658,0.1715827980838197,0.16337163969614824,0.1623600354612966,0.166964646480446,0.16996466152080425,0.16585916812552215,0.17429852723771672,0.2008939869819896,0.19051373313142955,0.19097896473575648,,0.19873843481275508,0.19278232605517756,0.19612420275806045,0.19767433098481071
2019-03-31,0.16677863945048044,0.19886993578512396,0.1932857220694526,0.1937006366999646,0.19334183472271554,0.1985314579141967,0.19528718293630543,0.1969755231915135,0.19679552678113404,0.19583263766213163,0.198634171957831,0.16585916812552215,0.16557963946225898,0.16677863945048044,0.1727082038911929,0.17540230725236677,0.18958305601704356,0.19704196517511477,0.19723271160572184,0.196058224497652,0.1912446927714076,0.1912281668250301,0.19122798968706864,0.2002652124019271,0.17279978604146698,0.19122259454442672,0.19044682904907645,0.19722978488785395,0.1768535414843713,0.1985466406444211,0.183381965490776,0.17352085430472325,0.16579002709914525,0.17352085430472325,0.1705546451941186,0.16273879985239312,0.16176660953434543,0.1670258395409987,0.16978802969093018,0.16585916812552215,0.17354823057003088,0.20090321640558215,0.1905114175385305,0.19110669801358401,,0.19874202708500247,0.19279937879133568,0.19611363787053915,0.19767346198711366
2019-04-30,0.1668410507826348,0.1988739392240959,0.19329319663117342,0.19370731458208726,0.1933450821824325,0.1985337857310074,0.19530001540142514,0.19698448490186454,0.19679522685559342,0.1959221483035976,0.19863432612933427,0.16585916812552215,0.16592782444589307,0.16738479497586703,0.1724582419433738,0.17510545315318563,0.1898751012444487,0.19704396687016115,0.19723878246922918,0.19606170700725029,0.19124885787787693,0.1912361215959751,0.1912336754525245,0.20026649202950417,0.17248995475647377,0.19120829938782785,0.1904288555149717,0.1972411029195597,0.17685251053543824,0.19854980383629753,0.18312411214494015,0.1725842841516876,0.1649204012018981,0.1733261864760209,0.17075537956015296,0.16337163969614824,0.1624559494502688,0.16690305166614847,0.16960758067276469,0.16514499398218668,0.17392064243067631,0.20090339585262124,0.19049306952171766,0.19107415179040063,,0.1987435213014125,0.19281310597894508,0.196124114405484,0.19767205910050734
2019-05-31,0.16665256759551397,0.19887832145905548,0.19329368794828858,0.19371240555888297,0.19334674105073987,0.19853757883164716,0.1953146589431123,0.19699152104765344,0.19679403687794117,0.19594422962907473,0.1986345174698735,0.16337163969614824,0.16319456766024323,0.1649204012018981,0.17239440603470482,0.17495176514409672,0.1897247609975117,0.1970424822533328,0.19724455459055892,0.19606770740155105,0.19125232165088157,0.191237507235896,0.19123637360304074,0.20026664970163963,0.17216656829811405,0.19121194604086192,0.19043150114718804,0.19724314848857444,0.17686790283504622,0.19855497335594907,0.18505958260775698,0.1748622942380152,0.16652479974021728,0.17294990737117172,0.16978802969093018,0.16135298335321388,0.1595344062540259,0.16671581322510032,0.1690419242178143,0.16557963946225898,0.17335432620092087,0.20090669168755132,0.19049423223903575,0.19114928344867455,,0.19874420321694544,0.19280889434938006,0.19612684998743837,0.19767961471662013
2019-06-30,0.16658889798308274,0.19888232828080243,0.19329304062516806,0.19371783919515329,0.19335067001345851,0.19854062368105185,0.19532672994145042,0.19699561470752494,0.19679205398705776,0.19589091714693221,0.19863634333834648,0.1614577999327502,0.16156166734322217,0.16380191043652592,0.17154703001243707,0.17456284365572036,0.18938460156626302,0.19703730402393044,0.1972495620082746,0.19607477825310396,0.19125496561178434,0.19123858987558975,0.191241532652195,0.20026749538808306,0.17216656829811405,0.1912151300728618,0.1904457772597664,0.19726084853751336,0.17686585072423394,0.19856213126105668,0.18392201907346226,0.17357550056990986,0.16613093975132176,0.17203319601166658,0.16869390002312032,0.16081416037451535,0.15890484807111455,0.1655085028388761,0.16773030796246527,0.16665256759551397,0.1725842841516876,0.20090655128981058,0.1904948622315505,0.19110131030634875,,0.19874573404463786,0.1927940686386401,0.19614233810690884,0.19768830874101936
2019-07-31,0.16671581322510032,0.19888565737849018,0.1932976284872134,0.19372271781288508,0.19335473151271956,0.1985454674682737,0.19533309174351515,0.19699669662530944,0.196789232930284,0.19588763593255323,0.1986385400630092,0.16283148990590482,0.1623600354612966,0.16396924598379597,0.17106641997988534,0.17412477884313207,0.18953902407780282,0.1970282604407776,0.1972540699415261,0.19608164439814527,0.1912572283458176,0.1912420855037127,0.19124454632076796,0.2002678680762171,0.17248995475647377,0.19120140908818775,0.1904258551699442,0.19726299147062212,0.17680154364527945,0.1985673561583813,0.1842859661858213,0.17318379383255672,0.16484441631010394,0.17193159705365432,0.1687444785041038,0.16156166734322217,0.15928642567677503,0.16499582127487591,0.16773030796246527,0.1655085028388761,0.1726465056271567,0.20091118398028318,0.190477038415803,0.19110669801358401,,0.19874655980529146,0.19279831812212192,0.19615047402887892,0.19769156382850497
2019-08-31,0.16484441631010394,0.19888791172221698,0.1932994474346918,0.1937262019650355,0.19335920111498078,0.1985486892915636,0.19533189864185896,0.19699468557921393,0.19678616955574268,0.19602646621703795,0.19864380140984064,0.158511222378055,0.15695428593284128,0.158511222378055,0.16978802969093018,0.1730090953139826,0.18939348341702011,0.1970164439210454,0.1972579729664209,0.19608659193075031,0.19125936669835675,0.1912434167358562,0.19124717949946762,0.20026878217326655,0.17216656829811405,0.19122120599359696,0.1904465365258264,0.19726335752389032,0.17666029699018007,0.1985715619719104,0.18513123959148167,0.1737369267369092,0.16579002709914525,0.17075537956015296,0.1663952984201081,0.15916053509817119,0.15633891197773894,0.16371723763494006,0.16476785970364358,0.16565026848921047,0.1721001775113131,0.20091463251652986,0.19049581772613372,0.19086093198318604,,0.19875087854389512,0.19278232605517756,0.19614831620057754,0.1976961556178876
2019-09-30,0.1641339581591957,0.19889002632706296,0.19330250532628465,0.1937324446978527,0.19336301664449748,0.19855047057752975,0.19533208952039874,0.1969916827297517,0.1967852040948073,0.19596281314339092,0.1986465775460258,0.160133117558053,0.15916053509817119,0.1607033430673903,0.17000823849237948,0.17312603215163497,0.18951669321009298,0.19700651221267892,0.1972617709942725,0.19608915184684353,0.19126198030594752,0.19124575049695294,0.19124913329570933,0.20026962049553002,0.17182861914525877,0.19121303005504364,0.1904264421184283,0.19727688291713544,0.17656823134462177,0.1985767616964864,0.18432574352626904,0.17343808100995015,0.16536468289145703,0.17110445550127398,0.16726667838216683,0.15890484807111455,0.15633891197773894,0.16319456766024323,0.16507068331129598,0.1654368526652883,0.17229761174306377,0.20090998381212266,0.19048427608292942,0.1909616908052299,,0.19875317740926526,0.1927737334752803,0.19615949004335526,0.19770074015249975
2019-10-31,0.16226328712227886,0.19889342888123882,0.19330811654611935,0.19373493211205506,0.19336735090076623,0.19855215858539957,0.1953450200215088,0.19698992898083187,0.19678902327080872,0.19597705444665614,0.19864971818219934,0.1587750080627862,0.15864380718316398,0.16081416037451535,0.16992085417171132,0.17315497123174084,0.1893427084985875,0.19700309720124898,0.19726646168602968,0.19608932875387916,0.1912660101544318,0.1912509350786599,0.19125311003236112,0.2002700329974169,0.17216656829811405,0.1911906609308885,0.19040236924162254,0.19728246922683204,0.1766814540927102,0.1985839820361432,0.18316901395637228,0.17378991553548048,0.16521875984964843,0.1707949306714435,0.16708663510050425,0.15903334974087815,0.15768529038491833,0.1607033430673903,0.16529198736909784,0.1654368526652883,0.17273885908337216,0.2009113581308548,0.19045747699501359,0.19102712075714584,,0.1987565626108047,0.19277588579400662,0.19616588416754843,0.19770687186627242
2019-11-30,0.15916053509817119,0.19889781498508635,0.19331369995049685,0.19373929541926949,0.19337164339485813,0.19855775400403386,0.19537432974541163,0.19699027934188437,0.1967957650935604,0.19600499769431262,0.1986532497100551,0.15989717781467114,0.1600157260470382,0.16176660953434543,0.17013760683518223,0.17321250072765773,0.18952117644330116,0.19700713084794697,0.19727230159001424,0.19608821600661377,0.19127137766005253,0.19125183535135226,0.19125355972250507,0.20027089002107643,0.17216656829811405,0.19120509151305026,0.19042854185246488,0.19729023861038134,0.17701116695692487,0.19858962136630207,0.182891735372701,0.17343808100995015,0.16445577410105108,0.17091242127736309,0.16738479497586703,0.15989717781467114,0.158511222378055,0.15941104253199434,0.16592782444589307,0.16484441631010394,0.17242639269340274,0.20091523872202233,0.19047125176299423,0.191063184387031,,0.1987602050425877,0.19278018207744935,0.19616919416116393,0.19771053333643135
2019-12-31,0.15916053509817119,0.19889786296766993,0.19331947051659912,0.19374299037424744,0.19337513987551802,0.19856143965700201,0.19540187260111458,0.19698660975546153,0.19678627380331767,0.1961819982716262,0.19865051945434478,0.1595344062540259,0.16081416037451535,0.1631049299329358,0.16992085417171132,0.1730385081917296,0.18967551736160304,0.19700085734386835,0.19727965679730208,0.19609237216807332,0.19127629174435995,0.1912589479934896,0.19125887325749083,0.20027140853700814,0.17216656829811405,0.19119977709556496,0.19043420683165568,0.19729758997680105,0.17710919208306092,0.1985931475416331,0.18341146790388269,0.17216656829811405,0.16363188317030417,0.17067568645629605,0.1676165796534473,0.1616645993721243,0.1607033430673903,0.15941104253199434,0.16606370488542832,0.16396924598379597,0.17261546074811795,0.20091603705248268,0.1904638631486074,0.19113076425477854,,0.19875810346232975,0.19278018207744935,0.19618358810861336,0.1977116372169778
2020-01-31,0.15916053509817119,0.19888611649591717,0.19332158589660448,0.1937497636884063,0.19338014857359767,0.19856578960905025,0.1954015104582628,0.1969706173203309,0.19673376535309334,0.1962068298617244,0.19866097017781298,0.15602032883128242,0.15585819213648003,0.15864380718316398,0.16960758067276469,0.1727082038911929,0.18954845056623282,0.19695974387733112,0.1972881731357911,0.19610991211366502,0.19127779004225906,0.1912633275358383,0.19126375004302265,0.20027244822388762,0.17216656829811405,0.19118418751975846,0.19042770145866392,0.19729275017727113,0.17634359017375967,0.19859836099590525,0.18509427018892818,0.17346578022151057,0.16484441631010394,0.16956185605914098,0.16592782444589307,0.16036450225830115,0.15977745441086494,0.15916053509817119,0.1655085028388761,0.1638859103468682,0.17186310023311965,0.20091503833672347,0.19044569205699277,0.19114400982048718,,0.19876869231678038,0.192783397005879,0.19617215602153243,0.1977149403411255
2020-02-29,0.1595344062540259,0.1988607382389107,0.19332418785465894,0.19375594254259743,0.1933853322313398,0.1985654980662958,0.19536238977936962,0.19694003366021537,0.19662643909437375,0.196172747415936,0.1986651979336907,0.14543669940804768,0.14636259544028923,0.1523597004009622,0.16884476395475226,0.17219954485117323,0.18912679686601994,0.19687355568165196,0.19729673476313975,0.19614138658114574,0.19127467190022468,0.19126563778764646,0.19126844121393258,0.20027353104232026,0.17182861914525877,0.19119282605976737,0.19043441539259695,0.19730708584456672,0.17400203552807006,0.19860050628728199,0.18832078313115527,0.17584255824683034,0.16658889798308274,0.16894390545960156,0.16437625133471634,0.15725159967085267,0.15602032883128242,0.15903334974087815,0.16354583811333218,0.16469072437065413,0.1716538399776884,0.20091501553322363,0.19045468256905612,0.1911754435596102,,0.198773281241263,0.19275532531742356,0.19617114144520664,0.19771700044444662
2020-03-31,0.1372493707637267,0.19883025434686805,0.193315784737584,0.19375591953512583,0.19338287510644153,0.19850366308166095,0.19530871310893225,0.19690238715332004,0.19648180201470772,0.19590070340833113,0.19865071183795105,0.09796833198325006,0.1174420874399176,0.13952627321915326,0.16996466152080425,0.17414987329300058,0.18708949907656933,0.19676217283033165,0.19730469053031413,0.19617775860127376,0.191269879375434,0.19125785158046307,0.19126650653362737,0.2002677190309632,0.174419960376672,0.19108522264151956,0.19029964404383456,0.1973573057928462,0.16871601533593536,0.19862555652544348,0.18931721459366466,0.18048237447564608,0.17318379383255672,0.1748622942380152,0.16445577410105108,0.14575072240210246,0.12784928142034874,0.10908337355744388,0.15796656369213735,0.17154703001243707,0.17182861914525877,0.200881232261464,0.1903371229571747,0.19083955597335503,,0.1987578162054464,0.19271565843934058,0.19626463671859018,0.1977550005619864
2020-04-30,0.03852568553184949,0.1988154182006687,0.19330014646595747,0.19375560889918528,0.19337348151376518,0.19839747732240298,0.19529035671457054,0.1968787158504217,0.19638239653703657,0.19548600781951378,0.1987633259561384,0.09197929711059075,0.1163759691814245,0.13676301096560944,0.16690305166614847,0.1737369267369092,0.18442653876019907,0.19669697924882742,0.19730914056656754,0.1962000929180234,0.1912683668384057,0.19124680354681114,0.19125782665487262,0.200175759976722,0.18381766877226438,0.19069924813472153,0.18979972081295995,0.19748820543885603,0.15963220852337065,0.1986799736298897,0.18771576008610402,0.17943457731422727,0.17083428694907318,0.17154703001243707,0.1623600354612966,0.15105726662751576,0.14037103114006608,0.07666734506282726,0.15501756206330167,0.17172423115886254,0.17083428694907318,0.20080904911909558,0.18991499217880045,0.1902271243806255,,0.19884931916883924,0.19262869846727243,0.1964220646240058,0.1978243332097248
2020-05-31,0.03852568553184949,0.19882881856574564,0.1932979862254668,0.19375975108726445,0.19337099805327496,0.1984685619058014,0.19534000303045554,0.1968817330095922,0.19639492846782686,0.19566165174396205,0.19872044783365256,0.08236960186198092,0.10908337355744388,0.1372493707637267,0.1673259252488451,0.17324109268352955,0.18699594954207502,0.1967299265868221,0.19730902021422309,0.19619949438673281,0.19127336328480518,0.19124915833178152,0.19126098967719551,0.20018839637464153,0.1831600739876319,0.19074247540611583,0.18993437698946658,0.198642125435969,0.15143828933217238,0.19872207665925437,0.18683828162665236,0.17818025349578967,0.17022273621018927,0.17005158706742102,0.15916053509817119,0.1527701811549066,0.1444604254101915,0.07353952761643978,0.15680308324646808,0.17102820027665638,0.1705138910406493,0.20089956291056657,0.1899640102344638,0.1902475221584516,,0.19881392714194784,0.1926647140325239,0.1977814420039634,0.19787425104150574
2020-06-30,0.05424289143908061,0.19885712657385177,0.19330694952747426,0.19376170611317178,0.1933737999978798,0.19851834430395343,0.19542471379571344,0.1969023040567439,0.19647873914818564,0.19590286654173789,0.1987195208456637,0.08236960186198092,0.10769316165097359,0.13772492357562288,0.166964646480446,0.17229761174306377,0.18815198393629168,0.19681830660335473,0.19730600788414657,0.19618389182286708,0.1912821306377922,0.1912568792480469,0.191265041853837,0.20020999600723416,0.18203361261028964,0.19091709790670525,0.19016222093650514,0.19865980545119616,0.15168769108790117,0.19873648636403904,0.1872573817132421,0.1780490200588442,0.16956185605914098,0.16833145344089742,0.160133117558053,0.15618055687704233,0.15297127077202205,0.08236960186198092,0.15837723005644633,0.1694696566345761,0.17043176194898957,0.2009354790764677,0.19015775399165452,0.19047108337505764,,0.1988157395852406,0.19269433711765951,0.19779682745507646,0.19788566743792493
2020-07-31,0.05868451814580734,0.19888390383174623,0.19331776692774347,0.19376613974809065,0.19338511904297667,0.19853419935103436,0.19550893589092574,0.19692662509430278,0.1965690659244047,0.19616085731284355,0.19873003592769872,0.06663133700632466,0.09407648767433337,0.13182784000302986,0.1649204012018981,0.1711423082964689,0.18837472773449915,0.19690703796624423,0.1973024004530464,0.19616488833002918,0.19129133819597705,0.1912653895038767,0.19127460457520518,0.2002172268246431,0.18153636751602806,0.19101318043175,0.19026724010164708,0.19867222926902292,0.1551383591737576,0.19874526371631135,0.18632719793468697,0.17603289972574676,0.1678982768653165,0.1663952984201081,0.15725159967085267,0.15916053509817119,0.15710378117933974,0.07353952761643978,0.1556941101537442,0.16838415155052194,0.16983254029788317,0.20094268424188902,0.1902660849127041,0.1902556281846775,,0.19882686161888272,0.1927145430125927,0.19780332771517675,0.19788841123678186
2020-08-31,0.06280230966049896,0.1988959879945702,0.19332510515536402,0.19376905581616458,0.1933925778178036,0.19854286316554212,0.1955648322845203,0.19694279759811087,0.1966208103835496,0.19605130819927039,0.198699402146074,0.07666734506282726,0.10624428785820333,0.14037103114006608,0.16572039577917314,0.17098979491989114,0.1885158749300846,0.19695808523807104,0.19730064858515836,0.1961543152436977,0.19129785418355483,0.1912735168747999,0.19128239856428486,0.20022413729431393,0.18016618324471156,0.19103910456749013,0.19031546770732444,0.1986771655859039,0.1562737370668255,0.19874704296345783,0.18666367602920192,0.17576476480548392,0.16827844067919517,0.16658889798308274,0.15977745441086494,0.16196791699578905,0.16081416037451535,0.06280230966049896,0.15649542893238746,0.16800854774881638,0.1694696566345761,0.20094509118445436,0.19029838695379395,0.19031941153079693,,0.198802077592503,0.1927289858021493,0.19780696127931569,0.197888631451541
2020-09-30,0.05868451814580734,0.19889799132354227,0.19332956926917413,0.19377032658144094,0.19339630468528365,0.19855636202046464,0.19559897360231068,0.19695186813631374,0.19664382081304305,0.19610836138347346,0.19870501893977383,0.07353952761643978,0.10624428785820333,0.13909038539396448,0.16613093975132176,0.17132888123135276,0.1882768142896395,0.1969814495302943,0.19730219071207575,0.19615511349673606,0.19130293097454204,0.19127793807764204,0.19128635766529195,0.2002288009682648,0.1796055618780276,0.19103804692793935,0.1903197375675866,0.19869190097808365,0.15574188209869774,0.19875832331630428,0.1866571325090867,0.17648449813829978,0.16869390002312032,0.166964646480446,0.1600157260470382,0.160133117558053,0.158511222378055,0.06663133700632466,0.15739777134454067,0.16833145344089742,0.16942317732442402,0.20095530466376432,0.19030183130936631,0.19055365656387602,,0.19880841193671686,0.1927422075942153,0.19782049036923677,0.19789835887265805
2020-10-31,0.05868451814580734,0.19889794954636822,0.19333183838098414,0.19377251224204972,0.19339907572709686,0.19855916104620383,0.1956259548997981,0.19695840233999,0.1966574853453739,0.19617780320847572,0.19870327891509723,0.07666734506282726,0.11847163510218449,0.14605930517470395,0.1663952984201081,0.17161840098801717,0.18825548281319335,0.19699525221727168,0.19730840633148378,0.19616801985472354,0.19130931440684046,0.19127981222556406,0.19128832194862072,0.20023178117364088,0.17850741023176947,0.19105562591092431,0.19034864895835615,0.1986987207384619,0.15470208245331124,0.1987628134262552,0.18812375522129807,0.17632574444709712,0.1679535808702898,0.1670258395409987,0.16103269648769705,0.1609239396552822,0.1596565369808791,0.06280230966049896,0.15941104253199434,0.16817145883026885,0.1689930538782752,0.20095344279895322,0.19032618927262776,0.19060238575753438,,0.19880898084157683,0.19275314619441425,0.1978304926670223,0.19790515899021968
2020-11-30,0.05868451814580734,0.19890179375988157,0.19333674598787648,0.19377458107909626,0.19340407287842687,0.19855758898885506,0.19565225878610232,0.19696506641158476,0.19667360667286835,0.19618617700891566,0.19869391830462302,0.08236960186198092,0.1163759691814245,0.14479171333192029,0.16606370488542832,0.17110445550127398,0.18839511488097352,0.1970103364068556,0.19731916473163494,0.19619075104228184,0.19131832627451986,0.19128161070829994,0.19129033329637585,0.200232963535073,0.17838390164066767,0.1910673837646944,0.19036882805853847,0.1987107413351242,0.15421285981750105,0.1987725558330793,0.18552513473291882,0.17424933658898545,0.16599600156079572,0.16499582127487591,0.15916053509817119,0.1616645993721243,0.1607033430673903,0.05868451814580734,0.1600157260470382,0.16690305166614847,0.16854038817534003,0.2009507521271259,0.19034462612021003,0.19042669628825296,,0.19880276121170565,0.19277265626880877,0.19784196496014225,0.19791386863419133
2020-12-31,0.05868451814580734,0.19890946216070987,0.193345142535982,0.19377681715694314,0.19340677926476219,0.19856497883840973,0.19567836005585001,0.19697311205712004,0.1966943366775351,0.1962524774062856,0.19869992250794669,0.07353952761643978,0.1163759691814245,0.14752560190233555,0.16579002709914525,0.1705546451941186,0.18888258437944885,0.1970289635889521,0.19733172218312747,0.196215931833241,0.1913300333797269,0.19129412959890335,0.19129882192787134,0.20023189157433735,0.17838390164066767,0.19110141550570436,0.19039254474556294,0.19871960602645572,0.15421951184989793,0.1987783780457398,0.18599894454101806,0.17297956197976616,0.16521875984964843,0.16429611295307098,0.15916053509817119,0.16371723763494006,0.16337163969614824,0.05868451814580734,0.16059147182943512,0.16557963946225898,0.16827844067919517,0.20095986770750243,0.19038766318316058,0.19056419367325575,,0.1988096788065959,0.19279619474328505,0.1978483290807176,0.19791678711996913
2021-01-31,0.05868451814580734,0.19891888026456356,0.19334900781602593,0.19377910080786445,0.1934073735977693,0.19857917053419125,0.19569984859767933,0.19698252612675124,0.19671728693838111,0.19625560847110857,0.19878583972598524,0.06663133700632466,0.1248002052801113,0.1519377398218591,0.1670258395409987,0.17087344996591103,0.18922134509987976,0.19704923385228076,0.19734143725483938,0.1962326503581707,0.19134303664376093,0.19130481757091425,0.1913077842134164,0.20023364622406398,0.17799564071358592,0.19111779119556965,0.19042319880729963,0.1987326806135157,0.1543612604964373,0.19878944080719296,0.18759256193431212,0.17292013066259015,0.16514499398218668,0.16507068331129598,0.1607033430673903,0.16484441631010394,0.1654368526652883,0.05424289143908061,0.16216569264742864,0.16507068331129598,0.1685918576862909,0.20097725215268872,0.19041172373400425,0.19050377795008663,,0.19888815443366414,0.192841256954463,0.19786062948541105,0.19792627087263187
2021-02-28,0.05424289143908061,0.19892741832688718,0.19335700161457045,0.1937825055372926,0.19341020440329196,0.19857347428863784,0.19571342547828455,0.19699205870662748,0.19673820839049963,0.19605696178106688,0.19871645243409455,0.07666734506282726,0.14157487547466105,0.15768529038491833,0.16843653804898856,0.17154703001243707,0.1896310830130969,0.19706775087084483,0.197345219398457,0.19623455980964769,0.19135506407188843,0.19131397047527035,0.19131341330183094,0.2002359611498786,0.17772079064746044,0.19102732228607586,0.19030747945904453,0.19875991992783745,0.15434067764877493,0.1988173104323962,0.1869053733440071,0.17206676114140762,0.16476785970364358,0.16652479974021728,0.16354583811333218,0.16499582127487591,0.16665256759551397,0.03229510402175013,0.1641339581591957,0.16507068331129598,0.1697432805412774,0.2009627798776592,0.1903193604603474,0.19042295545455387,,0.19882940606170846,0.1929001486347972,0.19787060279489524,0.1979341374249053
2021-03-31,0.04943635289331682,0.19893612006133307,0.1933669046305744,0.19378701231486153,0.1934148844417629,0.19861332049593514,0.19572445528381557,0.1970021202463287,0.19675878676869038,0.19627803666608154,0.19889178206791816,0.08236960186198092,0.14724210884705158,0.16135298335321388,0.17005158706742102,0.17261546074811795,0.18980042549012943,0.19708691976391304,0.19734575070729302,0.19622641763884713,0.19136832079923483,0.19132710268751318,0.19132418936883122,0.2002395920672915,0.17757815560030277,0.1911011187753482,0.19039933159185626,0.1988174509346215,0.154183509981339,0.19887938103490188,0.18523981506190929,0.17132888123135276,0.1640519258145692,0.1676165796534473,0.16469072437065413,0.16652479974021728,0.16755918003808468,0.025441455789270928,0.1663298856908767,0.16484441631010394,0.17059519469568754,0.20101707113903006,0.19040587063309455,0.19070642370172977,,0.19898291528699472,0.1929434533782269,0.1978801664814833,0.19794105183000385
2021-04-30,0.04943635289331682,0.1989432494078685,0.1933805467998317,0.19379424277080798,0.19343069666396207,0.19862398952757782,0.1957345956987379,0.197009422947484,0.19677327720516788,0.19613405287276955,0.19876049135241583,0.08236960186198092,0.14543669940804768,0.16036450225830115,0.16942317732442402,0.17216656829811405,0.18976995641143973,0.19710261990703284,0.1973456493314998,0.19621535174005655,0.1913808709749364,0.1913413893925702,0.19133976465014174,0.2002409796393086,0.17757815560030277,0.1911048597454954,0.19040274722860914,0.19890532142854828,0.15401210356960518,0.19897528731215094,0.18503266079882122,0.17102820027665638,0.16345909337366032,0.1670258395409987,0.1641339581591957,0.16677863945048044,0.16773030796246527,0.017863140579268907,0.16606370488542832,0.16354583811333218,0.16978802969093018,0.2010204243507178,0.19041615662863823,0.19081485061470166,,0.19887085656375503,0.19297137839979675,0.19789161237549324,0.19795010946792138
2021-05-31,0.04421646475376544,0.1989491055235142,0.19339303136872554,0.19380016575978457,0.19344369611479326,0.19862592221862016,0.19574717842193426,0.19701324666132206,0.19678163267826956,0.1962302981169894,0.19874037344557705,0.07666734506282726,0.14307254288436777,0.1595344062540259,0.16969829074545068,0.1722323769170001,0.18993713935042036,0.19711529016049703,0.19734748545409642,0.19620709789976687,0.19139344335140984,0.19135436246428103,0.1913534132481731,0.20024293551307226,0.17712755447849732,0.19112775052161762,0.1904364961645502,0.19902735204401623,0.15391599580017312,0.19910773507232116,0.18449326324565285,0.1712547846452485,0.16371723763494006,0.16658889798308274,0.16363188317030417,0.1668410507826348,0.16773030796246527,0.017863140579268907,0.1661977114079719,0.16380191043652592,0.16965305817433263,0.2010115164610996,0.19044704008529975,0.19063989695132375,,0.1988551756609134,0.19303686481903895,0.19790173879612724,0.19795844912952507
2021-06-30,0.05424289143908061,0.19895455558581832,0.19340912626966505,0.193808581208686,0.19345842401008365,0.19863757748509445,0.1957604758330564,0.19701521540195494,0.19678932821906797,0.19625482656923807,0.1987404792075603,0.1015044271855383,0.14575072240210246,0.15782669408909622,0.1688944763626598,0.17161840098801717,0.19020984190005102,0.19712693172522994,0.1973511386348626,0.19620376678904844,0.19140557260422564,0.19136732026327377,0.19136496213826829,0.20024629347475653,0.17728170401044704,0.19114000042526738,0.19044113060848314,0.19916821791523748,0.1539005904249326,0.19925867594154192,0.18418801993006212,0.17005158706742102,0.16264532040846777,0.16592782444589307,0.16273879985239312,0.1661977114079719,0.16714703735004088,0.03229510402175013,0.16507068331129598,0.1631049299329358,0.16996466152080425,0.20101485654268944,0.19046602187593833,0.1907259747297583,,0.198856530576659,0.1930731249578676,0.1978968340929071,0.19795259731052936
2021-07-31,0.06280230966049896,0.19896157577764387,0.19341872328418783,0.1938174286986118,0.19346560613720334,0.198639812756022,0.1957736148012488,0.19701814697522882,0.19680468202772475,0.1962246804061634,0.19874947664051026,0.0897701382866044,0.13909038539396448,0.15448777921755752,0.16773030796246527,0.17087344996591103,0.19025522359832472,0.19714195630129788,0.19735622066225114,0.19620553796246287,0.1914185321427489,0.19137965363999923,0.1913759031945042,0.20025031959301018,0.17646706293896294,0.19115104172808853,0.19046734980296576,0.19932733993538726,0.15393750409467974,0.19942663857218215,0.18493119298459582,0.17117997980528912,0.16337163969614824,0.16521875984964843,0.1616645993721243,0.16671581322510032,0.1676736210838971,0.03852568553184949,0.1632834676570775,0.1631049299329358,0.16894390545960156,0.20100410275191558,0.1904832280350505,0.19058163952356996,,0.19886517082559652,0.1930993512739087,0.1979004237530961,0.197955001458816
2021-08-31,0.05868451814580734,0.19897091774587966,0.19342443140189403,0.19382119712721405,0.19346826204049003,0.19864793560991267,0.19578515702266985,0.197024210228064,0.1968318671550652,0.1962206495733435,0.19875078335479862,0.09197929711059075,0.14233827407656108,0.1555280452781184,0.1676165796534473,0.17087344996591103,0.19005364080516648,0.19716249568635996,0.19736198212221137,0.19621223151696104,0.19143229513730012,0.1913903959345806,0.19138381750539227,0.2002523026429521,0.17591939522357863,0.1911503680802976,0.19046128302959098,0.19949110460285085,0.15399974156493074,0.19959701224602594,0.1844040213772788,0.17075537956015296,0.1632834676570775,0.16565026848921047,0.16196791699578905,0.1662640250244334,0.16720705042019537,0.03852568553184949,0.1631049299329358,0.16345909337366032,0.1692821934160184,0.20100840588300176,0.19048725728626245,0.19016476519398032,,0.19886713152026217,0.19311309190732592,0.19790883382191268,0.19796197059349624
2021-09-30,0.05424289143908061,0.19898054324045536,0.19343228038810412,0.19382806441423825,0.19347324768786076,0.19865278845775883,0.1957965920248425,0.19703334895158653,0.19686181948895953,0.19619448597286912,0.19874210966809672,0.10624428785820333,0.14887592969256075,0.1587750080627862,0.1675014185533936,0.17083428694907318,0.19022096772757335,0.19718615456548294,0.1973675506572637,0.19622034703155108,0.19144638946451373,0.19139866883978546,0.1913890913558456,0.20025434228547895,0.17510545315318563,0.19112265431893732,0.1904359008013737,0.1996476620752736,0.15405719898808848,0.19975789933905236,0.18607685708058366,0.1705138910406493,0.1624559494502688,0.16658889798308274,0.1632834676570775,0.16652479974021728,0.16738479497586703,0.03229510402175013,0.1632834676570775,0.16255104065136217,0.16992085417171132,0.20101194655047225,0.1904613381929601,0.19026773097198085,,0.1988610893193325,0.19313275400137023,0.19791190387327087,0.19796409636229695
2021-10-31,0.05424289143908061,0.19898886628499274,0.19345033448788213,0.19383642515219307,0.19348647066587873,0.19866384585800942,0.19581114668754496,0.19704597075137278,0.1968866018070899,0.19621416843020106,0.19874666922780582,0.12711988051567594,0.1533654412821358,0.15916053509817119,0.16833145344089742,0.1712919207788333,0.1905913465333306,0.1972121605413416,0.19737262546301051,0.19622665639666473,0.19146167737347594,0.19141510928031663,0.19140147266644422,0.20025797806619514,0.17465643012041052,0.19115858884125422,0.19047733043903864,0.1998034063342829,0.15408631905459189,0.19991635846855552,0.18433233123291337,0.1705138910406493,0.16081416037451535,0.16714703735004088,0.16354583811333218,0.16738479497586703,0.16937644190292697,0.03852568553184949,0.16429611295307098,0.1616645993721243,0.17047293053292195,0.20102148355976043,0.19050372026988302,0.19022302187187404,,0.19886690407934143,0.1931735620646408,0.19791235872170318,0.19796344286433157
2021-11-30,0.05424289143908061,0.19899394410707588,0.1934669102668508,0.1938450523855263,0.1934986040227073,0.19867034361137736,0.19582904476457255,0.19706076569519726,0.19689904327730057,0.19630523356366744,0.19874944485073104,0.12991900820019622,0.15256634446345038,0.15754232541272195,0.16800854774881638,0.17102820027665638,0.19050917852751068,0.1972369834668705,0.19737656652917418,0.19622825575600955,0.1914771883197562,0.19143081812696547,0.19141441937928858,0.20026063068970384,0.1736566797612104,0.19118240659291108,0.19050365898295157,0.19994626317381398,0.15407054273314474,0.20006055760811875,0.18678852383986264,0.17239440603470482,0.16206724002183392,0.1676165796534473,0.16380191043652592,0.1673259252488451,0.16894390545960156,0.03852568553184949,0.1632834676570775,0.16114044613173553,0.17030699022057658,0.20102786271586767,0.190532263510119,0.1900389597762255,,0.19887060730040004,0.19319713593871868,0.1979132142309154,0.19796314107473395
2021-12-31,0.05424289143908061,0.19899737602463646,0.1934808512363525,0.19385249301168306,0.19351103440416179,0.1986732534790126,0.19584808675969823,0.19707702844755762,0.19690733963728993,0.19634403872942846,0.19875091027081385,0.14078048049652392,0.154843169082468,0.1587750080627862,0.16817145883026885,0.17110445550127398,0.19022343246930845,0.1972613283277957,0.1973806711816996,0.19622708272117154,0.191494348656812,0.19144775693956928,0.19142972311646667,0.20026299934980465,0.17309697581149175,0.1911804996407497,0.19050600825201996,0.20008491850943408,0.15404238731632847,0.2001996540331341,0.18463524094528638,0.17030699022057658,0.1624559494502688,0.1678982768653165,0.1640519258145692,0.1676736210838971,0.1692821934160184,0.04421646475376544,0.1624559494502688,0.1623600354612966,0.17034879356504398,0.20102401447612508,0.19053223505470954,0.1901773796201535,,0.19887272134196338,0.193180892342944,0.1979152825175635,0.1979643224522462
2022-01-31,0.05424289143908061,0.19900090153706992,0.19349174030714605,0.19385824989117695,0.19352176444927083,0.19867774709818092,0.19586328660298194,0.1970923624236619,0.1969214358736971,0.19631118338088088,0.19873792742707125,0.1533654412821358,0.1600157260470382,0.1618677110789554,0.16956185605914098,0.1721001775113131,0.19065068453580067,0.19728367905505637,0.19738619235210114,0.19622603698217345,0.19151314008199208,0.1914610263972958,0.1914417114851783,0.20026404654212382,0.1733823547155349,0.1911810128328778,0.1904899549472112,0.20021439748749364,0.1540492591134292,0.2003289138839345,0.18639392671681337,0.17226506553720802,0.16319456766024323,0.17009470920351152,0.166964646480446,0.166964646480446,0.1690419242178143,0.07960492996570717,0.1646130031807748,0.16216569264742864,0.17199948102671364,0.2010364938056383,0.19053409807736985,0.19003001485314028,,0.19887049606235419,0.19322317144942977,0.19791286678671952,0.19796151705666776
2022-02-28,0.05424289143908061,0.19900539885595467,0.19350638149534197,0.19386805028822265,0.19353165783154194,0.198683293333393,0.1958706146281302,0.1971042652726787,0.1969448761496758,0.19633320061358972,0.19874349840721584,0.15768529038491833,0.16103269648769705,0.16226328712227886,0.17091242127736309,0.1732979348085792,0.19091607801967236,0.19730134379902017,0.19739312167604184,0.1962272109637874,0.19153149439402267,0.19147594333120754,0.19145218275031828,0.20026762792806424,0.17279978604146698,0.1911973034452122,0.19051518581880225,0.2003237585914112,0.15411651158994458,0.20043769594362917,0.18721970117259995,0.1727082038911929,0.1663298856908767,0.1715827980838197,0.1679535808702898,0.16800854774881638,0.17034879356504398,0.11041853523335445,0.16572039577917314,0.1641339581591957,0.1730678014233061,0.2010395541601694,0.1905521419320271,0.18982362720735377,,0.19887551887578414,0.19327299754497035,0.19790919638427162,0.19795672709806025
2022-03-31,0.09197929711059075,0.19901134648131003,0.19352674600536607,0.19387667851043355,0.19353668700262577,0.19869336421704642,0.19587035443347314,0.19711590232386003,0.19697589339880855,0.1962856617879835,0.19874713408926487,0.16592782444589307,0.1668410507826348,0.1661977114079719,0.1715827980838197,0.17414987329300058,0.1913613013776577,0.19731580299609933,0.197401675438967,0.19623046957370743,0.19155129764220907,0.19149699112154225,0.19146217107046565,0.20026967001193716,0.17216656829811405,0.19121845647130437,0.19054150549611001,0.200436963219917,0.1542493443822387,0.20054998410230448,0.1855227960794658,0.1715827980838197,0.16319456766024323,0.1730678014233061,0.16992085417171132,0.16913884089143957,0.1712547846452485,0.1248002052801113,0.16677863945048044,0.16507068331129598,0.1750400299276368,0.2010499407245976,0.1905746401313211,0.18965023086945385,,0.19887872264787185,0.19333004925676084,0.19790426812258266,0.19795128415487262
2022-04-30,0.11293671344521859,0.19901712287318551,0.1935348413518943,0.19388660338615485,0.19354647066903385,0.1986985892509935,0.19586086048477708,0.19712667521253702,0.19700167661393023,0.19639387017214605,0.19875042061501438,0.16843653804898856,0.16951588212499463,0.16937644190292697,0.17267741970553638,0.17501807532560965,0.19119561146454855,0.19732210761076638,0.19740908111436273,0.19623450402535197,0.19156746293964375,0.19150453402529344,0.19147041052490466,0.20027079120121175,0.17248995475647377,0.19122427624979427,0.19053978366740348,0.20053923433444606,0.15441562038106532,0.20065119424224093,0.18762915822885023,0.1732979348085792,0.16421535119366074,0.1748622942380152,0.17219954485117323,0.16932944804987782,0.17110445550127398,0.14196032897470495,0.1689930538782752,0.16301454452180844,0.17591939522357863,0.20105556995336368,0.19057975534911983,0.189938540267658,,0.19888140221969472,0.19336987733849884,0.19790100696713814,0.19794729362984884
2022-05-31,0.14233827407656108,0.19902234865908178,0.19355204441271226,0.1938977459073666,0.19355673710611151,0.1987021989823143,0.19584111097321874,0.1971379270672113,0.19701689366423616,0.19617527828502054,0.1987541842560091,0.1675014185533936,0.1689930538782752,0.1691868922607928,0.1737369267369092,0.17595746113893576,0.1913859661149025,0.19731905134645567,0.19741460342339473,0.1962389220829602,0.19157930627783926,0.19151889957405313,0.1914795044388064,0.20027196766208816,0.17216656829811405,0.1912258855892805,0.19053257293802875,0.200638037474289,0.1546089349702802,0.2007487962282259,0.18662751098816693,0.17397224814150863,0.16521875984964843,0.17483973483301238,0.171965615079999,0.1681174834534691,0.16969829074545068,0.1491333438781114,0.17018028187425688,0.1655085028388761,0.17591939522357863,0.2010529944480195,0.1905794249236789,0.18959664723612693,,0.19888425983987257,0.19342773886577824,0.19789078922416636,0.19793728397253968
2022-06-30,0.15393750409467974,0.19902677785169168,0.1935758309266186,0.19390901598513025,0.19356917157724035,0.19871016152441862,0.19581476792489733,0.1971478552081038,0.1970210939664464,0.19617696222635575,0.19875863279333586,0.16951588212499463,0.16992085417171132,0.16978802969093018,0.17402346964694185,0.17623572386085914,0.19150565303058845,0.1973096023685991,0.19741890629240963,0.19624459235543992,0.19158739415997927,0.19154161469028824,0.19149370518612308,0.2002736908251891,0.17216656829811405,0.19122224686385092,0.19052188042568843,0.20072759276244262,0.15481569357517255,0.2008371366626824,0.18701780358141812,0.177235887896454,0.16613093975132176,0.17590027457453444,0.17279978604146698,0.1662640250244334,0.16778664387170444,0.15903334974087815,0.17091242127736309,0.16484441631010394,0.1769692162305091,0.2010566638804353,0.19057249843606636,0.18909087346283948,,0.19888739820320792,0.19347699879074884,0.1978753983420741,0.19792345164887104
2022-07-31,0.1607033430673903,0.199030999382644,0.19357570763140958,0.19391984437407955,0.19357621372653683,0.19871046825859753,0.1957834356691863,0.19715562768951195,0.19701654225814788,0.19604277265717673,0.19876633141374694,0.16937644190292697,0.16843653804898856,0.16827844067919517,0.17354823057003088,0.1761259220339215,0.19119149117701723,0.1972971353677088,0.19742386441576507,0.19625351559346094,0.19159436760277895,0.1915419590693766,0.19149892916333658,0.2002765101709772,0.17182861914525877,0.1912280276465435,0.1905218089372358,0.2008144471578164,0.15505218206841867,0.20092271613802165,0.18569821246925944,0.17538155183328077,0.1664602681490552,0.1751916712272158,0.1717591857909751,0.1675014185533936,0.1685918576862909,0.16606370488542832,0.17030699022057658,0.16613093975132176,0.17628989538253137,0.20105277490364568,0.1905748667308353,0.18918937935829067,,0.19889373001646324,0.19342073610723792,0.19787233068379037,0.19792318767881262
2022-08-31,0.1662640250244334,0.1990351229594543,0.19357721244221923,0.19393299436616335,0.19358600370015508,0.19871694652925287,0.1957515168577016,0.19716015237711826,0.19700559073988788,0.1961582922572464,0.19877172841764895,0.1716538399776884,0.17110445550127398,0.1705138910406493,0.17357550056990986,0.17601412600243188,0.19097523453559778,0.19728567616329015,0.19743049424394427,0.1962664542718284,0.1916016777355757,0.19155009840094397,0.19151261563019073,0.20027749966910385,0.17216656829811405,0.19123105698459783,0.19052690716702217,0.20089605583282905,0.15531396186305726,0.20100305348362255,0.1865741284543499,0.17578430391938205,0.16521875984964843,0.17607027705804215,0.1733823547155349,0.16720705042019537,0.16778664387170444,0.16854038817534003,0.17043176194898957,0.16572039577917314,0.17672342687043532,0.2010545320489688,0.19057341258492527,0.1895857806143138,,0.19889794209202133,0.19340101249899933,0.19786754565937592,0.1979213507586288
2022-09-30,0.1676736210838971,0.19903916321050227,0.19358453344072582,0.19394530856840067,0.19359701717327804,0.19872223698403588,0.1957232875348995,0.19716358592245373,0.1969946998995493,0.1961146187890302,0.19877595673841558,0.17397224814150863,0.17354823057003088,0.17289023102061912,0.1748622942380152,0.17695314465878523,0.1906853648797714,0.19727749375160405,0.1974379810757922,0.19628109224855864,0.1916093868164756,0.19155916309688992,0.19152412045187858,0.20027853613635346,0.17182861914525877,0.19124019008449442,0.1905313669811379,0.20097049518581245,0.15559249103635459,0.20107628067530542,0.18741223223935294,0.17651921816005783,0.16565026848921047,0.17757815560030277,0.1752343533219354,0.16499582127487591,0.1649204012018981,0.1707949306714435,0.17203319601166658,0.16514499398218668,0.17838390164066767,0.20105264385185295,0.1905779391087003,0.18960746334449272,,0.19890151997938965,0.19338897394049456,0.1978564778966696,0.1979140421647444
2022-10-31,0.17022273621018927,0.19904350715609825,0.193594321018771,0.1939586603508635,0.19360382887875763,0.19872745648553783,0.1957003603916734,0.19716907207884424,0.1969902592322213,0.196087543660889,0.1987816865190229,0.17467962254319797,0.17409959182386034,0.1736566797612104,0.17591939522357863,0.17780467213609913,0.19079141689151144,0.19727363272560317,0.19744588662552495,0.19629606943331318,0.19161798245177866,0.1915703911482006,0.19153281193841262,0.200280000143641,0.17216656829811405,0.19123796554210507,0.1905315626845015,0.20104315121005822,0.15590703571468498,0.20114771265519443,0.18657581086722058,0.17495176514409672,0.16592782444589307,0.1779145965496951,0.17566614742017644,0.1674432914626483,0.16827844067919517,0.1730090953139826,0.173493371086452,0.16592782444589307,0.17883882465295176,0.20105888084553966,0.1905696208196101,0.18967656498417856,,0.19890593780791246,0.1933680274985285,0.19784359320453251,0.1979060219500813
2022-11-30,0.17273885908337216,0.19904787909811383,0.19359934440642906,0.19397013266776275,0.19360981072587694,0.19872639776328838,0.1956865713390127,0.19717815421699855,0.19699666104206073,0.19606911175530534,0.1987838462305383,0.17437164908511318,0.17286020760396922,0.17242639269340274,0.175525442535765,0.1775346559449205,0.19068899953961574,0.19727474454060615,0.19745285807207272,0.19630854374329607,0.19162669556812995,0.19157593811221812,0.19153993495056576,0.20028104407841132,0.17216656829811405,0.19122942657577044,0.19050882610860534,0.20110969825920275,0.156235897096723,0.20121310851371468,0.18552747174540854,0.17477158955241207,0.16499582127487591,0.17698524398413806,0.17465643012041052,0.1663298856908767,0.16677863945048044,0.1742246068331891,0.1733823547155349,0.16521875984964843,0.17823188193006959,0.201052114761271,0.19055403329213833,0.189502627622145,,0.19890686762451146,0.19335380903708213,0.19783270259733743,0.19790046445573298
2022-12-31,0.1736566797612104,0.19905212597326086,0.1936003917659485,0.19398372468568678,0.1936169690405727,0.19872878940564795,0.19567835509114656,0.19718983061681744,0.19700662388625825,0.19599211203302133,0.1987873710945454,0.1744439865942967,0.17335432620092087,0.1730385081917296,0.17449178272062169,0.17678997410545888,0.1904094341442088,0.19727657745771762,0.19745861390704125,0.19631850720551444,0.1916350782763197,0.1915810894548699,0.19154962688286303,0.20028159357916772,0.17182861914525877,0.19119680988612964,0.19045356451242507,0.2011749099199772,0.15659198526236479,0.20127716854664307,0.18577279172278932,0.1753398381427524,0.16371723763494006,0.17712755447849732,0.1750400299276368,0.16606370488542832,0.1662640250244334,0.1743229892059604,0.17236228098583087,0.16354583811333218,0.1780223946938179,0.20104614136502894,0.19051200295783421,0.18967132211201476,,0.19890849095204208,0.19331383850994865,0.19782187760337033,0.1978955522052729
2023-01-31,0.17424933658898545,0.19905553984392568,0.19361021670511444,0.19399675063543853,0.1936250671600797,0.19874203167319884,0.1956720387003636,0.19720135596177665,0.1970092932666963,0.1960128530249874,0.19880896411551977,0.1739464936099604,0.17226506553720802,0.17189742581834494,0.174419960376672,0.17663918426619607,0.1904718153997706,0.19727348990389657,0.19746218179625377,0.19632492410085065,0.19164159179929738,0.19159501651778324,0.19156229575493458,0.20028353669810928,0.17147499329102384,0.1912203474970501,0.1905023354752153,0.20123681501209037,0.15695428593284128,0.20133796227621134,0.18523981506190929,0.17417487573652735,0.16292340128862834,0.17630784626935725,0.17419978673204128,0.16565026848921047,0.16585916812552215,0.17508371843230142,0.17236228098583087,0.16354583811333218,0.177621324718378,0.20106566431485087,0.19053079400012674,0.18992449170684714,,0.19891619248840317,0.1933316709757997,0.19780618722887203,0.19788657844385787
2023-02-28,0.17481709788044772,0.1990576688967171,0.19361751195877536,0.19400967383405698,0.19363392741744215,0.1987450946888901,0.19566543729965324,0.19720993521935934,0.196999340159892,0.19605413864469928,0.1988142509806882,0.1753398381427524,0.17386864771238314,0.17315497123174084,0.17479438293614966,0.17678997410545888,0.1904240783905781,0.1972633347669701,0.1974633683436409,0.19632770033455532,0.19164526126904718,0.19160284873820402,0.19157126025438045,0.2002846904713794,0.17216656829811405,0.19122168587764465,0.19049809976551044,0.20129011680174377,0.1572782363399141,0.2013902952876039,0.1855553886233969,0.17397224814150863,0.16292340128862834,0.17718970647027882,0.17527675493991451,0.16690305166614847,0.16778664387170444,0.1752978515265534,0.17279978604146698,0.1623600354612966,0.17812813475972664,0.2010610485069739,0.19052560878159533,0.19001652982810413,,0.1989206053867501,0.19331976960338426,0.1977926717364525,0.1978795128245641
2023-03-31,0.17499604660631152,0.1990598251699161,0.19361899451461065,0.19401910191041213,0.19364008305334304,0.19874445934161988,0.19566002799308382,0.1972170427432802,0.19698200121584014,0.19599410427568442,0.19881890552405582,0.17354823057003088,0.17216656829811405,0.1717591857909751,0.17488477653612838,0.17698524398413806,0.19028695652804115,0.19724877574209201,0.19746449284556092,0.19633005915508006,0.19164832548013652,0.19160584772330083,0.19157963413987392,0.20028527648724895,0.17182861914525877,0.19122204127204598,0.19047724283626932,0.20134646453418845,0.1576209611866839,0.2014456089365341,0.18505689983982104,0.17483973483301238,0.16469072437065413,0.17668987230014344,0.1742246068331891,0.1661977114079719,0.16671581322510032,0.17544361705603254,0.1727082038911929,0.16421535119366074,0.1778873175164022,0.20105418888406776,0.19051944488751543,0.18978399269550858,,0.19892450763897362,0.19330739788958956,0.1977714863578923,0.1978672350936914
2023-04-30,0.17538155183328077,0.1990628430990371,0.1936270942915111,0.19402778148825145,0.19364892942725484,0.198748163015305,0.19566113314212935,0.1972215492368868,0.19697043916231735,0.1960196807075389,0.1988230668515312,0.173493371086452,0.17186310023311965,0.17161840098801717,0.1745863637425804,0.17668987230014344,0.19051993865860445,0.19723869166935942,0.19746801717703905,0.19633489076327637,0.1916522817762824,0.1916133866400727,0.1915872778818197,0.2002863906139381,0.17147499329102384,0.19123241589128578,0.19049335573228227,0.20139853008327754,0.15792476230137464,0.20149671148429135,0.1841708663874457,0.17472576565790285,0.16445577410105108,0.17655373927896315,0.17412477884313207,0.16521875984964843,0.16536468289145703,0.17586185639010987,0.17242639269340274,0.16437625133471634,0.17803572338824125,0.20105809771948546,0.19052432031154248,0.18986740602878718,,0.19892621850643435,0.19330620712753846,0.1977501962170497,0.1978556479642584
2023-05-31,0.17584255824683034,0.19906769324034146,0.1936291813197718,0.19403743245796398,0.19365575620206188,0.19875016205204019,0.1956716181596403,0.19722402998214442,0.19697304019530082,0.19621091305974095,0.19882661279559125,0.174419960376672,0.17261546074811795,0.17229761174306377,0.1750400299276368,0.1770805014170495,0.19021808868089252,0.19723818793740183,0.1974759632006222,0.19634478125667418,0.19165878395035907,0.19161601714291737,0.19159445134623518,0.20028760238385804,0.17248995475647377,0.19122626555647512,0.19048731541458672,0.20144997839960221,0.15820154903336447,0.20154720249575392,0.1848466983177135,0.17508371843230142,0.16507068331129598,0.17701716883434468,0.17470273423371932,0.16521875984964843,0.16437625133471634,0.17630784626935725,0.17297956197976616,0.16536468289145703,0.1782190203630094,0.20105963774965188,0.19051151811283581,0.18962894567569158,,0.1989287134442506,0.1932809575773607,0.1977463754786589,0.19785893424612774
2023-06-30,0.17588109506433333,0.19907323259292914,0.19363317179873424,0.19404484257821658,0.19365943723361168,0.19875367423514514,0.19568640230270426,0.1972255806829641,0.19698448036048324,0.1960644546752583,0.19882755052990553,0.1754641721596334,0.1737369267369092,0.17283005956336875,0.17499604660631152,0.17704892079130696,0.19016265573617241,0.1972440031222755,0.19748589620611742,0.19635692043095226,0.1916660625583806,0.19162017291330283,0.19159873825006674,0.20028856032245115,0.17216656829811405,0.19121100948360212,0.1904662823908784,0.20149765718486692,0.15843797217742406,0.20159399009354212,0.18333086760692968,0.17352085430472325,0.16273879985239312,0.17717423063567708,0.17506191082629835,0.1655085028388761,0.16521875984964843,0.17650188313161197,0.1730090953139826,0.16380191043652592,0.17839638018752726,0.20106081041118035,0.19048919283235263,0.18989136722464123,,0.19893029429146272,0.1932824504950152,0.19773832036081324,0.19785606303335157
2023-07-31,0.19238733477264047,0.22027787214236963,0.21365573178886374,0.2141611006915343,0.2136880843828377,0.21988747858649732,0.2161623397206073,0.21802154401367654,0.21773993369890657,0.21666959955701337,0.219973242788217,0.1918237073726958,0.1898992595652178,0.18922036244965643,0.19126774897020624,0.19367056277501124,0.209727887425143,0.21804948355813414,0.21834775180762073,0.21697571237547444,0.2112738052334202,0.21121417818047508,0.2111880324242077,0.22175615330155415,0.1874743054125749,0.21073616654670535,0.20981892416721293,0.22329116436453536,0.17193589101930773,0.22340792929381414,0.20123233325429848,0.18859196773258144,0.1754659231887376,0.1937271859893238,0.19150003570955623,0.18119282878244422,0.18040685110736993,0.193180215373807,0.18918663146672546,0.17628366892530647,0.19544632217563285,0.2227009622701549,0.20985833373351417,0.20950936474518478,,0.22009970599052836,0.2132251830269118,0.21863407404874932,0.21878293363511556
2023-08-31,0.21269825415474844,0.24642924137195898,0.23821085865275796,0.2388316016501734,0.23824289927341372,0.24594035190977415,0.24131644853568654,0.24362009189317657,0.24327259964546818,0.24169101691962572,0.24604858216171874,0.21136789768447167,0.2093137797846416,0.20878412491772713,0.21166141151110116,0.21431723697898347,0.23363010210686308,0.24365367097866653,0.24403040139925736,0.24232732119559655,0.23525651292238173,0.23519010779385058,0.2351482284237068,0.2482682295296413,0.20759176718010816,0.23458745270460005,0.23345294201510175,0.25025386327426385,0.1878776380785587,0.25039856060420507,0.22287112679184296,0.20780728336444318,0.19264063642905804,0.2141006790448024,0.2114273449100823,0.19740928083249637,0.19648511802045465,0.21327212926849182,0.2094963930030419,0.19291094978572862,0.21648279807617912,0.24945238954111482,0.23349744703625924,0.23294122662922362,,0.2462067371270116,0.23770823862589194,0.24435894504021474,0.24455147087394036
2023-09-30,0.23701133189272403,0.2794545068398445,0.26898970649439174,0.2697840907024642,0.26902887416957044,0.2788353912144358,0.272935343535496,0.2758697405550596,0.27541887202315835,0.27351254315217394,0.27896689824311033,0.23601155337539326,0.2344078198505101,0.23436780412524472,0.23635472695572882,0.23938008566481764,0.26367031689016823,0.27590509489993087,0.2763928108296932,0.2742227983466753,0.26523830211356714,0.2651672391652041,0.2651117367131007,0.28180561436208384,0.23071065050413708,0.26439720927276883,0.26295535478563564,0.2844342802008114,0.20697101031926973,0.28461860487454693,0.2522408318830848,0.2318885734284951,0.2116030279460635,0.2398060575982058,0.23691525892554696,0.21952686047628317,0.21799854877055042,0.23772142564459406,0.2338769478820272,0.2116030279460635,0.2419619069047486,0.2833302275310995,0.26301306776298417,0.26217603594754213,,0.2791695383534998,0.2683574341218074,0.27678276651607175,0.2770365440302226
2023-10-31,0.2674554803634418,0.32241522069332523,0.308645405443975,0.30969673584029933,0.3087042275121584,0.3215937937940866,0.3138384858692562,0.31769136435576834,0.31708367161750173,0.3145787838346766,0.321764760958407,0.2663643322448129,0.2652322778218031,0.26551195656835486,0.2685441336779896,0.2719065421390144,0.3014063576410873,0.3177290952600917,0.31837702031490855,0.3155196202692178,0.3037497700578383,0.3036510944616797,0.3035854685005939,0.32552272891104933,0.2594947525480321,0.30259997425577384,0.3007089023629843,0.32911950486924074,0.23025369653173441,0.32936249057384814,0.2873296699121501,0.26322302394406605,0.2371060122819173,0.2719935610521827,0.2683558122029968,0.2464467664899591,0.24617696742908868,0.26850667224251884,0.2658317430219614,0.23670057403819914,0.2749196910554976,0.3275395917862684,0.3007852429669482,0.299304242394095,,0.32203264076451654,0.30774247199495464,0.3188662343870482,0.3192102158395423
2023-11-30,0.30663545760550776,0.3804673791470864,0.361589778215339,0.36303871947272376,0.36167928114838604,0.37933628048843254,0.36872051820902246,0.3739716825239429,0.37312612420279023,0.3701430125367637,0.37956677428721525,0.303173873727486,0.3003344044560414,0.3007648489864337,0.3063695621965342,0.3111141082033541,0.3508485989489388,0.37402319677937446,0.374910608146932,0.37098489908683946,0.3549467869760981,0.354795390609882,0.35471476939824487,0.3847568955795817,0.29538243934634556,0.35339910642682437,0.3508500515332779,0.38988590769858794,0.2592196926981992,0.3902210687823167,0.3269813131714705,0.29662223081575767,0.26263354511234666,0.30951617291558653,0.30433787269766693,0.2760093459403423,0.2744181517470963,0.3076129597599947,0.3027272947436261,0.26600897877228213,0.314579989469822,0.3875482128031059,0.35093683064207015,0.34851319222635346,,0.37993623843532975,0.3602885124321052,0.3755496337867903,0.3760371674055035
2023-12-31,0.35884552097177114,0.4629834206327326,0.43563138947761826,0.43772698329378135,0.4357636869766128,0.461339503043472,0.4459775146594387,0.45352439038605197,0.45228985815088896,0.4481873750410294,0.4616640554445045,0.3495164657887773,0.34530698791854525,0.34576700554111,0.354235199174086,0.36097986889405403,0.4192163831218234,0.4536132020183627,0.454886934949956,0.44918062810194054,0.42613620559617227,0.4259036526846918,0.4257919351676851,0.46926314295488014,0.3436401212882071,0.4238684802910704,0.42024816762420886,0.47702135400317125,0.29623941370113704,0.47751269425944654,0.38581057820992204,0.3395982237511673,0.2979816926439993,0.3590599126065815,0.35229531036258915,0.3160328590673036,0.31495010026718867,0.35962315925260546,0.3485967598386452,0.2983849328900776,0.3666845456273644,0.47337651168917916,0.4203502484323392,0.41878549427925416,,0.462203949956698,0.4336275218911498,0.4557803235526434,0.456501342049429
2024-01-31,0.4316756206295762,0.5888325398001225,0.545982321889793,0.5492672743409857,0.5461990210456538,0.586202410237858,0.5621545001391633,0.5738937796597705,0.57195005026281,0.564127544896097,0.5867508349923021,0.4189484829512978,0.4135545559000775,0.41481260250716206,0.42663815652202247,0.4351118777086023,0.5214130195324469,0.5740671691410135,0.5760357411823007,0.5670606236054274,0.5313806725422674,0.531050097638127,0.5308934671997355,0.5988241796883166,0.4100710896184075,0.5276474213460837,0.5220489711216297,0.6115930682320736,0.3451433133588954,0.6123793259591203,0.47613814816322325,0.40813254645825736,0.3471371251348684,0.43198259281135926,0.42297273050789946,0.37522631828991443,0.37453365168436586,0.43288904181897403,0.41880745782202494,0.34768045457949615,0.44354285337209776,0.605354730953434,0.5222446769798986,0.5227180660815577,,0.5876393632573765,0.5429302298565984,0.577362159946922,0.5785170144335579
2024-02-29,0.5398355432560199,0.801928804709445,0.7264118096604683,0.7320829361592505,0.7267651642388302,0.7972199968688439,0.7546091485525629,0.7752413283077072,0.7717891536771989,0.7600252147985997,0.798164263573669,0.5278446669327718,0.52014763407425,0.5199325545427044,0.5348987581271377,0.54642707885029,0.6858323895823027,0.7756061519358922,0.7790369023984346,0.763140743958361,0.7013554286869901,0.700817968210945,0.7005298987983462,0.8199918438697128,0.5119417223015206,0.6953314930039509,0.6859235939561098,0.843908340678216,0.4125910329452683,0.8453493196619413,0.6057706064445192,0.4953932568362076,0.4102685307972306,0.5449907256794359,0.5320981816779131,0.4587581791603163,0.46206323555490164,0.5415515039915755,0.5226761739476528,0.41107454835740703,0.5610437288086865,0.8319678849780532,0.6861978147590303,0.6856750399561079,,0.7997683945142734,0.7214106602517633,0.7812331270934258,0.7833242400314079
2024-03-31,0.7157246764879626,1.2299508018876968,1.0678398824972806,1.079609689255244,1.0685604837511888,1.2195433655235952,1.126880914818352,1.1713001056362637,1.1637702804823002,1.1315580802196181,1.221593194888093,0.6936429814096959,0.6804562044941616,0.6800889582869747,0.7066892472127424,0.7265799518122157,0.9888988923796084,1.1721881530062475,1.1795097563145223,1.1451819895837394,1.0166119088656749,1.0156096911109773,1.0150265251902786,1.270523793093593,0.6644221388979804,1.0042313791678716,0.9856518782198226,1.326744871767989,0.5113246705821696,1.3300784929662839,0.8293902723336269,0.6339549566719793,0.5010124761517165,0.721799841489678,0.7003483207827342,0.5813444877207011,0.5858680756752235,0.7194617020589748,0.6858355875510025,0.5059983875383727,0.7495618170833969,1.2979408838909503,0.9859388436997281,0.9873049684519866,,1.2251602643084425,1.0573683980806508,1.184150217224846,1.1887560896210814
2024-04-30,1.0456685931723413,2.421453383292751,1.9095502092068581,1.9440691906033958,1.9116152363575518,2.385827482347947,2.0851591052305105,2.2268005335116516,2.2022394127122373,2.107590181611361,2.3927571966972736,1.0290492589385212,1.009405341501536,1.0074870972218326,1.042877559900437,1.0804178182729878,1.6971573195532237,2.2297313899002704,2.2531466554743242,2.14369844553178,1.7639987133532493,1.7614995909722626,1.7598823098802312,2.5627708436462924,0.951362544505703,1.7298003977367515,1.6784040814295058,2.773379621708762,0.6684813142562066,2.7859096759236803,1.3382615918664464,0.8880193341447868,0.6376334343210684,1.0789588266688608,1.0394883821892398,0.8005261887732613,0.8031490260930669,1.0517053391769469,1.0055549963514725,0.6419388035901095,1.1315533609787432,2.661565314461288,1.680163949904637,1.678827706013291,,2.4049118231909787,1.8799073285441767,2.267521584905673,2.2828021929452866
2024-05-31,1.8453002361560848,10.266987385101872,5.750109289810902,5.991131991817601,5.765629877982281,9.872378649508887,7.0257757100486256,8.27659646882713,8.0453083343809,7.182352111885263,9.947279532280742,1.7850704810772584,1.7298840655099674,1.728109442151599,1.8325814637483102,1.9387416595767009,4.394696037774544,8.301035743463881,8.52039100594521,7.53851322191539,4.835503415023486,4.821458292345319,4.8130132800121235,11.97307444628504,1.6094379124341003,4.647016295923092,4.36414266557532,15.087151322561285,0.9534828622816981,15.28910031719918,2.7966713927557385,1.43746264769429,0.8878912573524571,1.9344157696295783,1.8196988379172965,1.2178757094949273,1.220829921392359,1.8656293177945105,1.7263316639055997,0.9042181506398859,2.3505212810185427,13.321232268773791,4.373052739452245,4.249922794040544,,10.08159189604006,5.546223771888069,8.657806944810401,8.808369153122275
