Date,FEDFUNDS,GDP,CPIAUCSL,CUSR0000SAH1,CPILFESL,PCE,PRFI,PNFI,EXPGS,HOUST,DSPI,DGS2,DGS5,DGS10,AAA,BAA,WTISPLC,IMPGS,GCE,FGCE,GDPCTPI,PCEPI,PCEPILFE,PAYEMS,UNRATE,INDPRO,CUMFNS,M1,M1V,M2,VIXCLS,BAMLH0A0HYM2,BAA10Y,BAMLC0A4CBBBEY,BAMLC0A1CAAAEY,T10YIE,T5YIE,DGS3MO,DGS30,BAA10YM,MORTGAGE30US,RSXFS,TCU,UMCSENT,NETEXP,PI,PPIACO,M1REAL,M2REAL
2003-02-28,0.011021963326442119,0.00020523329255772715,0.001042028488959179,8.779299055605705e-05,9.818669671513014e-05,0.00010835302729894636,-0.0005596238709045798,0.0013567297273484602,-0.0001514319273825393,-0.017111458925155976,8.978968396777809e-05,-0.07236685038077628,-0.06156584400078691,-0.037124765077398036,-0.015820044458410232,-0.01665580876670325,0.023493187112132663,-0.0003452606559388727,0.000609136037389435,0.003106150420073117,0.0001569522801296852,0.0009513824832012574,0.00031149820122999827,-8.911123475718874e-05,0.007615747932846695,0.0002724106609268695,-0.0002382763297554824,0.0016091737311674237,-0.0020440938137310516,0.0006898862923443438,-0.014132507945332606,0.004325471503089817,0.008381232606193167,-0.02509168221948932,-0.035809161344613205,0.043772529237458224,0.10886778852793944,0.0,-0.01087569635778729,-0.022692724201541115,-0.008320109700088785,-0.001219686918876639,0.000366707741994432,-0.006879951382171567,-0.00536710005614649,7.183324294723903e-05,0.0034047264234544627,0.0005238416017687708,8.965494680657216e-05
2003-03-31,-0.005438788865567701,0.0004756774713805534,0.0003111837462645983,-8.778528362363147e-05,0.0,0.0009291991421966905,0.0010435636848635799,0.0012007281889585553,0.000133615277958965,0.007815462935315987,0.0005171711245259836,-0.008550295789274576,0.01845669673009387,0.016234597628218106,-0.004472269169182086,-0.006584665574371096,-0.018015937861184828,-7.652729177054507e-05,0.0005440868598349802,0.002029706016610122,0.00027733771920179784,0.0005800452793234268,0.00036276615117780686,-0.00013743979444591492,0.0,-0.0005995357663928225,0.00023802415556084533,0.00020377948984706684,-0.0017975001793397727,0.0004337173847790421,-0.004615748203335657,-0.03259232764566622,-0.028674105575783426,0.001596000703132372,0.004919054388384803,-0.04524270278489906,-0.03661648704812759,-0.023515327701501443,0.0009246076533306891,-0.0033807334085232954,0.009145990549154659,0.0013978817482742656,-0.0005397558764811405,-0.006565153845073279,-0.0034152909412998866,0.0004417057563153026,0.005199625224925342,-0.00011366715600202859,0.00023744575303230597
2003-04-30,0.005468531051360914,0.0006412606718824154,-0.0007266568779369376,8.779299055605705e-05,0.0,0.0003375413191988308,0.002237393111155672,0.0009517211233838196,0.0004867994373833895,-0.00660753559856142,0.0003924088235365275,0.0,0.013799208358493686,0.007839390109315447,-0.011404326126703168,-0.0061058114365205585,-0.0470098299462377,0.00023221260747652295,0.0004401819643473637,0.0009983170781597828,0.0003474502236375798,-0.00038436672512853765,0.0002500551743247481,-3.651932407289227e-05,0.007449432020614433,-0.0013732191453390552,-0.0016858642542656455,0.001036734287396035,-0.0011991323345470484,0.0006941832558498007,-0.08973155954848233,-0.07330392448318601,-0.0514420824545857,-0.03028643310555368,-0.009829111694959036,-0.024589481862729023,-0.08052007514044568,0.0,0.009154176470431485,-0.043842341717426514,-0.009063099526538831,-0.00018633993394068238,-0.0013355096915316222,0.023264842275593445,-0.0015145662518144531,0.00026452123620201995,-0.006340462344368358,0.001898740886990602,0.0012610211502634971
2003-05-31,0.0,0.0007778235787319066,-0.00031249718123060877,0.0008755887344076285,0.0003922015076847085,0.0002312095410526016,0.0030989424743745886,0.0008593686802695899,0.0009286176179399419,0.008592391880428707,0.0006867484131480861,-0.08086045871432768,-0.11434889866450237,-0.07083533238681583,-0.04207940071710092,-0.02996335245038262,-0.0011160862905728042,0.0005544184849668454,0.0004116912072282819,0.0004640046566655176,0.0004145514984867926,-0.00025962068342166855,0.00032429530645283755,1.304489526243735e-05,0.007289460409486415,-7.53401064097492e-05,0.00013242275190350483,0.001960201087378488,-0.0006022452497708164,0.0012243136728904425,-0.02631224522950837,0.022906312613047763,0.017860051583898917,-0.04432602683581599,-0.04944070618385221,-0.04858118688911506,-0.09008401971712676,-0.03697578736128149,-0.03433568029143119,-0.01529728239464645,-0.03827572057646478,4.940313633206017e-05,1.2965190663738468e-05,0.015174084156673873,-0.0005234104458087252,0.0006757682282314548,-0.00014737755287863585,0.002535048754526148,0.0014634559780104528
2003-06-30,-0.021901383416434217,0.0007969607817881474,0.00020845318137219238,0.0,9.788556727219344e-05,0.0007182092126969408,0.0033173977935803123,0.0007977095667306422,0.001359033512732033,0.008584084269774195,0.0004105208762061885,-0.00508481292448526,0.03965594236431058,0.025878058176177055,-0.022444279881758677,-0.01304923497867072,0.025158002169527904,0.0008365971966866059,0.0004000116826838873,0.00029368252262251815,0.00042999097652063334,0.00024510668277200054,0.00012610898481790755,-2.6087847040390244e-06,0.014172561619553603,0.00028961405059790835,0.0010928015651012757,0.0014713822863898773,0.0001057044900443227,0.0006680094531690273,0.0008080995794561563,-0.043125420575227946,-0.00774732378154408,0.0,0.009896599588866906,0.015978324707926594,0.099002569104371,0.27515711004514154,-0.014052935160523972,0.009747091678319109,-0.0060557397122121825,0.0009029798682935741,0.00038289308110650566,-0.005760631686429929,-0.00028197943261853986,0.00047371488118730376,0.0019078943581964936,0.0012924335274626664,0.0006242640915576914
2003-07-31,-0.12460385853074396,0.0008011321222824996,0.000623873456515156,0.0005229298963405071,0.00039100008026338173,0.0008298443062915162,0.00333154668372182,0.0008767562995055656,0.0019236069464303451,0.002115114359536596,0.0016457588058609307,0.2234548051578178,0.18995094002615986,0.12558520137090046,0.046741708090023426,0.02944464840615324,0.00036455273038482616,0.0011678237602144037,0.00045966895410542996,0.0005477144613834639,0.00044829186653139175,0.0006638085539643068,0.0005637010818788646,-5.2178234830613235e-06,-0.006938729374491026,0.0011276339359889143,0.0007925874864103122,0.000620314464444105,0.0008915792093371344,0.0008714062678014667,-0.00048423182694423694,-0.03395153137132756,-0.04654981308093176,0.0686676016718979,0.09424068193753854,0.15879071650886867,0.12890796881143185,-0.02127659574468077,0.05031656886024094,-0.04344778828270146,0.05806812829568542,0.000869288300075377,0.001229454107459782,0.002915919022036695,-0.0008805033748812141,0.00041852512350248894,-0.00043785940288354475,0.00028294425627861663,0.0005531742699984576
2003-08-31,0.014182178123644418,0.0007224152411577922,0.0008281693920169086,0.00034762500731710944,0.00019512215306471958,0.0013603323501718556,0.002904805360093965,0.0009463891001006974,0.0024153435556049097,-0.004544091141155726,0.001127969340316115,0.05068450759547827,0.012254194018625375,-0.004294160263403124,0.031202101454127273,0.024578969957741892,0.007459892286151959,0.0014620795149160593,0.0005401160968616647,0.0010782349513729361,0.0004343772315207328,0.0007628216986319547,0.0002540682170868447,-2.022220051212109e-05,-0.007084938151157738,-0.00046595096360746435,-0.0010036899216852024,0.0013714308768129069,0.001625264453524844,0.0011770528186563212,-0.014198294367866904,-0.01685824585238238,-0.0267329510723896,-0.0032822815508892766,-0.006625538147109644,0.022794698158935978,0.08271293032474958,0.05434782608695654,0.028063935691969633,-0.01720078751796017,0.02751690735830281,0.0013368037751324557,-0.00044013178695068156,-0.0038851427742352396,-0.0014216038074621462,0.0005415842026879059,0.0004380512077237775,0.0003907944666095009,0.0006474994958103331
2003-09-30,-0.013983856578788534,0.0006135704321386104,0.0006182744913929561,0.0003468570843636609,9.74668702171666e-05,2.2714693466596714e-05,0.002352824877039472,0.0007364826640321454,0.0025062537746178837,0.007477601151020918,-0.0009166561176980892,-0.15299837994281307,-0.09836855105904208,-0.055560863828050255,-0.012200699908434753,-0.013384930484889423,-0.03064269910852313,0.0016616447712958227,0.0005883080438207067,0.001354736603023321,0.0004202679171019241,0.000704909902851103,0.000313546981468793,6.456502037543999e-05,0.0,0.0014142507368797297,0.0019678705504140304,-0.00029004121881226474,0.0017352251364597393,-0.0004220052890363535,0.06357266191709376,0.004132727949988535,0.025213726503280576,-0.050177733338109265,-0.0611569699448129,-0.042267626599204355,-0.04058508412794515,-0.010309278350515427,-0.01432886381123577,-0.00889896547789193,-0.023892878747074797,-0.00044175906738475046,0.0015036868973248296,-0.0039700256242514165,0.0015198871059802777,0.0004987706241013079,0.0007276698953906369,-0.00041237349218037345,-0.0009700176875303557
2003-10-31,0.0,0.0005455542537373681,-0.00020574252894356437,0.0006052400572194028,0.0002920720656487408,0.0001943009370004578,0.0019658035140563968,0.00025938045441797897,0.0024093985460251766,0.0018928648003444515,0.0004308255901246394,0.14299856786546616,0.07680642483787681,0.044926464050149884,-0.0015645617926091093,-0.00376648645027855,0.019936344855513433,0.0019326862982551596,0.0006535030879109005,0.0014088228633863942,0.0004555292529428989,2.8823158625401746e-05,0.00041536786234797063,0.00012181450451831388,-0.0072367087078654135,0.0002939823991714441,0.0003399637494607699,-0.00013990546565800788,0.0012938709114616032,-0.0002514081527945633,-0.10335034298021462,-0.06812642795199275,-0.047639683185624504,0.025209965204214813,0.03590256085776544,0.11056440836451342,0.06432422928425163,-0.02083333333333337,0.0017305458079535097,-0.01826796254671592,-0.002957795970010446,-0.0004824574450428276,0.00034096379725978565,0.004725327908843724,0.008958997595806872,0.00043051935069549074,0.001158021676252341,0.0002389769670361197,-5.270237328103278e-05
2003-11-30,0.4323882889444981,0.0004516672383636511,0.00010292009307910632,0.00034476154451668073,0.0,0.0007793126574067166,0.0015264649647990236,-0.0003847386800465147,0.0019308120508365612,0.007550829098645684,0.0008027901228429002,0.06788373176843643,0.017521806881774182,0.0011201562180045421,-0.003938090578584075,-0.004448114725427499,0.006958287297854637,0.0020497113314743576,0.0006564502130532723,0.001139378903180388,0.0004792232171879629,0.00028514518184485915,0.00030664514394707076,2.7982717496710663e-05,-0.014896647148546327,0.001479297737161378,0.002036559223710377,0.0009337597440455259,0.0003290636001227476,3.78504497045018e-05,0.0045026721839440675,-0.025554237779024103,-0.007400253127298306,-0.001784227165076313,0.00955323425949639,-0.021921703557641004,-0.011764940175325034,0.010638297872340496,-0.004329233781361408,-0.019045763463732546,-0.00373235062717181,0.0010204586119662018,0.0015694373187127297,0.009821421687796095,0.01871798856273932,0.0007656208139101839,-0.0005775143133152083,6.50950751304169e-05,4.517722039709682e-05
2003-12-31,-0.020000000000000018,0.0004384417456453349,0.0005137190029078642,0.000344005382523882,0.00019440840149154148,0.0003901226857121465,0.0015627451622126642,-0.0005583459378365463,0.0017350635771233858,-0.0016428177876777195,0.00032912968392628805,-0.06671125601615002,-0.020398610387417082,-0.007876724186632544,-0.002386490285730569,-0.0038623232687077236,0.009369423379342212,0.002306288016054925,0.0006861367337596125,0.0009455344546935862,0.0005429823835840786,0.0004972901244275629,0.00028064354315615603,7.283991182305272e-05,-0.007728577925363633,0.00011057505445855043,-9.695433830714251e-05,3.20574902659132e-05,-0.00026605309365179686,4.1619511266910436e-05,0.038136907396042474,-0.03309615887740436,0.0024925785791620747,-0.020983560922980815,-0.01665788543368485,-0.010157669803582792,0.0029909682895616907,-0.042105263157894646,-0.0035035647418316662,-0.007400253127298306,-0.0030166934247171096,-0.00019686733538903933,0.00014734949677075448,-0.002567424959686093,0.02756582743187841,0.0002807424306130457,0.0008661545371346779,0.00043323055711708136,-0.0003694150500581639
2004-01-31,0.020408163265306145,0.0004707608629193061,0.0008186720204284015,0.0003432523123505504,0.00038814449083357516,0.0007911628921895009,0.001987179606236511,-3.9288050617147796e-05,0.0017138012037554162,-0.009644789309509627,0.00036597661905402035,0.0,-0.013133387114081074,-0.012691575036808844,-0.006432587832929437,-0.010491046931944581,0.017706161459156933,0.002507170380556145,0.0006780458556561175,0.0007691660234936393,0.0005969776823666617,0.0008708054175277091,0.0005770466635346416,0.0001117316136973745,0.0,0.00036325942074788564,-9.366928660758944e-05,0.00010680166556165105,-0.00032177371095742924,4.5384012605564905e-05,-0.030743899870294022,-0.015452781402399474,-0.03810199212582588,-0.010546867013685346,-0.00740456659547728,0.010261906865073334,0.03789538573444262,-0.01098901098901095,-0.007100221029842424,-0.010045733534318257,-0.013059988217156593,0.000373020526998058,0.0004109002418111185,0.02490033748499676,0.03241907965348245,0.00020834553519044618,0.0027162682727808196,-0.0006934602975114945,-0.00036687227818466006
2004-02-29,-0.30186527792901563,0.0005088465291460675,0.00040769190080491846,-8.572427137698568e-05,0.000290475076949015,0.00046167907603811287,0.0024688030278112727,0.0008782290282229877,0.0017054100237527958,-0.0045774944210654755,0.00043137192951658854,-0.06273009694030918,-0.027399926544013464,-0.0204155786083976,-0.0032668763792123023,-0.011517710426097283,0.0037153083997591985,0.002474247545732222,0.0006174553530795546,0.0006238367501962827,0.0006031521194511669,0.0004793969406329257,0.00036393450692839835,3.634196287705116e-05,-0.007905902876598314,0.0013486782640990125,0.0018266685340306843,0.0016765166529284503,5.04227938655788e-05,0.0006973775281147176,-0.04374870032206679,0.034480557652739385,0.005387851421188028,-0.013862083685195814,-0.019049990001328454,0.01748406513454781,0.05849584405121133,0.04444444444444429,-0.004516919084548765,-0.025919027869184208,-0.007942235453626711,0.0005752382528110278,0.0014392294002329997,-0.02020079690406995,0.03162124965346891,0.00037528065258074506,0.0009889178455262382,0.0014708717148603778,0.0005218065203536071
2004-03-31,0.4323882889444981,0.0005913754828532625,0.0004066582176665001,0.0010261793272834385,0.0005794497219815398,0.0008047024203046149,0.0028560274608879777,0.0016107086906540502,0.0016679788703222176,0.010514693636056727,0.000613603230203541,-0.023320115076784442,-0.03873164877902813,-0.016422099127367473,-0.014158515826376172,-0.011218135929863426,0.015373510308130722,0.0024597459763631147,0.0006529556675882731,0.0006907848732622401,0.000646659071278366,0.0003473370143172172,0.00037728845154560986,0.00020542118051380953,0.015819746327322193,-0.0008520316772487879,1.9517897090093328e-05,0.0007141804575110378,0.00039050112993543884,0.0007001490229556762,0.04801691930620078,0.0077741406736346885,0.021107126012830157,-0.008189211439478927,-0.02275207155911818,0.0,-0.022160015597026073,0.010638297872340496,-0.016649455335692287,0.023984486138515004,-0.014721997585365632,0.0014833246454020177,-0.0008415811732372935,0.0031961747867081947,0.03166898353636638,0.0005602968049593926,0.0014029928782381962,0.0005150067963266558,0.00045924018825638235
2004-04-30,0.0,0.0005774366882076443,0.0003043028121811897,0.0006802880708445258,0.0003850945524763727,0.0001151746613023974,0.0024199458787848016,0.0017317289255973645,0.001119059716379045,0.0003286836136313642,0.0005762466002150468,0.2526780245469511,0.14798175543736214,0.08168642489955502,0.03320592839038072,0.024498147046243535,-0.0005109903817875905,0.0018397442003850184,0.0006405661392943074,0.000827323318897788,0.0005730377862089853,0.00041766636130757817,0.0005841857809862905,0.00017453735584238572,-0.015573379415509736,0.0008438410103830396,0.0008215373426627703,0.0001151033308837146,0.0005505705888599888,0.0007028294811421976,0.008710558528995715,-0.05744125760954588,-0.06360463942885008,0.06111730080814892,0.0885047677717492,0.009660133203958532,0.012665546821919671,0.010526315789473717,0.03516580573916461,-0.044804471028307535,0.04904369403693676,-0.0009109012081126577,0.000921806135039116,-0.0036449462436203284,0.025264747625799666,0.0005527050742930584,0.002359581302711966,0.0002139632334188235,0.0006218531418751283
2004-05-31,0.0,0.000570451598464139,0.0008088651309776651,0.0005928114813222862,0.00028819688424097656,0.0009455542599778877,0.0017578087492828853,0.0015777247928951965,0.0004579597111966649,-0.0014519126443516273,0.0009038950001276636,0.05612485014159674,0.02488665628888409,0.013586856642169076,0.02361985398957067,0.018978043043650583,0.025068453206520402,0.00115918309637153,0.0006790039897435207,0.0010839228144319257,0.0005016078846078464,0.0007308976604163409,0.00030815928395289127,0.00018316891026359805,0.0,0.001609142679493969,0.001698883507727622,0.0008029740243913341,0.0005924253313318584,0.0015052860928501666,-0.033614586191530016,0.045656598781015356,-0.005899673327033561,0.019914808301733755,0.025172370595134108,0.05515644086354721,0.050562415064572264,-0.25734395014986966,0.019576610112554294,-0.022968080991421114,0.022221429238219237,0.0014783483843419098,0.0017127980107638496,-0.009421693085878702,0.019108692053966037,0.0009239454632841149,0.0027345532072200474,-0.000599727974915365,0.0010004776538063975
2004-06-30,-0.291964206946304,0.0005389400669324473,0.0007043865721376719,0.0003377010009675274,0.00038347073789801733,-0.00025683853836577786,0.0012134271478168035,0.001337025509253742,0.00019850372774121716,-0.01058199813380456,0.0003800386305536918,0.034969668432143886,0.0,-0.004091456418331085,-0.0021881795683814653,0.0018867550558487878,-0.015133888046999111,0.0008760252420811909,0.0006513236388026034,0.001056381616565183,0.000441612611741693,0.0006406762299480118,0.0003551559946670668,6.181561097107213e-05,0.0,-0.0016782020954334564,-0.0014719864065785293,0.0007770603843146873,0.0004931861154497952,0.00010400148518874275,-0.026003287149207632,-0.02084561209506619,0.01768819464329785,0.0016648215645891362,0.0031277275368821744,-0.0300603203112374,-0.027141881964828918,0.16214607036313544,-0.002465621401907314,0.005934686035944159,-0.004827091958485075,-0.0011448515625011035,-0.0017087075464981005,0.012746098917476356,0.016272331928385952,0.00041839249914588095,0.0005409888073881763,0.0005145056184765462,-0.000411442426551889
2004-07-31,0.1515869978374933,0.0005664631455903901,0.00020063511943080314,0.0003369734814926417,0.00019137098562960198,0.0010739487406632442,0.0011234257357548572,0.0012929722618120199,0.0005503588901369927,0.01209830114774646,0.0003443336984787493,-0.0041427283546922045,-0.01337570197448057,-0.01250256374163028,-0.0141106646147513,-0.010128880257841644,0.018063759258917456,0.0012876158774799418,0.0006367697122073857,0.0008134949348963527,0.0004760857845933497,0.00020833251888840998,0.0002652114982706344,3.9252851282034484e-05,-0.008090571611183983,0.001601165033472185,0.001998974003618148,-0.00047571176661032055,0.00033133490557157863,0.00019495557313287115,0.022680232453165194,-0.009704279780111347,0.0028639455553158832,-0.010896634955575246,-0.011515397527254279,-0.006801365688993033,-0.004744571171583001,0.03634027568706233,-0.014226222521569354,0.020348457445182877,-0.011977558590368198,0.0008987948086169872,0.001684196372876423,0.002477326936335844,0.020399994162671575,0.0004837289513786036,0.00026980113059771327,-0.0003855178610286947,0.0001410668322885389
2004-08-31,0.08894968594013086,0.0005966393445655527,0.00010021830985929014,0.0002522438312364539,9.55946486866921e-05,0.00046618882826554575,0.0012908263577926515,0.001284381130551182,0.0013193569136826788,0.0014368675623022131,0.0003894610911250318,-0.058484699576290544,-0.05428213356904521,-0.04085203753728961,-0.013148158788524822,-0.010449676192576196,0.026023620806196135,0.0020701528571833716,0.0005844658654929891,0.0003689291225708047,0.0005448141465520528,0.00011532143120440708,8.645285572050909e-05,5.5307076295862956e-05,-0.00828302623390964,0.00018568313341749132,0.0010116216598439198,0.0015049936631468253,0.0001583415051564785,0.0004849390057015679,-0.0006589072560738707,0.004919054388384803,0.025294990185174004,-0.029918613213712808,-0.03868347115668391,-0.03275568726015443,-0.03417452216280703,0.06711504457510675,-0.013942292666929146,0.016740765068514296,-0.019115585050697326,0.0001612577328578002,0.00019828513917774515,-0.0017944602357898853,0.027078377888427152,0.00048781178804091496,0.0008070093538214973,0.0014518670105263531,0.00044805146171666976
2004-09-30,0.08048166190443595,0.0006159542913102278,0.0006001454271638007,0.0006708076223134185,0.0005725007296293327,0.000932752315038865,0.0014433742571238195,0.0012247316785742868,0.0017276760129150137,-0.00795485487474179,0.00026404148643766057,0.05096578670073604,0.007833949678071939,0.0011910057759625392,-0.01529994668939838,-0.012838224060773729,0.005682021978859142,0.0022704706076353,0.0005562116069566247,0.0002360579782556549,0.0005758569993932205,0.00044381262596648874,0.00042060309265545825,9.444786791257265e-05,0.0,0.00024419461477198645,-5.9652439379331845e-05,0.0008165605379251151,0.0003894029594047055,0.0006412893753047211,-0.04568938827260516,-0.028691857216776584,-0.021894597104114455,0.0,0.004735324041442501,0.0049235680457115905,0.015346449003436291,0.07587773206698656,-0.015432013944361334,-0.010941829556072036,-0.007693957571820342,0.0014232702923280272,0.00023289203068488362,-0.0038698769833506175,0.026010040683056346,0.00034708353470080944,-0.00040277260308640983,0.00044494216181245605,0.00028783706120005803
2004-10-31,0.058248236308027446,0.000683807401949732,0.0009954634736810686,0.00025075992864498353,0.00038048875027607565,0.0007356818229429241,0.0016635532036037848,0.0012149287371210349,0.0017985584645263675,0.011120438759374851,0.0004994415955805742,-0.015103638151614751,-0.01248009045637366,-0.010790631288238983,0.0008290986336596529,-0.004177599982361779,0.0369712338110979,0.001947795122343221,0.0006202728984217032,0.00054673746574041,0.0006117119756376965,0.0009628652983466601,0.000486277428708215,0.00022571303480622973,0.00835220779014656,0.0019263629310710684,0.0019485572318340694,0.0002945792450270712,0.0011612371532250254,0.0004168929515500075,0.06981388222255891,-0.02685315707572089,-0.005686150235282628,-0.008457144206782674,-0.009462833593419706,0.012122522196398533,0.03901123248327232,0.040803526105458454,-0.0037527160603127996,-0.00839003883657008,-0.006286423553790166,0.000533680674727588,0.0019492104456291237,-0.005840997889690613,0.018254345945664996,0.0005221077413091191,0.003068611661870335,-0.0008269919397395631,-0.0001069070941254191
2004-11-30,0.05887503647532499,0.0007013007145069139,0.0008906030028812406,0.00016694298099317884,0.0003795799064982841,0.0006228878225242873,0.0017394178948397787,0.001104876300862756,0.0014468603113659828,-0.019733453744981255,6.646825494294184e-05,0.09570415324254067,0.06389196288782895,0.0367890356388576,0.00412294662011492,-0.0007025801513796948,-0.022604739513842675,0.001072879105131097,0.0006730303314370634,0.0010828906188837806,0.0005809445404871827,0.000863389754665711,0.0004822342592747386,4.736402299188036e-05,-0.00828302623390964,0.0005317299895868377,-0.00019641352383448218,0.0006477073956765445,0.002157866330245728,0.0005740845601995836,-0.06771427068831515,-0.06827859668091063,-0.04109830586116192,0.02612234662756463,0.03735192823728117,0.043969940014607856,0.059618463618718254,0.10582527141084097,0.0009440857385059065,-0.028804858809828415,0.006326192680462306,0.00028519970199614164,0.00046864648462485725,0.0026044212370452957,0.004318123550083097,0.0001300671993960112,0.0018394043660678872,0.0005946847224096441,-7.010039535615409e-05
2004-12-31,0.07029714812820287,0.0007033244480871836,0.0,0.000333379380077492,0.00028407748530923094,0.0007816830727118695,0.0018521095638315277,0.0010783773634164273,0.0013294329807029825,0.018183411726183873,0.004014945573820317,0.010648514695063005,-0.012406123424686943,-0.013485981287147286,-0.004106017728200406,-0.0035300827191151463,-0.028069213696106043,0.0005985549004821067,0.0007017691934794179,0.0013512232276160496,0.0005806599426005921,0.00011939881343892012,0.00028760495948065845,7.930372057951551e-05,0.0,0.00168657514091608,0.0014734955053197218,0.00033257900431071796,0.002815846954376644,0.0003826838328766513,0.0013196586975854352,-0.011855782606178589,-0.02864059663339702,-0.009860806142191203,-0.014364611378474113,-0.01086479943591434,-0.024490192904505048,0.030634529489689255,-0.003782337865947838,-0.02754819709864087,0.006983385831617728,0.0009552460394044449,0.0016350583023032605,0.009870267206837369,-0.004182267900702752,0.003658791868674127,-0.001572697883992502,0.0002116994777681125,0.00035748891295539487
2005-01-31,0.03239379534979214,0.0006056610710338806,-9.86623795408148e-05,0.0003326691410054927,0.00037799914339076146,-8.709167954701336e-05,0.0018204468071949531,0.0010318240673941048,0.0014085130275862667,0.006391907708020783,-0.003988061654776942,0.035694368836101775,0.011178077816742071,-0.011633260140178292,-0.00918377815707827,-0.009327956588572106,0.02009685144516915,0.0005965371742155945,0.0006143022650839658,0.0010971709428331256,0.0005575280780785175,0.00029402899799180204,0.0008053315657647886,9.32713542540764e-05,-0.008483744016248962,0.0007625096176973045,0.001139359516565852,-0.0014871808342155068,0.002730133568946025,-0.00022758864877436835,-0.012574701718924164,0.032105015902836875,-0.0373238542360228,0.0036421863591777903,0.005647319042889398,-0.015639806048416194,-0.012864621645090168,0.03893630117828195,-0.013493826667110298,-0.03916091890682638,-0.011610053739820936,-0.0008155011992769801,0.0006455944813268388,-0.0035857835863756238,-0.005373211681764967,-0.0028470087804188804,0.0009203647767077605,-0.0009122131029242198,0.0001838027266449771
2005-02-28,0.05465328584163354,0.00042438900770580545,0.0007879465160816057,0.0006633287998365489,0.00037710135585466986,0.0007956372090298647,0.0015729238957591374,0.0009121328140511142,0.0014561475010412828,0.00377368959831359,0.000329271582315549,0.04641482312763512,0.038556153207515154,0.025601427431589885,-0.013772267286760953,-0.014831840992695411,0.0060358294608409135,0.0008630951710053569,0.00043143156290703644,0.00049058607046093,0.000486845932822888,0.0006226760212433291,0.00037106490493710176,0.0001620073442618608,0.008556333761599921,0.0015571757232326622,0.0015750991856329222,0.0011766346264427963,0.0019542147069968596,0.00045128127313232014,-0.020955835599601458,-0.07788433910840942,-0.05925561679019653,0.016919391805072737,0.025172370595134108,0.03805212027546401,0.050877775472894626,0.04975670584472325,-0.021152828683456693,-0.053475853567104714,0.0023703092681950366,0.0010260993730566437,0.00142848107084248,-0.0031981401131158105,-0.00046293133801011965,0.00037656891371873336,0.000915290798161994,-0.00019179794345236534,-0.0003530788556174169
2005-03-31,0.029111396727501626,0.0004105736032078422,0.0006862433910903576,0.0009898979256315332,0.0006578717161156433,0.0005058672842785938,0.001743004998319364,0.0010383775497448955,0.0015262913241262943,-0.021925913075426684,0.0007163947311563668,0.029356572128190317,0.021974842001703854,0.01535715925914638,0.01740084439094014,0.018014641257235287,0.031287420897010865,0.0011747497793144213,0.0004342756900090894,0.0002665495997802303,0.0005530605617960482,0.0006701597350224908,0.0005511468710086564,7.705550076031464e-05,-0.017103233683039676,-0.0003054058794339509,-0.0014608527011260586,8.068522897763941e-05,0.001705535390158719,0.000143473191138499,0.05378987294622717,0.12335358723958811,0.020092348242779723,0.03182112184769248,0.025565001892516426,0.010457891796865626,0.009702727343894546,0.0467618047981615,0.02160994004304695,-0.03545435301089006,0.02683043448416611,0.0001978507015665265,-0.0005380868257184312,-0.0034904136099763727,0.005258297685987179,0.000684120009897482,0.002718402489663596,-0.0005769592411141167,-0.0002766464269247093
2005-04-30,0.0334566231123834,0.000443746793357791,0.0005858396730880067,0.0,9.373302758275415e-05,0.0010221338838032334,0.0017967312181539352,0.0010891122499994133,0.0010086590061402223,0.013333569875725315,0.0006494693441196908,-0.01887043822407286,-0.03378506829300609,-0.03177492130348947,-0.005924562902411612,-0.0007252363937689799,-0.0057885568865708725,0.0010918749042883036,0.0005063405012875055,0.00040617224861416723,0.0005888194211771669,0.00062657673252553,0.00025714920646024986,0.00022945977628729963,0.0,0.0004482473897542416,0.0005588436695997956,-0.0013779750490048315,0.0014480718586931118,0.00022279037531092172,0.03041127114634823,0.09162784512002942,0.045789789812244575,-0.004750951577939588,-0.019853853767746954,-0.02295751285231218,-0.02722789630053757,0.00784366404509762,-0.011991139469411216,0.06057546458898444,-0.019282081717443278,0.0006424351127776173,0.00022180610439681558,-0.011846251208996184,0.010308630743184333,0.000668971210756375,0.0016598770190281442,-0.0018535065680528318,-0.00011456053935543498
2005-05-31,0.040475621002562745,0.0005807736442160483,-9.745737135224974e-05,8.217138349619901e-05,0.00028089348621929133,-8.642591545526823e-05,0.0020104555158073634,0.0012254408049579002,0.00033390625439388977,-0.002307952235231503,0.0005318456867688948,-0.00842041232151891,-0.01823992872793545,-0.024925751509368932,-0.015633312006587796,-0.002913382139946963,-0.015348874698551063,0.0009220142407233567,0.0007006757261587282,0.0008700693397143411,0.000688844585148507,0.00012612589455773815,0.00045874184438621235,0.0001090839355661899,-0.008912075405483555,0.00020201372566064357,0.00019130493801400306,0.0007119460413700374,0.001505317854827437,0.000320970200773818,-0.04735992795968791,-0.007061274093708825,0.04873774822937271,-0.026213352690647063,-0.013556727756017128,-0.05154138235294925,-0.05488695516306874,0.011523229254531753,-0.01658949420814715,0.05753896727704233,-0.010115192739136414,-0.0005190807822325061,-5.9671773996905486e-05,-0.0020199687081644546,0.01553353175290062,0.0005384693120842332,-0.0008905753131255301,0.0009312993400523162,0.0003950142198669848
2005-06-30,0.007177646488535139,0.0006142013408838576,9.74668702171666e-05,0.00016421967038837693,9.351196868379041e-05,0.0010352756286919895,0.0018754035843910888,0.001130757088542822,6.443166631675545e-05,0.0027584046595197087,0.0002889663180452029,0.008491917770547364,-0.0054086724932367325,-0.007501116471160252,-0.017276316317550444,-0.01110760567983693,0.030320980151796295,0.0009597800431166981,0.000757140817586599,0.0009973363974336014,0.0007059612598836473,0.0001397355748160578,0.00015536234193702647,0.0001595500685136475,-0.009140853062108545,0.0009430414176605506,-1.7147571552578178e-05,0.0014722033030147852,0.0014877260253243207,0.0005637324572005387,-0.03441863906835052,-0.0343261941013292,-0.009766697056397211,-0.005199235512321487,-0.002143154930759006,-0.02479417521533267,-0.03794255536973956,0.025913847491496167,-0.022902995282867433,-0.0033105995580122727,-0.009611395219333962,0.0023834006494778404,0.0006875464825977229,0.022007769561360968,0.01975260786284716,0.0003494136220305588,0.0,0.0014812520735174584,0.0005550859492107207
2005-07-31,0.03797648693889788,0.0005869015345110196,0.0011655997910395843,0.0004917038499507864,0.0002802316444214803,0.0012562368807271795,0.001585898278668063,0.0009174894188874738,0.0004026401661723078,-0.0008892875290442692,0.0005754881239241616,0.0483520068990444,0.052419885410530664,0.04166909423803711,0.00932137928465604,0.0067685348025370295,0.010309738368314836,0.0014353290543083208,0.0007253297856189,0.0007649541513268243,0.0007148648446455574,0.000945608483676752,0.0003266796390464233,0.00022611093741287114,0.0,-0.0006866213905800667,-0.0012616086651339176,-0.0008841789298281721,0.001546202538485364,0.000450826403368465,-0.014294480435126378,-0.07622881921877023,-0.06851250419197508,0.019768606170492253,0.03345753580441513,0.022916288466122037,0.002520237355440935,0.043002520483727213,0.011275907314184597,-0.03042790886382185,0.019235775994620008,0.000640883643141299,-0.0010214835231769914,0.0011238741692269905,0.025368325667889824,0.0006185281174373447,0.0025362081457385166,-0.002169911872903607,-0.00016506994921883233
2005-08-31,0.0378178450194564,0.0004748632935809294,0.0011571328262158787,0.0002452411597666515,0.00018653758917897,-4.5984475311455775e-05,0.0010522763234286359,0.0005757481776029749,0.00119579708286488,0.0025897794833131815,0.0006152303590403196,-0.022632041350117094,-0.030652644207974866,-0.030347600223219362,0.0027408862627931185,0.0007416226718630625,0.02442161026252143,0.0020892606382221235,0.0005781302105616337,0.0002464244470481436,0.0006552909145893793,0.0009000827279426193,0.0001821316582726329,0.00012476882905199105,-0.009380231334076394,0.0007095441318905049,0.000719119365395926,0.0004834074333046612,0.0015602057571133532,0.0006656761697338975,0.031113011088170106,0.05512107320082138,0.037439826673705934,-0.02110470543301235,-0.02205826852073367,0.0024520751859806733,0.029589775435125087,0.03586193551237171,0.006591052071423853,-0.025122063612002532,0.0,-0.0008804343964704531,0.0004209419221345989,-0.017234663232510883,0.028993155033261386,0.0006247891768733638,0.0016271742256954713,4.33642532970957e-05,-0.00013958794758417437
2005-09-30,0.017497309894942914,0.00043310658584694295,0.0025750181083554757,-0.00024518103128612356,0.0001863183257764245,0.0006235296493590781,0.0007024017941694716,0.0005424644914955312,0.0017564633026181387,0.003447648206170717,0.0006657756431460715,0.04305263604330212,0.038981337576311725,0.038300838466913234,0.003623654375497054,0.005157889570817531,0.002161255651754068,0.0022459077197958255,0.0005163415602829069,0.00016319437789769076,0.0005752361846080856,0.002145383966546399,0.0004939167662190158,3.587977389729602e-05,0.009469053244020031,-0.004220850508433571,-0.002962983387242879,-9.046666570677875e-05,0.0016326022934745055,0.0005735205769836771,-0.019652077706958315,-0.01695138025798837,0.01407194469884221,0.03078332692660979,0.03153712819139187,0.045145464770286026,0.06333792298093766,-0.0044144773904031265,0.0010842900645851028,0.04734442960251939,0.01070250416867169,0.0001597718633039591,-0.004713946440405792,-0.03232543711427005,0.02517652306215501,0.0006894517287185931,0.005643300219850378,-0.001985575605946588,-0.001044714470938235
2005-10-31,0.02224644485269156,0.0005379385472075171,0.00028323308065703046,0.0009790152699007404,0.0006505454557037549,0.00046966224450906147,0.0006832733344390718,0.0009619795206250448,0.0021258704941917728,-0.00531436785537498,0.0007806960897660531,0.025288040756104246,0.030891534659398312,0.025172370595134108,0.019446373842351372,0.01932514575104527,-0.011734273813980955,0.002019890100555477,0.0006342881867897887,0.000690166094435618,0.0005416749986850711,0.0003561696118745683,0.0006412478994821669,5.913484342223718e-05,0.0,0.002632862691599236,0.0027747684479848544,0.0003816031595771374,0.0019517443106171761,0.0006011558701133346,0.09129943601238422,0.010113405890304739,0.006864435561910298,0.021344567575748208,0.021658922873907027,0.0022091180411571987,-0.016548370986407934,0.04306528169714463,0.02021003856032544,0.003390771396156733,0.017663349831794406,-4.9392627019084756e-05,0.002410412898612213,-0.008099029188548101,0.015902178741022954,0.0007997812069449051,0.004752575089154165,-0.00046282285729615236,0.0004519305453412059
2005-11-30,0.028762592500755746,0.000678902721957364,-0.0009454997768584272,0.0005681466774587474,0.00046300215925509924,9.463098868689457e-05,0.0007624682719724607,0.001566240681725617,0.002112510418518232,0.005099033288765931,0.0004530603309458314,0.002192163291787841,-0.0032553328686981686,-0.00842368701631624,0.0059310645414385466,0.006164065056295742,-0.01599937534646534,0.0013148052355882456,0.0008015335003481727,0.0015232149031108033,0.00048729164954597337,-0.0004659138073737079,0.0005690084468223944,0.0002229434637692762,0.0,0.0023638594339332464,0.0015314639422820964,-0.00024079816378275165,0.002195804595547246,0.0003094550068958313,-0.07980157427600787,0.008461575028190671,0.020167509504095626,0.0037795319853723974,0.0,-0.045304424084651296,-0.06426035946965791,0.023548491888011558,0.006117236144040472,0.003367434817029835,0.009159876120574895,0.0007160025145891424,0.002128790696942051,0.021725732399968223,0.0014061089984618302,0.0004800403157971811,-0.002942860375389378,0.0007050219692732451,0.0009241975287443971
2005-12-31,0.019571222236049346,0.0007694610169959315,0.0,0.0004853174840648844,0.0002771272507755551,0.00042785281541668496,0.0005126886527269114,0.0019314739917171142,0.002148883408168878,-0.009631166529709079,0.0003327236238479525,-0.001092673312531267,-0.00769143052411303,-0.01079485911454603,-0.004204889714348403,-0.00475839958645452,0.004623602935022175,0.0008892255281685024,0.0009186200103699083,0.0019157648236320934,0.000507754911457825,0.0,0.00023137596916100733,9.964131403950027e-05,-0.009380231334076394,0.0010385938348764778,-0.0002152556472320155,-0.0002513385106002186,0.0023084312500365467,0.0004038030056721098,0.0002978741645260907,0.005534040258555972,-0.023104326923073737,-0.01832851908254618,-0.005452431162944915,-0.009828228757420732,-0.012438685368236557,0.0,-0.008121106367493858,0.0,-0.004168948990421861,4.286525998487001e-05,0.0007494112147932164,0.02564538190544563,-0.008106306877960212,0.00037457808244800717,-0.0008344640516619872,-0.00019781960790432596,0.000497421366032702
2006-01-31,0.015163088377502687,0.0007006084745544428,0.0011351058627626642,0.0003226796871105275,0.00036876690592402284,0.0011013057796138703,-0.0002853879466556686,0.001767145141087667,0.0020658944901754683,0.017226831509283613,0.0016244892952099743,0.014065109231362616,0.013226462949733842,0.015222166670529669,-0.006825665636295497,-0.005520478529207562,0.02337363814662141,0.0007351104297508293,0.0008575366839858045,0.0015087053255984362,0.0005618403451381759,0.0010781380917659344,0.0004994926843218117,0.0001657921469855328,-0.01942935316176575,0.00033991244260533904,0.0013273032060669987,0.00053243045164586,0.0019888387240798444,0.0007151847380029164,0.025350926190554235,-0.04100710317832468,-0.013779732789352073,0.006297303766559459,0.010009956778916251,0.048484546784065996,0.06821241252321286,0.04478291403622969,-0.005176647195469397,-0.010103998293095162,-0.007055260913481076,0.0022060329451845107,1.9453877958319765e-05,-0.0007175534000990469,-0.01071649529138119,0.0018236521483141477,0.0015481929016225582,-0.000330334902087448,3.647778395809986e-05
2006-02-28,0.022277346128986242,0.00048501954599022845,9.417808393408222e-05,0.0006434605964606988,0.0003679095752371353,0.00029472207853853405,-0.0012654406897063541,0.001163691445641435,0.0017346191243010622,-0.009072535144113103,0.0005412313410935177,0.015605042754051057,0.014872253941352609,0.0021109448864666813,0.005162557458909811,0.0020888264555054548,-0.014320436143261062,0.000756153872142562,0.00061953793034486,0.0005473975248468932,0.0005829135537960273,0.00013326180587336367,0.00035898648415155776,0.00019163172601444067,0.009992577255035107,9.150288115833405e-05,-0.0009908770266051636,-7.016634484224848e-05,0.0013296777042430818,0.0004565870022741336,-0.016965591134226576,-0.007655193527259074,-0.04683969314011682,0.003101148423482414,0.007978038321607261,0.0,0.021601658570657545,0.021948594042751957,0.0,-0.04194421224034606,0.009920029943646602,-0.0005342781459886092,-0.0002427322121140163,-0.011060714449353193,-0.006373735256334889,0.0006209496386755387,-0.002983606370879577,-0.00019860982858166398,0.0003823515553498247
2006-03-31,0.010599995382683414,0.0003979986846611716,0.0002822259596613197,0.0008006608997748188,0.0006418782210724228,0.00044407755534559,-0.0022694014844863997,0.0009588044361741321,0.0016044400478649745,-0.009581003271948663,0.0006256875131098738,0.01299239688113385,0.021309632585731597,0.03171416825183737,0.01512189001786668,0.009615166864931801,0.004852255008906292,0.0009895065774514489,0.000515489465350516,-0.00010034276376658102,0.0006983698436158203,0.0004311703406014722,0.0006146216368911883,0.00019240609232706873,-0.009893713557967865,0.0004877596211603219,-0.00042274322736024494,0.0001503234387632002,0.0012611997971256894,0.00024511280284977843,-0.028515626334556954,-0.038301477448055565,0.015372639088199636,0.02188290440541585,0.01972029474856485,-0.004504751493137116,-0.0211448937943981,0.009412963292382281,0.016490368201828032,-0.0037357893510623352,0.006214996848141974,0.00017178919773930268,0.0001624457164486337,0.005537879886298835,0.0002212713447655723,0.0006669733335333827,0.0004818808329154489,0.00028685507964776313,7.266661686955445e-05
2006-04-30,0.02042616356862914,0.00030155641329998595,0.000937451168680381,0.0006375191040688399,0.0004568526657722227,0.0007024367272769894,-0.0026504343118802787,0.0008593052935370604,0.0010456693400471284,-0.010295401802959625,0.00047543012321038525,0.004856850522574563,0.00967250588818147,0.019912908619847514,0.024717872907056293,0.017869264990775235,0.024290835036009373,0.0011069288909755226,0.00035857777604175745,-0.00043273375929120395,0.0006824561359350945,0.0010315397720352948,0.0006790586414100463,0.00010502681386181933,0.0,0.0006363366791464209,0.00039930462004300615,0.0006195164224342964,0.001442177895719876,0.0005335878360726021,0.0063622781892023195,-0.015534841697089075,-0.007541597307673564,0.007893662820148473,0.009007680954361774,0.037668135235093825,0.01946807735480216,0.009177291005575183,0.03207525416885493,0.0,0.01544737634282578,0.0004148115544546638,0.0003064446788691999,-0.0037401870614256483,0.010294013675069769,0.0005526131298922987,0.0025094448308426998,-0.0009506167815701572,6.172841438045751e-05
2006-05-31,0.014564302423120346,0.00027969560660734416,0.0005597176451188624,0.0007141210976921997,0.0005465106481103987,0.00047813662936868617,-0.002803922474523435,0.0010191782593118592,0.00048501492110464284,0.008564334820838404,0.0002220046244834073,0.01613091694698987,0.011284458046883161,0.00454900729658414,0.00829729027274384,0.0044507059781293545,0.004116267319080658,0.0012273563123590403,0.0002726478654306863,-0.000428338697941566,0.0006620742413561143,0.0005965229591633481,0.0005573141718899777,2.2974235186934422e-05,-0.010169446183591058,5.405458374263539e-05,-0.0009437573844004454,-4.982738680181509e-05,0.002024746055636628,0.00021162174031585934,0.12865221841202668,0.014043721348488969,-0.003820824632612241,0.010488580788946766,0.00877947998424311,-0.008388182949239709,0.0020928376898188272,0.011905024553329646,0.012676565320782096,-0.018960581506469842,0.002598437791060837,-0.0001876899620349981,-0.00032191545220860984,-0.0219988692754034,0.02052329597088498,0.00020602685871784487,0.0017685798768873884,0.0001774758464554438,-0.00024344725287905877
2006-06-30,0.004704628042697667,0.0002775922606561565,0.00046490451197400695,0.0007108485244995411,0.0004539652267232519,0.0003292781822297197,-0.002614846299490936,0.0010489683986543152,0.0003006600155412986,-0.009876035426370833,0.0004075672793037999,0.010939013407454512,0.00549640635078541,0.0026993197216778064,-0.004472269169182086,0.0018867550558487878,6.500975397605302e-05,0.0009556751068504621,0.0002720681970569405,-0.00015447593931050552,0.0005475377836547946,0.0005472917882278772,0.0005609140116578093,5.027202056662183e-05,0.0,0.000723171759891228,0.00025859055189947355,-0.0012918606301267621,0.002212996091528696,0.0005644895006668982,-0.07486133402415729,0.03836745444011136,0.003835479326500746,0.007477668689979566,0.006240223221169794,-0.006405583461626452,-0.010499631599416248,0.00770976065025919,-0.004437923528783916,0.011639679286619353,0.010232524270917143,0.0003398777803296227,0.00034922672805803856,0.015948796572069712,0.016858962199145955,0.00039654821253276573,0.0003511857529268081,-0.0016716768316752395,0.0003777740523365214
2006-07-31,0.022841721923790193,0.0003295599049966125,0.0010182947217347582,0.0006291158553535237,0.00036221855908991074,0.0009909863229862204,-0.0024834907380466564,0.001020432635816304,0.0006761126473333601,-0.004897412634446541,0.00032526056109727364,-0.017232413134507962,-0.017498831085824174,-0.01451217455991416,-0.0030166934247171096,-0.0012546591810603802,0.010951420485485697,0.00036838289993657014,0.00041088872768235696,0.00033364375020839,0.00041527122133921957,0.0007578008421889049,0.00021646158554511352,0.00012027721015295256,0.010273926324441573,-0.00014047166595998473,-0.0011827444864449532,0.00017115862870031862,0.002142309476283133,0.0007127983073025312,0.04715123403249444,0.015459545981046263,0.0038065411427103957,-0.011517710426097283,-0.013267372981007663,-0.0065006788242295555,-0.019473538127221524,0.014996176397733096,-0.0017932385351149271,0.0,-0.003773707799048287,0.0002483936624815275,-0.0005790794411829614,-0.0005234464769455771,-0.000868717106615291,0.0002776448509835827,0.0008167007794335213,-0.0011718054980841552,7.248870158127474e-05
2006-08-31,0.0008745487157000298,0.0003967368901844903,0.0008282290892709376,0.0006265717602584875,0.0004516280076367618,-1.872917325551615e-05,-0.0021815954686819072,0.0008689801268810804,0.0014184946373305696,-0.006883443285907176,0.0002502944960409703,-0.017134287654311908,-0.02036402300205553,-0.023815656288311393,-0.013059988217156593,-0.010810607011060402,-0.00420994784903761,-0.000465506693409945,0.0006231945895489588,0.0009311791367512257,0.000247485338231046,0.0006973216678716199,0.000453267800288204,0.00010276963706923326,0.0,0.0009311481747882322,0.0011649930855857082,-0.0002315784920834396,0.0017151443058558424,0.0005149303414895279,-0.0653352181711564,0.005994092720974287,0.01875076056403735,-0.014775625496538547,-0.017923159191229776,-0.017720316062166286,-0.022668024609429627,0.000910460647217004,-0.011821830347059192,0.015141521677924263,-0.018075768446366047,0.0002717799049487546,0.0005066522166008447,-0.007192378418577228,-0.028705900772657444,0.00023343320838287163,0.001275486937124981,-0.0006809382219709059,7.245996020976975e-06
2006-09-30,0.0,0.00042585237997405656,-0.0009197183774072304,0.0003902782576101771,0.00036035793126432125,0.00038798198214728963,-0.001920861349418601,0.0007618791840011685,0.0018047404117571553,0.005604479362164572,0.0002962678193347834,-0.007922676431414089,-0.011196361041192038,-0.010057542240527462,-0.013573949326525003,-0.01051184161930041,-0.030746399750935183,-0.000766348121701621,0.0007275256596324109,0.0010862371208908428,0.00021551263729646664,-0.0005818523912799467,0.00034970830352198945,8.471323691794375e-05,-0.020522135459111968,-0.000389513993221402,-0.00028399264733380836,-0.0006871014400224862,0.0014443588357195836,0.0004113561928187348,-0.009698964463170201,-0.007456340623118396,-0.0036540107626603646,-0.007299042328069549,-0.009362143248916377,-0.030213396375020296,-0.045987686773498515,-0.014736610290365992,-0.014130137677016208,0.0,-0.008783612106109673,-0.0005072950014635147,-0.0008973868174424471,0.009085430224067492,-0.04170567934228053,0.00034958773146454014,-0.0029072730368582267,-0.0001366441273614738,0.0010856768063287614
2006-10-31,0.0,0.00044935570443449535,-0.0008323788143047572,0.0007777679954734662,0.00035953670304156304,0.00021202410153531304,-0.0019432784603242714,0.000808857094053872,0.0018798991933122178,-0.019164476729424784,0.00023485006668377828,0.0,-0.0020826707529497668,-0.0030830655543324648,0.0,-0.0006715453428418616,-0.019183920598677684,-0.00043720633633137496,0.0007618526639194823,0.0008056834529117651,0.00037670637994113854,-0.0005234315390080235,0.00040148397035655314,1.4830287217382221e-05,-0.010763548439642445,-0.0002203483750036206,-0.0015114605256177915,0.00045539391810844876,0.0015808654880693496,0.0007807176955860751,-0.027387061211648467,-0.023055407106635784,-0.029834111562081156,-0.00371606681860126,-0.0017360658996217193,-0.02479417521533267,-0.04009051418541543,0.011254936245638447,0.0,-0.007430113266233884,0.00615144794497513,-0.0001361942345846634,-0.0007444045371893804,0.020334167044171236,-0.03736509673038935,0.00031832871063253165,-0.003796751648572072,0.001338597055597246,0.0014088099501519125
2006-11-30,0.0,0.0004204508471821189,9.274586960095199e-05,0.0006193634989142272,0.00017944538132619314,7.677011377160703e-05,-0.001963374844329624,0.0008822019092529221,0.0015273618642013265,0.007060174559651244,0.0004777566023581592,-0.009119037013424092,-0.012681674617662564,-0.015715356742366682,-0.014967506274043418,-0.015017635799288165,0.00199145920418764,0.0004089746765152391,0.0006673591593806538,0.00016463331317195795,0.0006280907449875972,7.60130329744424e-05,0.00010480289955894229,0.00013520434298897044,0.010880662982712286,-5.768254498483838e-05,-0.00021199956168982403,-1.0099015917530707e-05,0.0018036540290722325,0.0006012621993973788,-0.006348080628078345,-0.014559088654059416,0.0,-0.012119762482172836,-0.012331443099954376,0.007708103275343436,0.03904113123399,0.0018334589940312007,-0.01569902573855697,-0.034389420881041466,-0.017870387840436264,0.00016230557210050733,-0.0005906522272567383,-0.003513075843384117,-0.01366343913706869,0.0005749110166615168,0.0028653320748042166,-2.2560934797910548e-05,0.0005547201684050762
2006-12-31,-0.0008737845485453644,0.00043217775592352403,0.0010171054529655166,0.0005398946222738843,0.00026879781464761443,0.0010195565298214415,-0.0020976246239042817,0.001018979982872592,0.0013273361491410451,0.006666640992341488,0.0008997396345911124,0.020256013701697828,0.02645090428271968,0.02637501300850409,-0.0008567863192886493,0.001405173772585755,0.010515447326241212,0.0010479122772182325,0.0006683363135484566,-7.388901612725984e-05,0.0008028831452091545,0.0007873880098645536,0.0002983890484382634,0.00011279814993070403,-0.010763548439642445,0.002192953688339383,0.0027256754689093388,-0.00013135561699617604,0.0018993915412293116,0.000602514143245525,0.021449600928792334,-0.05342916483857252,0.0,0.017546826951553296,0.019495148409574448,0.0,0.005234778144722618,-0.00921152211223042,-0.0010116782868585528,0.02387692778030126,0.002842025943896598,0.0008500848809289696,0.001756708581347688,-0.0009497179409448941,0.0045888594589706955,0.0010043799543331122,0.001178275589750255,-0.0012915206894259512,8.45305338543767e-05
2007-01-31,0.0008745487157000298,0.00045193345842453603,0.000310191896549572,0.0005802208299159339,0.0004470203595428046,0.0005784272307109983,-0.00210905900141356,0.0011129183706497514,0.0012116249901101828,-0.021216836740176714,0.0003426228274827636,0.011587389200184539,0.011970406092351116,0.011937636090493253,0.0068225042898055754,0.008338441673461316,-0.03040037354039793,0.001252117680428988,0.0007315461320478445,0.00025949326187824084,0.0007789043944530505,0.0007398133011549124,0.0008977390958917475,0.0001378497817641211,0.021565267277877442,-0.0007681372254831897,-0.0013482166859253297,0.00015157302613055812,0.001576192410205124,0.0006990013892458347,-0.0376013876835678,-0.032895456493572395,-0.0276819137458838,0.00440506326000234,0.008473632343648285,0.032362061796901376,0.040545191718759366,0.012973211495969972,0.016978270866190304,-0.031213235697810093,0.00492167039153113,7.995750273837032e-05,-0.0013374678436197662,0.012049820476112805,0.011417378609167361,0.0005472688909493595,-0.0018864383235119853,0.00031863635588114114,0.00045331765631151377
2007-02-28,0.0008723876102223471,0.00043581124481195666,0.0007240156429331179,0.0006521832773327407,0.00047691918264236577,0.0003118597073692442,-0.0018917739308408343,0.001059826073027459,0.0010994946553828377,0.00677499567435258,0.0006923324424641386,-0.028093018820306792,-0.03004734774862272,-0.026896446313429134,-0.0008423873668444992,-0.004117704547920598,0.020167306199919244,0.0010132413784107452,0.0007584933768385316,0.0008700466868636347,0.0005622556820366054,0.0006876179866497356,0.0004782875314275348,4.9785314500505606e-05,-0.010459052042397499,0.002060112855654772,0.000189016761691585,-0.0006274840496593992,0.000943163700418248,0.00027883100017533913,0.1491085402950929,0.020192035032798428,0.012295236351150152,-0.020795813798803686,-0.022125979687855124,-0.016728826859168544,-0.004769783695953267,0.004502947015690317,-0.0029105968304656837,-0.008210832966491943,-0.0020931412858673504,0.00018559719624189341,0.001630051733361837,-0.012849715281609053,0.00735248386938836,0.0007956719518027455,0.0032956325559174715,-0.0015763610611215784,-0.00020351764248760507
2007-03-31,0.0,0.00048666701417232616,0.0009694461590268322,0.0003288199515556478,0.00025166606016147064,0.0005199023774300482,-0.0022014703815541603,0.001138631390943834,0.0012971232782568176,0.0013803687135069964,0.0007482174890458548,-0.007199335225753667,0.0021170026574663936,0.009359672768654015,-0.00764779905871571,-0.0006924332744681072,0.0052074899672953645,0.0009691517872179034,0.0008643516690960418,0.001364245184062085,0.00047782191181933165,0.0008089056310860432,0.0002230915783265619,0.00013874541402558727,-0.010763548439642445,0.00037954281672902823,0.0012464988895355411,2.0298613219171813e-05,0.0007584226683092776,0.00038689309638595404,-0.017390876218704165,0.005836764196593736,0.05870098881906438,0.011484293484352648,0.007061870428626271,0.019415547386780085,0.026018340483804137,-0.007190060248721375,-0.009840148626609091,0.06057546458898444,-0.0042213374936378445,0.0006279478813735473,-0.00011174573304839619,-0.007054839318914041,0.0031351078514232356,0.0007900629455162012,0.002886872838233634,-0.0003914944528331521,-5.6213762861578864e-05
2007-04-30,-0.0008716272134404734,0.00043939091136890873,0.0005594884643749243,0.0004581402386314437,0.00029207427980759704,0.00036125722653679304,-0.002407201679767268,0.0009583521437139808,0.0013952992415555698,-0.00045794689826128554,0.00041256455480187526,0.002081110228854488,-0.003171667661292954,-0.0020478108459072164,0.014466589018940157,0.008252749334409781,0.013085717196614555,0.0008399242563215115,0.0007460398179082173,0.0012500046834698075,0.000366975403503611,0.0005200751000142834,0.0003160280092704415,3.6791731841789854e-05,0.010880662982712286,0.0014323444378894212,0.0007980647010628061,0.0014135334264497867,0.0008120532238120592,0.0012162629453189577,-0.009899290322382459,-0.02150294063034619,-0.02548842815190111,-0.003757015061098823,-0.0008716272134404734,-0.002356355670596111,-0.01373175072623356,-0.006415466650453561,0.01484305703649591,-0.0037081768828823858,0.0,-0.00024292374722967303,0.0010223978720118598,-0.0032601281544544225,-0.0016561748954707634,0.000420393670444108,0.0023855228500555548,0.0008052494244543684,0.0008649889535750077
2007-05-31,0.0,0.00039864176922188577,0.0007697650098024145,0.00037719459149943013,0.000275595116471683,0.000475897944663739,-0.0029271013074455565,0.0007699060558699067,0.0016245367533389565,-0.00706303702674127,0.0003765650651466057,0.03225616936599196,0.03608710715559593,0.02710644801625106,0.0,0.0,-0.001888090304759782,0.0008214061970293063,0.0006037335010256051,0.0008722705036625644,0.0003283487444496469,0.0006416559510615816,0.0002612105844543855,9.251830086309809e-05,-0.010763548439642445,0.00011492452754158222,-0.0007437440301449882,0.0002505516721396095,0.0012170927696846245,0.0002659370909652292,-0.02937914218326887,-0.05899315532117555,-0.0307413605283523,0.020046551128022783,0.02474962375098344,-0.016728826859168544,-0.028587422253684602,-0.013142516699518936,0.0028803026950343646,-0.022625538119050326,0.01811983507907433,0.0011008703755259752,-0.00031243124682034384,0.0030208859919995668,-0.005960630437116254,0.00036398649403013295,0.002128346217728838,-0.00029836042276631947,-0.00026876577669110446
2007-06-30,0.0,0.0003652515572163395,0.0004315576055242687,0.0005357862506667477,0.0002954434344966117,0.00023593697248669443,-0.00326313698276548,0.0006140083789074602,0.0016981756864216102,0.0031751606721242,0.00017010383489957093,-0.004769522134675408,0.005761302825460168,0.012279011217527058,0.02585446163203442,0.020544984793357424,0.014521412332614059,0.0007938353042957758,0.0005234105528595379,0.0006262090391049302,0.00029782336278083577,0.0004682285814827658,0.00036663670355330247,4.835881021714172e-05,0.021565267277877442,5.8484476075371106e-05,0.00019091704394536002,-0.0011964083161249972,0.0014998579334277728,0.000446359741734792,0.07720726770722774,0.11279849619948679,-0.004032991269800279,0.01129775730313165,0.00888192081468775,0.004896884953356162,0.0,-0.012653820873378407,0.027942688779164948,-0.015727033066891494,0.016534230352907686,-0.0007388351113666314,-0.0003118502637717846,-0.007607274816193499,-0.008129928690594368,0.00018324841960959404,0.0005550540484031696,-0.0017797197258979658,0.0002793003102499192
2007-07-31,0.0008723876102223471,0.0004040055144740595,0.0003316330090636921,0.0003757245247508756,0.00033634901715928756,0.0004959281757415113,-0.003783456226043036,0.0006204147411317251,0.001813302749919643,-0.009214950993984283,0.00028148675295125436,-0.03065592198371425,-0.031248221442748636,-0.023566661194772243,-0.004633790258648074,-0.003191561895149908,0.022085078587891438,0.0008621170321430061,0.0006242146344415112,0.000741590459125252,0.0003134695127173792,0.000336973538786145,0.00033243027161300454,-1.835995792676126e-05,0.010273926324441573,-0.00033553460209245767,-0.0006630871972428398,0.00041387282474358855,0.0017550607970318044,0.0005229102479371583,0.12394808155821524,0.19217792790227106,0.10052049272181751,0.00549415590147917,-0.012041842502331312,-0.009775137490225072,-0.040932543450706405,0.02152340410775544,-0.008014318347685845,0.01993507777413117,0.001278234378853993,0.0003002800553859597,-0.0006435486203537621,0.012879783559993196,-0.008675409763901354,0.00023637273661547553,0.0014349468100280927,0.0001396707218925819,0.00029249998230262975
2007-08-31,-0.021313568922286863,0.00044996702953259415,5.744025331733127e-05,0.00045674496606684656,0.0003048244050998239,0.0005323253626448032,-0.0041635791794814025,0.0006900276001744476,0.0018039501681621495,-0.00247809392334597,0.00011359671441280028,-0.04464996389184983,-0.03746213864501102,-0.024172989571138226,0.00465536223080365,0.0,-0.005578285128115756,0.0009558179429383085,0.0008055129724251486,0.0010657296371749947,0.00033933762091509223,0.00015040222561579775,0.000329256930602817,-1.530329412069431e-05,-0.010169446183591058,0.0004189517833179668,-0.001134620110840201,-0.0002117414576404686,0.0017811422063360727,0.0011203045737959716,-0.0017896566658337498,0.04072560772605893,0.06475829876966066,-0.009601732262124796,-0.014158515826376172,-0.035506661467081924,-0.05648595891685004,-0.06363736274163889,-0.016521419881133648,0.12042737632702227,-0.015543128626500091,0.00043120266330420876,0.00024156102411510005,-0.017646455156933527,-0.00645931378620801,6.589682845814515e-05,-0.0029879705540377666,0.00044139504563789345,0.0012281450365729807
2007-09-30,-0.007452632665466252,0.0003894876591667984,0.0007879766200524774,0.00044040823797164563,0.00038241168600938735,0.0005117726789425348,-0.004338773113587768,0.0006753585021461728,0.0016759365834597695,-0.016268712021297427,0.0005846127026971626,-0.021706495350814592,-0.0023017331454902035,0.00524813975969618,-0.0038586300938245888,-0.0038698749567391832,0.022765765928488557,0.001094306247124699,0.000860131490720839,0.0012190792685957685,0.0003476469944905247,0.0008493991393414557,0.0006030391210312125,5.263250898535077e-05,0.010273926324441573,0.0005218063972947107,0.00023553880421967044,0.0012858851356731815,0.0013737123867605394,0.00034477448950998024,-0.07806594766185226,-0.038008741355034736,-0.014822603775391907,0.0,0.0,0.03165021492687292,0.04231341473715755,-0.03831194519328818,-0.013422245186392234,0.02724940576659196,-0.0020092356427637847,0.0002989291352315515,0.00043117224956024103,0.0,-0.000836297390362617,0.000554018568792003,0.0012265645105420386,-0.0006972113688111792,-0.00021678914158096418
2007-10-31,-0.017270865423736237,0.00023564074665416435,0.0005732189840539359,0.00040701874674087257,0.0004585629948397063,0.00041452616213089044,-0.004737505957436383,0.000610764494630045,0.0016006305225093609,0.009350971157194854,0.00024388100668959467,-0.0037759972511608453,-0.008144709094962121,-0.01154818442922656,-0.006257895895168009,-0.007202768835379403,0.016983796712922272,0.0013933263353307357,0.0008324011334570613,0.001246464941279335,0.0003672460119872323,0.0006685368361027955,0.0005755124822546254,4.403690820486972e-05,0.0,-0.0006259925379403786,-0.0007195303868812175,-0.0006105300098026012,0.0006240251224318705,0.0001969043263867487,0.00934397551343924,0.018381822061272368,-0.003039198905705476,-0.0021018744816160284,-0.006892521963942744,0.00500516693961206,0.04151553472368752,0.0012454634480372206,-0.0019703589994195525,-0.03554710606008171,-0.006089047401734771,0.0004877159892100469,-0.0006938118142871819,-0.006778932213278632,0.008373264482572917,0.00018834988948324138,0.0013276546818443702,-6.994394195980469e-05,-0.00014477126626644132
2007-11-30,-0.027419151100396943,2.354575207696996e-06,0.0014568152955563018,0.0005400665762167467,0.0005096121438612489,0.0008021664954616092,-0.004720567280002141,0.00044265685555600065,0.0014135697489745525,-0.007618638870844907,0.00047886592741397394,-0.1259077277429731,-0.09571478386032384,-0.057424588754841466,-0.017715626420012565,-0.005343711631717762,0.020629690465419737,0.0016365549151446945,0.0006610319528044251,0.0010623908022693307,0.00034955171560779874,0.001166880431638706,0.0004336023318554094,7.08969872482701e-05,0.0,0.001200129225632951,0.0009222524281726763,-0.0007548266703516493,-0.00040701104417739664,0.0003474567866896816,0.06752151874850632,0.1373338161054758,0.13593063455073962,-0.004949032723085445,-0.04265992132438223,0.0,-0.00520751794360319,-0.08652838749330127,-0.025272394490281624,0.08952612600143972,-0.016004580175228322,0.0008341314974689151,0.001294838392005504,-0.01370916448172066,0.018303921904106568,0.0004935150798657251,0.00467786693869332,-0.002042460162426929,-0.0005531646399163925
2007-12-31,-0.02736859702537342,-8.677719541738682e-05,0.0005377685245626651,0.0005010619727243704,0.00044269507449712364,0.00018421385384503886,-0.004709643139906627,0.0003449173145693152,0.0015047223580757496,-0.0202242448800124,0.0007003402543965809,0.0017705987779947918,0.006085019701149941,0.008722757212354937,0.0041524145446132366,0.016600539413250237,-0.006729690268118205,0.0018335973338790001,0.0006127591904470098,0.0010727042743734483,0.0003312096281233856,0.0005091010356974568,0.0004427436851852651,6.411819286489262e-05,0.029471009048624985,0.00012470318880897224,0.00021869853729206135,0.0004939924506945914,-0.0009762376290568531,0.0004694565625917857,-0.004924008291039561,0.013025771713128131,0.011498889061460016,0.010598945532412918,0.009777156418187882,-0.007481621899428581,0.007840136273301379,-0.04525502569492745,0.001059458382897338,0.07490962785524524,0.005005304153711032,-0.001145906634781424,0.00022581723210302052,-0.0017980101351630084,0.021946264720827502,0.0006998561509448109,-0.0004284062213475437,-0.00028443728655425105,0.00013513933477948825
2008-01-31,-0.03559463980420341,2.4078344153855014e-05,0.0006392619636386154,0.00043356450691889314,0.0005238896562240747,0.0002566764831992696,-0.004134868385969548,0.0002990907522057995,0.0017764429939870485,0.006376368127805954,0.000420761125985436,-0.1751500225216146,-0.10225283321980305,-0.047141538075745615,-0.01334694683230242,-0.007118211832736532,0.0028855562183989214,0.0017808955292544226,0.000663956281402589,0.0012344762624758587,0.00027397023608499715,0.0005551404061965304,0.000439136925337813,6.103764391696131e-07,0.0,-0.0002655439706668039,-0.0005531769594223634,0.00021106838514617365,-0.000847603818210585,0.00043589016973588635,0.04631502459495085,0.07173026668575644,0.09359291756265264,-0.012611802394463023,-0.03668645574507112,0.007538018503744581,-0.031556252625216885,-0.04516289174715804,-0.021539492342238953,0.05371450489167473,-0.03593454686383668,0.0002853516518701582,-0.00013289025826335177,0.008578541223975833,0.01565175362484883,0.00039273914812931743,0.0025573523753654737,-4.7470725259124436e-05,0.0001315131035897199
2008-02-29,-0.13527494786754746,0.0002543304748878761,0.00044825534415671164,0.00026765813168472263,0.0001456210442403183,-0.00015976672496442745,-0.0030608118119750394,0.0002798745679781778,0.00202771304791316,0.002483778528552083,0.00025738960174104264,-0.1552977744319739,-0.0652769457458473,-0.01974950720217894,0.016857260690028797,0.018048694278219868,0.005552715500043659,0.0015036283600065037,0.000751572954078572,0.0014049497050629967,0.00020014041490656886,0.00043888675513859,0.00021535049641019377,-4.334766407321222e-05,-0.009380231334076394,-0.0007828609958659971,-0.0015058115395882865,0.0001304726863282646,-0.00020356962754519703,0.001261571825880603,0.0037607338842593485,0.04181846229318076,0.046206269828653834,0.005716355710986276,-0.018363775837917817,0.022048173998204135,0.04054376519751046,-0.1391671523332838,0.020932020314751165,0.053255329494043435,0.04238979324975345,-0.0006612223867741296,-0.0006515728037628232,-0.023000098235055777,0.003778115579659236,0.00032186295937641773,0.0017865667174050692,-7.1236850894274e-05,0.001084624931306566
2008-03-31,-0.07064021663679243,0.0004324056360449635,0.0006626804055556157,0.0005406215640442191,0.0004162377136553985,0.000581512984458632,-0.002621912635069834,0.0002549482169829087,0.0023538136845904223,-0.013267007222079297,0.00034381261557037135,-0.011682529993902735,-0.00917522285922967,-0.0117942573355031,-0.0016347664235808468,0.004332983529640844,0.022049275364688814,0.0015555688702972859,0.0009232956781184409,0.0016107902232904703,0.00023986976571133134,0.0006291119159305136,0.00043251320987081066,-4.276077414833157e-05,0.018781586024249508,-0.0006832713748273767,-0.0008824435040916123,0.0011984320386928538,0.00020034463688567428,0.0010048931458868093,-0.010360718763400723,0.02797441202555495,0.036857670087669936,0.020086049041991405,0.013265757210249696,-0.021572538906803884,-0.028395103175381853,-0.28564368730319645,-0.01395035367882047,0.050460058272516095,-0.027971287610246587,0.00014295742150371993,-0.0005351269309378237,-0.004275212944647611,-0.0008622803801322521,0.0004303768592168744,0.005354336199852261,0.0003795776329529321,0.0006148299354911124
2008-04-30,-0.07467770470348856,0.0004345310352524834,0.00042863463399989143,-3.754253916943284e-05,0.00012092532460528105,0.0003778259123812244,-0.002275636280659299,0.00013787695923128673,0.002193494072927127,0.0011456659531170477,-0.000200271601076496,0.2364195585392892,0.12285639726310982,0.04651484907829895,0.003269879042125723,0.004883993426447519,0.013646425796923545,0.0016261200977072399,0.0009654717463256635,0.0014518882374841002,0.00036394193238864503,0.00040660009156900934,0.00012877741289529787,-0.0001339258200321325,-0.009140853062108545,-0.0014712089364629088,-0.002172531836825753,0.00010920765977417979,0.0002132499518396891,0.0006976852390592203,-0.06090169218878416,-0.07138853686469093,-0.05487098781334676,0.0013296558922963886,0.038627504406174795,-0.01756329585816163,0.01871197171323602,0.015860799637883227,0.0054814052679139635,-0.014056402544896929,0.013479574751311452,-8.211592506213172e-05,-0.0013702465818605791,-0.024203151577800952,0.00376173480337072,-0.0001043642982071491,0.0030062915116459976,-4.7378217562177305e-05,0.0004011369848322399
2008-05-31,-0.08075148632405993,0.00032785160183745887,0.0010935345135452135,0.0002163232783856106,0.0003243433472990276,0.0006658282736613508,-0.002507339704568401,-4.572609511710457e-05,0.001820626132983394,-0.00581462988171666,0.0056353759791107905,0.08949256486352364,0.06465094513288805,0.03777663006851273,0.0016221545859185227,-0.002423999009875888,0.022600063310420193,0.0017398742045464655,0.0010033220056779868,0.0012201771641187076,0.0005732935390361238,0.0009413594429890093,0.0004009545398926395,-0.00011637918417672921,0.03601963446878087,-0.0013259889260587299,-0.0012330759651187906,9.922606404755285e-06,-0.0003503481521652807,0.00010007407514600608,-0.04738021121539027,-0.02080310566346577,-0.017500241356191215,0.0072406017519974775,0.025678578713397737,0.05253446574499265,0.03558201622839663,0.21258128567711498,0.01711411927503681,-0.03953194828964535,0.0036341145501068706,0.0007253345732474159,-0.001261221160219539,-0.010842251920500257,0.013791762404280483,0.00486396537966205,0.005567914175753641,-0.0006886562380082895,-0.000530384812726159
2008-06-30,0.006125877291589754,0.00010542518620026975,0.0019299277497724088,0.00037016123999755735,0.0004199789024557088,0.0005847340103248833,-0.0029965185764441182,-0.0003251540607942527,0.0006469164217626222,0.01050262860901019,-0.001956244640392457,-0.006343532109505112,-0.010782811688955563,-0.008591872151938684,0.008820203477610145,0.008451655750058684,0.013510793519661002,0.0008117750819078839,0.000833101357110122,0.000923162818082579,0.0006164315034045131,0.0015880121409030945,0.0005056353421917237,-9.691198295302961e-05,0.016576895965228378,-0.0005593263407859261,-0.0013961571250366012,0.001323210949588427,-0.0021250520423189423,0.00031122039506747967,0.09587025866781462,0.051199539802821326,0.008960953998631283,0.010272467474040425,-0.0027264263243991227,0.0068833371310124125,0.053487931660696875,0.045335334436076735,0.009254678154337004,-0.014263634541534564,0.026026058225827597,8.45604400299127e-05,-0.0005254179780789237,-0.014009550272302329,0.010205683307862978,-0.0018062780970136139,0.0036972552098362144,-0.0003815304497942762,-0.0009926617187742126
2008-07-31,0.0030290850803325053,-0.0002003428706955912,0.001315038290360615,0.0003348669930194337,0.00046429095842603907,-2.1272862231191958e-05,-0.004161228947764384,-0.0007388123443788919,-0.0012946488003920953,-0.017972075728358017,-0.0011442728386256151,-0.023868196875004966,-0.014275993856651792,0.0,-0.0007888544212862891,0.005311241145951939,-0.0007417540225738151,-0.0012401295245445532,0.0005528176742759516,0.0007428421995905321,0.0005200036422785548,0.0010183283221034678,0.00039646098651813233,-0.00012100091011402192,0.015819746327322193,-0.0009763844567282076,-0.002242350129964099,0.0015711670051667959,-0.005558175428117762,0.0006527072158777347,-0.01284573917153864,0.03532224332427236,0.0293971192344471,0.013031912555500735,0.002733880046926762,-0.039538544433448286,-0.10755283064176047,-0.07814357713213493,-0.012259198576571761,0.03216081372612001,0.0046569267117126945,-0.0003583492050855952,-0.0010536195142728522,0.019829584667424127,-0.009798206787991703,-0.0012294190753242562,0.0046196765933335104,0.0007148709507300843,-0.000134246468668775
2008-08-31,-0.0030199374329108464,-0.0005588497573845164,-0.00027491502401022494,0.0002523057126038175,0.0003663237804010233,-0.00010004056203849476,-0.0055906979521685995,-0.0012717885321057443,-0.0038825284112513625,-0.01308818461619854,-0.0006879493838891637,-0.036965798716819376,-0.024833463137752365,-0.020274178212021154,-0.0023755529410205423,-0.0005841348716677519,-0.027288454780317273,-0.0042715203279443115,0.00013233627430664363,0.0005698482805107652,0.0002695296031605121,-0.000177324802805634,0.00027048627070191955,-0.00017414847572205794,0.022521603945224067,-0.0034193437890697176,-0.002682315859401263,-0.001157750181228101,-0.00991131253049915,0.00024953545943096067,-0.03166230212517718,0.01785011580419793,0.011426033836464011,-0.002423999009875888,-0.011912833900254993,-0.04856531668234698,-0.0776270614373239,0.034011959927898294,-0.007364037570598003,0.018382877402369546,-0.007973041105792444,-0.0006385898006679991,-0.0037123662938532975,0.006906932604170413,-0.043633509232081424,-0.0007546912720075571,-0.0060002332661479585,-0.0012642836159095783,0.0004126515137627962
2008-09-30,-0.05955495491660301,-0.0007360181770923457,0.00015778988117931547,0.0003758836981886393,0.0002733159324230794,-0.0006333084997957039,-0.0063513004840031195,-0.0018772643822015933,-0.005639439169535243,-0.004275423457522853,0.00033985899691035826,-0.09351006999564504,-0.021052748868265247,0.0026238985004287674,0.0007949298342859734,0.009266689937222239,-0.023989422453677967,-0.006569417925746279,-0.00015475482482085745,0.0003804753212892642,8.487258346190352e-05,0.00018221333065127077,0.00022509380051927153,-0.00027770392858517123,0.0,-0.009662427273179452,-0.007702985238831617,0.004228503560930408,-0.011761176491831282,0.0007706950592956119,0.2027888354554679,0.1096036013379671,0.10516553919638882,0.05518742730520465,0.12394990112487192,-0.16723949590272913,-0.08598911002351517,-0.2433104465381677,-0.025058089156776098,0.055976865468263526,-0.021381507515236486,-0.0013536302187793225,-0.010333286823940524,0.02597169525942089,-0.07223518237329474,0.00016205152738457684,-0.001992238895721865,0.005743734132692246,0.000977506371247383
2008-10-31,-0.06115508349588328,-0.00075760366030031,-0.0015939298133627045,0.000198136543805294,6.398282215491768e-05,-0.0008856816213284047,-0.006800731942651184,-0.002773247457356298,-0.006777918647286163,-0.008016749871296747,9.407412426942763e-05,-0.14436852000710976,-0.03350565533946048,0.020555825132817063,0.047774307147026907,0.08172666064926104,-0.06464549322387048,-0.008429032142388548,-0.00027458902973620525,0.00019772699206588307,1.8881222984434842e-05,-0.001451876555129017,-0.0003126213694178981,-0.0002880023227030959,0.02796203374503392,0.0021765031143428093,-0.0012162395827911565,0.0013161146888269748,-0.011231805947461315,0.0016645315843397679,0.11098488625256131,0.1457126957755599,0.16587718531526185,0.1069425724191797,0.03234610217189737,-0.0894928527255694,-1.9896907216494846,-0.09859048020701966,-0.011526669105793252,0.17836176449725527,0.0259715394906177,-0.0033086488316884655,0.0020251764199743505,-0.0459729076557811,-0.10038844052081419,1.2780932409306445e-05,-0.0103099353419831,0.002552007919632615,0.0026875399393622157
2008-11-30,-0.5979381443298969,-0.0005684912073028459,-0.0033023504425577777,0.000357047474193406,0.00013556207018972088,-0.0016224609016877167,-0.00615964828054949,-0.003547657724426334,-0.006435936973806067,-0.02631164045357537,-0.0003551353442242666,0.06382157261722154,-0.1947553827352052,-0.15067089354342877,-0.011194796881040525,0.014344003906599845,-0.06530265348398911,-0.008767808492562534,-0.00021537613794719856,3.3240644763399274e-05,3.5163692466699814e-05,-0.0026047775574157273,-9.765827799335103e-05,-0.00046548317086636537,0.01946531061466472,-0.0028592384164426443,-0.00551975250768777,0.004223029467931072,-0.007360585789160767,0.00043248217339098005,-0.01675042572939478,0.06880648125588085,0.044600048543984805,-0.008180315013199269,-0.06553733063274625,-0.6206896551724137,1.3333333333333335,-0.7246376811594203,-0.020351410258302338,0.053100577005512184,-0.033808567289374314,-0.0034613541778145684,-0.0032986937698772367,-0.00983610193779827,-0.11708151306777337,-0.0005072993510035761,-0.010048458080704092,0.006919105551428384,0.0029469323029474026
2008-12-31,-0.5897435897435898,-0.00041671042973889794,-0.001533317298920811,1.5975897426745433e-05,-1.8748578024863072e-05,-0.0009242838417086174,-0.005975351224631442,-0.004063274727722721,-0.005662631322467693,-0.023428900208225634,-0.0011006857247499724,-0.24,-0.12921744256840317,-0.13881262365155533,-0.08296337686783906,-0.03420532094473472,-0.08108526152362905,-0.00862088074655587,-4.071174065989336e-05,0.00011581799567794704,3.618158275520145e-05,-0.001232472249586003,-0.0001077346748202812,-0.0004368940953672906,0.030247341037837883,-0.006236882209014749,-0.007610136651996169,0.00656995704903629,-0.004818746129450435,0.002417540539079388,-0.08085366513064163,-0.028977587889678746,-0.02052722782559513,-0.013076468967512134,-0.06913903203365501,-0.6666666666666667,-0.8839285714285714,-0.8421052631578947,-0.15917569942475152,0.025390583320306526,-0.06866780394596139,-0.0019457690771759184,-0.006869564678469886,0.02029856897328708,-0.131677441094169,-0.0012804836934316999,-0.006513921990712657,0.009758710444522034,0.003645372622917753
2009-01-31,-0.0625,-0.00028869449482593623,0.0004694797067332779,0.000330089877920825,0.0003584583095317395,0.0005060983048541523,-0.005879839420359523,-0.0037430634545305708,-0.0037719961294373494,-0.021055711573616298,0.0006482619295860026,0.23684210526315774,0.11881895541787024,0.14813453575641122,0.0,-0.013920301936442225,0.004544915008255934,-0.006833832793899819,0.0002652696009350919,0.0005017210300355401,-9.211083171090095e-06,2.4996936283772087e-05,-6.768127894407616e-05,-0.0004923808655140638,0.027641372354352267,-0.0055167498114984115,-0.0073929116176488785,0.00013660814122928855,-0.00402174232515462,0.001347668784688727,0.03004789019786136,-0.03468397710128712,-0.03473763339262592,-0.02110399539733565,0.0514378444864092,5.916416627579637,-2.4615384615384617,3.333333333333334,0.04804927646122947,-0.02939517427656224,0.0,0.0012456477857196724,-0.006131724379205061,0.004338743363716535,-0.1262547393361294,-0.0009845540304875833,0.00033878164144351963,-0.002182107748224804,0.0008928028764025875
2009-02-28,0.4666666666666668,-0.00018421712601079943,0.0006750629076430759,8.982472529406316e-05,0.00037885547423632815,-0.0002509667521227721,-0.005323055845949054,-0.0025608157701813017,-0.0012176067452763784,0.02771638943464505,-0.0008537083839694759,0.06382978723404253,0.04578776226146597,0.02810069753424993,0.019842736847371922,-0.0029765945538313687,-0.016580967225970134,-0.0035567941086558363,0.000553621636479873,0.000942165887936719,-7.299111957403959e-05,0.0003945698513039275,0.0001754394357404987,-0.0004764425518014592,0.02541102882187185,-0.0013193815885320648,6.749651010040658e-05,-0.0018989212725163407,-0.004378107137464227,0.0003693342862811644,0.008472788597204906,0.02207260735554195,-0.013705281588776375,0.010084299799388852,0.03448240461401597,0.261819985290098,0.5263157894736841,1.3076923076923075,0.07445836518322757,-0.033826057150363464,-0.0027264263243991227,-0.00027721294438043387,-0.001686828566940024,-0.019866180032830805,-0.0900885770910167,-0.0010416695506019202,-0.002154931898592838,-0.0020345325032549155,-9.29015950701384e-06
2009-03-31,-0.18181818181818188,-0.0001276874426267005,-0.00018326562598536267,0.00019758466118635631,0.0003906384364571469,-0.0005694480696517568,-0.004947208517720569,-0.0019974000689485516,0.0005439909182347602,-0.022243460017418837,-0.00011064908831492914,-0.18999999999999995,-0.1033485486750253,-0.05768063672777746,0.019624298006459595,0.0166634903296361,0.05376319686834785,-0.0011493932547180785,0.0007711103344048009,0.0012898301927961597,-0.00011845496706153202,-0.0002420575622175125,0.00015774981510108255,-0.0005228469803365554,0.018883952205474452,-0.0034740170211509103,-0.004040545752345581,0.0007435211175792489,-0.005280230639839845,0.0008805587430940065,-0.01239072464006119,-0.0066040336926350696,0.04392785868536664,0.0016414866695313446,-0.11090144765796317,-0.1414839135767194,0.2586206896551724,-0.2666666666666666,0.00710970810993139,0.03335344285502306,-0.02047121616511771,-0.001434011870904195,-0.003927171337142155,0.004273761077518756,-0.05800568906582981,-0.0003738852321777397,-0.0013763984418367903,0.0012672114356300224,0.0010790745453377326
2009-04-30,-0.16666666666666663,-4.80867724689249e-05,0.0001867888837345788,0.00015831502111862683,0.00038291060459250126,-7.795337911842282e-06,-0.0024880638281803424,-0.0013852138906665923,0.0015146235529590601,-0.008806833523848145,0.00083165527571194,0.12345679012345667,0.12542618786060178,0.0873229703224585,-0.00911843608409546,-0.0014222157412866476,0.009325004088148514,0.0010133220605765825,0.0006561415979937646,0.0010902365334060082,-0.00010199259585230713,0.000314450329947924,0.0004899868814125519,-0.00042919355809956095,0.013405598553744236,-0.0017418796388991575,-0.0013243656117492009,0.003226671953044491,-0.004573198232975195,6.219703124510367e-05,-0.048671677873353136,-0.07653519640603146,-0.05401047818256188,-0.027879978580467313,0.0029995085929175325,0.09711853023119565,0.12328767123287676,-0.2727272727272727,0.01663716882233346,-0.011361706362488011,-0.006814818073868856,0.00035638457493969433,-0.0020816008310751144,0.030885131062476923,-0.006865696948936795,0.0003917608446348808,0.001149255373888547,0.0029590571818693956,-7.05396519650181e-05
2009-05-31,0.19999999999999996,3.438065599148388e-05,0.0002728130253237815,4.623213253895919e-05,0.00016705304195663295,0.0002125030621780155,0.0007400579041147992,-0.0011287589274907583,0.0018173771987322063,0.01972206517708064,0.0016721343350829532,0.01098901098901095,0.09112268998642037,0.050419203310741345,0.012510092402515438,-0.01597403538568576,0.043106198802397744,0.0024696106217099167,0.0004010138030421384,0.0006773814771543485,-4.4485181513120864e-05,0.0002292464285731377,0.0001696608209336148,-0.00022873201731421489,0.01703333929878026,-0.0021963948447889514,-0.0021882470764783557,0.0003350351123838635,-0.0033109163629813088,0.0007672556186870683,-0.062304784247945166,-0.048336649970205925,-0.0771114060910777,-0.04438236328539524,-0.035902644895816294,0.1386847482021123,0.04714831589941304,0.125,0.060351706815573225,-0.06054645271550341,0.012677896742492978,0.0007771691227691502,-0.0024971434310813168,0.012653170061119212,0.041675070327140684,0.0014980080653979044,0.001936090702967519,0.00031766811083810964,0.000654785614220943
2009-06-30,0.16666666666666674,0.00014682541620603118,0.0015331304956771596,-0.00010909283357241062,0.00017529885769373976,0.0006735572315379468,0.002695484261052483,-0.000786906691522482,0.0020304983387502418,0.012695882347946164,-0.0013312270689802563,-0.18838266577394003,0.048223323334246615,0.008904523898181083,0.0056692463359540035,-0.028950429033203218,0.03933479759159475,0.0032347886858281605,0.0002259872890897352,0.0004409789017669752,3.9338075669581585e-05,0.0013034027886718036,0.0002816029996866032,-0.00030190687142095385,0.004086355491574212,-0.0007038808998415247,-0.0002734545937622679,0.002838437746004452,-0.0018911861240366035,0.00019280525171816443,-0.026426337113769627,-0.03734516920462394,-0.07870239142659685,-0.033423741957305575,-0.05039923243159994,-0.017500160935201126,-0.009911575735093714,0.0,0.03261981039860018,-0.10739689192789359,0.046589075222605913,0.0015028647468484646,-0.0008449299477900629,0.006994052133552753,0.06496195055946896,-0.0011996911747068628,0.0036970474122910435,0.002555729972772758,-0.0008568859749228386
2009-07-31,-0.23809523809523803,0.00030886633963911336,-5.519385168351043e-05,-0.0002480785147370712,0.00012713419309640095,0.0003734984724659274,0.003026005558341316,-0.000415413281606547,0.002585370383763941,0.0023914720227196096,-0.0004681551646714688,0.012634504500972144,-0.0022377947872876947,-0.0014628407736909654,-0.016268478692040622,-0.02310088971506541,-0.019349124655093086,0.0037423371240890013,0.00024571981372134566,0.0005821746631298197,0.0001444843921458716,2.4720569567371342e-05,0.00018914329653618722,-0.00022184712114736715,0.0,0.0026351582237622573,0.0040058400836919805,0.0006598280172849247,-0.000907457996746297,4.4538017610396e-05,-0.004789477718384227,-0.05000187206078277,-0.07903186442916132,-0.04043537807637032,0.0037655472771171983,0.021336053989277737,-0.010096729174614127,0.0,-0.01178238602741466,-0.03433726332936515,-0.014432823740971212,0.00016583710422723996,0.0027673037370181675,-0.016189454125604463,0.06651808219092059,-0.00039394802264824946,-0.0017771548955152205,0.00036898388314177133,0.0001013937674414489
2009-08-31,0.0,0.0004775905763869659,0.000619163390152,0.0002676585367906714,0.00019597813710281464,0.0012875148863145114,0.0018250179224810203,6.41935344836142e-06,0.0031312997698871303,-0.0021188785484291817,0.0001019510839732618,0.2828617948092058,-0.03208437157078525,-0.017837082522198622,-0.012745360313908716,-0.031146386944936433,0.024361532157728183,0.003729125897838914,0.00038460039722010286,0.000953759042328306,0.00025236158261554564,0.0006368263254263873,0.000325584889756092,-0.0001176715170904119,0.004031148973634435,0.002452826277676401,0.002899900013100032,0.0002028669522697868,-0.00017527839539877021,1.0476461144603988e-05,0.0010136031880874086,-0.004230402204492445,-0.022739978451972398,-0.02906607932896066,-0.039900688695769904,-0.06040118409961803,-0.10712287566398482,-0.05555555555555547,-0.004395787546405239,-0.08401990152840777,-0.009689458253572036,0.0016113442872049966,0.002671791871357243,-0.0010672995330720525,0.049205661703743075,0.00011350958278621981,0.0027746126613130695,-0.0007191194523261668,-0.0004060454347436515
2009-09-30,-0.0625,0.0005176334041352426,0.0003570767264975405,-7.517366767006983e-05,0.0003560292406317167,-0.0008311217698652174,0.0003186807960677829,0.00018332928013009564,0.0030891872652518693,-0.0002674546843772774,0.0004885661869711289,-0.020618556701030966,-0.019561882933005426,-0.013948821185218119,-0.01144131603548304,-0.017906536426809616,-0.005249313174356729,0.003300859352706187,0.0004203540088989488,0.0011142411632096838,0.0002874255317424357,0.00035442048247169566,0.00038697302300083614,-0.00015564704583459488,0.007917530267987916,0.0018867650151759285,0.002642264629645563,0.00023489633762574513,0.0002105786159334322,-1.702457496488563e-05,-0.004526439648774971,-0.054049051826429495,-0.02216393164083097,-0.02498144320021678,-0.02254011448702109,0.04205076335995628,0.1483517163684387,-0.2941176470588236,-0.020284177321270747,-0.014636497509309176,-0.009048107969253372,-0.0020722543762558,0.0021657681059832345,0.026330660932869066,0.03441281441634958,0.000441308022218756,-0.000991542716555216,0.00015588918298892196,-0.00024376542428283798
2009-10-31,-0.19999999999999996,0.00045604282684963415,0.0005546553927620046,0.0001647754206255403,0.00048657949550534596,0.0005338339630422961,-0.0012480820068994092,7.748911439464656e-05,0.002695093855353603,-0.014286595634180332,7.674675690783062e-05,-0.05263157894736836,0.0,0.015700041239591567,0.001796460016443291,-0.001377271335918362,0.02030997239578114,0.0028367095176549117,0.00034532493449379587,0.0010850587981510174,0.00026432894110817173,0.0008318441902774865,0.0008086641748166201,-0.00011743066999780893,0.0077111926535116115,0.0005013306577197341,0.0004267929856454078,0.0008629605489380854,0.00028264662695653975,0.00030865947745284394,0.05324559667834894,-0.017198277914085458,0.0,-0.010138097995554207,0.01018754261883692,0.08601354149163232,0.11178744822811737,-0.41666666666666663,0.0,-0.0018780716322917002,-0.0009213731712239825,0.0008176173041389845,0.0007875568227571073,-0.009210369183083489,0.02843291522101299,7.319450904685887e-05,0.0012123990500862991,0.0006993998188744577,2.162460249532927e-05
2009-11-30,0.0,0.00028049667774121545,0.0006182653475115263,-0.0003122818225389512,0.00013788544912807232,9.791424354399503e-05,-0.0025455966390383056,-0.000196507105683974,0.0017912395520864877,0.015306487392164891,0.0005434867206672855,-0.25555555555555554,-0.07937529081913552,-0.03127760187175477,0.0035690481147117037,0.0020673418685206446,0.006678615451604086,0.002060629227481625,0.00016493939895489973,0.0008165061288487596,0.00017554771213168507,0.000547494843652796,0.00019230323802177374,-1.3058512823294066e-06,-0.003808541460034176,0.0008992661250522005,0.002634522203323053,0.0005770918504073297,0.00010928393918385737,0.0003988096911968775,-0.06276926153838236,0.0026941256220343046,0.024524211315898325,-0.019446273560535188,-0.04588748023080835,0.023955046369706023,0.05446466700261898,-0.2857142857142857,0.013880895323405973,0.003758404694765405,-0.023566661194772243,0.0006537967863178284,0.0012746888387353827,-0.010705041340986154,0.02513536861150989,0.0005293403448876077,0.0023993463037186302,-3.8743235190819014e-05,1.853189455158777e-05
2009-12-31,0.0,0.0002221521033036744,9.611963507150101e-05,5.7897030651954395e-06,0.00017949024748853404,0.0007250043090258895,-0.0024522113593133943,-0.00014465910950234306,0.0013228071149433696,-0.0018744021763223984,0.000552136596420727,0.13553108811008951,0.18484342589727043,0.0984485109801605,0.006168677369571274,0.0034197442524857014,-0.011207027067080655,0.0017004048597004662,0.00011603490437583908,0.0007499410610880552,0.00015501944705809123,0.00012683459007978293,0.0001871764349363758,-0.00016469835016985623,0.0,0.0007543221819774626,-1.1843125333199644e-05,0.0006538685278174583,7.568027353399565e-05,3.380609831249437e-05,-0.03630271466054891,-0.0729674426355108,-0.08647583615492893,0.014941973279913201,0.06875888852699097,0.0799900257046473,0.12794778195565693,0.0,0.01996680839213827,-0.026621672176716293,0.03443965609005062,0.0004473185964448678,0.0011809431759852718,0.017019227551028804,0.024837051534162047,0.0005124831011225073,0.0007554142752423942,0.000792277512088102,-0.0001297805560858123
2010-01-31,-0.08333333333333326,0.00030058949796973877,0.00011985563285255019,-0.0008596182142718289,-0.00020701816596735423,3.7769669557707886e-05,-0.00022513682433422666,0.00039324833691534167,0.001252122986833415,0.008662856527470675,0.0002835859479295433,0.07780457076862546,-0.07632784281384741,-0.02939991318802293,0.0,-0.008218730255417084,0.011743350843889333,0.0016302791572881947,0.00023632459383238213,0.0008833620581558677,0.0002133957522827412,0.00047979015897481325,0.0003246607730384987,-7.852044927147972e-06,-0.003858338360953506,0.0023559544582474334,0.0026533741698808733,-0.0009653416542744209,0.00026860706469089557,-0.000628379005594204,0.039048682600610896,0.010046581880009287,0.006675650838360969,-0.03587124053102453,-0.037824495269889735,-0.009828228757420732,-0.06387188019795376,0.19999999999999996,0.01164954668838325,-0.053592339090906216,-0.014549159256611377,-4.721650022687651e-05,0.002916326951457382,0.005939067663084607,0.02412093143280436,0.0006909841309268305,0.004046929781698294,-0.0017043158301986994,-0.0006200018040798394
2010-02-28,0.18181818181818188,0.0004264944009724214,-0.00017596377531026164,-2.6929355709359726e-05,8.185017952189177e-05,0.00040168708638987916,0.0027026515755659286,0.001090348734984925,0.0013583526274338897,-0.0025529078310729814,5.1378037897453765e-05,-0.012195121951219412,-0.009990572281148302,-0.002824698502025491,0.0077825656979939595,0.006227846851067476,-0.005256734753978143,0.0016331931805484423,0.00041102543063109565,0.0010238638818467205,0.00029263291526171464,-4.86341960026504e-06,0.00019155997643993672,-6.087845160629435e-05,0.0,0.0007742145519185062,0.00017857844123025934,0.0012444872191932355,0.0005269552923510279,0.000643082089358149,-0.06873967007343063,0.011036412605410106,0.010929440566465276,0.0008944335737033349,-0.015166857764403074,-0.05148854984834672,-0.026097728892352068,0.8333333333333335,0.0020693843084551578,0.028817880159823783,0.006507252426350529,5.850599139467505e-05,0.0012814830330745153,-0.0024675557168254425,0.0213363012118577,-8.657486452179342e-07,-0.0009470004916670716,0.0023808863954584147,0.0008182400579241911
2010-03-31,0.23076923076923084,0.0005651629898895116,6.123448594230751e-05,-6.042528191285701e-05,4.341246506101015e-05,0.0006705515494349612,0.003659854701440146,0.0016971842210824484,0.0016316410848578045,0.008046738360549588,0.00057218901256606,-0.13197838097146497,0.061164051220446325,0.031858379950805205,-0.006858949524358837,-0.00480728658674523,0.013886698620497517,0.001875289606019237,0.0005147287755944419,0.0011254849653490329,0.0003807582058654724,0.00030861704819695746,0.0003261911520793248,0.00010667867107305717,0.0038732827965501926,0.0015421112677413973,0.003285777644734811,0.0012472740732072385,0.0006522471270324903,2.8592011418693275e-05,-0.0323799094821573,-0.05861904029501763,-0.03289567533348037,-0.0026852703128961153,0.021464135266496154,0.030271100936064332,0.0,0.36363636363636354,0.002057774689905756,-0.02363466312796425,-0.005536965147290074,0.0018470952937958973,0.0021141945555365194,0.0,0.02260878404456035,0.0005466126821604966,0.0024131747620863564,0.001011996866037146,-8.027332502991147e-05
2010-04-30,0.25,0.0005174530451002024,4.2509467019558045e-05,3.276517509354093e-05,3.255125645806878e-05,0.0002802973700490874,0.0009397776438480054,0.0016607921672506798,0.001476681073562247,0.011928438905159489,0.0009829832677321626,0.37960949122185816,-0.027141881964828918,-0.01996438859788663,0.0017348061268258608,-0.0013886900778010691,0.008762759081505145,0.001688521626321382,0.00033331077646892027,0.0007340047220734114,0.00034348141398732324,0.00011892121478451756,0.00011266977692825364,0.0001633402793763672,0.0,0.0007891377448021597,0.002267718663004681,-0.0013091031173689816,0.00035818535428022713,0.0003334503807683742,0.07357839472249816,-0.017788795511914923,-0.02112188034464757,-0.01922479703473834,-0.03332567013506205,0.04100305833401685,0.0592759276592163,0.06666666666666665,0.005102181587914867,-0.0319202930031216,0.006490388074683606,0.0007351559298001131,0.001343586339336511,-0.004393429715653707,0.020119597894960428,0.0009504027537277082,0.0011407484830241454,-0.0011641675040536814,0.0004070235824624735
2010-05-31,0.0,0.00041328568757315054,-9.608117267556615e-05,0.0001229945415095468,0.00011679973416200973,0.0003028433039222733,-0.003934582753541305,0.0013743028823189896,0.0012840386292523043,-0.025083126983478476,0.0008331421944176576,-0.21649484536082475,-0.08207156507713476,-0.054673804151412986,-0.02930491052440576,-0.01412106577508554,-0.029883428294723124,0.0014657155040516123,1.496403722867079e-05,0.00016024478462828284,0.00027105804441762693,7.034352049828385e-05,0.00024226379568625944,0.00034518956945439605,-0.011683365231092369,0.002983718673205349,0.003350594244465599,0.0014443412618028173,-0.00023867614685890715,0.0007421754419953963,0.11504117521579138,0.09973334102134856,0.11539227446592992,0.0223469122922082,-0.011341743364885803,-0.105004595532034,-0.10200090487083258,0.0,-0.04192303021511623,0.053487931660696875,-0.026256235823773788,-0.0008181369588221576,0.003641690353366256,0.004412817117507517,0.017373065087336492,0.0008650134674235144,0.0004126695621662346,0.0010512831268794098,0.0008340789381795499
2010-06-30,-0.10000000000000009,0.0003345460775028286,-7.74187040044616e-05,0.00012144211535902727,0.00019336916111134528,0.00021724669524147977,-0.006309469719183225,0.0011025854654806988,0.001243145343215346,-0.013171772770965373,-1.0401243429769558e-05,-0.19736842105263164,-0.0931238457023642,-0.056245928855065186,-0.007570412098556245,0.012908890345080026,0.004628945202563184,0.0011813749630535941,-0.00016644291153933288,-0.00015574490062886248,0.00023258520106494984,-9.217232716485224e-05,0.00010511788488520857,-9.361629382387271e-05,-0.008068349403086317,0.00048032856585256134,0.00037608122216425954,0.0015819678112953817,-0.0009974241267225459,0.0003003886244374865,0.020588735372877753,0.008966328512791888,0.03510564583420739,-0.0163118576449377,-0.051427613660495974,-0.053444649642579334,-0.05798355132014721,-0.25,-0.018436937381176133,0.08108212883187238,-0.008945167352838124,-0.00016016813743924274,0.0009930185818747272,0.007343201036938973,0.008715040649111216,5.91126188207447e-05,-0.0013438861762745669,0.0019283464187975774,0.0003171326851436618
2010-07-31,0.0,0.00036640097045870235,0.0003451842547093076,9.810040776514484e-05,0.00014070515971309483,0.00038881015180036727,-0.0052914238795847,0.0011160431743217902,0.0016097537320449717,0.002935207366549175,0.0001757417027472563,-0.0983606557377048,-0.06874005020094587,-0.005501565072146719,-0.015572719492813136,-0.01562062751728488,0.003061147115003049,0.0010501206346553715,-0.0001414150093104194,-7.983704377889644e-05,0.0002901024959753862,0.00018674758977454964,4.887478136650358e-06,-5.270950532443308e-05,0.0,0.0008335843503779472,0.0016046000806855254,-0.0007524010235188117,-0.001979802545346021,8.97071090455448e-06,-0.10417845099291245,-0.03279758244176001,-0.030267908095541918,-0.029764503482267446,-0.044461283550087716,-0.0068652595197356,-0.047494668137231244,0.3333333333333335,-0.016922300564406245,-0.005361023890077532,-0.01536526710396613,0.00022903492228487643,0.0013231438321417155,-0.025922357467460966,-0.005040514609498281,0.0003203040090904441,0.0006222641290096753,-0.000921490768332589,-8.527292249405072e-05
2010-08-31,0.05555555555555558,0.00044012309564478436,0.0002698254344504214,0.0,0.0001214527762998241,0.0004103768493757265,-0.0008129836189204598,0.001213393066754609,0.002127178333667601,0.014669141695406784,0.00046339850309840003,-0.14545454545454561,-0.11474815714706466,-0.09263996145194553,-0.02353284631203545,-0.026301661220175854,0.0013336154587408888,0.0009706348807538845,4.656947573966619e-05,0.00028388698621606423,0.0003952013545025501,0.00030034978323612016,0.0002100587219602268,1.952890538170493e-06,0.004086355491574212,0.0007993675737101302,0.0007056310165740598,0.0017862480748169762,-0.0030284582181495656,0.0006936519129701058,0.030954675299121215,0.020998100976529877,0.018520847174999133,-0.02492522766057692,-0.06073877197553135,-0.10232957333523984,-0.11711987550606995,0.0,-0.02415025794421588,-0.00724978484755745,-0.01929359332745173,0.00033052585315562766,0.001238439828875837,0.003748792366578435,-0.021454762731158428,0.0005387825178020389,0.0008260411558791425,0.0018949790075151185,0.0005259484521984437
2010-09-30,0.0,0.000412416642080915,0.000298137590889036,0.00010021572267726597,0.0001678856740467971,0.00020976171257180987,0.0021036153163858096,0.0010595838522091672,0.002257482073931616,-0.001308166592654758,9.295992588653768e-05,-0.10638297872340419,-0.03084219740150529,0.013779056935271594,0.00426298641135725,0.0,-0.0044999272346936126,0.0010320373490835255,0.0001296165545292549,0.00040814452511184207,0.0004339155454189392,0.00021767562257113404,0.0001244496666310546,-5.4046443665467514e-05,0.0,0.000610474339100664,0.0005467902413358594,0.0014186603352446259,-0.0036897882867836795,0.00039632416688051286,-0.0275598507416559,-0.04204684776114387,0.007146963132160122,-0.010986149203098927,-0.007242086275663917,0.10623865890539674,0.0625175182936264,-0.0625,-0.003996907682751072,0.009116999472284615,-0.004461484487056189,0.0007450808734239533,0.0009817953093382847,-0.0023698212948372044,-0.024000984725685237,0.00017137316125070967,0.0,0.001260067935982656,0.00023323502647021321
2010-10-31,0.0,0.000292425408116026,0.0006418859180816749,8.999263554376746e-05,9.881509567688518e-05,0.0006194342109016038,0.00244050010732777,0.0006867789583488992,0.0021375429072134633,-0.014026969923447763,0.0003635178629259883,-0.19047619047619035,-0.054957028960904375,0.022147644878382167,0.01564940233798584,0.004730013090329166,0.019108377450496095,0.0013510682074742153,5.988362184350393e-05,0.00021612610305243862,0.0004255435391189444,0.0006973854435865512,0.000333919041622055,0.0001821976257598834,-0.004069725147867076,-0.0005872836821236849,0.0005278650717901456,0.0013868084514858658,-0.0042558448125632475,0.0006079820484905518,-0.03327642722313495,-0.023466751910097616,0.017438449091037755,-0.007900440222299743,-0.022280877448843217,0.11597825737805412,0.09046537631411877,-0.1333333333333333,0.013279790869139996,0.02989650566831714,-0.010207776123309364,0.0009741044472937332,-0.00032943239574079186,-0.0017115085954525489,-0.010324863023643327,0.0004184158601803212,0.0017421584530163958,0.0006619857689160735,0.00026292256437754347
2010-11-30,0.0,8.856846717653077e-05,0.0004670467046121729,0.0002182444473914913,0.0002646046269065838,0.0004902144341702996,0.0007071792565547241,0.00011804534512238618,0.0016264035695487955,0.0005825938176584611,0.00032021606511478673,0.32352941176470584,0.16714398114709805,0.037539028294496735,0.018943192236417827,0.015394361161033876,0.006035332906343394,0.001690681524971982,-0.00011477464713072205,-0.00020374734762773627,0.00034146947268820504,0.000435350976716542,0.0002846791183073183,8.704058399588988e-05,0.016115908451408423,0.00015363993498418438,0.000616736220891978,0.00261733992867641,-0.004184639255077616,0.00028810596632933283,0.03232553777964897,0.021176708883232198,-0.02061821828879362,0.022478805832729876,0.04497660690481764,-0.01696308772466626,0.026320171261472902,0.0769230769230771,0.04019961076984391,-0.00335323676934407,0.019334778429811683,0.0008109533664109048,0.0003874671845973676,0.013054136309670561,0.01669299349683917,0.00034782807511035685,0.0011169406335600485,0.0035869977668001596,-2.1127945389998182e-05
2010-12-31,-0.052631578947368474,3.0679820230083976e-05,0.0007394680638355133,0.0002106981375391559,0.0001606920016670177,0.00038667100259881515,-0.00045085119242060934,-8.337759596843686e-05,0.0014137390885196055,-0.0017532134227230545,0.0008807191982271867,0.3555555555555554,0.2186661791526492,0.09044796161993007,0.014256891497341773,0.013274816521273936,0.012590755329159764,0.0019788130710312046,-0.0001744584245951808,-0.00037701031459014267,0.0003324651582778948,0.0004942269482666184,4.618230774289245e-05,5.3215025668240656e-05,-0.019920705976104847,0.0021599489052406273,0.001483074285322239,0.0011448129419477926,-0.0038962151986299265,0.00042124281380462314,-0.0840890896388149,-0.06019444259039197,-0.06518569061853374,0.02740584335481344,0.0964400171889408,0.0644079094979253,0.11598025800907252,0.0,0.026332198307517762,-0.061652020887518644,0.04847645917095744,0.0005582979056077964,0.002427390055912193,0.00914073630443979,0.033731624428441354,0.0008877167193437341,0.0020119735553210116,8.915406031717588e-05,-4.528759488664491e-05
2011-01-31,-0.05555555555555547,0.00016483972723979612,0.000596855965320886,0.00024364712984281667,0.0003804039675892046,0.00044577631982711807,-0.0004944076162909372,0.00020690015901414505,0.0014376444575783243,0.02475324033295534,0.000821454930477028,-0.049180327868852514,-0.018272235303120166,0.018870416773268284,0.001847683230312036,-0.0007190690545706424,0.0009358284694416241,0.0019873371268435136,-4.6344563965572405e-05,-0.0001531108735691733,0.00039114400481543576,0.0006553387840524394,0.000468548762651233,1.9461551499233565e-06,-0.008407916607733767,-0.00047151627977770616,0.0003836553882132776,0.0013851991848647938,-0.0029080392761441365,0.00040949261204703546,0.030940799645078565,-0.028449181152441105,0.0,-0.0050343146189897325,-0.003777728197133956,0.010091391052879484,0.043173663485519986,0.0714285714285714,0.010817164725400064,-0.02190171216830028,-0.005820596863329919,0.0005877135795566701,-0.00038535063951006254,-0.0009207454108572932,0.033062210868472164,0.0016904588138260124,0.002972756643869534,0.0002849088762613139,-9.96971329766394e-05
2011-02-28,-0.05882352941176472,0.00037771608206949026,0.0005912624451092086,0.0002187326802338685,0.00033826859605179393,0.0002697447725179547,0.00029453669810619587,0.0007733359534358719,0.0014917470072666195,-0.030606678896408335,0.0006016849203052121,0.18965517241379315,0.05474907665774653,0.0,0.016328864153598355,0.0043023838425928496,0.00039248969022542823,0.001634896149934173,0.00016857986382312617,0.00027133128582779165,0.0004513308798688165,0.0006077564536364211,0.0003826633250716416,0.0001393581147135503,-0.004302779862552009,-0.0008973934457803256,0.000590362288937829,0.0013903117187115122,-0.0016166353961508673,0.0006198177868215193,-0.01958868979199413,-0.02803372944488125,-0.023291779390827605,-0.0020364192843221884,0.018768259248138186,0.012321288639526973,0.05732933997492484,-0.1333333333333333,0.013625606729302797,-0.027338016230606166,0.014525236510990025,0.0005884211878643963,-0.0008945485034831391,0.0099411783376544,0.018370586805937617,0.0006023045859255838,0.003014902746982795,0.001433623073572532,0.00047965038480768385
2011-03-31,-0.12499999999999989,0.0005438779004134364,0.0009501371706615025,0.00016870468815843864,0.0001984802509560346,0.0008070306032850194,0.0009969724474194752,0.001469180973344697,0.0017318787315707684,0.02377924495937611,0.00014639544541816818,0.15942028985507273,0.030271100936064332,0.007569081537535771,-0.007974284262550091,-0.008604313233884664,0.030531123906750057,0.0015155374184010473,0.000251795995727333,0.0004153187458248997,0.0005670574120633098,0.0008759765244306106,0.0003311419746463429,0.00014492854640901776,0.0,0.002245384511131654,0.001612432299247013,0.0012898613687706284,-0.0021051915053735826,0.0005162127226254754,-0.010811835361290267,-0.0009870032657640637,0.002198082857427508,0.0020405747500944482,-0.0036471876771124734,0.021462754094476955,0.016444521499601628,-0.23076923076923073,-0.01448955715452771,0.010929440566465276,-0.008546423129972891,0.0007614225853973533,0.002330856264847636,-0.031231216903054304,0.007403503658584887,0.00018095450404898017,0.0032427627174282936,0.001313328016681048,0.00014435680779589788
2011-04-30,-0.2857142857142857,0.0004611801587202091,0.0008614911773940914,0.0001829152210000018,0.00022453263672650436,0.00032856726366548017,0.0012167368727393768,0.0018877828535084351,0.0015478524129195481,-0.01244442281523439,0.0002713059200221135,-0.23750000000000004,-0.07401612029095572,-0.02279502510693998,0.0026925004042992473,-0.000729923848113545,0.014228969956090909,0.0010750129241652306,6.975582580737161e-05,3.1227629336827434e-05,0.0005509692890226514,0.0009236158680492323,0.0005016446851848766,0.00021045106365980004,0.0043213737826424126,-0.0007210463962393776,-0.00112014100388369,0.00040568254413608784,-0.0042465890675231766,0.0006592965582934429,-0.059310836166865166,-0.0009896921571852513,0.0,-0.02174997964026515,-0.03765688854093652,0.020475253233128043,0.06182379377303282,-0.4,-0.0010644372335745222,-0.012991697180094852,-0.007774184309254251,0.0004217374828467957,-0.000831271532214295,0.007813237383293092,-0.0036235413395127036,0.00027638621373182737,0.003640696229216811,-0.0006630961513198752,0.000261169209758938
2011-05-31,-0.10000000000000009,0.0002687053146983587,0.0005838762007293052,0.00017838354538324275,0.00036779081986026974,0.0002032647252341313,0.0011583545994879874,0.002246070939768252,0.001278299375618408,0.001983509953150442,0.0001900862132238057,-0.2622950819672131,-0.09438613762513282,-0.04410612189646923,-0.018154511886308566,-0.01785035542719393,-0.017343845194713325,0.0006565533663884793,-0.0002807394925429252,-0.0006887838941482816,0.0005070573908343423,0.0006607840022920808,0.0005194774889103471,6.44375079761339e-05,-0.004302779862552009,0.00026729993126339835,5.325262977273759e-05,0.0026881507667408933,-0.008004796739919606,0.0007400204208181105,0.015773532804992163,0.03181758790290479,0.01518341853433891,-0.01863416680224983,-0.041269729818041,-0.07379627404706646,-0.11285921401757215,-0.33333333333333326,-0.022836128425930857,0.010984139913045698,-0.018032956300443326,-0.00017052971635345138,0.00014147166200340067,0.014465533740917857,-0.011691437089497048,0.00020954386698868177,0.0009189610064241904,0.002979964405392055,0.0005563253988756234
2011-06-30,0.0,0.00014714965392270685,0.0,0.0003719587252386525,0.00042746285538108886,0.00022804338540938218,0.000980826202567675,0.002176249122050722,0.0008342248144392883,0.012685207983877511,0.00041061714933410265,0.0,0.02983707050814899,0.02258810617410556,0.0028127354652516257,-0.0023169540865155547,-0.010912805113609592,0.0003416978833543638,-0.00047497799100559845,-0.001017716872021568,0.00038506589911357914,-4.458746966973237e-05,0.00023996169743134566,0.00014929717292955225,0.0043213737826424126,0.0006412274038980481,0.00031483818333732927,0.0011209332965917973,-0.009579657861363167,0.0008586782840649398,0.022503672808640296,0.02920880746723653,0.01467220366276134,0.020086447394026763,0.01750183282556761,0.04573455761314005,0.009057181460468744,0.0,-0.006847666497624139,0.02963919706432261,-0.009404625442311576,0.0006159177773792379,0.00047327618989578824,-0.008768656053748436,-0.011113392784346199,0.00044945510172533787,-0.0001832648185198238,0.001649612497984121,0.0009979548282461614
2011-07-31,-0.2222222222222221,0.0001825304326670274,0.0004806629809133156,0.0004697822822623543,0.00042547740808251966,0.00037021375615120533,0.0008963378751150053,0.0019483343249901974,0.00036983387514522015,0.003794883080524558,0.0005872093004959389,-0.20000000000000007,-0.15840276971920186,-0.06296589230928107,-0.005623846385453657,0.0007752564641254622,0.0020115288943343135,0.0002466727479706332,-0.0004775427818896061,-0.0008713652308590669,0.00024564767819357236,0.00037052217940503063,0.00032345812089529247,3.5992542512852665e-05,-0.004302779862552009,0.001029019743531201,0.001289120432075741,0.0023108917505691995,-0.00906227517092062,0.001938703319200652,0.14120658665589825,0.013238887693414858,0.010162969197542893,-0.03319404326520958,-0.04374065328072052,0.0023619211970020704,0.011830582997189198,0.0,0.004605314638144842,0.0020148331022462607,0.00423851783597029,-7.400574259031067e-05,0.0008250628412451722,-0.026572443140808644,-0.0014171079162726974,0.0006325231710735402,0.0006407635892828889,0.0020456053509672056,0.0018444110289725923
2011-08-31,0.4285714285714286,0.00032762430529809095,0.0005782819833892727,0.00035351285716411773,0.0005243507224979016,0.00018756935843144973,0.000887457936676439,0.0014501931288988246,-0.00012558020478781184,-0.009762136556224266,0.00020115800462550126,-0.4444444444444444,0.12357534838682849,-0.1251768196096854,-0.05572750289791917,-0.03191720675888432,-0.02555325359269567,0.0003080600689493451,-0.00027818889663921986,-0.0002634453222597477,8.058153772183552e-05,0.0005123532251272156,0.00043518088491678597,8.413420494446378e-05,0.0,0.0013774686721927942,0.0009237521976146468,0.00762507322574657,-0.005863721508778341,0.0028173441218317663,0.06648770372617574,0.12325715862727415,0.09030686385062281,0.017408905165362976,-0.04350102552058821,-0.09739592014299081,-0.10791486380331305,-0.5,-0.0753073745065197,0.057960523581171985,-0.0357688178232175,0.0001497888861621277,0.0011429659541712933,-0.031230775453685244,0.015388993654974037,0.00019259032053242642,-0.0012828979352187408,0.008082980753209235,0.002056160569598564
2011-09-30,-0.20000000000000007,0.00043480670392592735,0.00039806200268377445,0.00024161903392649897,0.00020791519535534597,0.00032914944158002335,0.0012619442711874207,0.0011095175842632532,-0.00026886919770918727,0.016504719063930473,0.0,0.25,0.0,-0.08605548668942242,-0.03185934603231877,-0.007703677890390281,-0.0018521992773328222,0.00041195827135331875,-6.85286552831732e-05,0.00019733892231066363,3.638264768013322e-05,0.000305750404616445,0.00014798854396724792,0.00014301710760955544,0.0,-0.0001664565868777501,0.0004627131798462525,0.0008842563574875673,-0.003080259350949466,0.00036872899767970146,0.08561288441362391,0.05931109826615,0.008083410267695657,0.030687474508051205,-0.01044728078576862,-0.0928498047349634,-0.08428788857676417,-0.5,-0.06933323302346461,0.039326597856218504,-0.024848140003547292,0.0008175097132685494,-0.0005090808753007714,0.015622347274802939,0.0232053282257223,9.422133518732778e-06,0.0004597745821701693,0.0,2.8493704840037992e-06
2011-10-31,-0.12499999999999989,0.0005165273978318119,0.0001238149276154843,0.0003670663158874543,0.00031460971190755416,0.00019654447841732647,0.0022088996959883644,0.0011119115276063685,-8.866843553723136e-06,-0.009788159088909731,8.747930522812197e-05,0.0,0.03125,0.07666034676244937,-0.013426065983040192,0.008619304251962667,0.0020608729893027977,0.0005722142211077585,0.00010279214154018668,0.000396001242421562,0.00014673751589744377,4.663227734402753e-06,0.00010494847865749612,0.0001350800978181521,-0.008773924307505121,0.001511270866995762,0.0010618023697994694,0.0014877133708235402,-0.0018171322794882094,0.00039012839281604705,-0.09266669895177582,-0.06852588308237184,-0.04616236568301013,-0.02326387313287892,-0.0026598871180678607,0.11523336711683796,0.15442649079760984,1.0,-0.008413441195307736,-0.011296954452639119,0.011048918834875021,0.00048343567799569165,0.0012165656105844747,0.005182024742396374,0.02136320379380785,3.846459600964636e-05,-0.002402096961358735,0.00048293698690415887,0.00034143258532304266
2011-11-30,0.1428571428571428,0.0005157384872547244,0.0003386076187297249,0.00030875369437532996,0.00031801741614123635,3.8859683010983304e-05,0.0032003616824962666,0.001237815074692783,0.0005377997123765521,0.02384702105268488,0.00014265667820789751,0.0,-0.030303030303030276,-0.02496420415809253,-0.013912755746463445,-0.019861059602313325,0.026058716503549517,0.0006866931412790045,0.0002178686249341144,0.0003366760929017776,0.0003473576019945579,0.000444881198705227,0.00046208511026768484,9.205154534375204e-05,-0.009034107225912469,-2.55662785580979e-05,-0.000661734528050073,0.001438711298950457,-0.0015264475667702282,0.0004634183502489897,-0.021068180972958928,0.040926699182015636,0.03829660007233704,0.031200514826013936,0.021107126012830157,-0.011549223690732968,-0.04023445351527044,-0.5,-0.01903400858625315,-0.014972353886244294,-0.014614569250566478,0.00031292916689640293,-0.00041604659683491807,0.011120007670008425,0.010165037693033119,0.00010432907096880051,0.00027940842502838237,0.003350184262082001,0.00041113036168849426
2011-12-31,-0.12499999999999989,0.0005079683634912069,4.3579172549268463e-05,0.0003760621724218094,0.0004085209834707726,0.00010952447267276177,0.0035505063593641584,0.001420551421924987,0.0009133596370887176,-0.003679320826142418,0.0010204987798076992,0.0,-0.13541666666666663,-0.056601848712816816,0.007734885892225707,0.009784262456183246,0.00299815724872432,0.000686038269097855,0.00022477816146948548,0.00018864369938631498,0.0004798368910345907,0.00012555906782485415,0.00036120478257495314,0.0001283099195368287,-0.004629706742656281,0.0011354089335584572,0.001297843176149005,-0.0005956711014463156,-0.0014797303569432652,0.00029189579703903235,-0.04933742089563253,-0.030285356762565385,0.004880754029110257,-0.012327872370005877,-0.05811632031871827,-0.026859658482217164,-0.06261907297224123,0.0,-0.00718767585179747,0.02350486590542422,-0.0037636738232532663,0.00012648668860837375,0.00078362793668596,0.02194591671056778,-0.0001804330805083021,0.0010080301002035608,-0.0014945728859411256,-0.0011248574484388207,0.0005617229364012211
2012-01-31,0.1428571428571428,0.000443746581194171,0.0004987894553891703,0.00025582925404443735,0.00038010065138815996,0.0007832426130063297,0.0027410673828074383,0.0014817773059128125,0.0009394754555491769,0.006246958667181612,0.0009311698164784499,-0.12,-0.14457831325301207,-0.019768821606462428,-0.010255051263529325,-0.0017489705163735714,0.0036151975872322772,0.0004629305378593962,8.212726247625035e-05,-5.2155810525644775e-05,0.00045985612117283026,0.0007424924710264236,0.0006517617461798686,0.00021720892158505478,-0.009451195291723224,0.0012970817248063593,0.0016892377082819987,0.0026342907973484486,-0.0012595602236151748,0.0010129902087827602,-0.05543426470050894,-0.037158820805128556,-0.0048570479726481874,-0.038008741355034736,-0.02952328718895525,0.04555284437246154,0.11152371156185192,2.0,0.009038384845031056,-0.0016152139882210648,0.0037778925786586814,0.0006510879029546501,0.0009417983842334721,0.016300985312160732,-0.00908942463583029,0.0006395553912552643,0.0008434168615032434,0.0020177874615336933,0.000578394865830667
2012-02-29,0.25,0.0003334085660207098,0.00039128146486566706,0.00030968089769389806,0.00012621010161972812,0.0008886354069024271,0.0012163879534936584,0.0013490994479012919,0.0006653567036554175,-0.004038638126668381,0.0007446667926536144,0.36363636363636354,0.22535211267605648,0.049646972083027485,0.0,-0.007954399747832852,0.004257568377582954,9.69166256334919e-05,-0.00013391491632108732,-0.0002897406890906007,0.00031914616613715197,0.00048554069448791815,0.00030487469218964947,0.00017663012318824833,0.0,0.0006835510923237642,0.0006894041543119567,0.000441592131369406,-0.000982612967149299,0.0004774363207460386,-0.016793904440932872,-0.04257985870201131,-0.023243215612964607,-0.018956346098010335,-0.003098293551339726,0.04151553472368752,0.03543527810957703,2.0,0.014103262131024197,-0.014733718936256524,-0.0037636738232532663,0.0010556251375430925,0.0002982408321459129,0.0009096838097677473,-0.015097935213732705,0.000763866296163318,0.0008389542513842496,3.006981996556135e-05,0.0003856877563352956
2012-03-31,0.30000000000000004,0.0002934196605177686,0.0003830933003536874,0.0003681298806341715,0.0003564126533510681,6.551175447699897e-05,0.00043306373750273686,0.0012080304887334137,0.0004965974508079896,-0.0019590965176956576,0.0005029664553182212,0.10000000000000009,-0.18051746223433907,0.07377701041738582,0.018022538698486024,0.008018179553249238,0.008076017114365897,-0.00020588381739028438,-0.00024408921484209145,-0.00036590139676062616,0.000280553534395489,0.000415123614710744,0.00037036832021253296,0.00014202825429565635,-0.004847913136096338,-0.0011265514328876458,-0.0014678524057250009,0.0008899895456135898,-0.001374592220099391,0.00045075335269451067,-0.055095347261371,0.0007368005298675762,-0.0052048490826580585,0.009736798409867964,0.003107922808535557,0.015432993013195118,0.009115024704342334,-0.11111111111111105,0.028675053588408828,-0.018721732599557783,0.0050321343623509485,0.00027897820583522304,-0.0015992597285254817,0.002705283399061731,-0.02191084549899147,0.0005139025131473129,0.0024008587198429687,0.0010634393200159575,0.00029807918719493287
2012-04-30,0.0769230769230771,0.0002578132253772125,0.0003038666477965801,0.000408626985266336,0.00034199443128568596,0.0002401780607508286,0.00040648250772989947,0.0007307167715229212,0.0003477931939548373,0.012228942963674605,0.0005457915257023327,-0.18181818181818177,0.1501510919341995,-0.07733761053000665,-0.0037514211235201156,-0.0035210065787831812,-0.005785305928844187,-0.0004076268998489674,-0.00015963853548806028,-0.00015347540823784644,0.0003079474904792434,0.0002853996266931613,0.0003296186196526385,5.2558684580761295e-05,0.0,0.0015388420741850872,0.0008257831016755812,0.001362863630760991,-0.0023135760410397666,0.0006393224341063597,0.033998547048561756,0.0036655619421535057,0.02239994489128505,-0.014521912961943273,-0.021910756443865975,-0.01775867666278208,0.011905001809399796,0.0,-0.016260335032180162,0.013925957273986933,-0.013867233998556272,-0.0004416326976088847,0.0012004299699117649,0.0005952797460357928,-0.02575045209507476,0.0005277779861054821,-0.00045823205314343696,0.0003722115305027085,0.0004552958722705558
2012-05-31,0.1428571428571428,0.00026583614816888534,-0.00037899601596780297,0.0002766929907920268,0.00025499320041943996,-0.0001141366810774036,0.0011223448970307803,0.00018428529679548333,0.0002902653064296157,-0.009288029758504845,-0.00015262742015209607,0.0,-0.18292682926829262,-0.12030566890151495,-0.020475649605142254,-0.010738989977187807,-0.018577635034602302,-0.0005294376723534722,4.435257430301931e-05,0.00021007466925171414,0.00042562084529040867,-0.00024387800970848694,0.00022096617629996373,6.770474107242741e-05,0.0,0.0004620938523578477,-0.0010045432313053881,0.0005117361380706509,-0.003906979916536768,0.0003668611854590331,0.11129322287592025,0.06293313973759651,0.032416219961339365,0.0061824881694996225,-0.009766697056397211,-0.04283179182091956,-0.10531246854377985,0.125,-0.04311776251835142,0.021762603696022564,-0.017033519377363082,-0.00016248435063725974,8.006218783873642e-05,0.008457795392975642,-0.029399854549279847,-0.0001346541427786896,-0.0016597144283826415,0.0015229669530298917,0.0007757486530686197
2012-06-30,0.0,0.00024110324283510565,-0.0001513941672045549,0.0002531342765399458,0.0003183632756709187,-0.00016607495385445592,0.0018466963028132,-0.00012048308944523356,0.00022993939352211612,0.010181189826637072,-0.00017607808957020854,0.2222222222222221,0.07462686567164178,0.03196589601906008,-0.021612398094728036,-0.004586633921515482,-0.030134513020748988,-0.0004914996590515974,0.0001589729770175019,0.0003037441156337195,0.00046660980640811367,-0.00011055152675831792,0.00022304261836225692,4.615692844156527e-05,0.0,3.8279935968610346e-05,0.00041441932008701166,0.0009429276195522807,-0.004908843540595176,0.0006513397530893972,-0.1013470760240347,-0.03256710690795939,-0.001535709276185182,-0.002450468065375855,-0.006632794934992803,0.011400676498488416,0.0,0.0,-0.04406318062346026,0.02066025627538548,-0.012276889890347586,-0.000842985212266445,-0.00035327681862129534,-0.018014049438880186,-0.02681498158233475,-9.998113271836306e-05,-0.00195829485440413,0.0013449003375722857,0.0009475895614721175
2012-07-31,0.0,0.00020601134040809654,5.288997270436191e-05,0.00023736686261877082,0.00027633686485395437,0.00026369012845517403,0.0026179772643135646,-7.733443232860182e-05,0.00018909708785774804,-0.0034208782152682637,-0.0007549877714131403,-0.303030303030303,-0.16666666666666663,-0.06292340276707664,-0.03460567417774896,-0.014056489649574289,0.014485690517745065,-0.00034730723747755654,0.00014029137736359942,4.764174495397455e-05,0.0004585083772479237,7.832174281774407e-05,0.00022511099058353246,9.160281727993436e-05,0.0,0.00043011482207955254,-0.0007471004358499123,0.0022668391071678506,-0.005653976943604366,0.0008525005006019271,0.03365329742820866,-0.019114766600214383,-0.018735112738305748,-0.04332458576829323,-0.08399424953271861,0.019384018836774874,0.039619796378105754,0.11111111111111116,-0.023067996687617387,-0.009267110374362897,-0.024147091199353654,0.0003627928234517519,7.40128438083687e-05,-0.002833575476901329,-0.02028178374733125,-0.0006400756639998173,0.00028155825166709114,0.002449501531768483,0.0005899235688091586
2012-08-31,-0.1875,0.00015632671168885892,0.0010609357183493096,0.000344241872462403,0.00020910842164933996,0.00038159049555042124,0.003205454940300001,0.0002481833172600645,0.00015373899145121328,0.0028324942769053507,4.331983142868978e-05,-0.0434782608695653,-0.01666666666666672,0.025669443095330147,0.01216148101938086,0.0038371499264133746,0.015087435834967078,-8.759994937113103e-05,4.1008455939905986e-06,-0.0005027696324528819,0.0003737223419584268,0.0007288359488033525,0.0001382042497126701,0.00011104376579496034,-0.004924771707829345,-0.0008802106858922798,-0.0005080832333927976,0.00131506237531398,-0.0055853736245056185,0.0007519175632655362,-0.025425331041454613,-0.012934180900466608,-0.00974858414868085,-0.009730529519845432,-0.008018287224090481,0.013329472330896985,0.03992058865809622,0.0,0.038276191883904076,-0.01748947727517791,0.014666766116652408,0.0010574891106458484,-0.0012912056826872575,0.006268284084174125,-0.008702281644887955,0.0001189602013369484,0.002422040968977468,0.0015875550218087398,0.00013002016138519146
2012-09-30,0.0769230769230771,0.00017628893791887812,0.0008708748667032307,0.0004073599274121431,0.0003381331342444671,0.00047781009646485906,0.003355123730785392,0.0004963302814307013,0.00016501784838673927,0.017529475516901538,0.0010703873156736599,0.045454545454545414,0.05084745762711873,0.03247542061819275,0.0014868105238723395,-0.006706477096992125,0.0012880036725622102,8.08145393758064e-05,-0.00010545299241970785,-0.0009208326841059211,0.00029826641641350626,0.0006595873011814302,0.0002667563063551981,0.00011529329779902397,-0.015180491986575784,-0.00011470141065594852,-0.0006765491319060679,0.0032071461194882467,-0.004549144909504865,0.0007972340648627618,-0.03392978895268284,-0.018007262477031216,-0.023527323157950253,-0.020107008057683173,-0.008145760154112947,0.04325740347355134,0.04882353799644146,0.09999999999999987,0.021671836289300694,-0.01826986082641513,-0.02774200231016888,0.0006024578259371527,-0.00047593252883892934,0.011976913515831855,-0.0020843607421311416,0.001103709022962862,0.0015631980444108518,0.0012890918567840526,0.0003648757583560869
2012-10-31,0.1428571428571428,0.00030250426799582897,0.0004923205531397468,0.00040419705334970857,0.00028912299859285007,0.00030982284100722346,0.0033914123922058614,0.0006386476780455563,0.00024817549340583334,0.011439580951912776,0.0010339783514079492,0.3043478260869563,0.16129032258064502,0.026752842247627973,-0.0029725239522297997,-0.02580678057438668,-0.012124325888396514,0.00012401653521920686,-0.00016805701480804291,-0.0012136205119352983,0.0002799887970224013,0.0006412261560770904,0.000527738043616166,0.00010066282964693585,0.0,0.0006856137103643523,-0.0006570180962598426,0.0009932423449718897,-0.002922358766670241,0.0007338126916116572,0.05619972089159142,-0.008624006254467131,-0.06214882689735313,-0.024251190495856223,-0.008276820545182528,0.018804208596283623,0.0028293771631253684,-0.09090909090909083,0.0037920535447348858,-0.051550797821149574,0.0015322229865217807,8.927812247239153e-05,0.0003758568773322146,0.012074666390568867,-0.0030460493541059064,0.0010127159298927157,-0.0008246677141114933,0.0016208319795090187,0.00045503555866943657
2012-11-30,0.0,0.00045924488054138735,-0.0003070979708121868,0.000276686052739894,0.0002419678195657582,0.0003943057240269887,0.0029821709144404185,0.0006195250876668279,0.0003474074080820344,-0.013751134498907303,0.0013204612685515649,-0.16666666666666663,-0.1527777777777778,-0.03743390878509112,0.004467102932188993,-0.0073430872756635734,-0.007247324842547753,6.12679532403515e-05,-0.00016937512154080459,-0.0012471331489346538,0.0002702095532658433,-0.00014806467049588434,0.0002329861370491404,9.990522502034693e-05,-0.005255172675906028,0.0008325980376613362,0.0012129406152294742,0.0001593255837573082,-0.0006132640385797528,0.0006403182344265623,-0.050408731064403356,0.0015923254494318861,0.04353311062037446,0.0031566231357651464,-0.008411614454657435,-0.020794577948956228,-0.03154498331754407,-0.10000000000000009,-0.019085917640105476,0.00581025004574931,-0.01389557174147682,0.0002379152558873443,0.0005425034196877565,0.0002700961703940852,-0.009051494689363948,0.0013439490704725277,-0.0015689497445187106,0.0014913550354309635,0.0010110646945111768
2012-12-31,0.0,0.0005306189355556157,-2.213137520101771e-05,0.0002955016926373677,0.00031179785420687445,2.6864828078565495e-05,0.0028395178523197284,0.0005647864967550653,0.0003930951844750563,0.023527766614304335,0.0025499999725329126,0.0,0.180327868852459,0.06154297185435342,0.02180062202468447,0.012624672218284338,0.00401829965729128,1.561959804874391e-05,-0.00013482771642248093,-0.0011760680244595756,0.0002679433724788183,-3.418805287536131e-05,0.00016057923400736307,0.00015244272773551337,0.010506175364456638,0.0006153206778585218,0.0015113606439329796,0.0023243929421730147,0.0005342632880418474,0.0012592543232561315,0.04245358137262256,-0.02519669668356217,-0.018666477258434955,-0.001571528312952375,0.18356975062445335,0.009506662508066865,0.023804390687349075,-0.2222222222222221,0.015606045135107882,0.00952876524874613,0.004729483884975849,0.0002877814367405751,0.00032924821140456473,-0.028127270783046776,-0.012670071677299943,0.002545526820871835,-0.0002786754115441381,0.0011506302613808472,0.0014124293712334257
2013-01-31,-0.12499999999999989,0.00042864202860459777,0.00036167935651310046,0.0003431198545591485,0.00039694698766301606,0.0006808649889824547,0.0027285731223904985,0.00042338239933248367,0.0003221766401424464,-0.013710450945659147,-0.006156081676301661,0.08000000000000007,0.22222222222222232,0.0809876556817235,0.02065806200411946,0.010188063409414916,0.015512253774688789,1.035099074009338e-05,-4.736511105496444e-05,-0.000866069643343903,0.00023594036760754555,0.0004121940634915777,0.0004391773327483417,0.00011835904172685652,0.005111179557872658,-3.246061464134975e-05,-0.0007395285041151833,0.0005965384067210255,0.0001426163343820619,0.00037580427617722734,-0.07433268990914987,-0.034375590848828796,-0.00580289407223622,0.014036988051012722,0.0327781128014597,0.03212112337270456,0.06630307555779114,0.0,0.037070756460421794,-0.017078337435316504,0.027579078060268047,0.0006067191273813055,-0.0003362169634139045,0.002813354623071751,-0.01065836504101525,-0.0051384766372876145,0.0009275766543443975,0.0006449758282021101,2.8878655230490935e-05
2013-02-28,0.0714285714285714,0.00020729078545844715,0.000989424520215998,0.00039659711228856587,0.000267191414154766,0.0003623253497604395,0.0024461306626772927,0.0002365576528307045,0.00016510041581141444,0.011775409616526566,0.00011538638395069967,-0.07407407407407418,-0.125,-0.03981004958569667,0.01314489223732851,0.011872570388652859,0.0014387235349486716,3.527055739049878e-05,5.695849960107857e-05,-0.00040715199469898433,0.0001780191572557932,0.0007696119882529828,0.00023654844406584274,0.00017814448452879716,-0.015429261089361157,0.0010280823500119496,0.0008127624154412594,0.0,-0.0011912745837542316,-8.657559836688922e-05,0.028395452976022417,0.0028201038279473956,0.013548762757630062,-0.009196738883044953,-0.028804858809828415,-0.013186482425186385,-0.03831435440974207,0.4285714285714286,0.015517455463167185,0.009702727343894546,-0.002928921507444837,0.001092074995478809,0.0007968419008492766,0.011484566852107969,-0.004223063599503196,0.0001630090070168233,0.0016566727732985065,-0.0012244497716626945,-0.0004365406889329515
2013-03-31,-0.06666666666666654,0.00012562447137587363,-0.0005139870794205192,0.00031337161676403547,0.0001765568985900856,-3.7962112005018867e-06,0.0026303307721855518,0.00022224622487021506,8.695666336722141e-05,0.007080266237641242,0.00017672007211366747,0.0,0.0,-0.006543632325370918,0.0038407045844230936,0.0,-0.005221347991790526,7.198601081381817e-05,0.00012702420852339635,-0.00021449834661779743,0.00019822664634183695,-0.0002855149578832039,0.00019919802054602087,8.860416900580148e-05,-0.010750526799928939,0.000878447679093064,-0.0003092832347786345,-0.00010348465875908985,-0.0021504457940416666,0.0006179588945649517,-0.06653804216444303,-0.011334562315346686,0.013129231009562536,0.0015558541400519932,0.006009891906228582,-0.004504751493137116,0.016157348796042248,-0.10000000000000009,-0.0016814444808549434,0.0038090769783822864,0.008773867334668894,-0.000668204350480095,0.0006587662127650606,0.0028967270172732817,0.00010967809398709782,0.00022744959243570229,-0.00027464597381432476,0.0008363988054271854,0.0009790913179854588
2013-04-30,0.0714285714285714,0.00016322261345358413,-0.0003817128250530599,0.0003441757809778956,2.9796465041753706e-05,-8.545064958886961e-05,0.0023775745520013825,0.0003344001054865764,6.163463947506109e-05,-0.027471452335875446,0.00023167482237029802,-0.12,-0.11688311688311681,-0.05791478711902609,-0.025959238670182683,-0.02573669715463278,-0.002305250304101558,9.893503933056103e-05,0.00012142854540542203,-0.0002315116593565314,0.00024522183796049646,-0.00022011815859324102,0.00010645247836027494,0.00011590854338217049,0.005465270169069392,-0.00022256269210885193,-0.0007892162135335612,0.0022323534173851467,-0.0018187080149315582,0.000563110660172228,0.022209547303980726,-0.03073929701438005,-0.02425385430274507,-0.02529244440147871,-0.030273613687961443,-0.039538544433448286,-0.048621734085671275,-0.33333333333333337,-0.0398983142433631,-0.011443057749195518,-0.024947900327223604,-0.00040744465230191373,-0.00047846644164883934,-0.006403294954073213,0.0021843067502265168,0.00032067980514560723,-0.00045876368166175574,0.0019356544421604838,0.0005627634486948807
2013-05-31,-0.2666666666666666,0.0003315904141032444,7.564749066824028e-05,0.0003986366747870118,0.00012853592004358205,0.0003840252832680857,0.002176704195964385,0.0006011404067252091,0.0001389622751752917,0.015995928796406433,0.0005768521397175874,0.36363636363636354,0.05564675463281876,0.15838910018931185,0.021408431325610655,0.014373353441318848,0.006377353320109469,0.00012446229983154034,7.279186427755491e-05,-0.0004622620440282166,0.00034695972134479725,0.00015890536656093524,0.0002543241993573364,0.00013314557874233302,-0.005435563346857797,0.0002037262045204713,0.0007011247668566867,0.0003193896393325346,-0.0007752779642093977,0.0002899524289456945,0.06547476123090523,0.007313427064094213,-0.007818198878442373,0.052498313246617245,0.11062304874474993,-0.03291942857706309,-0.057315836258755914,-0.33333333333333326,0.03272125716979124,-0.005855940554491679,0.0601324717443692,0.0005213274806306067,-1.056425385237425e-05,0.022885697374642522,0.0005902082154636279,0.0005800948519176785,0.0005506347459478533,0.0010022700199099344,0.0003372291588754628
2013-06-30,-0.18181818181818188,0.0004637487314249622,0.00043433599476871976,0.0003635886655866116,0.0002771070445091173,0.00021550538135262087,0.0016742892009473653,0.0008212115206158721,0.0003770534791915914,-0.015045857868731471,0.00024771427934044965,0.19999999999999996,0.22538030894362548,0.0937698461489136,0.047151223517203356,0.0442337566520441,0.0022761313897843305,0.00011914703235138546,3.9727905267517016e-05,-0.0005480333106531177,0.00039911360416233777,0.00048047737965228876,0.0003739196596110883,0.00011119392159608665,0.0,0.0003985646254094366,0.00047038751417805,0.0009530996406119652,-0.00022561687725097812,0.00047329982344135324,0.011175150415454915,0.05782737704870522,0.007879804759172826,0.07167528266875878,0.09582728711364874,-0.060875691469528204,-0.037068105967585696,0.25,0.0482385747514229,0.017534136474745,0.08069774046237921,0.00025922848282800004,0.00021324726253202364,-0.0010541357987903233,-0.008013827917118133,0.0002336837709062678,0.00018308619781048918,-0.00047341029365599585,0.0003619792417282053
2013-07-31,0.0,0.0005786994044678639,0.00035708589179495043,0.00030028245003510534,0.00041398155472749387,0.00026589052831260673,0.0011047603086071778,0.0010534520264962044,0.0008333901935846377,0.007077512209183956,1.8828816325644482e-05,-0.13888888888888884,-0.014240426242999926,0.017857411582557603,0.007939259544309074,0.011401459993798158,0.01904937546781227,9.419487604733767e-05,4.796571986576126e-05,-0.0004698227431104707,0.0004335074369488101,0.00026911111534189125,0.0002764641877659457,7.569371649651657e-05,-0.01112612735992169,-0.00070149293901689,-0.0018369317083695158,0.0001504900139981391,-0.0006092643583407442,0.0006429639472524951,-0.07350025605487576,-0.045966306946909286,-0.02975135763237835,-0.011068838153306615,0.010259637403065014,0.0676616203827125,0.038495044350808305,-0.20000000000000007,0.031468124453275514,-0.028948234030247044,-0.01641107211661863,0.0004948538307556483,-0.000926093984964238,0.0026288997660848246,-0.02549307378187249,-8.847964513114537e-05,9.145947991373582e-05,0.000919520790772399,0.0002062757785452618
2013-08-31,-0.11111111111111105,0.0006155825046196828,0.00043525384190590266,0.0004209161407577877,0.00035528635711856715,0.00031961704384686485,0.00039121466212299616,0.0011986045058520745,0.001341226407749696,0.006066865517697417,0.0003835436005081849,0.25806451612903225,0.11079895750756741,0.038089526904359516,0.021948594042751957,0.008514805005899628,0.003946289520908586,7.126619340147577e-05,8.054970358539748e-05,-0.00022175251446954203,0.0004153735153102911,0.00032060528764898955,0.00023465619822560235,0.000150554071422615,-0.0057277396077929366,0.0012811384467139586,0.002015633666005545,9.019527864917443e-05,-0.0017494065541497905,0.0005628517262414867,0.08246272708284974,0.00500422215659535,-0.025444687114628217,0.018544487350777628,0.021873437302010856,-0.03247806864274483,-0.03021980321697404,0.0,0.02095224942270657,-0.012260659282085418,0.022144806371405146,-0.0001840637321920413,0.0011782568385374503,-0.00795974293787216,-0.0462077287277155,0.0003364484622352393,-0.00018294678765007344,0.0001568961488322973,0.00036004720128057777
2013-09-30,0.0,0.0005113920479669076,6.87645417551952e-05,0.00031169858644752857,0.00028301148048570646,0.00036813724334971987,8.600058694963053e-06,0.0011657631572994376,0.0013462445921379462,-0.01110862933272927,0.0005195103532278367,-0.15384615384615385,-0.09539389717328417,-0.028382076062013595,0.010449545686532113,0.004172268053689754,-0.0005571335601938232,0.0001820987818601516,8.211167142824216e-05,-4.782467019759373e-05,0.0003665797755152411,9.470655648269322e-05,0.00025731260450001514,0.00011442271793993264,0.0,0.001143843417840129,0.0002445512258972826,0.0019385534482123656,-0.0028289537601409176,0.000565570671116733,-0.007965699540568028,0.006898890353932874,0.04094889806483315,-0.010859018911934082,-0.01943352618323857,0.025294990185174004,-0.014174770553666338,-0.5,0.004026760178766242,-0.00418263215126502,-0.02056254965967419,1.926693102105581e-05,0.0010429704647572091,-0.012883597545757408,-0.04395536649287535,0.00047629258184533896,-0.0002748050606126151,0.0018562524106373601,0.0006195772863528681
2013-10-31,0.125,0.0003048753382972613,9.762585327965922e-05,0.0002449800349135778,0.0001715666855011122,0.00048591692298782796,4.292815268081007e-05,0.001060077815985494,0.0008848839792565677,0.012519559206156217,-0.000292025461184231,-0.06060606060606066,-0.039075060984600674,-0.015029668046831035,-0.011385878607950262,-0.013410857093513195,-0.011781033367061156,0.0004770917010992193,4.804693442261865e-05,-5.739494732148742e-06,0.0003286752572515539,0.00028609815935554117,0.00036697224717463506,0.00013585349437894578,0.0,-0.0002517305939203629,0.00034908560055835203,0.0019834103009512827,-0.0039788860474518906,0.0011334596834151611,-0.06159764527695355,-0.04767567485872937,-0.02044906598504681,-0.026399361446918568,-0.004026932675310846,-0.005421737501881574,0.0,1.5,-0.014830418435456627,0.0062917475964043845,-0.025266789208382545,0.00019887908564308887,-0.00042219267592247256,-0.012911574882807364,-0.012653997400850825,-0.00021706565962043012,-0.001288120611064092,0.0024124718978724147,0.0012893600203516264
2013-11-30,-0.11111111111111105,1.2083282282748797e-05,0.00033618280541602985,0.0005466559086195755,0.0003394954568622932,0.000598235436729988,0.00040983679991546396,0.0008050691461063408,3.883314065733501e-05,0.025340812336807295,0.00035653847240113556,-0.09677419354838701,0.030627060531016603,0.03865438791795639,0.010479332418677823,0.005988929558228717,-0.01472814286288382,0.000844440178545014,-1.3544813181942672e-05,-6.800088173286589e-05,0.0002663963093751942,0.0003216024873240464,0.0003593637552798956,0.00016825606339798682,-0.017713411819104574,0.0005459342091098662,2.2476097450319088e-05,-0.00033424633332301834,-0.004634943531980351,2.0599897216033725e-05,-0.0012617176883269465,-0.010085750963540363,-0.00851097862577832,0.007865905952412877,0.010067889114136364,-0.005485795065407695,-0.018271325035992603,0.40000000000000013,0.01640500161400804,-0.006252409016999971,0.02245077092544201,0.00010496485361932706,0.00042237099786435195,0.005870791576382928,0.041478935003459005,0.00042273258737957065,-0.0012056247120101338,0.00015143868457467846,-0.00013116964060211345
2013-12-31,0.125,-7.941451294346535e-05,0.0004815854976665257,0.0004911040389976584,0.00030938730823182325,0.00028340084795419607,0.0008849735500053857,0.0007696374316370491,-0.00033163842298900015,-0.013310064677703903,0.0003484620405533878,0.357142857142857,0.17234058137355324,0.05635598477229764,-0.0010287417004017918,0.0,0.008561052711358208,0.0011252222456019645,-3.775584604359672e-05,-0.00016393051363627897,0.0002603488016306166,0.0003771018094569367,0.00023078914303376052,3.385155754309643e-05,-0.012406450547242098,0.0004615908780629674,-0.0002826226790482167,0.0021792286664807925,-0.004778969155622814,0.0006161558519683918,0.0005058395311428043,-0.031643495392211785,-0.06289240440210753,0.00770914310034998,0.029132163128786193,0.02455187096474254,0.0,0.0,0.011842532872955225,-0.03886881390614827,0.02118289625965941,0.0005586903024554779,0.0003339392267183161,0.02142136036243003,0.0690102157925756,0.00041792152743491684,0.0007437334880187052,0.0015178384347869223,0.00039060907000676437
2014-01-31,-0.2222222222222221,0.00010144185830962549,0.00044135842314951823,0.0004441020446253052,0.00015599375101960078,-0.00013279949463140817,0.0013618525411529525,0.0009344062736094116,-1.6604574760825663e-05,-0.017458819765024947,0.0007100350318809401,-0.10526315789473684,-0.09817923259585815,-0.06879383711091902,-0.013556727756017128,-0.01631423004924215,-0.006750367495957255,0.001176629252534367,-6.309427380890575e-06,-0.0002679941197477609,0.00029492635788597177,0.00044791477067374075,0.00023505494114695047,0.00011314658006367218,-0.006404052214518119,-0.0008218850130459199,-0.0023503577578102286,0.0010568991338104627,-0.0037389989880248775,0.0004774793611430628,0.10284863613227357,0.025562926667330954,0.017293106051338825,-0.023236802647157884,-0.04583487981654044,-0.026668289496918796,0.011207908034283731,-0.4285714285714286,-0.015654056872597466,-0.035331875536478985,-0.0174191457010211,-0.0006987572076756488,-0.0010225018597738167,-0.0035461861393579763,0.05561127173836544,0.0007498003105799178,0.0016615042139129788,0.0017581875388561485,0.0004668525357425235
2014-02-28,0.0,0.00041791449363892674,0.00020045917377431444,0.0003928451413859335,0.00017280079797044046,0.000534872658744856,0.0016077491881447692,0.001117893926560365,0.0006761874625615949,0.008996585742592211,0.0006040510839300239,-0.02941176470588236,0.008769258230156174,-0.00209854803165499,-0.004294160263403124,-0.008034469040683834,0.013776158495533375,0.0009455562805100737,6.625636486146114e-05,-0.00030180077841046593,0.00032655363035671847,0.00010284451567921238,0.00010259069528695264,9.764051843141885e-05,0.006445328434351527,0.0016185867057239012,0.002240010044141316,0.0019184537899397114,-0.0017806739593255738,0.0007961910876206346,-0.08690377112665804,-0.04839679302312139,-0.012106049363569182,-0.016364903165606015,-0.008308032997146886,0.008310259129332698,0.02539366976549795,0.25,-0.01493321723200458,0.014844578998819635,0.005596622541593543,0.0010937208459156356,0.0015491406148258058,0.001100976974552914,0.018082461979348263,0.0006319682441200403,0.0017351587208471742,0.0006862244317977773,0.0005670103325079445
2014-03-31,0.1428571428571428,0.0007152371799559187,0.00037162519741018585,0.0005359726876044135,0.00033889697153655085,0.0007809531527407376,0.0019898834622495976,0.0014157017065663524,0.0011568985967551626,0.003961583446487227,0.0007466967107743194,0.33333333333333326,0.09129678434825261,0.014601637264395118,-0.00762391808339169,-0.0036382303550731576,-4.249093258290593e-05,0.000769691387356275,0.00019337906348138034,-0.00017838543955428499,0.00040578628981924325,0.0003461494332994697,0.00032110712994493085,0.000169817743010503,0.0,0.0021082290424330186,0.0020932739937251643,0.001364568705511049,-0.00042665986194900807,0.0004204925667055104,-0.0029660350070300767,-0.005316607066926049,-0.022526090745768168,0.009756565859786015,0.0,-0.01100653173617272,-0.031957596023542756,0.0,-0.005601466219419371,-0.012171322264778017,0.0033144648665182075,0.0007670781056610121,0.002059312949290071,-0.004431464194740609,-0.006899909898920087,0.0007095639152419064,0.0011760077461433482,0.0006946083756849131,0.00014684522142438539
2014-04-30,0.125,0.0007604653119057669,0.00033916230304731343,0.0004215692446585262,0.000343530124232716,0.0003635478271526438,0.0018933454237246572,0.0013587023178629476,0.0009678994170034816,0.0105386536224219,0.0005890362633014234,-0.045454545454545525,-0.014697193998249647,-0.0123188013981127,-0.015669494272039564,-0.014851142602622769,0.002681859795469421,0.00033070847751370813,0.0003441607198748642,0.00025387813789667923,0.0004001064777001684,0.00038334004353912654,0.00037050427719775847,0.00019022374049648683,-0.03289174710264475,0.00017600377112803045,9.93017094697013e-05,0.0010124640587583222,0.0006195050848232242,0.0005559655045332956,-0.011887187064668847,-0.008102170966974964,-0.026364094777232894,-0.015249266907776171,-0.012739708240781078,0.01388933727315389,0.09256212555961252,-0.4,-0.014298736905371534,-0.03810199212582588,-0.007737027685443487,0.0008656037297363195,9.170234454014548e-06,0.011236421032289723,-0.02001914656356163,0.0004969143327167025,0.001167307784525562,0.0010167614309353201,0.00025340104957227716
2014-05-31,0.0,0.0006947260498717522,0.0003461037579062243,0.0005233658947010333,0.0003504288103826081,0.00040736847198341586,0.0017527781896757855,0.0012321672977928522,0.00041280191763370944,-0.005048518911852984,0.00051273328244128,-0.11904761904761907,-0.05798355132014721,-0.040885793864887776,-0.00928860662314901,-0.013529870923880916,0.00023011279328177814,-0.00013927958598414225,0.0005203528746080543,0.0008367409150213945,0.0003839671683512069,0.00035585534688720166,0.0003652085026200069,0.0001233012135555267,0.006987211745878019,0.0008628750299204402,0.0008119841612757028,0.0005117332611646042,0.001098691800773377,0.0005698424088638188,-0.05630821077731274,-0.005503583207519314,0.016347809182142514,-0.029128520664033153,-0.028712842301414243,0.010805053102162177,-0.009387160013675455,0.0,-0.019345399225294324,0.0026981349763679496,-0.02402173447465239,7.219153289450553e-05,0.0007207099885475632,-0.005894012802112769,-0.021626683874429786,0.0004623779460055655,-0.00026842058229059607,0.00028887378412134623,0.0004531583720999155
2014-06-30,0.11111111111111116,0.0005439844493035917,0.0002402654353561573,0.0002859952250056086,0.00023571409402833865,0.0004901958298539899,0.0016186263417512503,0.0010005506034262979,-2.3345414442044188e-05,-0.014471871135447234,0.0004921145906173763,0.2702702702702702,0.03326692947477716,0.011439621275169731,0.01053757794551613,0.003952421456813404,0.00741711172847781,-0.0003013516078562706,0.0005314611924667201,0.000929462884307064,0.00031481062793936587,0.00023535108655381443,0.0002445542381488419,0.00020284682071247673,-0.013974507057182839,0.0007053049661056576,0.0008857675135884868,0.001745025973898695,0.0007458325303582036,0.0005947532065868621,0.00540833660423079,-0.01974950720217894,-0.01068955192596377,0.003060975476331995,0.009212234214831083,0.010557578775655774,0.02196261620751483,0.3333333333333335,0.004603754781440372,0.0,0.0023871841648495096,0.0001953106373231428,0.000540008451334506,0.0016324503074875985,-0.013181773918817696,0.000499670412439146,0.0002684926512444008,0.0014232726372116478,0.00042414768360332644
2014-07-31,-0.10000000000000009,0.0004160099400880579,0.00020465632724198102,0.0004877613959342053,0.0002735331951966291,0.00038300777709099343,0.001780118371643269,0.0008398088771115475,-0.00017380432982905258,0.02561997269131666,0.00035849985114011496,0.1276595744680853,0.05404666735343877,0.011151156115774219,-0.010427695293568018,-0.006907490477178202,-0.004456636529877822,-8.02313241942132e-05,0.0004093144908488,0.0004988363623859016,0.00023909582421643982,0.00030594829830143944,0.0003752650179527084,0.000147686570468597,0.007135492675441224,0.0004530926377155353,0.0011662056502586005,0.0006122294912465076,-0.0003918030460783317,0.0005480673742801478,0.1407479395676965,0.07061798720153689,-0.0027224998656991684,0.0165410045031551,0.017948293387270553,0.0077516785891769135,-0.00914820993463128,-0.25,-0.01384267853778387,-0.0026908746334024514,-0.002381499087938277,6.711814805848704e-05,0.00026028296482460966,-0.0019025677421193876,0.002871682983730306,0.0004295911692218102,-0.00026842058229059607,0.0008530223982523566,0.0004249015572894699
2014-08-31,0.0,0.0002686500960327187,-2.9107173095010985e-05,0.00039456140872240475,0.00016021816415778822,0.0007073986468177917,0.0019985871492429474,0.0006465925018932506,-0.00013680318922071333,-0.013964417373653615,0.00045230448397881595,-0.09433962264150952,-0.047523025557365206,-0.052065541314323394,-0.009522194884523771,-0.004012843138018418,-0.01500745697962469,0.00039821732496703177,0.00014327491605392595,-0.0003621454750671882,0.00012985161265599565,-2.6579027938677946e-05,8.352439995884531e-05,0.00010982141579796156,-0.007084938151157738,-0.00033895271269024363,-0.0010794067305543997,-0.0015889949600891295,-0.0021591954707925742,0.000257903801934134,-0.11226676597267726,-0.02503475274594158,0.016252089777381462,-0.01927383048429243,-0.02885698069322784,-0.04455043828240124,-0.06736527296029671,0.0,-0.020799462222790055,0.0213522599064897,-0.002396527375212343,0.000604607845536842,-0.0005845488300447732,0.0019061944061067315,0.023987604257824424,0.0005122623291005102,-0.000897767162683416,-0.0025003915096936113,0.0002717056003469498
2014-09-30,0.0,0.000177188555135821,1.3022582452393294e-05,0.0004085536147369062,0.0002902765555086173,6.839028047211926e-05,0.0019750288792350634,0.0004481088654715304,-0.00030051311497114597,0.005633567861038635,0.00035226128005727553,0.20833333333333326,0.05736091841806501,0.04094480347803375,0.003622778457500475,0.011012570630809071,-0.007583892154652272,0.00044509906503087393,-6.311620319809919e-05,-0.0008172496169065457,2.4669510597874478e-05,7.530082906970215e-05,0.00028867931708775885,0.00018592529813843406,-0.014577546288377263,0.000642570632015893,0.000229618917908736,0.0021043584676676552,-0.0033339658752903345,0.00032979733456728333,0.1123014618560072,0.0694293936143271,0.01569783193979135,0.03438996423576257,0.04966222754207528,-0.043302531151682255,-0.07409490546292663,-0.33333333333333326,0.009884180856243763,0.0,0.01191848924917882,-0.00032196997546918293,0.0004617156267170408,0.005613449088169409,0.031740567085378535,0.00039749345077511045,-0.0005412202897205898,0.003696606105738409,0.0004196746805029683
2014-10-31,0.0,0.00017106431724278615,-3.600540634685068e-05,0.0003989877359145133,0.0003079670114718436,0.0006488056026687783,0.001851742621431951,0.0002859753650439334,-0.0007987217576564953,0.007012094447682138,0.0004716898128456215,-0.13793103448275856,-0.05797501701400487,-0.03933426954169683,-0.023228842294493512,-0.010892614939434386,-0.021599309974725367,-4.604234653138306e-05,-0.00017706351356705508,-0.0007665037028479205,-6.970820584695225e-05,-6.422070987621709e-05,0.00018693303574734976,0.00014503718873104532,-0.015228350578769367,4.0187876614750095e-05,1.7856092859869221e-06,0.0002946375540680002,-0.004006112349759672,0.0005749832462318416,-0.049534226382144664,-0.011084051595608657,0.025142891319617,-0.007084807225146261,-0.0211448937943981,-0.015597032847343484,-0.012540281626079786,0.0,-0.03658703970346633,0.030418839576838774,-0.026220549166397933,0.00019065850571964305,-0.0001618893068932037,0.00595874086732695,0.026596571987562267,0.0004962758466153794,-0.002731283099970949,0.0009784744088352504,0.0007837671842194638
2014-11-30,0.0,0.00021330393381568946,-0.0003428019142515115,0.0004589804356471827,0.000202683798327552,0.00016918517804875854,0.0014639765862138887,0.00012484238187426833,-0.0014095239113096625,-0.01007476989015299,0.00047095808921637783,-0.06000000000000005,-0.05283737985669912,-0.04307763213592797,0.0,0.01002009591035602,-0.023895526690195346,-0.0008967756739045596,-0.0001809054137873467,-0.0002431888698767315,-0.00013164697978895745,-0.00020609017506312277,0.00019123615392913074,0.0001712812045551182,0.0077887740727276,0.001314751532998315,0.001764824158360323,0.0013322071668193658,-0.0037127041676878747,0.00025390060472618714,-0.01759856590688902,0.040464124958727865,0.030824169327966944,0.0028634476163298395,-0.03127841663124897,-0.04249973567625742,-0.06132811139350969,0.0,0.0,0.016741617582540558,-0.0012520328288682103,0.00021416499949800105,0.0012020884283165945,0.004777528160072375,0.009764357770547294,0.000492296951912774,-0.0023131862023980654,0.0006363847546091428,0.0006362550505796261
2014-12-31,0.33333333333333326,0.0002867157231802864,-0.0005621825945664183,0.00036370587168765844,9.555101715186254e-05,0.00010734531584022378,0.0013053398245668202,5.2161765588421005e-05,-0.0016528069148689095,0.010042615212953354,0.0005445705500917164,0.4255319148936172,0.06826494551122031,-0.0027224998656991684,-0.016806612510207763,-0.004938740261760888,-0.05572541432148004,-0.0014064755403128126,-6.648598506220349e-05,0.00017147969461239754,-9.01587271653348e-05,-0.0003795276247374746,0.00015283930185128192,0.00016729795433678696,-0.015573379415509736,3.556503535029343e-05,-0.00016544515802341397,0.0017451179907772563,-0.002945811219429162,0.0007560797608896497,0.12895625541307876,0.036431126475372055,-0.002260659770719653,0.029252381134550642,0.013995869196941069,-0.039203869973557404,-0.05912306516224897,0.5,-0.03823104151255308,0.01613613850535356,-0.012676594429979815,-0.0006931534874650147,-0.00012872239311845224,0.011577880359249892,-0.004106234274069309,0.0005281029719803598,-0.0036748927221754712,0.0036892606153189345,0.001204438888558368
2015-01-31,-0.08333333333333326,0.0003594279040539661,-0.0011635634172244558,0.0004945887409122385,0.00017200084277324557,-0.0002588410602776259,0.0012934562521023096,7.082252634793562e-05,-0.0011890116437285325,0.0015920610600788088,9.478175506827391e-05,-0.29850746268656725,-0.20033126263828005,-0.1455406050497695,-0.04556671537963808,-0.02966798958728656,-0.05449702841693116,-0.0012649903178593158,0.0001954324319630718,0.0003632241858073648,9.237231810677038e-05,-0.001038029174363797,-7.864191609585625e-05,0.00011773234656553555,0.00796890425970842,-0.0016979838630585276,-0.0010629241835905523,-7.691336286841377e-05,-0.001299821352667041,0.0004809901239233305,0.02794549293601367,0.019893290343895975,0.022372870390732436,-0.03537910123900612,-0.09430374721733492,-0.0114191141672364,0.010700417033751464,0.0,-0.07565632361603702,0.008933436824005936,-0.027843255491106556,-0.000542619078675366,-0.0019430035565788373,0.010214387681416692,-0.013678707268294121,0.0004092898108534193,-0.004836526151420606,0.0007593583326011011,0.0014772487298198023
2015-02-28,0.0,0.0003829980401395261,0.0004614357655770007,0.00045629036310534943,0.0002731537270701523,0.0004390671458711637,0.0013037215241193945,0.00014546328040099255,-0.00026279599738787685,-0.0289562361796023,0.000569992701217048,0.34042553191489366,0.17574936865275004,0.11441831258306867,0.022124280692398246,0.0064572503541797666,0.01737978785958605,-0.0005893436882932201,0.00047095442745703764,0.0003168876456027814,0.00031473770668277723,0.0003818783119469149,0.00024708447517496346,0.00016129566150624441,-0.015932511214408196,-0.0013651290059683019,-0.001457202583709294,0.003119760424670437,0.0006008658255660659,0.001156947805184938,-0.13808075369391215,-0.07454632672680628,-0.03305984756767366,-0.004366127790986329,0.10160118192782686,0.06743258078812042,0.10105691778750248,-0.33333333333333326,0.025213726503280576,-0.008854337162347625,0.019233380543458356,-0.00010762470292480231,-0.0015467784739381374,-0.006010109173821165,-0.01620857104736695,0.0005608561763801312,-0.0008881615604560134,0.0023176857545945673,0.0007585625144475028
2015-03-31,0.0,0.00044186382072086694,0.0004901783018755879,0.0005062456174380614,0.000440149521210742,0.0005209510397101713,0.0016721672475972227,0.00024451123514146467,0.0002227950135613721,0.011804840397732441,-8.085599714835467e-05,-0.11111111111111105,-0.05827929375416785,-0.018389296684467316,0.004244464724196373,0.00318175914387564,-0.013946757954983013,-0.00015828141717477706,0.0006893761304396229,0.0002642957365905918,0.00048774550133168226,0.0004077823316663842,0.0003274366143486418,5.628183125239161e-05,-0.00828302623390964,-0.0007326079347451664,0.0010533156916956443,-4.1571865825873466e-05,0.001693944161503591,0.00026228742097766933,0.04787685236979922,0.03761614039365546,0.020687717907160286,-0.007373879202853373,-0.01855301440667323,-0.024076317046680895,0.008769258230156174,0.5,0.01309720500092948,-0.006766761957222145,-0.01477948501663151,0.0011949895208995809,-0.0008514752598042241,-0.005518525801185281,-0.014473207614407513,6.098336227777779e-06,0.00039560243364133996,-0.0009753192203881822,-0.00019078451519682904
2015-04-30,0.09090909090909083,0.00038873910749637197,0.00018974930096082865,0.00047705758909688534,0.00044491142632030467,0.00028768465238759866,0.0019000985166792717,0.0002923536038081931,0.00011845018510725502,0.031242714024203533,0.0003269927491171831,0.03571428571428559,0.028973917306937436,0.034061278668098494,-0.017073126420423357,-0.006360651155385755,0.03275130183169339,5.524315972360583e-05,0.0006197248559529633,0.0001279269473775102,0.000443756477724655,0.00019129448972132757,0.00039841023444608936,0.00016562440945588897,0.0,-0.001182205914400214,0.000178664929412653,-7.070688802546243e-05,0.001393234716816627,0.00041714044371521375,-0.016660070698558238,-0.022892731836892333,0.011039321544349612,0.008904523898181083,0.023561960198365872,0.06223107997326571,0.08730917415298745,-0.33333333333333326,-0.008594605319204751,0.009070956706170419,-0.001381148911224206,0.00010090686982056063,-0.0013118146701046607,0.006687819761396874,-0.001717514417568955,0.0004010224679147356,-0.0005934778800522622,-4.4037740028257666e-05,0.0002698508469547445
2015-05-31,0.0,0.000313811904678607,0.0005994635100645684,0.00033270239227523035,0.0002568518263696973,0.0005754762209009279,0.0022325165946710523,0.00031584517186833416,-0.00046035969181990044,-0.013813142017879532,0.00043193531765162163,0.051724137931034475,0.027471216685802657,0.020348457445182877,0.06424734943303045,0.042414132238423496,0.020757846664372526,6.1531647326251715e-06,0.0004178644091967776,-1.2321770399115195e-05,0.0002932959308390437,0.000517334141826753,0.000263609520836372,0.0002010288946454608,0.016576895965228378,-0.0009704304956612564,0.00024350195547939713,-0.000471046356309901,0.00016192393745950717,0.00020252498644834915,-0.01703111083923503,-0.0010404022797598778,0.025598373357964332,0.013022095651355814,0.02677300209267197,-0.04524270278489906,-0.056690160005018364,0.0,0.07674502502466041,0.032828774216692835,0.025786221669616305,0.0005959459663931188,-0.0010609680015588596,-0.012059686168742756,0.0163376150525687,0.00046583438547243006,0.0024621556089876595,-0.001416639197178382,-8.133319403125228e-05
2015-06-30,0.08333333333333348,0.0002174999370583297,0.0005029899627413403,0.00048404859981254766,0.000281897005356635,0.00028080042071354505,0.0021272793175299842,0.0002240442216749905,-0.0008434712771908659,0.01579850234590441,0.0002684598355906509,0.049180327868852514,0.059960728275206154,0.06251123310866058,0.02572756765763673,0.022522835020577725,0.002216292174350043,-0.00014234026447368375,0.00021718973406614772,-4.557049070541552e-05,0.0001481231043802822,0.0004185239148164488,0.0002587634093065283,9.287720398543087e-05,-0.024651986564855566,-0.0006571919019080497,-0.0006742549753683269,0.0009780837882904514,-0.0008716290732591059,0.00045795764246903126,0.09607489010252501,0.042212172293891514,0.022182088677400902,0.035775420934992086,0.039572201658030215,0.0239822716805147,0.016362142079369812,0.0,0.02701483353183476,0.016427779381460894,0.01916247412634009,7.712760017830611e-05,-0.0007029559856738254,0.012663209614157012,0.022675506961891134,0.00024341374522451886,0.0013616603175030662,0.0012421013375061296,0.0001277943862980635
2015-07-31,0.0,0.0001454516417378482,0.0002882956450860341,0.0006630994649348132,0.0003748302320061292,0.0004905572587317053,0.0018080490016036954,3.5165504495449085e-05,-0.0009465238428227885,-0.007069599018485473,0.0003351048580535476,0.046875,-0.03600863168131774,-0.037891677910725674,-0.004698381113723671,0.006262174597213566,-0.03860833291630228,-0.00036488634407461085,0.00010788884718793135,5.915984692683729e-05,7.671808568443517e-05,0.00019672236395540388,0.00021386188467520384,0.00017474396705075002,-0.008693240897234444,0.001341034916842343,0.0017993780503935408,0.0008091568064272359,-0.0014518993593922724,0.0004937562909346216,-0.12932097210378202,0.03252049682152913,0.02108620320524368,0.003866347300277795,-0.00785406429226998,-0.04396621499386277,-0.10495499980915224,0.5,-0.0069193927482291695,0.021671836289300694,-0.004958407241591134,0.0006544079021388871,0.0014322678286446955,-0.0068586325432140605,0.01602737137355481,0.000264827668591483,-0.0008730418329732093,0.0007478667379718917,0.0002968364443995952
2015-08-31,0.0769230769230771,7.964550267169912e-05,-7.638881047711266e-07,0.00037430644556812886,0.00018817549039251702,0.0002682836971654723,0.0012087866974812567,-0.0002365166134195018,-0.0007637782093867784,-0.0019940142244206926,0.00023432454560090576,0.10447761194029836,0.0,0.002682478755067663,-0.013173078627335966,-0.0008847145766758269,-0.0425612830779879,-0.0006296239864378439,5.888369642104152e-05,0.00025925379870495036,4.756896093427443e-05,1.5461971095254157e-05,0.00017357142420459937,8.366282763372368e-05,-0.008912075405483555,-0.0003662182407666581,-0.000645066283850193,0.00017257081288302167,-0.0015788921655917054,0.00039721264851033666,0.3138436426763378,0.028150459572642506,0.03787072706755845,0.0238592469381802,0.009882346611685522,-0.0406505801294228,-0.05042359503835281,1.3333333333333335,-0.037741659380876924,0.02614384860925756,-0.017761703869616063,-5.4970688098010534e-05,-0.00035891474204430285,-0.0028242494627306325,-0.0012149754854506867,0.00021278608984154346,-0.001956322959472123,-0.0007803694790434745,0.00048753741115437066
2015-09-30,0.0,4.761620874038641e-05,-0.00040913933881026043,0.0005144524362825642,0.0003719741627155049,-8.390395077728652e-05,0.0009354100296938839,-0.0003992034680788681,-0.0006610349663616066,0.011355463701820057,0.00012889596827991845,-0.1351351351351351,-0.07431537783222397,-0.04103336510717792,0.0036692921991305916,0.013134686982200883,0.015283753285287416,-0.0008139776160086543,4.6971492277725346e-05,0.00033799850538751564,3.64732046764793e-06,-0.00029838425344730357,0.0003111384232081793,8.001827457015942e-05,-0.009140853062108545,-0.0006023945370347006,-0.0005722226228382921,0.0004262198491797875,-0.0015660697719949157,0.0005408095815084835,-0.04238187253275383,0.06764540990243906,0.023314035831977886,0.0024022845158175876,-0.02975135763237835,-0.0903397704432537,-0.10770173617525058,-0.7142857142857143,0.017064452085792547,0.026331208010759832,0.0026150540226783647,-0.0004080602505004416,-0.0005984835917128839,-0.011456782942077193,-0.012071577903924768,0.0001331573758354132,-0.0027786379160232855,0.0015685315822910884,0.0008473566901878726
2015-10-31,-0.14285714285714302,5.79906653157547e-05,0.0001799019286072845,0.0004348858724714244,0.0003361582960035303,7.278375809138815e-05,0.0011956220856883526,-0.0004551741893960015,-0.0007964638276155567,-0.02047841376695181,0.0001857092838160046,0.171875,0.07112024657400795,0.028752398752484254,-0.014755521922907522,0.0,0.004114438169579904,-0.0009793682072807286,6.831350497282784e-05,0.0002834174386368016,-7.111105934110018e-05,0.0,7.103296697574812e-05,0.00018876382032928518,0.0,-0.0010173264399484516,-0.00029379605876822534,-0.0015844966847056163,-0.0016591182272526206,0.0001414643004555849,-0.14256564189210974,-0.04887537573133882,-0.016195985634136933,-0.006008997810411865,0.00415996194700452,0.05524224379809883,0.08371777841061734,0.0,-0.011142351093366143,0.0165960678607886,-0.0131500722376654,-0.00029552670144716853,-0.0010361808028267472,0.006976626244701967,-0.014507528938659364,0.0002491765689305314,-0.0016107025572804634,-0.0009945602763610228,0.00026945416458135085
2015-11-30,0.0,9.815163350035405e-05,0.0002171381536757444,0.0004386399476692393,0.0003509942341490824,0.0002419502948383112,0.0016727257347302071,-0.0003641450657333456,-0.0009799462438915274,0.01467886915570693,3.8480663256734715e-05,0.2533333333333332,0.05442277958253361,0.013644438737022258,0.01374207668022831,0.01015256099409334,-0.021644826336517542,-0.0009905190757315552,0.00010827003259805679,9.873683348615714e-05,-0.00014205614165208047,0.000134916358863979,0.00023068104598245043,0.0001334517640012578,0.009225179068444778,-0.0015466055899737707,-0.0005826337589880382,0.002907117839253903,-0.0016794244846380924,0.0008888735997298891,0.02300258789015075,0.03621942174011061,0.001663844583041918,0.012031897864852148,0.02239213833698983,0.025251115660753776,0.05637814396240404,5.5,0.02602840103781001,-0.011386845207056129,0.02508570218299866,0.000335231918917156,-0.0016014563536841386,0.0031445526005553504,-0.009038637485275003,4.9087884305576424e-05,-0.0018314137906514372,0.0024595332127039793,0.0007115572094082978
2015-12-31,1.0,0.0001628835976976717,-0.00019567620290739107,0.0004061603956491133,0.00022663026291658284,0.00024560046119881385,0.001955217533719633,-0.00022338097594309936,-0.0009393443511456212,-0.003171602814661778,0.00041161363562447484,-0.23116384808352142,0.04173273554710888,0.015878855570748085,-0.011068838153306615,0.0,-0.0341537981622303,-0.0008858738447579118,0.0001547624939763903,-4.1000055018614034e-05,-9.834274596665082e-05,-0.00018135784444817116,0.00014180361947890852,0.0001609021829713786,-0.009140853062108545,-0.0010598998507197477,-0.0006628126671877066,0.00021803321944791065,-0.001989263620625792,0.00048560041102252427,0.04034018632039116,0.035819457825504,0.00495961571840442,0.028744240050486702,0.009747091678319109,-0.02048403652040176,0.005208733436980584,0.7692307692307692,-0.010762407185476497,0.0033103295832976887,0.007533094974973675,0.0001947874608829725,-0.001095555444583951,0.0030908520530092964,-0.006033505429139163,0.0003508797454156998,-0.002266675619560732,0.0010826787777049596,0.0007022522892283778
2016-01-31,0.41666666666666674,0.00023906670977269506,-8.339526782263906e-05,0.0005823809167362359,0.00030166638270090473,0.00022118095620693445,0.0017355489946075942,-5.779762771829233e-06,-0.0004574100426067984,-0.006845177919512113,0.0004967991538959993,0.05160330492068721,-0.166821605703098,-0.0897884054672593,0.003753272957602416,-0.0008303830627302,-0.04277481913205816,-0.0005338092746407508,0.0001911943480028544,-0.00010739304767160007,0.0001099196522040824,8.850215349287538e-05,0.00037837592225087313,6.650002130492716e-05,-0.018920816246773997,0.0010664300666349824,0.0007623219637407086,0.0010162492525784828,-0.002469492892945069,0.0008890876704630291,0.033352227026083536,0.04735009014954428,0.039814848159338556,0.0021793116003381297,-0.033347019884176654,-0.05636060710449731,-0.063715901381737,0.13043478260869557,-0.020379752106170046,0.022667129504799766,-0.02786676358225071,-0.0004935969744213065,0.0011400058656931833,-0.0014167982557884429,-0.007175705579552605,0.00017889103051627053,-0.0009372008082216832,3.199600294867544e-05,0.0012731210796985692
2016-02-29,0.11764705882352944,0.0002967148606920489,-0.00024200539930174791,0.0004890513907047644,0.00040942913773278633,0.0006479763603028932,0.0011290076042784758,0.0002257396111318144,0.0002809492966262539,0.01641215603621049,5.028801244466585e-05,0.026315789473684292,-0.05717328991654602,-0.06532922385795048,-0.00499066887589128,-0.0092278019996348,-0.012190790018646647,-4.2612438747813286e-05,0.0002066724130362907,-9.03031287015077e-05,0.0003806799028471808,-0.00011283656300764555,0.0003731648681566391,0.00012637340343091275,0.009724581940673716,-0.001117176512388074,-0.0009035582739771453,0.00041094725016188605,-0.00284914744338316,0.0008361167552353166,0.005361698931233949,-0.0010514748370017424,0.010338722502902797,-0.00984927747978448,-0.02962474781861224,0.004707442875956147,0.023089687456439023,0.1923076923076923,-0.047526998822775,0.030459366574151492,-0.02306735066595711,0.0006745409815493986,-0.0011842177764225248,-0.0007128405203962185,-0.010997585838211088,2.6376725135168755e-06,-0.0013631544926460126,0.0014427785336139642,0.0007775025638840916
2016-03-31,-0.052631578947368474,0.0003628041215448796,0.0005694122345527575,0.0003836511181607438,0.00029659848390317656,-0.00014778516965407995,0.0007753345129557498,0.00042734466565885754,0.0008969642244969211,-0.013723753835592878,0.0002449872000200859,-0.06410256410256421,-0.005660990117488884,0.014378583678191337,-0.017879174493999894,-0.01823834843761818,0.06030306003832986,0.0003369610890142649,0.0002508710573003725,-1.2549666724259723e-05,0.0005545773373047957,0.0005040499381288033,0.00030853212440917765,0.00014962044925215245,0.009469053244020031,-0.0016575199279297292,-0.0003288463733462921,0.0011414307972030802,-0.0032612987496546397,0.0005191267257502741,-0.1190943840627191,-0.0384414682425086,-0.06552193600750733,-0.057276441461134864,-0.017990491055681956,0.08985029885716567,0.13750736532482244,-0.032258064516129115,0.012778125335609403,-0.04795246123288799,0.012606684321675221,-0.00023923482985122035,-0.0017716766856590294,-0.0016734994224183453,-0.015737694401636637,0.00023514135761493193,0.0008411566084878253,0.0005049421710785484,0.00021378900540658385
2016-04-30,0.0277777777777779,0.00035540838267533736,0.0006951808960904415,0.0004510974964706538,0.0004684256018454569,0.0006278112333772956,0.0005165293884474842,0.0005125170764459508,0.0011809317716091616,0.006515925896881436,0.000126043766105699,0.0547945205479452,0.03932310434967978,0.01743436625624195,-0.026945527397614133,-0.03147067261519976,0.02183579131395419,0.0005328206666339597,0.0002738758228348903,0.0001410043747502865,0.00047561637962556524,0.0007051221250529149,0.0005299306545427651,0.00011129269843368483,0.009225179068444778,0.0006877622554963825,-0.0004340265238644836,0.0016441412569734304,-0.002883543733168459,0.0006700687405776229,0.04092762861333754,-0.052838190905662,-0.04604007080079897,-0.026579359974533312,0.004619315222942788,0.03506563297565379,0.047385239306174665,-0.23333333333333328,-0.012616904942901686,-0.04380663090003922,-0.006886844657870705,0.0002841381985887459,0.0006920157175747121,-0.004860666602222952,-0.017508056899244284,0.0001794120463289861,0.0011496420024812437,0.001430470721399013,0.00032537080923566997
2016-05-31,0.0,0.00034009662866396617,0.0004290544557186138,0.0006161884187800837,0.0004289833215194161,0.000345384834827156,0.00047732473633499417,0.0005556090026908045,0.0012596903222568123,-0.001837259625882326,9.176837113034075e-05,0.1298701298701299,0.046973629839479614,0.003390771396156733,0.004229310572021028,-0.01092233138913079,0.0357589269909655,0.0006127415312904283,0.000313353016610618,0.00034663457970407485,0.00027474671766825054,0.00035145894651478216,0.0003662640164641129,2.6334336499900246e-05,-0.02788871690775563,-0.0004870071043572288,-0.0002958546320432909,0.0018917619010581088,-0.0022863379639632697,0.0006678976277492144,-0.03366168548148163,-0.017137058267709504,-0.00384611171475413,0.005553589854345953,0.01588829591496599,-0.0649828402324939,-0.05368150706565078,0.21739130434782616,0.0021443281276380954,-0.020290799359781397,-0.002794697028282389,0.0003131100763149597,-0.000563945075540695,0.01364693901023073,-0.01739930885488894,0.0001200697714032195,0.0021733331487543417,0.0013419920235075988,0.0003703110326291892
2016-06-30,0.027027027027026973,0.00031241498100098575,0.0005034880944398967,0.0005904350831240635,0.0002943037673881488,0.0006547478733143208,0.0005410066827153948,0.0005336515469498426,0.000992040762435975,0.006635403501320747,0.00025287192526857183,-0.33333333333333337,-0.19093423453745095,-0.12600194588503633,-0.021335494963280355,-0.015408272088736075,0.010884577998669265,0.0006089698937570276,0.00031798554346762486,0.00045426099742540416,0.00014092345766858472,0.00037705387307007676,0.00022332143893355472,0.00014673231031614442,0.009724581940673716,0.0010418895014676632,0.0004033267148118025,0.000186862413891431,-0.001583451051549889,0.0005545215179754148,0.033290352978796456,0.01743585757491828,0.01532494290822628,-0.03677275195759,-0.05023761222803269,-0.0608212060840968,-0.0410494557427713,-0.0357142857142857,-0.03944859548931712,0.0038090769783822864,-0.02286504940804368,0.0009297991775083503,0.0010410581600435176,-0.0027664678893958294,-0.00850028102812772,0.00028939641885705747,0.002347283645044218,-0.00012316911948828668,0.0002730428010901953
2016-07-31,0.026315789473684292,0.0003253949728259098,-9.146268586157635e-05,0.00043030123184140123,0.00021069591338651605,0.0002116818165187606,0.0007677767763885068,0.0005281047176872722,0.0005215769679396409,0.004153440313114487,0.0004277772612686359,0.15517241379310365,0.014182178123644418,-0.013286846712256661,-0.03332567013506205,-0.03373337893982964,-0.0220637768208235,0.0006254633234075158,0.0003254367879539366,0.0004845640306774257,0.00016300871707519704,3.7217456787086434e-05,0.00031263248384894027,0.00021172411591496854,-0.009630925219214936,0.0002475646386197461,9.318588528817173e-06,0.0002664078291456651,-0.0011476759600562714,0.00039221990660665007,-0.09117405928843625,-0.03789230759996498,-0.04030459964364341,-0.02619020868991051,-0.015031362689302608,0.0420505856485367,-0.03442849309131257,0.11111111111111094,-0.053208547268617234,-0.032895456493572395,0.0,-0.00016259171286192586,0.0001903044351803107,-0.008297130843781586,0.009356974340159141,0.0004571888629112397,0.0001011678954487838,3.08063292386862e-05,0.0006091380025667892
2016-08-31,0.025641025641025772,0.00034315315692134973,0.0003354213080213331,0.0005129362772882118,0.00043219828507123914,0.00026002361769195126,0.001072084437679921,0.0004914237189728166,-0.00010745982904281082,-0.007918116562527056,0.0002683338076772124,0.19402985074626855,0.107149598253375,0.05291056874659561,0.00639800089888265,0.0023141315889629865,0.00040100247034802194,0.0006222732802625419,0.00030573210907380854,0.0004048416150363998,0.0002937443445469867,0.0002996854948693617,0.0003796820218964214,8.673377172674357e-05,0.009724581940673716,-0.00022311056157209297,-0.0009313059319383532,0.001975707359374468,-0.0008306836007729856,0.000747214538826757,0.04450943434045973,-0.04857646480279465,-0.020841678041431555,-0.0016152139882210648,0.032722215880076844,-0.00883997881809806,-0.020863236412815178,0.0,0.007885031123677999,-0.0082292162082519,-0.007484189041100264,3.839266839333888e-06,-0.00031178542532372955,-0.00048776090375313164,0.03217392511011563,0.00025855882758540893,-0.001115694469073003,0.002754906586242223,0.0005646059855333174
2016-09-30,0.0,0.0003455788573751839,0.00047547236815925764,0.0006074372290900687,0.00030411705877320117,0.00048261523116521765,0.0012869579537877485,0.00045155851061973173,-0.00023765916299911538,-0.013017546038303962,0.0004381092223435523,-0.03749999999999998,-0.029462519848927338,0.008147428218335584,0.014091379516484537,0.008011933030062757,0.0026189329339423306,0.0006777073387558286,0.0002689086346179259,0.00027383644176715016,0.00038388393519217523,0.00040827194336556794,0.0002853072624591224,0.0001726042839087505,0.009469053244020031,-0.00019068425821711088,0.00042133166853020043,0.00046947586903667293,-0.0007138571697778984,0.0005286078335253741,-0.00339357159949627,-0.011912833900254993,0.017074513514559353,0.006448672665071875,0.014218739623879761,0.05672668078079601,0.09308376484979042,-0.033333333333333326,0.023045209219911156,0.0,-0.0015183341836724207,0.0004591435864984561,-0.00027162437321437416,0.003393657401468353,0.038368647822676794,0.000438862288957953,0.0003052683592670302,0.00022065503097223882,0.0002585270746078283
2016-10-31,0.0,0.00036295863647062276,0.00042448799103111945,0.0006092035223477232,0.00021736565405761077,0.00016769903964997113,0.001513792908226952,0.0004589117036861712,0.0002505026514900699,0.029586767793263302,0.0004078215188823009,0.11688311688311681,0.1004746448867575,0.09240350558348687,0.01511075309466392,0.007844156064559682,0.02477615465854277,0.0008777126068955088,0.00024353732373616488,0.00013021703574023213,0.00043943746804453454,0.0004399816293643166,0.0002761596230786978,6.266671336385699e-05,-0.009380231334076394,0.00014932122871336162,0.0003132545808763876,0.0007929214464663659,-0.0008756698733500823,0.0005208636204561135,0.08803695226145858,-0.005653344540055838,-0.016787868821486307,0.01731756931482087,0.03844304230529305,0.051061831256276724,0.062013830820142335,0.13793103448275867,0.03623164548715452,-0.012616904942901686,0.007569081537535771,0.00019449695120066224,0.00010275280776217421,-0.009804058008859418,0.02915214094048535,0.00038858538078034854,-0.0002033959418689113,0.00016022026291118152,0.0003501580123255188
2016-11-30,0.02499999999999991,0.00034840194227903076,0.00021365682071383674,0.0005106627666555674,0.0002452563710344524,0.00021331336843077864,0.0015642985851773705,0.000454808046254529,0.0011171358853949709,-0.019659402271043902,0.0003149002181090932,-0.13175820059537768,0.2424960136305203,0.1639279823017754,0.049619216383317344,0.035378297258076064,-0.02154430405580221,0.001066260050703427,0.00020082308988089714,-2.0184555440727614e-05,0.000413896878153297,7.176203459491326e-05,9.55691280182247e-05,6.899111058822349e-05,-0.01942935316176575,-0.0008282123773806216,-0.00010835217908666817,0.0005927317078531225,-0.0011715217306230707,0.0006005257316907819,-0.07994759038115973,-0.023334258829323384,-0.0353145336330839,0.06409167577710106,0.08261187891599397,0.0737905540278736,0.07060252029918934,0.36363636363636354,0.07815062980266685,-0.01081127933156345,0.07882495604097595,-0.0002198262350742164,-0.0009081869813252208,0.016109102169914014,0.007770463898893576,0.0003094425272858192,-0.00040752575585478734,0.0004994153855397698,0.0004878593519477281
2016-12-31,0.3170731707317074,0.0003445117690934474,0.00045710943914167856,0.0005029405887262417,0.00031703285136286397,0.0009211139521123624,0.0015984857206758907,0.0005084420227516873,0.0015768898762891226,0.013301153802942611,0.0004733852785603343,0.055939583619658784,0.03338122538432953,0.019311252423543035,0.025507314951950688,0.011937636090493253,0.03300602910363115,0.0011727322578667376,0.00018925609441988733,-3.5383009541201105e-05,0.00038022485807553963,0.00036928151273785126,0.0002495606679673301,0.00012854622657032522,0.0,0.0015188365874727605,0.00019652252454038788,-0.00067354869433911,-0.0016056214744666342,0.00021739753814764562,0.01816364545258442,-0.04765573677227275,-0.04080415061983833,-0.006562968204107955,0.0,0.0031487006976380627,0.024495065628662438,0.1333333333333333,0.04646284873070239,-0.05233112463763878,0.034698914086252364,0.0012474821964671978,0.0016026333109888657,0.00996724591046827,-0.00309608497714553,0.0004788749683442006,0.0019288368863110694,-0.0007394076518234538,-4.268500582327306e-06
2017-01-31,0.20370370370370372,0.0003151765161968356,0.0007311921118913212,0.00042010011427762173,0.0003941270771203875,0.00046805031104124595,0.0014524074666026898,0.0005771530712674888,0.0013090201363936682,-0.007114156746284572,0.000838285036973696,-0.005778139395839932,-0.009573639850549598,0.0,-0.017305126930995507,-0.016785492222268106,0.002507966307725207,0.0010437588306595469,0.00019367865230712766,0.00012391182636828368,0.0003008590773745379,0.0008228856179306465,0.0005738417556724329,0.0001306441499542288,0.0,-0.0004884548907374553,0.0005359428618287865,0.0017309616302234598,-0.002033338580068933,0.0005525405167237096,-0.05405716895178658,-0.026057220671621306,-0.012932079154423626,-0.0053347983881522065,0.008772391866753493,0.030815549029732603,0.03315328112151872,0.019607843137254832,-0.015664896800629657,-0.0277690550716293,-0.014801077663711193,0.0006020284897605421,-0.000488809673958146,0.0006568499497583424,0.00027299595970209367,0.0007040163539522304,0.002503811279188417,0.0014164407918393351,0.00015356801418509036
2017-02-28,0.01538461538461533,0.0002547477529204478,0.0002881776446777007,0.0004611774605638441,0.0003816290546758694,0.0001992901118901269,0.0010968492617076109,0.000588843748491108,0.0005263181186339061,0.00929004212261364,0.00045378530211004353,0.017356327670094318,-0.003244294199422626,-0.021345128480174225,0.0038153602770572004,-0.002042101023887799,0.004515043929708584,0.0006932368929637445,0.00019315578731138316,0.0003441102859735867,0.00019107434068654783,0.0002913519937097764,0.0003800629152626023,0.00012235101117274993,-0.010169446183591058,-0.0008290285284948684,-6.928885413748365e-05,0.0006490163382624203,-0.0021794584546769302,0.0005832991112029173,0.026966448841211133,-0.03317976811317458,-0.010628068472926189,-0.013608237036930926,-0.01220464686955125,-0.008864129286983435,-0.015905903956052736,0.019230769230769162,0.001785744012743784,-0.0026446267962441095,-0.003520373509245056,-1.8039669065994524e-05,-0.0008105496209838137,-0.00486041059939557,0.011873359831258368,0.00044326130474581227,0.000891154913017278,0.0001881617668235691,0.00037872760288282237
2017-03-31,0.19696969696969702,0.0002767041126698899,-8.459899918511482e-05,0.0002787314918839545,-3.87581940236581e-05,0.00041423466135270814,0.0009485158854227738,0.0006566193875219284,7.285910060783607e-05,-0.009204531635996327,0.000378417748963189,0.027927817735148963,0.012952496288239024,0.009764879561903417,0.007533094974973675,0.004085341534728171,-0.01977380931299033,0.0004635739298479713,0.0002258993918267116,0.0004891451447783801,0.000176808119837224,-0.000109988279064277,-9.060193525844973e-05,7.377720664969445e-05,-0.021110023968748948,0.001337504711259374,-0.0005851770091694908,0.0012440941992948318,-0.0025181474919120372,0.000545226302891777,-0.015308873176562598,0.023952766898649447,0.013407010841175904,0.009687852311248912,0.00708628337307915,-0.015104976597360542,-0.039961292901576684,0.4150943396226414,0.00884697225458475,-0.005328073429355928,-0.002366636270364819,-0.00012919262151966926,0.001517517415591918,0.0013429074450450607,0.017353667184359045,0.00032446134285502026,-9.872335969984825e-05,0.0020038985503796347,0.0006500666862621074
2017-04-30,0.139240506329114,0.0002983608932320969,0.00022330472621145958,0.0004322561560141658,0.00020303727628134816,0.0002348501482458687,0.0006417301672281273,0.0005511788453569366,-5.226977193317772e-05,-0.005314958571382644,0.00043610727435350327,0.005361941467907361,-0.038900321327177356,-0.026874102874611783,-0.017588026763430298,-0.01125891068518714,0.008624398353275886,0.00014799961547340423,0.00021629875805828647,0.00036870181011061653,0.00020829112968034913,0.00040952241039882153,0.0004397522753305516,0.0001134130598670069,0.0,0.0021430682699989934,0.002812071764335622,0.0010495595005717284,-0.00219806895047292,0.0004140792936382365,-0.04752014762367618,-0.014191505256920478,0.010437539097503556,-0.013751198816563504,-0.014143032495047891,-0.015597032847343484,0.01407194469884221,0.08000000000000007,-0.024832046006698305,0.018603929018539134,-0.013214657256237716,0.0003242892806272213,0.0024032706094898604,0.00022271837663789817,0.00797422876308529,0.00038150645803058936,0.0014756394386419291,-0.00020453637370843047,0.0003813186784726863
2017-05-31,0.011111111111111072,0.00037163707144127756,-0.00014015125224053904,0.00042569457367425123,0.000145471778919104,2.1610108482450485e-05,0.0004288769185141206,0.00043198673129651866,0.00018337457935113655,0.0013548146986908094,0.00068166299295358,0.0,-0.020890336638896057,-0.020670824319137027,-0.0025994870226460076,-0.0020945245956071057,-0.012860133567989651,-8.232516722961325e-05,0.00022644473238409013,0.0001343214729410125,0.00031070451238934815,-9.257580470567461e-05,0.00017213309945462996,0.00012416175598106705,0.0,0.00018518513264464964,-9.044229371557577e-05,0.001508894712854758,-0.0017097325920489848,0.0005172416218321985,-0.014293848890476468,-0.009333402703118887,-0.012932079154423626,-0.014247385567033977,-0.016487080750832606,-0.035834005252741385,-0.031507057609243994,0.11111111111111116,0.003692658356751588,-0.005178123250245359,-0.009924606411171433,-0.0004390153407543007,0.0003657962296208517,0.00022244168698892786,-0.00949281500335375,0.0006057641125223334,-0.0001958024638319955,0.002703059092761917,0.0005892970292993294
2017-06-30,-0.21653867268557692,0.0004279694375100007,0.00011792876409844055,0.000444504490113129,0.00022618314913835924,0.0004256859877700414,0.0004708653351275238,0.0003957061751769242,0.000576719364663969,0.01083701434813844,0.00014529201567481387,0.05208241167989591,0.04908614639687392,0.02630370977281249,-0.022597261703399596,-0.01923798523942355,-0.017690767894296022,3.978535077231449e-05,0.00030342661806259663,8.02673158886158e-05,0.0003749485019000076,0.00018082569894795064,0.00028796755536775187,0.00011421355053609084,-0.011084051595608657,0.0004472231384256009,0.00043443017069266787,0.0003032916185865542,-0.0010394616406055324,0.00023119152959716338,0.026824958825812928,0.004054639216819256,-0.03779251292426833,0.005819247858483978,0.0018816054220580636,-0.027955195431562885,-0.03362678601433222,0.11111111111111116,-0.029967765728222573,-0.018473429135025032,-0.008904881420920274,0.0003727428404278754,0.0006742232272911597,-0.004718542240481516,-0.017589210034863578,0.0001910931794886217,0.0007821541376449304,0.0002666925770238304,0.00012954454592684073
2017-07-31,0.07366301765529704,0.000514145239287167,5.9299315470440206e-05,0.0002710988374823309,0.0001708425148427839,0.0003031104872213142,0.0008941308089973621,0.0005398609710549618,0.0011344365750018959,-0.004909003764026254,0.0003341413364794654,-0.019547397971205194,-0.016445081765144587,-0.0025278628961221683,0.0027631724285934745,0.002211693642928614,0.008066701456782566,0.0005958925154221362,0.0005039751481050736,0.000309461674625755,0.0004269836814572159,7.958720707645917e-05,0.00015667191152535231,0.00010545456982069545,0.0,-0.0005358961308405963,-0.0005757100702309392,0.0012949273480151735,-0.0004253013514778914,0.0004268100859596835,-0.031418028810294873,-0.021837954738127663,-0.008647779600076677,-0.013089822724145717,-0.0056487049852641524,0.032296349479208786,0.015610008669704634,-0.2628359340232803,0.015606045135107882,-0.030429775581620633,0.005149881876346907,2.7473970645175427e-05,-0.0003375214721241804,-0.0036822603384637498,-0.01318886780261641,0.0003829048089722953,-9.751696884185979e-05,0.0008156897841973265,0.0005062752651365798
2017-08-31,0.006062148272005574,0.0005800761934886545,0.0006952803648765382,0.0007199141794029806,0.000392472896390883,0.0002482860542984966,0.0014876860931616331,0.0007916225621438233,0.0016928175385240163,-0.005597313228873246,0.0003613721374755574,-0.005037531153646468,-0.0484308132906609,-0.04697915328020186,-0.009696306632757667,-0.008876905188137996,0.0075511214197103715,0.001421801055259575,0.0007529171382136823,0.000737046843930278,0.0004355989543134431,0.00048116407054998866,0.00023154475660103202,7.727936326440421e-05,0.011208284802659563,-0.0009755912271260936,-0.00019867310063492738,0.0011741551036936748,0.00020612042320511392,0.0004656088896313193,0.011930183017018203,0.03320895356545672,0.023075411090723197,-0.005980616264953942,-0.01730972565353761,-0.020744130485914503,-0.03491480003060454,-0.039513962043754236,-0.015366238917012165,0.00866964823485561,-0.012888026423362842,8.495664249275059e-05,-0.000779989173857798,0.007780799187987464,0.003130758783812526,0.0004176130203374928,0.00029242917890792697,0.0009791934923508716,5.1934478049409094e-05
2017-09-30,-0.00602562006971219,0.0005865311964825537,0.0009213022509881874,0.0004711606723939443,0.00019726394245678236,0.000967468266479754,0.001553616630270982,0.000985671928341203,0.00178354017327087,0.002662620061036236,0.0005847132448677517,0.06898223434882889,0.078864035684028,0.0572485611391913,0.0,-0.0011290272604170815,0.009159264722662153,0.0017891481665890385,0.0008407670620029783,0.0009978823466227915,0.00042221742224568537,0.0007984774978839759,0.0002612020557111183,5.2619711139900716e-05,-0.011084051595608657,0.00024960677449836766,0.00042157716987190064,-0.0006311489470146592,0.0006293259411898067,0.0002904958550560277,-0.03992235805915423,-0.03904807660156062,-0.0398615647715066,0.010493899402602258,0.015677739936323265,0.028144709389280598,0.04012219975453246,0.013846757738527726,-0.0039528486024063,0.0,0.001317760655229927,0.0017222828230691878,0.000522564075045473,-0.0038262163755371503,0.016237930360523345,0.000662687524442207,0.00097123761977147,-0.0013090244393344497,-0.0002057863554287831
2017-10-31,0.0,0.0005861427561677512,0.00014001114327655273,0.0006416345820110525,0.0005073798927133222,0.0002365362070142485,0.0011176963604335732,0.0011903875070415904,0.0015149696919449784,0.008807853489931405,0.0004378936248790044,0.05672668078079601,0.02832859892536521,0.012388818473304974,-0.004241646583177383,0.002258480177119271,0.008666835086341251,0.001750539018392283,0.0008132021703173287,0.0011209256247268762,0.00043511109627458744,0.0002795104965194195,0.0005255929495271427,8.40044168373133e-05,-0.011421788731619031,0.002654361220499668,0.002716323028546519,0.0010428557947386174,0.0008792381454325593,0.00043983144676573716,0.026271550673344635,-0.007266397957004234,-0.027725165464547508,0.0,0.0038090769783822864,0.013399298408184546,0.040803526105458454,0.02692003565530432,0.019636513904055963,-0.04084563983553702,0.014299085020488045,5.517905286822611e-05,0.0030618563269104726,0.01240594901294978,0.02413638146059882,0.0005409451602054194,9.675682870158298e-05,0.0013201248525753773,0.00036773980961912756
2017-11-30,0.006062148272005574,0.0005147777501519624,0.0004814491326232684,0.00035708925622635057,0.000205568037570103,0.0007256891677764887,0.0002500227290029855,0.0012497939531443958,0.0008503435997824216,0.0017707588379547445,0.00030782080930080724,0.07005618093165511,0.03837116189378276,0.009660133203958532,-0.004287586620461248,-0.005649471505968062,0.023188582699630533,0.0012183663301694736,0.0006169997952094608,0.0010103077670444716,0.000421855747697375,0.00030674664825425246,0.00010448419129360786,0.00013068599444787665,0.0,0.0005505115312831599,0.00045189759728714307,0.0008916947387831442,0.0009157051675974248,0.000204687762722644,0.03887346261540481,0.014559347365690645,-0.009701593543189335,0.015997873675080987,0.01868514587732495,-0.006587949761542422,-0.021188211788577882,0.10006747974329322,-0.015366238917012165,-0.012537584412939728,-0.005089709864394831,0.0008138133935362557,0.0008285927345177413,-0.004731616119081461,0.023887645868764462,0.000403780929618236,0.0009647674173891563,0.00044911671483993665,-9.127309880918588e-05
2017-12-31,0.0815481505972222,0.00048552717455319083,0.00038012095804274004,0.0005767841278376817,0.0003735987720823175,0.0009696783421664357,-0.00011109276302601057,0.0012520807702534054,0.000520799302190067,-0.010957256387188696,0.0003396139824385358,0.03795348350750816,0.016542241499504895,-0.004769783695953267,-0.008697556131039286,-0.0057357319538245966,0.00525001609209963,0.0007825001532790754,0.0005283971839178392,0.0009244801962182692,0.00045462032801668606,0.0003104685716603939,0.00031524608696420486,8.320262039274162e-05,-0.01177811194854439,0.000502005675657724,-0.00017847007533000614,-0.0004581361361188918,0.0010578818362290132,0.00030584330070881904,-0.00786989784834724,0.0028327000255443657,-0.036815401090420696,-0.004256863278153555,-0.007281193697242561,0.03270549700545988,0.04632076181984268,0.04836509032340541,-0.005937122800823813,-0.03251891014453201,0.011452492738802222,0.0003948433601133061,0.0007600862114478524,-0.00575591693067623,0.01605295825108266,0.00036593640787097037,0.00038416509089378437,-0.0008993045722713866,0.00013689520118220777
2018-01-31,0.05608970208277997,0.0004568586886783965,0.0007662778531787318,0.0004520907488907433,0.0006066357694376467,0.00028543942389469557,0.0002321776955154231,0.0010568363382947865,0.0005812439206822617,0.013935537986048185,0.0010119000609396522,0.07817742235712632,0.08194137767934628,0.0735006066788848,0.005862109894896328,0.004619447417175682,0.023128375165079262,0.00041051885365051,0.0005313671581799184,0.0007919910656204454,0.0004957609098825699,0.0008015033280877049,0.0006883175858261037,8.31134016436863e-05,-0.012154514212774248,-4.004350712905058e-06,-0.0004939377313467608,0.0008311659756574663,0.0012698930911254624,0.00013551912138232147,0.07582445978593011,-0.04976659381838544,-0.07738162543565208,0.02386516234636704,0.04119897050917665,0.04555284437246154,0.039113846455274714,0.04439250335329459,0.021671836289300694,-0.049115731451680356,0.01963425398208396,-0.00040880819760680254,0.00020466141519426273,-0.0004517405360248139,-0.0021509873765315213,0.0005010833770946466,0.0015283240282353283,0.0008440295244538376,-0.0004194357507678603
2018-02-28,0.004707442875956147,0.0004009413167276321,0.00048505227500883485,0.00032796505957555233,0.00035646333587058265,0.00027083195545518635,0.0009333498413777175,0.0006926505480775447,0.0008159713298010463,-0.0023804217501144365,0.00046400332178153647,0.030092213180760607,0.028817880159823783,0.03009068018713479,0.038047428523161564,0.027969838324217733,-0.0055116656148145315,0.0001541720161732929,0.0005579631148142639,0.0006081094161776157,0.0004904251135406934,0.0004584165159438047,0.0004044655060764235,0.0002198921991241054,0.012304064135180148,0.0005193154367966191,0.0021217267461703937,-0.0007427904273474839,0.0013576827041190676,0.00027123189146260884,0.13465202607994842,0.028223614729069757,0.04873317266167665,0.03408578429102005,0.03267643875754955,0.0028293771631253684,0.018256057812277904,0.07181804959892357,0.0460544581473219,-0.0114191141672364,0.028921497200172785,0.00047085482661168854,0.0007177402355886819,0.008866103429363559,-0.021365152777549024,0.00037268461866757363,0.0013252066798536966,-0.0017486094937705365,4.162024478171489e-06
2018-03-31,0.04131766705092099,0.00043354885592994385,3.468337896683771e-05,0.0005887130399120366,0.00039276942476385024,0.0004154851890829647,0.0014391041721106834,0.000534761307009024,0.0009331610861178508,0.004414551913144438,0.0004835978864570212,0.005205075774130652,-0.01928330798592026,-0.025249423103674173,0.0065616608006102695,0.013664552767945315,0.0018994350792929104,0.00011129000262433131,0.0006935082058785458,0.0006414646961974135,0.0005424307755619306,0.00022768574921316898,0.00046686302046561323,0.00012811864430006814,-0.012154514212774248,0.0009695202676565096,4.627937702172957e-06,0.0014955167294667948,0.001501918332293517,0.00043660652564558866,0.0018894395473185721,0.036343536959753564,0.06238704807982831,0.009799375663217758,-0.0030985213634757702,-0.01994265517501026,-0.03622217647446879,0.05531791921131979,-0.006862153250401959,0.056497083321789265,0.004376252299017613,-0.00015525303851571248,0.001157323352282802,0.003629744940389923,-0.02808359490664636,0.0003812910187801499,0.0,0.001863920329491675,0.0004652018633257704
2018-04-30,0.07525778379902026,0.0004086644503054071,0.00046900144791273135,0.0005180430722897533,0.0002512451132066218,0.000343199904352387,0.0011919060536325077,0.0003824806417060955,0.0005060783339683184,-0.004504101185589526,0.0004709257008201906,0.05495636537657411,0.04930494531715368,0.041415027965860274,-0.0025994870226460076,0.003066709691975422,0.012940088613621947,0.000243909060183789,0.00071198989116672,0.0006942473442512753,0.00046282169181699473,0.0005091991690890918,0.0003856460564715114,8.26525434480807e-05,0.0,0.0024125122915155117,0.0017016295419174376,6.6552968522870515e-06,0.0011530640308321516,0.00027146536779820707,-0.0703250474682261,-0.0365122517543327,-0.02031606278839726,0.020125832879422045,0.022971638738101152,0.03460546857411795,0.05582251753583112,0.02164687026021106,-0.0034801662030118363,0.0,0.015001788670329308,0.0003949591879497394,0.002644430296079081,-0.005556093913024918,-0.007427756566097954,0.000358444125377666,0.0009396721972878552,-0.0006548551482835618,-0.00011399786160426473
2018-05-31,0.003749797805773891,0.00040579097850557133,0.0004064950924160815,0.0006184024967368362,0.00035972019871910454,0.0005034784094666289,0.0005421381831642869,0.00034604349032085757,-0.0001834843391669283,0.008598593442727065,0.0005287781531158053,-0.020902686855488906,-0.02210598776266892,-0.022457906275538453,0.019290448559712958,0.01603737733152122,0.012826943836443894,0.0005337212731100216,0.0007337848176749429,0.0008583073345491687,0.0003694297799181623,0.0003672889906065624,0.00037430559411899544,0.00018593827890311942,-0.025364131293835523,-0.0020177964918633995,-0.0017934687218613687,-0.00017981951556667042,0.0006262154869975944,0.0003863802239083558,-0.010596444017956008,0.025019652168425166,0.03432112931295683,0.0,-0.014885817186545691,-0.027782914697453975,-0.02018689176717392,0.03768769347771883,0.010426018242619461,0.017190407255389673,-0.0020885828130298156,0.0008965551074837652,-0.002071245290833912,-0.0017484334402546597,0.03135619307904114,0.00044658107253581214,0.002696347265359611,-0.0004040888693364053,0.000279644878277141
2018-06-30,0.04378055304945194,0.00035442913948879884,0.0001622767300655248,0.00021250640752867866,0.00017708752692557894,0.0001912860692616647,-6.50476803897293e-05,0.0003306617963767522,-0.0005785198550144477,-0.017957588944870095,0.0005123707515075626,0.028343074302377813,0.010357931835647038,0.0038785327419079696,-0.00499066887589128,0.0,-0.00707992933073065,0.0006761424526069426,0.0006384131350904987,0.0008610569680163049,0.00028578373549148495,0.0001843903017579862,0.0001931349964290341,0.00012013797931209602,0.026024212845261463,0.0017541718219089564,0.0016234885949650835,7.99669236932754e-05,4.0577754962356494e-05,0.0004858041877902064,0.014070393841189244,0.011178077816742071,0.03205340576021154,0.01577512113848578,0.01511075309466392,0.011540896452971738,0.0088874514344226,0.012866259240381428,-0.013791748890819577,0.0231683203800761,-0.0010493019871483655,-0.00040832893169395756,0.0018610659627984472,0.0004391972836526037,0.051018070230730794,0.000493057768563343,0.0009184274882272359,-6.592132253024907e-05,0.00039850892104897895
2018-07-31,0.03030295988252929,0.00029933556387873317,0.00014059496966645213,0.0004902222740803541,0.00020889742503205078,0.0003334741551295206,-0.00046793346571838423,0.00037149297915872737,-0.0005711885132373418,0.0018805763287463861,0.000557070564979556,0.03316008426244932,0.02405402354255548,0.02089714271234322,-0.011434830771814175,-0.00390507225743264,0.010436042102432319,0.000685662590260705,0.0005071010713821877,0.000771587011036301,0.0002752200705826713,0.000226040377267811,0.0002809422826353103,3.098991672678686e-05,-0.025364131293835523,0.00026929793252206125,0.00018811419992492695,0.0006974258830589886,-0.0005070320081964619,0.0002844925859799563,-0.07456538183547778,-0.03519362944874749,-0.0502127380980848,-0.005499850593705169,0.0,0.0028293771631253684,-0.017705975674605412,0.01563766341067252,-0.007096246519905702,-0.006413759209589309,-0.0010522985061077739,0.0003967744750850155,0.0002491787429252934,-0.0006588394024162891,0.04878116706172175,0.0005789516834739938,9.151241370997099e-05,0.0008639355499420187,0.00022231456552246343
2018-08-31,0.0,0.0002174367413689815,0.0003216206360838747,0.0005375639422458001,0.00013353936271975897,0.0002934413737498698,-0.000681180376378987,0.000421324067565676,-0.00019681538899507522,0.009027504237444584,0.00044007104016130505,-0.010550472387276244,-0.02150294063034619,-0.018584525215067926,0.00129574292623591,-0.0019703589994195525,-0.009684015519209721,0.0005135190038589865,0.00031200912620188426,0.0005618532206770332,0.00029555187525875937,0.00014843814970300073,2.0945300455821325e-05,0.00014127728661184058,0.0,0.0014433142174554714,0.0006333392422730455,-6.289262233072357e-05,-0.0009406307602407571,0.0002880664761213403,0.0008248876844130226,0.004483791763399081,0.03009478562221468,-0.0033429763760601805,-0.0029505809992762533,-0.011340332733584702,-0.006088579401297367,0.02410738223004505,0.005366861795229161,-0.006499833808497502,-0.002112530424942749,-0.00010237758720943457,0.0014493963578254832,-0.003774078120843516,0.027479671698242836,0.00044340799356312743,-0.0008251457474038881,0.0002522998076928129,0.00018489560780454717
2018-09-30,0.012781023065722152,0.00017029312813088282,0.0003709312564812439,0.00029103580711575816,0.00033128943421134593,2.8393865102005478e-05,-0.0007336225649116068,0.00041851420505434334,9.186262429872194e-05,-0.004178312184026867,0.00020463866649444995,0.03976385241639102,0.03949335163095813,0.03557478720851437,0.012796727339109415,0.01077479444125351,0.00730544595265048,0.00025082698160483474,0.00022276932364362345,0.0004794153528981937,0.0002923543024109243,0.0004383804023502247,0.0003954760010778102,4.890627863041175e-05,-0.013421647043995288,9.261871245858089e-05,0.00011421663342359167,0.001451555677615346,-0.0008632218759210275,0.0002386463724988186,-0.020870697710584474,-0.031893735054383754,-0.02592384176561735,0.011108185385115377,0.01756174571819713,0.017150587011293572,0.01523854193429286,0.02857686325149089,0.019239924365683114,0.0,0.02083318095487474,-9.796491923652617e-05,-8.355550691341307e-06,0.0085954523484153,0.007221694059908579,0.00017062254936694998,0.00018383095702545482,-9.33381120515886e-06,1.6417850347449914e-05
2018-10-31,0.07230113941828775,0.00018659986995550604,0.0004205968076882449,0.0004926094247874602,0.00038041603205907215,0.0004867134858144162,-0.0007146962104638277,0.0003919038872148839,0.0002012213864439616,-0.003288749615669717,0.00042781346605313963,0.01168135237325596,0.007366713821735482,0.017438449091037755,0.019697645227032767,0.017951354336834813,0.0017050921599655045,-6.313464619922549e-05,0.0002950750543118108,0.0006235709738637851,0.0002817640430099466,0.0003686396657838209,0.00033618318683470427,9.210922761337947e-05,0.013604238329151475,-0.00035614382803139666,-0.001028461762840771,-5.8824383540101444e-05,-0.00027371351170746294,9.631239356422405e-05,0.2048472105249668,0.08029425555959868,0.06204092349837209,0.026603852280572937,0.026428036055007098,-0.02541568766403779,-0.039557424864087865,0.03220504429116833,0.031456504605133606,0.013039751081709072,0.013865384588564122,0.0008795672698125312,-0.0005094373690530674,-0.003238215949743939,-0.008776918370889786,0.00032478535247859597,0.0009162991859898995,0.0005589123987710387,-0.00018894289308524215
2018-11-30,0.0026981349763679496,0.0002320294854187832,-0.00012673552071296168,0.00047257134195000106,0.00036082530201908547,0.0005914466434921994,-0.000532700008106346,0.00032357742067157247,0.00015305262906828432,-0.004682020075741811,0.00031331108816323727,-0.013488549429813923,-0.025924798398456295,-0.024114181681321623,0.009434222152711946,0.013536576480701834,-0.049947426709899156,-0.0003821049876915339,0.0004551754581596512,0.0008422243047827571,0.0002383729650465849,7.279342303534442e-05,0.00039593186472153263,5.4426689759079494e-05,0.0,0.00016971663899467693,-0.0005341977332293801,-0.0009945634216756982,0.0006689028726383217,-1.3227234654245024e-05,-0.0494370916414868,0.060559838503788876,0.06876234508141943,0.015006620300057172,-0.003996907682751072,-0.02383521341890804,-0.043075940910237365,0.020174179576291973,0.003132222628280168,0.05582251753583112,-0.004846327882950918,0.0003324095149204176,2.1783835136846008e-05,-0.0024136546409895265,-0.020192573455646623,0.00026394240253124757,-0.002112271020291212,-0.0007079455615781605,0.00016639955919206528
2018-12-31,0.018603929018539134,0.00029995355464240703,0.0001231923606288543,0.0004927553701570275,0.00043022836905448614,-0.0008253472670866069,-0.00026491783985260753,0.0003985708722209491,0.0001051057759884344,-0.010677190586630858,0.0013559392734634468,-0.06589415929178,-0.06678422489564162,-0.05988285409050231,-0.023641470265623243,-0.007974284262550091,-0.0338404370895341,-0.00048683224694678895,0.0006182189696177787,0.0009445523814064494,0.0002426778696305032,0.00014758042361706636,0.0003721981198914204,0.00010201948399757299,0.01314489223732851,6.648763390404433e-05,0.0008168892279278861,0.002103068854955481,0.0010976720819413366,0.0008111180760901338,0.11058073463893958,0.10774404154284989,0.04522678855883022,-0.01378702089609174,-0.03304284411425884,-0.08415994853220932,-0.09674125367113806,0.009712258749355218,-0.041756367017842244,0.05525918357968851,-0.026019066056748308,-0.0017852116109975391,-0.00010670254078770647,0.0017622926402278694,-0.023302910933550636,0.0012366573034312545,-0.0012070378553717953,0.0021052533398848716,0.000814025885340186
2019-01-31,0.03290494282490286,0.0003588340021585257,-0.00014668295539310705,0.00048059333360761514,0.0004832583178797645,0.00027383827008664596,0.00014749600340868696,0.0006217599312638988,7.760465820871865e-05,0.01613061330803589,-1.9470301878987684e-05,-0.006942933864868883,-0.01836212314254848,-0.012556278769143892,-0.011212724687406306,-0.0009004291590476443,0.009217781105028244,-0.00026765043363063956,0.0007051075350106295,0.0007746197042313163,0.00028337010525159023,2.700683758805056e-05,0.00029677098034408544,0.00014439410939304231,0.01271221984793458,-0.001406250492848593,-0.002033183983065623,-0.0004993413225983234,0.0007111907687340491,0.0006102661754983085,-0.12459171778639688,-0.08913038887261027,-0.016552768165300158,-0.030086263438099725,-0.029889284255473103,0.050524528171329575,0.07928978307735113,0.0023870795131564204,-0.010448205413575051,0.027463946519863836,-0.009539711617526758,0.0005719278649340964,-0.001677392669956701,-0.016133773788205685,-0.013730440342248906,0.0002348424277491823,-0.0017803276605933283,-0.0006074963240666476,0.0005910969761588891
2019-02-28,0.0,0.0003724174948984693,0.0005392291543062644,0.0005939012110862674,0.0002879595426643622,0.0002011460865962711,0.0005591163596627702,0.0008351229423069206,6.088243981805519e-05,-0.01257807086691387,0.0004953601392725382,0.016220265298814596,0.021013762367615207,0.021078883951076488,-0.018057965640835283,-0.015550599684518995,0.01665610255301564,0.00013003942854239448,0.0006631194613317959,0.0004138614966511245,0.0003153065187260218,0.00030721573953962356,0.00016787003393070599,2.7954789763029453e-06,-0.025364131293835523,-0.0011051985710064383,-0.0011289925516931865,0.0008810095098574777,-0.00015038486198615253,0.00020973415077363278,-0.037488609611321055,-0.05206920802117021,-0.03981880052334874,-0.003303515480522101,0.015578976326988903,0.032928053687080405,0.05089573513633994,0.0047419713880596515,-0.003554383676915629,-0.03417452216280703,-0.011989892697625515,6.819558638437861e-05,-0.0013662573444869208,0.006147109588910071,0.0034728730345763292,0.0005494921500008854,9.428996484550645e-05,-0.00016625087915578263,-4.860741503309729e-05
2019-03-31,0.002399835457896682,0.0004617545212031171,0.0006788453335744293,0.0005392866422084808,0.0002607466124096014,0.000919699905801874,0.0010218118578269042,0.0010760046679698654,3.441369624845869e-05,0.008617527881890297,0.0002952900513304435,-0.05854055493899257,-0.06832063376242214,-0.06813687431231663,-0.0026709385863590285,-0.01046344880066885,0.013820034811666826,0.00034588302043614405,0.0007304223442192725,0.0002982430410047865,0.00037777214300094286,0.00040191589061433497,0.00018633764468845015,0.00012681638635925196,0.0,2.281896673128614e-05,-0.00047067279966084286,-0.0009159662844709926,-0.0005164449103520763,0.00028565701281846323,-0.02545208914942132,0.016368275374009533,0.010557578775655774,-0.03655321578255766,-0.042249749635419276,-0.02219889205749115,-0.020457023927157092,0.002349515731598917,-0.00718767585179747,0.0,-0.03323009474086025,0.001292377796799471,-0.00018328502863640406,0.010409733038134084,0.013472151654682074,0.00043779195827342576,0.0015021258849678976,-0.0011043938569784695,-9.930846861971876e-05
2019-04-30,0.0023870795131564204,0.0004918841712968636,0.0006744354305967537,0.0006151285292208541,0.0002937502670159464,0.00028009383532601184,0.001284102010724153,0.000984290991325354,-3.2580501541756846e-05,0.009281399288922465,1.866350897405944e-05,0.0,0.013101508904620696,0.023561960198365872,-0.010825847245909959,-0.013749758344489882,0.022586465820532586,0.0002205616900812224,0.000676548480556427,0.00036312574789842955,0.00034090258170493826,0.0006507404486750801,0.00046505321540379896,0.00017174035733891202,-0.013421647043995288,-0.0011674596746948929,-0.0014170449137569374,0.00126164949003571,-5.023771561563084e-05,0.0003809908878897872,-0.015225919028624468,-0.04042454985997701,-0.031736931844441485,-0.008619521790754758,0.008381232606193167,0.022702870632047123,0.02432201478255025,-0.004694840799878253,-0.0073128422059804965,-0.026214263637917345,0.01683280280499555,2.5119624284641873e-05,-0.0014507023155060361,-0.0026408994531899044,0.010289674344138966,0.00018210602330692716,0.0012099162218697224,0.0010963610541965263,-0.00016030533787037005
2019-05-31,-0.0071652074864119175,0.0005385769666430562,4.432670107101799e-05,0.00046905645265038487,0.0001500610839717531,0.00045652892651193433,0.0014665416592789526,0.0007730725433103824,-0.00012925393244300754,0.0022886523038323503,2.316337018326564e-05,-0.08692242158455576,-0.09499652667980418,-0.08871600412286396,-0.002765252153920872,-0.007099668392026026,-0.011466866564177836,-0.0001635571644807987,0.0006434655220706187,0.0006259146055522802,0.00028354182287104734,0.00011334616211389203,0.00022070403950524842,2.1160767178951545e-05,-0.013896824910036853,0.000297961275587566,0.00020868184186118022,0.00022799496133907304,0.0007505122317885693,0.0006228764761646577,0.12597630596588494,0.10750458541633257,0.06177987752825831,-0.0164760767410973,-0.03908333095684857,-0.06826298484757609,-0.09503274159121267,-0.007127302276756842,-0.02255742088956536,0.016252089777381462,-0.025003791072434667,0.0004615169327619739,9.196699711511158e-05,0.006129117808189033,-0.0025763279004616946,8.310916095521925e-05,-0.00037100620971242115,0.0002862650951727108,0.000863965086127072
2019-06-30,-0.0024198390338127096,0.0004925548057248541,-5.839836020715694e-05,0.0005007678707742436,0.00035549942035117965,0.00036653089344329537,0.001209612634854862,0.0004498474446612555,-0.00021535054558352584,-0.005499440045388604,0.0002210721220914369,-0.06489547341544222,-0.05560149634965639,-0.0398615647715066,-0.035699997879644174,-0.017742309397147382,-0.025489093181616518,-0.0005702499030635355,0.0005583678811582615,0.0007378835747917645,0.00021645568711559093,8.856447821048441e-05,0.00042211979152995127,0.00011350633726636694,0.0,0.0002601971517639523,0.0011270105932332797,0.0019756614795931604,-0.00010003498370014796,0.0008628847635512304,-0.06827951892699136,-0.056734250256226804,-0.014786703867115336,-0.03904807660156062,-0.043094738874034144,-0.018271325035992603,-0.02064814843478724,-0.04444775623065034,-0.050501626923346477,0.04123541214182391,-0.03328948105150964,-1.965729635877711e-05,4.983121401069823e-05,-0.0038964318450215307,-0.0165979990539864,0.00018659353109407029,-0.0013047961129132313,0.001622654662065015,0.0009946790923394122
2019-07-31,0.004844272762148272,0.00040931845338887385,0.00041403288568364616,0.0004497221907857618,0.000367566657060614,0.0005832854546765631,0.0006376370658589536,0.00011888859757025472,-0.00030632329937463343,-0.0003388238176038616,0.0002660132376777202,0.04908614639687392,0.028144709389280598,0.00604812342552985,-0.020087588823736735,-0.019748867972297357,0.011742853662918273,-0.0009953026349895921,0.0005027955569560927,0.000716789205647661,0.00018526338055258051,0.00028601531901806254,0.0002466066606567896,5.002185597602349e-05,0.014092668253267826,-0.0011202262768725824,-0.0015704081037967166,0.0002391217053250294,-0.003127135070754572,0.0006300251681858882,0.02256323535762994,-0.017249507463157787,-0.046714791277184475,-0.004350217896318065,0.0020148331022462607,0.025961007263875624,0.012699537401617,-0.018795328435126102,0.0,-0.04214228446937551,0.002715327311706872,0.0006489444425987756,-0.0014082620745872187,0.0004381202751451152,-0.031491899109928334,0.00010065542986570364,0.0003742108442890135,0.0008526108077715477,0.0003724280213779352
2019-08-31,-0.06761242702868997,0.00027720501204075987,0.00016415696319671547,0.00032122413445723197,0.0004045932273388786,0.00038802709232177435,-0.00011955468294810867,-0.00022094421271112719,-0.00033257538117770213,0.014495785587338217,0.0006373883816996884,-0.13659823987886477,-0.1652711405656475,-0.17097030676166491,-0.051504220938798695,-0.04857917712482607,-0.010944728572448992,-0.0012995069770189716,0.0004354178406462683,0.0005166128937823533,0.00017509631964807149,0.00010892497602221773,0.0002154959530467071,0.00012269887308558047,-0.013896824910036853,0.00161872417160569,0.0016328998663304173,4.084539729931613e-05,-0.006836053102388662,0.0005072572820710164,0.054391178775389015,0.024926784480188813,0.03566434157838394,-0.04849290255567762,-0.08717680377463821,-0.07795008773754108,-0.09105454193275275,-0.04543224158710035,-0.10587477330498751,0.005295082051137268,-0.02339039617910965,0.00048315974107748794,0.0014859361182710806,-0.01967598066314369,-0.044207708543363644,0.0005266244118991015,-0.0014066111741111165,-0.00022604691482108752,0.0005255270902995157
2019-09-30,-0.025569364792725757,0.00026005488063218785,0.00027601836704227445,0.0005757678518698572,0.00034544668846669957,0.00021454701025258593,1.9127785942041342e-05,-0.0003298437275676136,-0.00010481526452488232,-0.0065903515497269805,0.00033634835724694057,0.05532426832674808,0.07437218709538929,0.07587773206698656,0.009038384845031056,0.005167100018678372,0.009355530603957218,-0.0010916609091260465,0.0004237963339555062,0.0002673241255837233,0.00021403948214704371,0.00019097845743876185,0.0001599085421029045,0.00011253352291462626,-0.014402421895206463,-0.0006679321957947515,-0.001584028117236902,0.0015109226052429925,-0.004446611948404344,0.0006273489263983745,-0.04925299464340538,-0.013256467774611758,-0.015719690335960768,0.014715078015526517,0.03386495720752247,-0.008411614454657435,0.0,-0.018507675441371885,0.011195865963667284,-0.007913068820524227,0.008553181758086392,-0.0006509147591726716,-0.0009122997721410231,0.008153398526346667,-0.044531196268979056,0.00028034470613858,-0.0007555708507271941,0.0011716448131433577,0.0005248382604623458
2019-10-31,-0.06437947558061419,0.00041855179406180554,0.00050665988024301,0.0002294251697019245,0.0003924993093002982,0.00020333246562853624,0.001297038862050126,-0.00019262506840922455,0.0004147701296446371,0.0014784435055383849,0.0003805873232383128,-0.04418372120144065,-0.016889988452279292,0.0037779830001631876,-0.0035695613884298982,0.0012785910988259985,-0.01304935841548338,-0.0003753580243399668,0.0005235572526760546,1.8472951826442596e-05,0.0003300909484584835,0.0004243920589455108,0.0003255474142700443,5.537352673457008e-05,0.014612882798373805,-0.0018251076354268703,-0.0018954890171731797,0.000624115537735781,0.005497333245625846,0.0008715731783317526,-0.0676386128423282,0.015846229475437124,-0.0053901978666400785,-0.012875155102159419,-0.006907060686907163,0.00424983436497639,0.04398646642979931,-0.0829631883572105,0.008212340445692856,0.0,0.019369193981068955,0.00019249308804170084,-0.0021152284809590194,0.00530706200944131,-0.03264058489210431,0.0004129218958828229,0.00018931956932455307,0.0006706205980901991,0.0007022432012031565
2019-11-30,-0.1001496537580363,0.000539701715319918,0.00050428756621268,0.00040255132397670756,0.0003887999961900146,0.0006743159023472334,0.0029457681793694235,3.848521960869711e-05,0.0007325111255183092,0.002906329474807734,0.000428053656471139,0.03796698063003112,0.046606941706551774,0.03325756855923667,0.008922674572313216,0.0025461488581439706,0.013566214163532653,0.00044354420052505894,0.000652068359527247,-0.00011618425318171699,0.00043977938198769273,7.369059498518737e-05,3.6811387293278486e-05,0.00011505354968388559,0.0,0.0011789541589186658,0.002065002399089133,0.000868455166936899,0.016193987283437572,0.0006809302806924933,-0.01623947902796119,-0.015599043453279116,-0.027618738981324054,0.0049199069743552926,0.011558697718190958,0.02916454394392054,0.02723402014198295,-0.04251387869277068,0.023984486138515004,-0.021639853816224686,-0.013514375232132614,0.0005437238055838733,0.0010886581413724894,0.002928426031092002,-0.007194403604257382,0.00044440132829048906,0.00037799914339076146,0.0003471917714488182,0.00041939663225809554
2019-12-31,0.0,5.903398329065723e-06,0.0005213429449724138,0.00034094898002878793,0.00031674958228555816,0.0004442404242532838,0.002772175412806721,-0.00040295650595989496,-0.0010302566948283687,0.018658961921286465,-0.00033081466813433824,-0.012050679870582726,0.02737497808465883,0.04805383539339747,-0.008843764539334553,-0.007650166869213604,0.011806221670587425,-0.0006894064751740148,0.0008216462580230566,0.00043410931176657286,0.000402716470231379,0.0005824507460334694,0.00043510717141148625,6.961117430415165e-05,0.0,-0.0004339195551915642,0.00044691851047851117,0.0008220702042947003,0.004816405879653596,0.00042583861827583114,0.031297868952656405,-0.05415396626987201,-0.029340766352506265,-0.009826568847293049,0.009024706336431043,0.06201812178859534,0.07587773206698656,0.0,0.005117716663463945,-0.03135419661180461,0.008254416755562044,0.0001118504034511858,-0.0005835377742557935,0.005507644191564687,0.007058650639160113,-0.00025632932738783865,0.0,0.00151142877793764,0.00012644126488825513
2020-01-31,0.0,-0.001443624027092083,0.00019112023838419034,0.0006252557759749422,0.000453869810589147,0.0005244593336695136,-3.6424987090555305e-05,-0.0017539528064762777,-0.005676418668864036,0.002611466449321309,0.0012675855190906749,-0.10753563130227117,-0.14953799689241487,-0.1411937069938709,-0.012680464482132225,-0.014382855702486985,-0.00962206236399088,-0.004503299811786987,0.0009518544675415352,0.001834420261314973,0.00012278861706094268,0.0003586929943428796,0.0003994294934281939,0.0001395907743351188,0.0,-0.0012717391101720876,-0.0005129625563500273,-0.0005408836519946725,-0.036494956176844284,0.0006298349471833831,0.10931865315346756,0.05855857376424023,0.044975415408282204,-0.04471367015843619,-0.062436821280954735,-0.043468417026856776,-0.0307413605283523,-0.008276820545182528,-0.020555027285412253,-0.0030008886005549185,-0.03196580663211401,-0.00013990691157617086,-0.0014336891500339455,0.0010790976276762176,0.003819941377529279,0.0012928577832349575,0.000282896629258067,-0.0011988930679043275,0.0003784449358976705
2020-02-29,0.012494522740293279,-0.003112775631449627,0.0002351142291578956,0.0005705507865456649,0.00046984672790650883,-3.5144858800184586e-05,-0.003923017333321455,-0.0033470962355773848,-0.011516243248559932,-0.0035723669275417036,0.0005128282994946165,0.016706776887210895,0.05755074003123051,-0.1783807996635648,-0.030234317747900863,-0.021837954738127663,-0.031211321498876843,-0.009383196487442014,0.0009573920282339721,0.0032986354038126997,-0.0002554803714260867,0.00018922710641433582,0.0003843083171437556,0.00014539221791309842,-0.014402421895206463,0.0007052845980408673,0.0005296865536330575,0.00160427722557821,-0.1032789421075786,0.0002591818010961866,0.24385021060189294,0.11531974211153506,0.06734485736723439,-0.024577955678262375,-0.05570251057456754,-0.09741106505882935,-0.11474815714706466,-0.004197528057855449,-0.06911295966986597,0.02965918751871932,-0.00889137797624373,-3.194578626408706e-06,0.000709962226018046,0.0025653810344838934,-0.008602955272049573,0.0005603459018901358,-0.0024652765109105523,-0.00010642099569324603,0.00023605024680795061
2020-03-31,-0.3141936376040979,-0.0037314169876181413,-0.0007588233889861407,-2.124214198651053e-06,-0.00022265178611546865,-0.007412518373018706,-0.005365427758291741,-0.004110470260762167,-0.015379899007117226,-0.02792798366290261,-0.0017546260641643219,-0.7325581395348837,-0.5842696629213483,-0.07422344704490313,0.04629373656003466,0.09003264024448465,-0.1354989024380795,-0.012041965843115454,0.0008900381165082294,0.003820068204049898,-0.000392570247948254,-0.0006374056249555116,-0.00015845916297352325,-0.0007799089708142581,0.12121820139357786,-0.008723967242395436,-0.010543628221104218,0.005641887225436237,-0.20051755394791448,0.0030331374697805114,0.07606669894250184,0.26508523512051574,0.30993579691002426,0.28912203147479154,0.002899260444990226,-0.010944127756341904,-0.42071358061077513,-0.6781682473021595,-0.1730729265185177,0.30980956205459087,0.007484272182472607,-0.004716243527272623,-0.009215061272087266,-0.026822351974408076,-0.0011914285155438797,-0.001885470578079751,-0.003476093528811619,0.009881117396609351,0.0043682605288002385
2020-04-30,-0.9230769230769231,-0.0018152450295044753,-0.0014108751524248841,-2.867950792961871e-05,-0.0008506802902885635,-0.012631047237690263,-0.0018345830755346348,-0.002582038397811459,-0.01052391203091152,-0.04149037725083282,0.01378764677522426,-0.13043478260869568,-0.027027027027027084,-0.08571428571428563,-0.11408302023690287,-0.018436937381176133,-0.15935782785086838,-0.007030814633116167,0.000497921648665578,0.002347812229115398,-0.00012389521709477158,-0.0009039187510295754,-0.0007105524001334018,-0.01223003316987925,0.63662930067039,-0.030602186263154252,-0.03803076413657658,0.014850993455907124,-0.28122191024364385,0.00661675854965571,-0.10985670623694499,-0.054433845763468436,-0.09599025419867135,-0.13645695379866107,-0.07211610844782079,-0.16373723301462328,0.4693877551020409,-0.5333333333333332,-0.08929678935441565,0.007569081537535771,-0.041138443972834504,-0.010014572283873813,-0.03231546312355338,-0.04736902713534852,0.035450422521820846,0.01125543763401482,-0.007581514705740311,0.016811955031511783,0.008009830792335082
2020-05-31,0.0,0.0016423376204333096,-0.0001949281874018549,0.0003825436826179196,-0.00022490531065944008,0.008536703832984216,0.004982867725457973,0.00032939427264144783,0.0013314159816639748,0.01799165226409616,-0.005211341036983952,-0.20000000000000007,-0.16666666666666663,0.015625,0.01639084753406994,-0.021844510415267804,0.18197498381633004,0.0035688607889092783,-1.346466182128303e-05,-6.28805174273106e-05,0.00040941172404385107,0.00019272909430823049,0.0002590241870674692,0.0016879868215735616,-0.03868390974868463,0.003459915869054031,0.010414013255904075,0.14455183617505862,-0.22625562512536612,0.005130796575085972,-0.05881791980487883,-0.06264826229982612,-0.0250346378772891,-0.06048893273834455,-0.1031905296578749,0.052119177307203834,0.15277777777777768,-0.07142857142857151,0.057723615990738164,-0.0290074364016506,-0.013239240347388215,0.012708872517708247,0.0037904474212002714,0.0015963402803444993,0.08963662068552347,-0.004327208642617597,0.0031530204727221456,0.1622300668541734,0.0057808382096826705
2020-06-30,0.5999999999999999,0.00347704726277831,0.0008093414452958747,0.0001805621160879678,0.00025381038414851176,0.005992855941086006,0.008548016381625612,0.0022494819694061086,0.008962212553569993,0.025076781973809803,-0.00011280120796897108,0.0,-0.033333333333333326,0.01538461538461533,-0.013802688573105737,-0.040436234024464945,0.08417640662212178,0.009635324768419995,-0.0003369254369602892,-0.00163714883504551,0.0007187401018324824,0.0006322089191566072,0.00033190526473725335,0.0028902589802852763,-0.0634451426084447,0.014120163363939842,0.017826453075846516,0.0021447508674652394,0.007388824621535006,0.0017560946109302922,0.029104635530800005,-0.006608843964635236,-0.026639387498507805,-0.06684497375623322,0.03299936562600636,0.11062918984726999,-0.07215876904087515,0.23076923076923084,0.05210725104531466,-0.06218607822937594,-0.003394630720251257,0.005045088651560947,0.015146771729688036,0.017732260134672995,0.1040818456635424,0.00022187442547605407,0.0025967823285699687,0.001771873022865078,0.001321561323443854
2020-07-31,0.125,0.0032943162785181723,0.0009773181121190966,0.00040959412534302686,0.0010260761421581055,0.0019085688105440202,0.00853734822326735,0.0026635054837711447,0.009709862851011719,0.027218760415667287,0.0012808033644680084,-0.3125,-0.27586206896551724,-0.16666666666666663,-0.07385736828291944,-0.04807178700186776,0.016141170834068408,0.009722838582692184,-0.00040339600177330404,-0.001991738124519138,0.0007551530653289174,0.0006971242228352992,0.0007836840591004535,0.0009675396270980574,-0.027764773977661417,0.007792592426478784,0.008237868040787744,0.001508033634635142,0.11020328791313783,0.0010700805035432914,-0.06109882459890115,-0.09407385204096586,-0.06408231325254876,-0.07210951476728222,-0.0903397704432537,0.10109079086045503,0.13681260982486587,-0.1875,-0.08224992656466368,-0.04247108810451605,-0.024315536510430502,0.0010115268773307484,0.008497690063050234,-0.016799883830991957,0.0888343833266616,0.0013628483369749755,0.001772672402915898,0.0007487069057128259,0.00031759594386970846
2020-08-31,0.11111111111111116,0.0014871159153675428,0.0006631800958958323,0.00026942723897871446,0.0006763383989525362,0.0010432435628739967,0.00567942631434093,0.0017723814831218654,0.005573165515019074,-0.011384582003557187,-0.0037197664742028014,0.27272727272727293,0.3333333333333335,0.30909090909090886,0.030092213180760607,-0.006382254063541204,0.010275462392740797,0.005604398344585482,-0.00019589013586418513,-0.0011077383873583369,0.0005345393895119788,0.0006660037522434603,0.0006389412166936115,0.0009250812202461489,-0.07252083687700961,0.0021023954853389704,0.00378748540269358,0.000599228508340266,0.03621225740982181,0.00021689258704293835,0.02279791210652382,-0.012644965552960241,0.015034200768945905,0.007374405362964964,0.08626920195449328,0.09991103675141533,0.13029872043704427,-0.23076923076923073,0.025576778522866217,-0.014669151422777693,-0.014636497509309176,0.0003379038712389981,0.002534185697485425,0.005011338674441923,0.05130982044765675,-0.0030289930937804632,0.0012678167516364525,0.0004185740480067146,2.548847408911925e-05
2020-09-30,-0.10000000000000009,0.00024649050271929873,0.0004035025418573923,0.00011741458014324913,0.0003379775083134362,0.0016270208327531233,0.0034736054189177246,0.000994390914002885,0.0024797494917114804,0.0059722173527489986,0.0006830111238851355,-0.07142857142857151,0.0,-0.04166666666666674,0.015520396642023648,0.01436899382534862,-0.017131330377856302,0.0025666949891940405,0.00017246806239445966,8.365990216741004e-05,0.0004165611834594518,0.0003623482778396525,0.0003245986036704007,0.0006244520466709425,-0.029436195196313242,-8.572720835020586e-05,0.0003351392627075622,0.0017908992238837573,-0.016600577908910452,0.0013764385831029902,-0.0004410836246930838,0.03496878008905391,0.016585383943754417,0.014447912667276075,0.008019655636201328,-0.06083371190003928,-0.07402467144605285,0.09999999999999987,0.029238434063487917,0.012778125335609403,-0.0018780716322917002,0.0014352361116169998,0.0002701275988012952,0.018652016943567107,0.025013178369093225,0.0007751902895118956,0.001161351909173769,0.0015601847301132121,0.0011268400295907366
2020-10-31,0.0,-5.139947075849527e-06,0.00020511449591675834,0.00020197407648092636,0.00025132649368853066,0.0003373174149796654,0.002748682075016884,0.0007165557406496603,0.0014733600585201678,0.007299295354988411,-0.00021152031348015132,0.0769230769230771,0.357142857142857,0.2753623188405798,0.010035652799755379,0.012348158997175007,-0.0015324375084021513,0.0015171171827899066,0.0006954790895883356,0.001354006898425908,0.0005239398616463387,0.00015360560664312572,0.00016105631591267766,0.00039909512861968643,-0.05546747548096753,0.0014264817976650246,0.0022731099145951728,0.000829003828364927,-0.031822309170927654,0.0005479256508180708,0.10715589525809266,-0.007610943947716109,-0.028786003047309272,0.002349515731598917,0.03506563297565379,0.02716480417342737,0.03859816825272522,-0.09090909090909083,0.06804771164944667,-0.0062825270324036175,-0.017154861296618362,-0.000261487753010492,0.0019130478981239651,0.0038761840771672773,0.014561774569616048,6.961220297063697e-05,0.0009612720180263157,0.001154040994593597,0.0007879892729238946
2020-11-30,0.0,0.0004731315618935472,0.0004437509842980525,0.00019119804647793615,0.0004533623353095706,-0.00018940965567548762,0.0026834564889548496,0.0007310782036158425,0.0017399542837175375,0.0008792814648064251,-0.0011369781030844406,0.1428571428571428,-0.052631578947368474,-0.045454545454545525,-0.012438685368236557,-0.021493482493939786,0.0101140746348245,0.0016594615726497342,0.0012046790843323052,0.002388317486498037,0.0007400184654149378,0.00014741604265089414,0.00016493061816591492,0.00015833873390569408,-0.006281707681111137,0.0009545269802841982,0.0015877331253102422,0.0014625190427708379,-0.014930842783847154,0.0011897618226366369,-0.16177916181996865,-0.09240450998563454,-0.07230633760046956,-0.07346065181692896,-0.06104153573357474,0.02576944525494329,0.03589411666013076,-0.10000000000000009,0.020413495548853522,-0.04801544910195832,-0.017871560405278486,-0.00037780896234029804,0.0014490481156486101,-0.013812544360859658,0.012962654231592818,-0.0007605967211943288,0.0017164380592809003,0.0013245993229888953,0.0010098392508568477
2020-12-31,0.0,0.0009443563702951074,0.0007595952090895253,0.00020667816750252754,0.00024555614712329366,0.0008910064140306151,0.0026665515670099005,0.0008830810819775436,0.0022402521992677116,0.006997533338030326,0.0007299012743466893,-0.1875,0.0,0.1071428571428572,-0.010214459829558042,-0.022692724201541115,0.036233637131535046,0.002051617838451758,0.0014072217534513154,0.0026495520490912305,0.0009619052550939866,0.0010269232599828815,0.000696421085529364,-0.00014353301396063944,0.0,0.0027681565743633563,0.0018681585977193826,0.001079030904583389,0.000203845096176547,0.0007111900118186298,0.0313479509012804,-0.055166421824193734,-0.02855548163487187,-0.025263617662282134,0.0,0.07501228661857007,0.09736938583545962,0.0,0.01962692971596436,-0.048742544957495304,-0.01030049663049859,0.0012812967739319614,0.0033904069534198555,0.010935336636316073,0.013980585652365374,0.0008466489149581147,0.002073379710225476,0.0007349773467848486,0.00033838690437315577
2021-01-31,0.0,0.0011605684115394421,0.00034970799088385185,0.0002110998258590957,5.392434908269017e-05,0.0017129448829862337,0.0021976314219533943,0.0010338713979249903,0.002483556621126537,0.00033000006957939476,0.010525208778143336,-0.15384615384615385,0.25,-0.19710973388389774,0.047935797607249864,0.013362324477983245,0.025486588084956185,0.002235282315555809,0.0010892271779190388,0.001760406326067221,0.001069067780997468,0.0008771350149501256,0.0007355896709633214,0.00023499315974850887,-0.019468906951223386,0.001332582199678578,0.002418196873065215,0.0015929488714871987,0.004357491467858354,0.0013524637229849201,0.11410012278806159,-0.0026082333515603517,-0.0027224998656991684,0.028752398752484254,0.05311803023204931,0.04177917374399476,0.07807853863624414,-0.11111111111111105,0.05565585039616372,-0.018686945361420904,0.012472446995600128,0.0024471794169058647,0.0018968731050568177,-0.004775632364073856,0.014239924193121256,0.009672388995245695,0.003979698494494643,0.0014218176536628935,0.0011004275006396558
2021-02-28,-0.11111111111111105,0.0010526504502230694,0.0007235803388494499,0.00031479338342554897,0.00025688938592938193,-0.0006868933731375426,0.0013892693406365453,0.0010474607674604286,0.0022665757527222663,-0.020604793381125197,-0.008424402955154786,0.27272727272727293,0.6666666666666665,0.19460618362194126,0.056492283877688454,0.028781312477578647,0.031413078919316995,0.0020440214994681405,0.0004240685960315016,0.00020100631787478562,0.0009893694225580063,0.000751451210667442,0.0004621055471158986,0.00031008146337851983,-0.013689356968462407,-0.007317750861799643,-0.009059215199283766,0.0033256969812300863,-0.0006317229113387279,0.0034147594119879887,-0.04631161600867284,-0.036401154144789394,-0.013780142829308617,0.055920633582345225,0.10422337990456132,0.005582177079952455,0.04678071150785712,-0.5,0.07245872270834597,0.0,0.04736969843329253,-0.0020328794280241036,-0.00723745385264607,-0.006363540392220868,0.013117966576440931,-0.007184587615867155,0.005217453193852251,0.001153432042684699,0.0009131638904102957
2021-03-31,-0.12499999999999989,0.001073412532983653,0.0008968743192261375,0.00041679063039423703,0.00042481822761764043,0.004823190577193159,0.0011292457755567309,0.0011062362664990832,0.0022319905850025634,0.023456018421512015,0.021678666415539727,0.1428571428571428,0.2266666666666668,0.13000015245011554,0.06719381414461933,0.047032886478502345,0.013027594718290958,0.0021183468102332625,5.9569003534543086e-05,-0.0008565179610083851,0.0010911813299838702,0.0010788803620542797,0.0008851543099732684,0.00048649413978996137,-0.007084938151157738,0.0060068094289227325,0.007245808174859869,0.007055470880840131,-0.004807403443870206,0.007642434637363582,-0.10400475460319858,-0.030958038004070487,-0.025724673351237626,0.04283012040529899,0.04231341473715755,0.05883749974542485,0.03546505946048906,-0.25,0.08464510089234412,-0.0082906787388759,0.03564777325216828,0.007673428718728115,0.0068257681925185665,0.02274671123370564,0.016401750999407883,0.01907600100801221,0.003843486383943162,0.0011066728482038712,0.0008029450863447085
2021-04-30,0.0,0.0008797943675458164,0.001236446005283609,0.0006689611208103852,0.0014367713160388096,0.001291150024388843,0.001038739904406727,0.0008031875730689642,0.001572719512278331,-0.015018521245223182,-0.015953111900899875,0.0,-0.0652173913043479,-0.03313459790920137,-0.025259282302173003,-0.019267427186635988,-0.002333157312320644,0.0017364231339267455,-1.1365736293456052e-05,-0.001163281570842778,0.001033608478823611,0.0011745245051200115,0.001280393721150519,0.00018591850361482365,0.0,0.0003041756343649116,0.0002690773753903919,0.010844974576908362,-0.005229271978108518,0.011891216003753868,-0.013097265307982608,-0.012576841560191454,-0.02108437608639757,-0.022552923550592463,-0.02006412373691291,0.009712258749355218,0.006675650838360969,-0.33333333333333326,-0.009990572281148302,-0.045985568803114774,-0.032658934660599215,0.0004731563437210262,0.0008108901416983283,0.00871683280612423,0.019599243555767476,-0.013716651784750455,0.002481098807010085,0.0013254443698291762,0.0010524614469520355
2021-05-31,-0.14285714285714302,0.0007229054677893032,0.0011322036954923842,0.0005481432672016506,0.0011818869171211777,0.00023385776619710974,0.001289878456823601,0.0004206046690624632,0.0009071471871366921,0.01015300235016836,-0.0024497724389244135,-0.12499999999999989,-0.08139534883720922,-0.02746906394015658,0.011218027302243527,0.002842884360598097,0.012938136583773296,0.0014022282340859782,0.00020588941135857297,-0.0008673329058106471,0.0010360377542888433,0.001067141302090846,0.0011226735095628548,0.0002621028910183565,-0.02202555316027388,0.0018638156467067901,0.0026640595412272816,0.015191671301414633,-0.0029297410414352854,0.0165769075614417,-0.03329623077107158,0.009574820112307814,0.009292497964054736,-0.016552768165300158,-0.017928749524457444,0.0023870795131564204,0.0,0.0,0.005060893496454,0.009232672359634764,-0.005477694904556185,-0.0012556301987981522,0.0024388907605092935,-0.013885987032185354,0.02440349675606379,-0.0019232555139843122,0.005841467412068813,0.001173309287982871,0.0009694964065136702
2021-06-30,0.3333333333333335,0.0006729990281075793,0.0014608955602528617,0.0007791800281775618,0.0013400649097201622,0.0014117162651847703,0.0013641539492106336,0.0002165733056320729,0.0008358495155680323,0.002586453311774317,1.2886681013180024e-05,0.7857142857142856,0.10126582278481,-0.05454943306505222,-0.03188243172467986,-0.02596737202320787,0.02139741623924496,0.001289210125368534,0.0004097480674016829,-0.00035001907871134996,0.0010000731589485667,0.001066521140268506,0.0009504301715534957,0.00045011432098074344,0.007615747932846695,0.0009977818652140424,0.00036572429658021655,0.01770213914378438,-0.0004698149653261652,0.01908253938186588,-0.01869540762372124,-0.048798220523010416,-0.037398295349989064,-0.024659566542574174,-0.03125952743501992,-0.024133693476670715,-0.022325766095466215,1.0,-0.041161837440793936,-0.024602557851129858,0.012787453230892476,0.0004711266122547908,0.0014999683489869131,0.006889702003674225,0.022220618834019268,0.00016628016062258943,0.003238322693384754,-0.0005678825499958462,-0.0006797710740135132
2021-07-31,0.25,0.0008673047747433937,0.0008713981315118247,0.0008195561425214937,0.0006536215877384066,0.00027070238136639446,0.0013488603828961665,0.00032255301582040374,0.0016694366204230704,-0.003169193165992623,0.0010972024772535338,-0.24,-0.206896551724138,-0.10000374542894408,-0.044882879363312034,-0.030920049562538132,0.0035543141388869604,0.0016654408076328675,0.0005702005725327641,0.00018614929154581183,0.0010691867578196401,0.0010156923392607986,0.0009008518969491064,0.0005398308883901581,-0.038945165601426135,0.0008997730945152771,0.0020722591203863328,0.02020947937557338,0.0011268239463719798,0.021473051938030174,0.04740372293275552,0.047993529120075706,0.026076853724372517,-0.026065914934740753,-0.036815401090420696,0.019842789582216858,0.020581004185095564,0.25,-0.06271875599029586,0.0,-0.04045250340147588,-0.0015149638583294989,0.0013606572693207752,-0.011432166123670706,0.01499506313076715,0.0010611638729549622,0.0023447722298204354,0.0004158108424971996,0.00027938098915725185
2021-08-31,-0.10000000000000009,0.001154897772627006,0.0005183966182600308,0.0003491043228716073,0.000241714462919429,0.0009843803055398226,0.0011856373659699937,0.0006674100370214209,0.002961350067697044,-0.0004239322741442786,0.0001593245070230509,0.05263157894736836,0.11594202898550732,0.032776253062130056,-0.004414697617790564,0.0,-0.015583251143808763,0.002279775214643509,0.0006466606742678849,0.0007038358810809164,0.001136211874437132,0.000885074473484071,0.0006518412975942134,0.00026590748133048514,-0.025862883780262358,-5.4883424195906194e-05,-0.0004790972951926875,0.02101961851338996,0.0019019586172097647,0.022020983185216503,-0.032443135797595724,-0.017626966913610653,-0.003138817500783486,0.016157348796042248,0.010572827516299732,-0.016999138152486437,-0.017899635619873178,0.0,-0.006329659146621425,0.012696771254312456,0.013672978070368824,0.0006067249029764188,0.00031861673225996867,-0.03226445087460428,0.004885129510559416,0.0002407853605386201,0.0012290081825507837,0.0009748053707272497,0.0008103090776157007
2021-09-30,-0.11111111111111105,0.001190669120709753,0.0007131347608753114,0.0006364425716047784,0.00045387967012677777,0.0005882165295361119,0.0011753537644367817,0.0010065497919249378,0.0032685928742475223,-0.002746190439236962,-0.0010566796304674053,0.40000000000000013,0.2727272727272727,0.10967556492396047,-0.0044593261209602275,-0.0016345951997767116,0.013112333051118474,0.0026298281947207958,0.0006252058403826144,0.0008537712994731717,0.0011643301934491923,0.000681847203010566,0.00043445158375954307,0.0002735329412877352,-0.03750650748913886,-0.002253949858344262,-0.0020015232286978435,0.02029192441474481,0.0017572813712938284,0.021004313789661833,0.1128299099491108,-0.009985868832631972,-0.02883003601571632,0.035984466998526976,0.04738660067523548,0.009925781609676942,0.0068833371310124125,-0.20000000000000007,0.0063699789420959,-0.03166972297552029,0.026260200200236783,0.0004993255311154243,-0.0020461539955796137,0.008076691239182754,0.008798355456534956,-0.0007415616431004635,0.0017605561476088383,0.000355858697007827,0.0002471627806308607
2021-10-31,0.0,0.0010300466902237737,0.0016421601821041687,0.0007752038169783759,0.001204782336769794,0.001341430832810575,0.0014973118677343855,0.0013913142405670431,0.0027078644483478076,0.0020705257272775057,0.000555850375286715,0.714285714285714,-0.2047705338765331,0.01280426688614833,0.03299369815351261,0.019396625560811787,0.029610992337373743,0.002895246716672517,0.0005699328514785496,0.0006639627716689134,0.0012638521159278326,0.001356239239319823,0.001020667234666206,0.0004877308292403626,-0.020522135459111968,0.002930675513530989,0.003276746418733989,0.020389205304373048,0.0008907850511474802,0.020898603853260145,-0.1053681548836537,0.0,-0.055167337728369126,0.02157764068940904,0.009414207402815622,0.03350305880180948,0.0818666830339847,0.25,0.037096605320954934,-0.03042790886382185,0.02297288863116398,0.0013461264594378797,0.00335608240525076,-0.0034913030983920734,0.031094974777444717,0.0007141623543533981,0.0036628981707234054,5.2720346177315136e-05,-7.597314973795122e-05
2021-11-30,0.0,0.0006285580845859506,0.0015088962480231949,0.0008002668041031669,0.0011061489028241223,0.0007884818317323017,0.0018432160196035774,0.0016323407697604875,0.0013599558837702475,0.009645525542617994,0.0003384122117824351,0.08333333333333348,-0.023762936765544085,-0.051492835992982156,-0.012616904942901686,-0.01103462253236609,-0.006494186520035972,0.0027674169351790123,0.00044269444620281817,0.0001683029853591922,0.0012832161656028962,0.0012968101837158574,0.0010679255976677737,0.00035589236546473835,-0.04429249861133433,0.0019441769814518839,0.0020842790074566686,0.018867669664151876,-0.00048231453137603797,0.019187890117595252,0.1722289887101256,0.08295274126198326,0.04410457089969544,0.01832007825975346,0.009232672359634764,-0.002272246369310005,-0.017231988437746315,0.0,-0.03576967191930436,-0.01787847848270241,-0.006833844521874077,0.0009006853572479656,0.0022625790556651815,-0.014223916025652428,0.05918829468335729,0.0004549000664684222,0.0021176985390498615,9.91660952840423e-05,-3.5084613888902716e-05
2021-12-31,0.0,0.0004248886588433809,0.001269863146268202,0.0006904391171709268,0.0011339381195740739,0.0003531280400310699,0.0019631185724888756,0.0017960312483162877,0.000907191760805226,0.0041137441911254236,0.00017867737043997245,0.40384615384615374,0.07171210073367296,0.040959570070908224,0.006415319385361329,0.003206440012194278,-0.022222440083322414,0.002717908962429183,0.0004611818854047822,-0.00012342367359141626,0.0014208405446911598,0.0013994735254030388,0.0012632940457029118,0.0003178401346668469,-0.024554590705385904,-0.00015557391983689328,0.00018592067048062155,0.018476089283083308,-0.000860331157477412,0.01867472948675064,-0.13071329348573424,-0.08446376520275523,0.01368052962732702,0.011039321544349612,0.009057181460468744,0.013568070573626523,0.013672978070368824,0.19999999999999996,-0.02883003601571632,0.043144909446543034,0.001726489927454944,-0.0005429946868823476,-2.254500924614433e-06,0.010820879301251862,0.06644227860340868,0.0002597080641746352,-0.0014568601070449327,0.00023978248787304146,0.00013735672813797173
2022-01-31,0.0,0.0004365728856920992,0.0009923468481667364,0.000534335656946272,0.0009793187027695716,0.0005455007817054547,0.0015681732424870365,0.0016949093882128174,0.0015428716993517444,-0.0034703982382950915,-0.001581034727169195,0.06756832438492832,0.18128020988967086,0.11012357483621482,0.057087130120315965,0.04324922919676566,0.034283032434328176,0.0024983768570374654,0.0006205589165644287,-0.00011002390009817731,0.001557292413868261,0.0010969133412541687,0.0009901053105114688,0.00014052137099196393,0.01271221984793458,4.187029426105937e-05,-0.0012691428842728225,0.017394627666057927,0.00021005803498108655,0.017496234966177138,0.12024610623966092,0.08615947322901674,0.02643266177697212,0.09195091227673546,0.11448054411110653,-0.02700436205655321,-0.009609489091327306,1.5,0.08028415188659976,-0.006770588031708824,0.0719559554382414,0.00176340317752266,0.0001476230087587016,-0.011390640637741978,0.04370910699167885,-0.00027329977237711134,0.003804362574716169,-0.0002799870417146133,-0.00032608718482540766
2022-02-28,0.0,0.0005570861901205149,0.0013353652695424767,0.0009101714834198749,0.0009033884787790214,0.00067353261370795,0.0007561941250280313,0.0013164373369762838,0.00256966765886002,0.0023316604488743398,0.0006790399968610306,0.14457791077659166,0.03506563297565379,0.013873819423774414,0.05719516446397632,0.053703683897459165,0.021493186769303563,0.0019763474419316474,0.000779173654967158,0.00012353137848886142,0.0015223501624619384,0.0012339892542967412,0.0008652042172152541,0.0004807358958038854,-0.025364131293835523,0.0013304852458593253,0.001998373066798953,0.01478763954992357,0.0020587922094450484,0.01481999651672683,0.057596656828753146,0.019437736649260406,0.12183078024197447,0.06411783839120044,0.03904282865018027,0.04128185525416028,0.05459621922498625,1.0666666666666669,0.0417648901046066,0.07245872270834597,0.04756370881341576,0.00043238518332411324,0.0014313206474423357,-0.01579449379960085,0.005676838904987713,0.000617209428722898,0.00449521515459006,-0.00042529774405497545,-0.0005565744232337577
2022-03-31,1.5,0.0007370416979284311,0.0018594776083553644,0.0008016409841822281,0.0004592950074078228,0.001223925495510203,-2.6844709564821656e-05,0.0012878928113690957,0.003407015732646679,-0.005012403686423306,0.0004432218354284423,0.33166595671153387,0.23340411736277966,0.15350537937081832,0.028668226493607563,0.03891582491423251,0.03692069679749599,0.0016189244085205168,0.0009623560424978361,0.0003429647011874426,0.0016440813500588902,0.0017430504702207195,0.000825674066075921,0.00027413463407244265,-0.027131953675057385,0.001729433589518603,0.002087102482072778,0.015424133883721103,0.0040764294759714215,0.015413801340869115,-0.10700621579159597,-0.04733055700344657,-0.10859996212235856,0.06637513238242754,0.08185933842384174,0.04586049898950706,0.03852443218053647,0.4516129032258065,0.04077299557796077,0.03481967036588429,0.09324441274554895,0.0014689019107771983,0.0017865942721206896,-0.013177896497109542,-0.023540480984188816,0.00039373936027486955,0.0051624430997299076,-0.0005708614790571609,-0.0006322323941193586
2022-04-30,0.6499999999999999,0.0007160749860488647,0.0007392957232308373,0.0009226010571465881,0.0008940300202613383,0.0006351147100169818,-0.0009787787641807322,0.0011929660466125647,0.002835889081832965,0.011523232606194478,0.0004007332064683844,0.10143542068118871,0.11096828468174724,0.13204085399513965,0.048272039952095724,0.040584047216728036,-0.01348696450041964,0.0007059990490829726,0.0008335214506212107,0.00042472439550045316,0.001342973681380366,0.000624721885796875,0.0006813437734227712,0.00015051760355566657,0.014092668253267826,0.00047581060341328474,-0.00013646121993293736,0.014023808538813798,0.005116573821228654,0.013981550543213483,0.15214627169683292,0.0772778071718978,0.037338676388511294,0.08429160309454664,0.1004014221444125,0.007701969429320998,-0.006307982304278537,0.6888888888888889,0.09041802110424313,-0.0716330176976605,0.042127773101082955,0.000796266474349272,0.0004061729362345723,0.02235835201115899,-0.041585088831608386,0.00032936502656166766,0.0036097997532940074,-0.00037769821659139335,-0.0004634339975815305
2022-05-31,1.3333333333333335,0.000648017831354375,0.0015726928108050764,0.0010364033359389069,0.0009386368855015537,0.000438846716832586,-0.0020333748361553994,0.0012468285971896087,0.0016747127941896256,-0.022809991458585532,0.0004590215951278953,-0.0359502933798983,-0.02083495978072858,-0.007608907281435373,0.04797827451562986,0.04507737816472157,0.015731397219325816,-0.00034209741854751563,0.0006217132417816185,0.00046522681993454995,0.0009843790841403965,0.0011907305034863924,0.0007523295616946868,0.00015795015434449944,-0.013896824910036853,0.0001315753427169053,-0.0005712384251567171,0.01363591029627198,0.005966854803791222,0.013569565563645858,-0.06647923837708158,0.03060805445858006,0.03742987125929376,-0.0010404022797598778,-0.010012148963997602,-0.04709383129308753,-0.05647206161409213,0.30263157894736836,0.04935135301466076,0.09476944845842272,0.0,-0.0003641369827643848,-2.6234508518352406e-05,-0.025851299075218215,-0.05142828830937762,0.0003513140794191294,0.005261322303769633,-0.0011824422693382797,-0.0011615681838190728
2022-06-30,0.029860409778781127,0.0005493746723599369,0.0021774356569901343,0.0010488698951942599,0.0011376140994105999,0.0009686316741659429,-0.0027079046433369225,0.001100736798154145,0.0004622412784383023,0.00017670082140197607,0.0005427124970784902,0.08308408764587405,0.03824830722542383,0.02463417585205896,0.012975209908378416,0.013366507373417491,0.009933554378598997,-0.0010568931000052295,0.0004845313405521523,0.0005972932256348429,0.0006724442805792208,0.0018850803249197412,0.0011756941325762327,0.0002313801118187797,0.0,-0.0002974149374591617,-0.0008466121863597298,0.012429610913058609,0.006402088953332052,0.012350783619001104,0.026835748134177884,0.16621309299779363,0.0346336276430006,0.05087242688500537,0.036808719400819534,-0.06889512531823383,-0.07330184400564677,-0.05842012017126741,0.030831189624883182,-0.024242181365889848,0.05188261781688319,0.0005190497955174234,-0.0005497032720752637,-0.03733046279083463,-0.048287050491785166,0.0003859065473037493,0.004489413469828563,-0.0017792174800892457,-0.001603677337086773
2022-07-31,0.24316027606428436,0.0005237512856179904,-1.1280881261122033e-05,0.0010083076684059833,0.0006444326259722466,3.730585376282569e-05,-0.0032148809101407716,0.0008620742728231434,-0.0005006672031537818,-0.013930273585010422,0.000939752833364782,-0.005623704786302364,-0.057934136733116204,-0.05870645374249295,-0.02110400370263754,-0.005237815965497772,-0.025499101458746454,-0.0013933474044307559,0.0005584883737357327,0.0009404952399072464,0.0005799633528034143,2.8568071700041386e-05,0.000432532100491434,0.00037865561382344204,-0.014402421895206463,0.00047270333497850814,-5.661336292983599e-06,0.012123893524679685,0.007350265457958249,0.012032651970685482,-0.08419696208731997,-0.08517546862815217,0.012525842571176726,-0.03276170494362207,-0.04398327895250953,0.048484546784065996,0.03218333891331637,0.2808072020460528,-0.024833463137752365,0.04900400305148089,-0.03236299322995695,-0.0005498068718724491,0.00018800393999507392,0.007372538759600866,-0.03653192765912672,0.0007789674072278263,-0.0051021974414018345,-0.0003546864033047159,-3.0615161359826004e-05
2022-08-31,0.22027978289283712,0.0005117279302466748,0.00013769751296033306,0.0012253663255201719,0.0008963786017290865,0.000788364837890354,-0.0032693325274751883,0.0005019369509466909,-0.0012036592532397306,0.012143349630849176,0.0006589723838854589,0.09900915183935477,0.11486542322581195,0.09453734842505357,0.0012176977407971634,-0.0053165162765872465,-0.017412030547598767,-0.0012798990579337977,0.0007471132870802144,0.0013648339947325283,0.0006081753115350086,0.0006755519771344254,0.0011340984953753797,0.00013289594037768637,0.014612882798373805,0.0002477356986894108,0.00040386862312336014,0.011452114581028017,0.00817004127432397,0.011354834616759568,0.05958900981743431,0.019131982487837318,-0.04543107161599924,0.0422665437347256,0.0732283131209932,-0.011310236453607847,-0.031179866696161684,0.10034252891303774,0.005166903308475357,-0.015283195387649884,0.021143366928844776,0.0002484989915900737,-0.00011542029364364215,0.030324170100804126,-0.013762518292810166,0.0005182891724466732,-0.0017882292773397923,-0.0005530668048937537,-0.00021301268875517643
2022-09-30,0.05551935040393996,0.0005015119199640594,0.0006702334086534645,0.0011481816937570777,0.0010089855237322976,0.0006440009395498603,-0.0028872515185413006,0.0003809575682480748,-0.0011962467666956078,-0.004561895620504575,0.0005163924464370862,0.10690124444360438,0.11157944904382444,0.10662444296809692,0.06014662386675007,0.046333064969958926,-0.023007167312950716,-0.0009135563578968053,0.0008440763829418163,0.0015454073055194417,0.0006416008454108724,0.000752685020914523,0.0009537916913688882,0.00013921384839488127,-0.014402421895206463,0.0007472889272055472,0.00035336146137598945,0.010495839102538707,0.008730661744035695,0.010398595767857177,0.058922686246206,0.035746561495050955,0.016157348796042248,0.07619564068046891,0.08791862126554295,-0.07989355323456271,-0.1028256433777277,0.0959954233963769,0.06983486874034583,-0.021145635092385096,0.08606453162980854,-0.0002669626028019012,0.0003593949205287217,0.0016501253729628296,-0.0005173088135158599,0.0004403420851133433,-0.0010909877455537176,-0.0012781793456135837,-0.0008470194760852312
2022-10-31,0.10737177501978556,0.0005393598130158939,0.000896532746640144,0.0012457983682980789,0.0006242045420434827,0.0006355659652317325,-0.0023423311006647296,0.000608923930055294,-0.0004877206130242673,-0.002825058755001053,0.0007000397379446355,0.03271849093879897,0.025080004843290205,0.034539285690792454,0.050732443245137704,0.043020813332513175,0.008516523113570651,-0.00043103274569167294,0.0008917039773086444,0.001582551249662778,0.0007156834144312896,0.0009328417124938593,0.0007208092292425583,0.0001966609109222972,0.014612882798373805,-0.00018196089098598822,1.5505026363271668e-05,0.010294145635283192,0.009909881537557785,0.010192290940360005,-0.0555372205632797,-0.07139544005954246,0.010437539097503556,0.01696043418395865,0.020451588485583594,0.09679126665435889,0.13630987090730895,0.09949667587344058,0.06596056567349273,0.029566525580938974,0.023599384638834042,0.0008824531337603414,-0.0006600592322385523,0.005278722791963508,-0.0023773309170569412,0.0005438787636884435,-0.0018959403018200538,-0.0014868004303850713,-0.0009290309560221477
2022-11-30,0.1126121166546723,0.00054298391551999,0.0004602078591944281,0.001071015038351053,0.0005483137367676694,-0.0001288852116861916,-0.001407999633627366,0.0010086766226871102,0.0007035721929460337,-0.0019216678074618354,0.0002638706374680222,-0.013990826170327764,-0.05370325145783916,-0.05274999467847297,-0.018435341079871548,-0.013377531662933317,-0.008157034395961937,0.00012414410519534513,0.0007866415732118437,0.0013189205458274955,0.0007257606710282527,0.0004609200001264302,0.0005909094442215768,0.00014023987244016212,0.0,-0.0006981092807625267,-0.0017988149243820528,0.009469085410676925,0.010414714877442943,0.009370538283318464,-0.06672440981271333,-0.008281601873222355,-0.03404570736851442,-0.04501988810120838,-0.045892808829507636,-0.041709821007374415,-0.05651426087002276,0.055826988018954804,-0.004926511491111452,-0.026065914934740753,-0.03057285410097943,-0.0009564156610102348,-0.0012358588001560866,-0.013135297732412066,-0.014870893679352681,0.00011446403578774245,-0.0012862348461559758,-0.001255958687806591,-0.0006435915116713709
2022-12-31,0.041420553418759276,0.000527588125298406,9.594892023190305e-05,0.0012698374646844535,0.0006564038187197863,0.00029122339302345424,-0.0008386983074447629,0.0012977627320407414,0.0010956646024913308,-0.007982410501898407,0.0004307743177727197,0.003304663400570451,0.02203875654501619,0.02711537691017485,-0.046769265058406506,-0.03594690527074573,-0.021922964498998665,0.00020468729051414947,0.0006496712051189402,0.0010539648828196135,0.0006985074028422744,0.00042814549097180965,0.000804420703814257,7.382010009071571e-05,-0.014402421895206463,-0.0026614704540603995,-0.004358851548914799,0.009319810447559362,0.01134202765033443,0.009218873801631222,0.016041420242431492,0.026714143111002953,-0.04543224158710035,0.006999195493140098,0.017856612152746143,-0.009990572281148302,-0.019352530720959105,0.0044814785340148156,-0.043755937245220755,-0.05905467576698431,-0.010532709675075247,-0.0008440504196506327,-0.0033246123191650323,0.01290488203802842,-0.023317300651852335,0.00019986221984047425,-0.003606772493408572,-0.0012475954675362777,-0.0005687130422162845
2023-01-31,0.027074392866982988,0.0004241832504485732,0.0009006730540048746,0.0012177446078289744,0.0007428983282138368,0.001614312920123151,-0.0006445728627454406,0.0012818207164391193,0.0002935537733235183,0.002157788459631327,0.002643846516697801,-0.02231260615063413,-0.04658290959563349,-0.04834460909987781,-0.0032744560749621288,-0.007292910393470797,0.004934412543305955,-0.0003446890804830183,0.00040277363864982263,0.0006789808693965504,0.0005428993640510527,0.0011584607979757688,0.0010521793622559894,0.0002610848983883862,-0.014941289524212809,0.0019246421480767495,0.0038621813407346828,0.008883533311452974,0.011606304643719145,0.008784193037850496,-0.033805231703411875,-0.05221343758111663,-0.027904129472774986,-0.03901406095043569,-0.03780411127247241,-0.015368785790314532,-0.01511449517403518,0.03558520250715058,0.0,0.0,-0.01989234575137966,0.0027648659897994143,0.001489188589759216,0.019609711941682484,-0.02170868515633939,0.0009488326063040731,0.0016124492594378204,-0.0018064148856675732,-0.0010382605718822768
2023-02-28,0.0263207238005827,0.00026456539655894673,0.00066898097825141,0.0012089312490852766,0.0008131889982241347,0.00037335552289974316,-0.0006734115426700882,0.0009545613868948699,-0.001093563573303702,0.004307100779882056,0.0006472128943841859,0.06603783192786339,0.07324242937395575,0.05621204008062941,0.017314500006327282,0.007346487669753099,-0.0037608911895301578,-0.0011328207693408476,0.00013394810523448264,0.00029377591863966046,0.00030588497464001385,0.0006516527300637343,0.0007447819236108266,0.0001550328624724262,0.03000244757828896,0.00010940087282440558,-0.0003350568716854463,0.007674335353445638,0.010427931572233318,0.007586425517682516,0.02048636866342557,-0.009119959501298402,0.0,0.043781821343500615,0.0507979529125715,0.04847586273763138,0.0764463041189456,0.01002009591035602,0.019233380543458356,-0.04111653960141326,0.025755483769270615,-0.0006529099163472551,-0.0004106628647793098,0.007138635332556209,-0.011474054422392688,0.000543764461243823,-0.0010748605831882863,-0.0015548767817987752,-0.0008171910980150354
2023-03-31,0.00830355903637181,0.00026798407094319465,0.0001359453285265655,0.0008823296148490201,0.0005651032883253748,-7.7431737456779e-05,-0.0005516592890062455,0.0007911039591403934,-0.0019027994735778542,-0.00622691457232627,0.0005699570179509283,-0.07854945084816034,-0.07219624740547304,-0.058799336276493364,0.004178420018119855,0.009570454468123213,-0.010721078295121811,-0.0016225233578386344,0.00012695196295320343,0.0002496362270965058,0.0002554645373908926,0.00024953279186545885,0.0006959759930560416,7.874460291024121e-05,-0.014402421895206463,2.905033477929031e-05,-0.0016478376144827278,0.00814515430737317,0.011094613219365446,0.008049948555729713,-0.03142145372835914,0.04035793001684129,0.06566289487809662,-0.02412163734095263,-0.047269838834268274,-0.026445342492465995,-0.04044917161909034,0.006843056221676802,-0.003996907682751072,0.0683438029366592,-0.012056507098047176,-0.000969770050208818,-0.000488030187543953,-0.017757389353561637,-0.006474814997701195,0.0004809503123652803,-0.0011166435705445288,-0.002433684109290235,-0.0014187694455696231
2023-04-30,0.01811067754885598,0.0003751520670498554,0.0007431259712342708,0.0008126273987985044,0.0008125262385776377,0.00045154006823899806,0.0001127311044293311,0.0005016914818580798,-0.001268190403735714,0.0026621589218256414,0.0005096847994383591,-0.0024426317287858934,-0.012947851226202345,-0.005980616264953942,-0.013633873177023137,-0.014284525467510134,0.018522996394710667,-0.001123295195403995,0.0003979913706857463,0.0005115030999012227,0.00032990421073031406,0.0006275533879265272,0.0006355088807907805,0.00014972197238938278,-0.014941289524212809,0.0008485889862670515,0.001274754153153701,0.007551841776323176,0.009879803625906902,0.007462098399692252,-0.053824710340657056,-0.00523558609884589,-0.008543041648917837,-0.00656937053273543,-0.004515301333404831,-0.0359040421429454,-0.049539008751039226,0.019912908619847514,-0.012192044049997297,0.005861113095203985,0.007492943519304518,0.0005529723130994757,0.00038617242434257903,0.006426649595947964,-0.005962542851944308,0.0002108715370960912,-0.00010749369055385039,-0.0024426445526926077,-0.0013380739871450276
2023-05-31,0.021946923773774385,0.0006031265005910225,0.00019147360594984342,0.0009040374118542971,0.0006272177186639194,0.00024373351524409337,0.0010703764088124679,0.00027619688204705284,0.0002854444569966308,0.020198845641869134,0.00043439855239513214,0.04265649316595033,0.03302136107496567,0.029557481928931706,0.02113279185560102,0.019235775994620008,-0.023462856677938793,-5.612501221785582e-05,0.000897843116870245,0.0010477775045238946,0.0005423873033314486,0.00021897496450340448,0.0005966031483013445,0.00016285721152153876,0.04451793037206353,-0.000502773769902265,-0.0004775619802842579,0.00748855938625459,0.009039923277017081,0.007398347062504085,0.042936286359329445,0.016677953348115837,0.022794698158935978,0.022796773672246973,0.026714986099318105,0.0,-0.035655950936838376,0.021502695788106596,0.024454334350587414,0.03697430493969178,0.009307887324631059,0.00021786743749330206,-0.0010131474516251737,-0.01808656075016979,-0.01055682503472788,0.0003075663247000815,-0.0022753910044766013,-0.0004384733091103987,0.0003797305061807865
2023-06-30,0.0018287606010158886,0.000689083703307336,0.0003661927557065958,0.0006943588581027615,0.0003382393487929569,0.00042833658486829407,0.001510626023832451,0.00017266037467567052,0.0012565885512905162,-0.015217390457203495,0.0001148753589583773,0.04948750714834982,0.05081403371505555,0.02344587284193178,-0.0020364192843221884,-0.00154697012199001,-0.004316434845536343,0.000648246256278906,0.0011230693258947877,0.0012869416357679242,0.0006073691218868582,0.0003460216942341443,0.00035658563000096066,0.00012875019316282987,-0.013896824910036853,-0.0012460690637512428,-0.0016609340976481146,0.00696169151595738,0.007749066503833113,0.006876910318162288,-0.08871650176238521,-0.06862673351050752,-0.08063965681887508,0.007736138790613856,0.016725440611377485,0.010805053102162177,0.03138480825344514,0.009381741729841409,0.0013000943764596151,-0.055485944379261576,0.009053049543822356,0.000165906822253703,-0.001764742087773663,0.02029992968285943,-0.01232073405334555,0.00019489433664943157,0.00013461906039879956,-0.0009238687595627404,-0.0003316552830756603
2023-07-31,0.0036328994383063584,0.0006675228115426979,0.0003578581146121973,0.0008009422646919617,0.0003943087923028443,0.0006038486958663825,0.0014188097986513881,0.0002535085667760839,0.0013351796676130956,0.0055328086958352785,0.00016856045161395272,0.0009617332621476571,0.005931969615689425,0.020833269713013802,0.0010211886894515576,-0.0007764058440336008,0.01840499179472732,0.0007574798675225036,0.0011021900352026215,0.0012662825565108449,0.0005404593364797261,0.0002611969863806074,0.0002482917595720835,9.856174433786613e-05,-0.014402421895206463,0.0014368391055856744,0.0003489889867756002,0.006920759892991679,0.007203509683255005,0.006835715764964778,0.0010214585511012508,-0.03264061727232637,-0.036815401090420696,-0.00459244956348881,0.007051793881930779,0.03893630117828195,0.024124160885719892,0.0058321541082604345,0.011567098586673819,-0.04988860679998519,0.006309259009171786,0.000212916091058446,0.0011144065383512647,0.025404697213049943,-0.010822389334563143,0.00028203964381368074,-1.7704915920568887e-05,-0.0008827799100677991,-0.00038082841629427655
2023-08-31,0.01862378314084956,0.0005083938400836097,0.0008891434344497906,0.0005852637239704972,0.0003994369870576886,0.00030694923169272137,0.00085188725594465,0.0004582987751600154,0.0006466387504999727,-0.016586507282165375,0.00041861367431361707,-0.0028873478833689736,0.005840340634176044,0.01487944071608771,0.02882579821753528,0.021332292860309687,0.01536348974972257,0.00037290109789744896,0.0008063040504608932,0.0009401020023864781,0.00033399107539722195,0.000736952249130951,0.00020287805945362614,0.00011233611391503473,0.04290904263031825,4.7365193440285225e-05,-9.259337958067437e-05,0.0066610339403923025,0.0065399156276333414,0.006578583603274568,-0.001531673929068167,0.007946410382969615,0.021032976218368526,0.011458651111482254,0.011808129856607064,-0.03238044439201071,-0.031556252625216885,0.005736131726860716,0.03904092222909572,0.003367434817029835,0.022519740672574784,0.0005098876168980748,-0.0003103510119513153,-0.006861843054214889,-0.005160954584201072,0.00046716051617679,0.0027028581168553334,-0.0012766099287149224,-0.0007324087592650574
2023-09-30,0.0,0.0003747787228851607,0.0006246626620183271,0.0009529715677716322,0.000553318291593996,0.0007598641901649383,0.0006153177961811807,0.0005887623964520028,0.00014900444385546052,0.0060563342493116235,0.00032727651020603155,0.017156156447301507,0.04131700537228644,0.057581720124700864,0.01671171757701928,0.010132971903440646,0.02110682506771,0.0001571344181463541,0.0005662085459168242,0.0006390684984027839,0.0002216710858971016,0.0007917267471118095,0.0006798844546198612,0.00013138732145789866,0.0,0.0004400389725971454,8.218610471000254e-05,0.006214320829327047,0.005612335503216936,0.006136965649116366,0.08954452298529203,0.02307901876575591,-0.017135617622582977,0.02975562294966405,0.03994395822446539,0.028400623922198553,0.01915535971221005,0.0,0.021246447642236266,-0.02374450068586431,0.007502268230906051,0.0005606771263506616,0.00014542303624276443,-0.005403966581339903,0.0016939377105380515,0.00035145867652741636,0.0008704700153256972,-0.0011698936366818513,-0.0007057604750030366
2023-10-31,0.0,0.00033719413096666706,0.00013748190229567747,0.0005660594190968204,0.0004163974527011671,0.00019069264230475724,0.000940285417516229,0.0006631860733030681,6.152604787268423e-05,0.00020298778488392344,5.5824473921939344e-05,0.0036797580810183916,0.02236731548705917,0.029388775983925974,0.0415779407687078,0.032297455912517314,-0.009504660901975326,0.00027575687318348585,0.0005055972119503149,0.0004926072850834906,0.0002756299339048418,7.145999224067445e-05,0.0002983840786241476,8.799853779395406e-05,0.0,-0.0015112060742917821,-0.0019227225488757105,0.006198371312396311,0.004917053961650986,0.0061208557917324935,0.011281546821280575,0.046226883457166634,0.02432201478255025,0.02210693229031757,0.021972224396828777,0.01710577630502974,0.04651525494338027,0.003231832241388677,0.04949900640788818,0.01743436625624195,0.02705700376851583,-0.00021148751043675862,-0.0018842423512784867,-0.014156288657266813,0.009286812133799227,5.664783528702699e-05,-0.002607819022611646,-0.0006097225023660169,-0.00019705961448268638
2023-11-30,0.0,0.0003339489116147565,0.00027855351638761405,0.0007440390177317902,0.0005336078428970215,0.0004103425824180107,0.001537632900321384,0.0006225850193277704,0.00027285797311771276,0.013973673705874878,0.000226918774960172,-0.0319642882911112,-0.05206859300567257,-0.05121419496145052,-0.02711750325632467,-0.022432248380064745,-0.021571192886629564,0.0006126043795389169,0.0005193413209347852,0.00040922049853864273,0.0004200269547407487,-2.2114366193703994e-05,0.0001842812764545343,9.69492062281585e-05,-0.013421647043995288,0.000641318591271256,0.000810617365830657,0.005794570890277129,0.003827039597531945,0.0057218543075590045,-0.10788530631420035,-0.06696726522145435,-0.062292885190358915,-0.04989961499915807,-0.05457451722446727,-0.04648383935451805,-0.06240767448921691,-0.0064625453014262035,-0.0280181526041402,-0.013683970488220454,-0.031351400595531986,-6.948676842288837e-05,0.0004210837678146895,-0.00943210143441564,0.016272036328675243,0.00022326029212549336,-0.0016516600345956034,-0.0005758976082821388,-0.00011133498709714473
2023-12-31,0.0,0.00036495545733594703,0.0004047757775778038,0.0006793233336230831,0.0004768805969546097,0.0005929468843575147,0.0019308038409997508,0.000622803872610378,0.00048498301593902227,0.005145365989964068,0.0003034981345060306,-0.052301907752296595,-0.05550884507722598,-0.05692592809214114,-0.04893449392546323,-0.047013045971808,-0.01750708096983833,0.0009292039635548921,0.0005679355611574177,0.00041005896698664834,0.0005507833296269915,0.00025842687069244086,0.00031473766843359563,0.00015423260335589717,0.0,-0.0005311515336864359,-0.00043932093103793424,0.005790893916084006,0.0031573749551252472,0.005718019547710451,-0.013043406063744767,-0.06188381169805768,-0.02314300915458578,-0.04362422680916567,-0.0393393436041557,-0.018686945361420904,-0.008340099842461757,-0.006584886956022773,-0.05559564119360816,-0.06127166609577128,-0.03660311764714663,0.000333246257275821,-0.0007952160386748286,0.030611163579493672,0.022306828283873648,0.0002995391025299998,-0.002139921132139566,-0.0002467108313646271,1.6878970792166825e-06
2024-01-31,0.0,0.0003852440903522325,0.0005299829523182087,0.0010563903120077711,0.000678911301659868,7.629854369484157e-05,0.001816724079654941,0.0006201804633814145,0.000587001014237476,-0.0177395782702644,0.0005767482888705544,0.004605314638144842,0.009105895765406213,0.014062238348275358,0.012815992142261257,0.0031725667451516504,0.00708716460365677,0.0010897010065575863,0.0005715288550340869,0.0004435529676680705,0.000587417644465571,0.0008780614902104134,0.0010419590279109325,0.00013589309839612262,0.0,-0.002400131748379164,-0.0031944843094443565,0.005602048249605529,0.0025699417142723835,0.005531407280287892,0.050841643042791373,0.030115538968359168,0.0,0.0,0.005278219684176522,0.027077981241047988,0.03316860024488122,0.000833056062229165,0.014097250463044109,0.0,0.005152895499110466,-0.0008445440604767374,-0.0027536406238992672,0.02902022807517568,0.02535075435839418,0.0010539007670409273,0.0010359798241315055,-0.000590442662001589,-0.0003499305469797376
2024-02-29,0.0,0.0003788173494567726,0.0007661407057348857,0.0007105694140467911,0.0006198237761574354,0.0005743519144802978,0.001205144752489673,0.0005937625380261213,0.0005494266223826649,0.016106224089031285,0.0002305215277793593,0.04082579024155564,0.04327167254748243,0.03159825317550635,0.015194681181663672,0.007047007854896314,0.009358222745452505,0.001042430089815305,0.0005131702303617924,0.0004862744914602146,0.0005101002842440305,0.000676604450431606,0.0005304159923096297,0.00012506400278167185,0.026927956813287635,0.0026054889965221317,0.002919777784132993,0.0050784881507015545,0.0020656802641974004,0.005014372287486246,-0.02339237138036676,-0.044356045137917244,-0.024242306560281257,0.025724731122027222,0.030546017807892234,0.01797801446629954,0.04100305833401685,-0.0008323626574714416,0.013587691007883818,-0.024052820817627163,0.01568320299493453,0.0005967274386142751,0.0025562208934988284,-0.006070406233201431,0.02432694950753511,0.0002791222088833756,0.002575777274352431,-0.0007977939968135672,-0.0005398746136904276
2024-03-31,0.0,0.0004247050143870723,0.0006549503358550535,0.000695260864139513,0.0006205187182604099,0.0006745629523272623,0.000355261336180801,0.0006659552870855734,0.0004912041649844934,-0.023686217533893883,0.0005005313034849301,-0.005147615681594608,-0.005753263345148918,-0.005770889512226485,-0.0018490428380405488,-0.00154697012199001,0.011518414106648,0.0010133148157471794,0.000499710552690269,0.0006390773747084744,0.000426529205635795,0.0006974427930721561,0.0006883499473999688,0.00016397456602135208,-0.01297434585916013,-0.0004711525147634843,0.0001548027973934385,0.00526686622970951,0.002048742427395389,0.005200302835472126,-0.01029414962142483,-0.022782875066326147,-0.021154543082893995,-0.008763218241281345,-0.006778362504045066,-0.0025000750673762617,-0.0048209189159552635,0.0024953004995331707,-0.002213362348100434,-0.008343741380904546,-0.009205218965549045,0.0004122842267182403,-0.0006935370364092863,0.007252614015250236,0.02463446895302024,0.0005043267000268692,0.00011905184700955473,-5.0085708194202994e-05,7.319173711661797e-05
2024-04-30,0.0,0.0004304758072515291,0.0005418989285657094,0.0006289669962464828,0.0005041052157099823,0.00020498435242166657,-0.0009778895083552008,0.0006910180525234733,0.0002884198502801638,0.008126629935648388,0.00018569745614160915,0.04498876038605237,0.05657947981143385,0.05462114542892382,0.024503527102875067,0.01904521322664965,0.010947695644817568,0.0007631942320407425,0.00041073669366453736,0.000776459135810148,0.00022194256678775837,0.0005475243001762387,0.0005385200674914437,5.704176420007201e-05,0.01314489223732851,-9.57963011227747e-06,-0.0014176421357313673,0.004944959332443544,0.0020188058645309592,0.0048824411327856865,0.06539917004581719,0.005061394217673154,-0.026511992017377528,0.03223015666381457,0.03977112626716672,0.0222902444701365,0.012057512575738283,-0.002489089473326933,0.03243662040437645,-0.03433165012193662,0.02320104296442005,-0.00019738448961303945,-0.00020050528654769195,-0.006324239566917189,0.02064191022250772,0.0002200159610854513,0.0013252247535040507,-0.00043165781533405223,-0.00021458664368734226
2024-05-31,0.0,0.0004649720001204116,9.962594111456724e-06,0.000669243787516649,0.000281823256804703,0.0004384434857291897,-0.002852139724869751,0.0007783950081043933,7.639045018992263e-06,-0.0063688248074602605,0.0003674131217430432,-0.007414090927784334,-0.008076256776035295,-0.006096936506811201,-0.0026061799107798267,-0.0036838748603539306,-0.014290472141655575,0.0004419915206455016,0.000323271945743997,0.0010068721739857622,-4.607001827494628e-05,6.182756675188195e-05,0.0002618404797312124,0.00011396030807087065,0.01271221984793458,0.0016139922440985277,0.001639397726864944,0.004961940692346012,0.0023244268808890745,0.004899198244540104,-0.005596204841949559,0.004999891579501536,-0.004604025762043884,-0.003707972131140491,-0.004415801356604021,-0.007203467237755112,-0.009517051745835059,0.0016648215645891362,-0.004091456418331085,0.004506748368906965,0.11904597639625414,0.00019126951877979081,0.0015154268241668323,-0.025083755388278117,0.016272699357255282,0.00041066241907716794,-0.001201858223659369,0.00027335410392548276,0.00048320338986740374
