Date,FEDFUNDS,GDP,CPIAUCSL,CUSR0000SAH1,CPILFESL,PCE,PRFI,PNFI,EXPGS,HOUST,DSPI,DGS2,DGS5,DGS10,AAA,BAA,WTISPLC,IMPGS,GCE,FGCE,GDPCTPI,PCEPI,PCEPILFE,PAYEMS,UNRATE,INDPRO,CUMFNS,M1,M1V,M2,VIXCLS,BAMLH0A0HYM2,BAA10Y,BAMLC0A4CBBBEY,BAMLC0A1CAAAEY,T10YIE,T5YIE,DGS3MO,DGS30,BAA10YM,MORTGAGE30US,RSXFS,TCU,UMCSENT,NETEXP,PI,PPIACO,M1REAL,M2REAL
2003-02-28,0.01432418495387644,1.7090434791811049e-06,0.00028287454853215266,2.133633748946373e-05,2.5666692333503605e-05,1.2806642291085524e-06,-5.878461057662321e-05,7.241442542316179e-05,-1.0337414800498657e-05,-0.0007375536990128495,9.781321819168909e-07,-0.0958066923495835,-0.08610837129929716,-0.052881108679795785,-0.022355110937237965,-0.023127656689874154,0.019391673281675903,-1.6478062242364366e-05,2.1410646888986307e-05,0.00025607799720295255,7.995762854950961e-05,0.0004809759418489268,0.00015624214449228013,-8.04247707320016e-08,0.010843634786380507,0.0001231081777031129,-0.00012419101448268854,9.226729040934245e-05,-0.002750121899402047,1.0257429551074893e-05,-0.012466939336439942,0.0059066667891753966,0.01197788403491784,-0.03550716061072312,-0.051065287794078595,0.06015343753759583,0.14850778237898044,0.0,-0.015543477697700148,-0.032237266279819266,-0.011807516020652442,-5.746832149045034e-07,0.00018758421612075082,-0.0033748393576465974,0.00010473557949985945,7.055650570464422e-07,0.0011517114432044728,5.000160439938561e-05,2.2672371353671394e-06
2003-03-31,-0.007054673721340388,3.949392678892494e-06,8.426956823637255e-05,-2.1335882259831962e-05,0.0,1.0933111538102835e-05,0.00010939998711223531,6.35898688381431e-05,9.120436562648493e-06,0.000343005377758443,5.618985889910277e-06,-0.01135698994338552,0.02617938111943041,0.023387573013079477,-0.006346150795119909,-0.009192174952158738,-0.014851436028239462,-3.6567580016244605e-06,1.9051531153779777e-05,0.00016501493790777033,0.00014119187835914815,0.00029260539052500256,0.0001817719925316652,-1.2419686135078933e-07,0.0,-0.00027114840217556946,0.00012404548965672113,1.1627915765366481e-05,-0.0024206326392758326,6.4217595159288265e-06,-0.00413787931099141,-0.044446359977803884,-0.040613114691435914,0.0022753956913106332,0.007076990580525466,-0.06115673597763405,-0.04904966278356837,-0.030146587783095313,0.0013253705073255073,-0.004816677263356661,0.01302664274106613,6.571178212677609e-07,-0.00027623620322336784,-0.0032860710591436915,6.688012557165557e-05,4.328713597345768e-06,0.0017303433001107926,-1.0840762724839692e-05,5.997295852822049e-06
2003-04-30,0.007104795737122638,5.299063938535298e-06,-0.00019701948916783785,2.133633748946373e-05,0.0,3.95283329779339e-06,0.0002323920481470676,5.0074976024161444e-05,3.3162637291139774e-05,-0.0002909138831816982,4.248210780932737e-06,0.0,0.019595218766620848,0.011278471090458986,-0.016179728741454347,-0.00853916273509403,-0.04130017630499805,1.1088917980517365e-05,1.536354726439093e-05,8.051080238136166e-05,0.00017671962994669776,-0.0001938848163428597,0.00012518461287824856,-3.302980677855061e-08,0.010593220338983134,-0.0006231337200707232,-0.0008808427250216466,5.891174900263252e-05,-0.0016161228210188616,1.0232676036503463e-05,-0.08727466182442511,-0.10085347251112531,-0.07218280811747235,-0.04296191020264073,-0.014094730684933388,-0.033153357961542174,-0.10586211459573913,0.0,0.013139931067921662,-0.061767132967342486,-0.01285913142996753,-8.705569953804115e-08,-0.0006855100408720283,0.01127577319587636,2.9704949336295527e-05,2.585099404095459e-06,-0.0021227161503962755,0.00018004849606256812,3.16669022046856e-05
2003-05-31,0.0,6.389270363893473e-06,-8.489137299905192e-05,0.00021230448879627772,0.00010241114233244808,2.7016601027440856e-06,0.0003172119521239747,4.4965611979863596e-05,6.298622741329751e-05,0.00037327322251967665,7.401554414698808e-06,-0.10521209003816845,-0.15689630580516323,-0.09998211858263806,-0.059521901770547725,-0.04188836305624599,-0.001020924307743587,2.640582095558841e-05,1.4328593365364739e-05,3.727520318275168e-05,0.00021060759458113587,-0.00013108094303726503,0.00016220907249842043,1.1799621502106561e-08,0.010351966873705987,-3.425380827792868e-05,6.931557073741601e-05,0.00011032883716777242,-0.0008120942452052304,1.7910229452411386e-05,-0.02783738551275272,0.03236916383975963,0.02537641684994063,-0.06290874636990851,-0.07020396098137738,-0.0647797488538967,-0.11637165431493823,-0.047045908966165895,-0.04886501106726471,-0.02160941522221238,-0.05414863122413138,2.3095982459864217e-08,6.665729985533275e-06,0.006947133453294674,1.0271048042964637e-05,6.5775703641524075e-06,-4.9829185551852895e-05,0.0002374334642181175,3.63955062143706e-05
2003-06-30,-0.028294145941204718,6.503603610541475e-06,5.6628364184962976e-05,0.0,2.5537109250128864e-05,8.358658984963796e-06,0.00033376258709005846,4.1527290997267485e-05,9.154575948056021e-05,0.0003529454361570483,4.405626432335552e-06,-0.006642046813146063,0.05583083257729071,0.03725635439997532,-0.0319924651346114,-0.01839441893966831,0.022515823911595456,3.966600175520085e-05,1.3884537064301483e-05,2.3543944683623863e-05,0.00021817767492882112,0.00012374012751781294,6.303905617444094e-05,-2.359634265758359e-09,0.020114653525093118,0.0001316170030083441,0.0005708700732864891,8.197317657798742e-05,0.00014257053173682976,9.704093252294044e-06,0.0008699367938722613,-0.06026148004021081,-0.010956352630209332,0.0,0.014224172965943138,0.021477663230240474,0.13169751161017507,-0.1257903829059258,-0.02011748611893449,0.013836387485264279,-0.008650048687416811,4.196619276530811e-07,0.00019672282919125372,-0.002613704305097775,5.534962597364412e-06,4.5898265936816784e-06,0.0006425591648706597,0.00011985791271063029,1.5417377073889682e-05
2003-07-31,-0.15634073346138389,6.494215101460199e-06,0.0001691738704190371,0.00012644271133632756,0.0001018947325519548,9.598213884132178e-06,0.0003292510492620693,4.54047299356386e-05,0.00012829905169620126,8.426092913405014e-05,1.75061826555023e-05,0.3081664098613255,0.27950952155261444,0.1852046804147025,0.06754536255622834,0.041797161292329355,0.00031945125940469055,5.5013379885338054e-05,1.5909101964250993e-05,4.379967751066971e-05,0.00022716677375078653,0.0003346313601602091,0.0002814602972309732,-4.719703516897766e-09,-0.00979815794630623,0.0005111967852358124,0.0004129364031741911,3.435248104488586e-05,0.001202419274599631,1.2582910911218548e-05,-0.0005211547120723692,-0.047888183174382815,-0.06506401733531719,0.09974981667601246,0.13813200121102054,0.22209659182684538,0.17608217168011753,-0.01948406203725339,0.07296074711805045,-0.06085686465433282,0.08380664131715299,3.99913461901491e-07,0.0006300439279030012,0.0013258599030134821,1.7298894974704382e-05,4.040494954393736e-06,-0.0001471843631332126,2.613876337598242e-05,1.3605385284609639e-05
2003-08-31,0.01795283789485036,5.819223591219114e-06,0.00022390367663849275,8.390754060294547e-05,5.0792051246917325e-05,1.5593663638124866e-05,0.00028234180291675237,4.873320106812962e-05,0.00015901595403611246,-0.00018305740766122458,1.1868353161581524e-05,0.06973500697350055,0.017584427231243982,-0.006165180601259146,0.04473441521795962,0.034633972196912666,0.006487880482923591,6.829647480999235e-05,1.863036086691139e-05,8.58075874103914e-05,0.00021982857811986278,0.00038372003054498727,0.0001267129263384792,-1.8294330939028214e-08,-0.01001803245842503,-0.00021110320171047192,-0.0005233067585632689,7.54610163040681e-05,0.0021908996624380173,1.6860500071436135e-05,-0.015412222286539379,-0.023956686311149444,-0.03732875433946781,-0.004681121971313984,-0.009509319132750216,0.03162955465587047,0.11438103181222448,0.04954222979667855,0.04037421853807488,-0.024126616483304386,0.039199181356044166,6.070933280533097e-07,-0.00022537916597920038,-0.0017725841063463976,2.797022088896206e-05,5.207793723815968e-06,0.0001472060295588662,3.603376868577257e-05,1.5857080256642675e-05
2003-09-30,-0.017636217736744286,4.91521493883873e-06,0.00016668541877629117,8.360085607272971e-05,2.5357335572850914e-05,2.591237522331369e-07,0.00022551311167573473,3.773064828216377e-05,0.00016261469184830624,0.0002967095747901105,-9.646524122053357e-06,-0.2006688963210702,-0.13719889341220404,-0.07887704838865461,-0.017309722871336808,-0.0186919222857842,-0.027282172315688524,7.684891086245926e-05,2.0215842307935716e-05,0.00010705769721774949,0.00021241936519866833,0.0003538195060819316,0.00015624195584740264,5.8393333501882694e-08,0.0,0.0006394491733963115,0.0010238490152321145,-1.5918852059759736e-05,0.0023373436626483723,-6.032149200807524e-06,0.06709608158883529,0.0059042612234101455,0.03557314809424916,-0.0710331651398618,-0.08669729971256535,-0.05782218521602389,-0.05508147821739362,-0.009406275867258729,-0.020414044862865577,-0.012480031948881698,-0.03366549959601406,-1.9976407117372474e-07,0.0007684270345267308,-0.00183389286168667,-2.9857683091716325e-05,4.775907272325242e-06,0.00024398575123218968,-3.803962511661485e-05,-2.380145354596852e-05
2003-10-31,0.0,4.3493714732001365e-06,-5.543853404998966e-05,0.00014557312137886136,7.592092076902368e-05,2.2144371598642465e-06,0.00018625258891402652,1.3250263645403493e-05,0.0001540786548037687,7.304215079928511e-05,4.539686614180027e-06,0.19690576652601965,0.11105382144132014,0.065201914469186,-0.002227072290766463,-0.0052818435746812,0.017880061076185116,8.836154967140075e-05,2.236239716224553e-05,0.00011045927640340736,0.00022994053301794715,1.4453988530949147e-05,0.00020674862518266224,1.1005669131591844e-07,-0.010245901639344357,0.00013260439552453818,0.00017635185371878137,-7.68825338959278e-06,0.001741469685414776,-3.60266010546173e-06,-0.11163725648912648,-0.09610373289076324,-0.06611008273204622,0.03632303283871208,0.05198470164494462,0.15647568608570062,0.08915993509156706,-0.019043266301036033,0.002475737769855213,-0.0255193181238198,-0.004196338275221034,-2.1933815574914917e-07,0.00017381825062345868,0.002175177334194256,-0.00017440339182106523,4.106918230606382e-06,0.00038688367616868113,2.204852792808687e-05,-1.297273633293905e-06
2003-11-30,-0.00900090009000909,3.5860462741510446e-06,2.7735019622499024e-05,8.276609247004352e-05,0.0,8.844887037229299e-06,0.00014328590298462451,-1.9667770119857764e-05,0.00012191943959805052,0.0002817632843492568,8.415708412368161e-06,0.09412397472098966,0.02514136302756853,0.0016105082441917329,-0.0056050669805502995,-0.006243210508571906,0.006098247419859426,9.25301138869905e-05,2.2364996481671895e-05,8.869949886136652e-05,0.00024156345024106685,0.00014291604456029283,0.00015247114043170917,2.5262545388926583e-08,-0.021097046413502185,0.0006651631888476839,0.0010523472371102294,5.1162657272563195e-05,0.0004426559702406241,5.427628451126765e-07,0.005191715909305561,-0.03650146589887038,-0.01030970349292748,-0.0025534468340451255,0.013760363273590315,-0.03046303818034124,-0.016154305930245694,0.0097153405226853,-0.006186204763377501,-0.026526606186004553,-0.005297362125555982,4.62147943247615e-07,0.0007975807501165999,0.004412625706019968,-0.00035755709204232655,7.266837156905126e-06,-0.00019284757279625087,6.001282113921036e-06,1.1120178544654635e-06
2003-12-31,-0.01821493624772319,3.468121607452801e-06,0.0001382456625422801,8.246564017566627e-05,5.048618193215226e-05,4.40800598244806e-06,0.00014545720727987543,-2.8628619823112267e-05,0.00010837970915034134,-6.038702041377686e-05,3.4353977209633513e-06,-0.09019942272369452,-0.029027576197387384,-0.011302755611818371,-0.0033993178702141913,-0.00542711386084882,0.008088864571421883,0.00010266788230550716,2.3271240651823177e-05,7.317969888109843e-05,0.0002732825324498478,0.0002489399417799909,0.00013942057936122687,6.572202537746819e-08,-0.010981770261366042,4.9612979927893264e-05,-4.998272260325898e-05,1.7520533979187292e-06,-0.00035785224133333404,5.966262754952822e-07,0.04307180307658198,-0.04722446101148525,0.00347799472735999,-0.029933106015252897,-0.023855287013181625,-0.014112483550136279,0.0041151247294302085,-0.03859327512180988,-0.00500923577846657,-0.01030970349292748,-0.00428465077418283,-8.878920176869087e-08,7.47184523124389e-05,-0.0011442099854165333,-0.0005121829342408235,2.6539191853025557e-06,0.0002889400954946275,3.987946511418983e-05,-9.105274409559883e-06
2004-01-31,0.01855287569573294,3.7095616738369586e-06,0.00021969783309283564,8.21668212431792e-05,0.00010067117472156717,8.89563139194749e-06,0.0001831404544703208,-2.0176974786512147e-06,0.00010595663614476614,-0.0003694802248361828,3.8092437866232842e-06,0.0,-0.01869049705040593,-0.01819288426679333,-0.009160151508905923,-0.014746000147460081,0.0148951664833461,0.00010989997210697489,2.289204929839528e-05,5.924412951374691e-05,0.00029994473049943515,0.00043498841040978675,0.00028628021611321053,1.0071106126829932e-07,0.0,0.00016285352278933019,-4.8302645401676614e-05,5.834392893255824e-06,-0.00043285465298903425,6.503722822515101e-07,-0.03445480298928216,-0.022135571863985404,-0.05258618876338328,-0.015096369734797888,-0.010623379934560084,0.014314496648618391,0.05266398755509494,-0.010081661457808422,-0.01014876825668265,-0.013968577684498773,-0.018533054247339975,1.6801758340179163e-07,0.0002081747902993314,0.010628323723557376,-0.0005831031908535289,1.965673595005768e-06,0.0008996084335921584,-6.391228677760097e-05,-9.066171375304855e-06
2004-02-29,0.009082652134423386,3.993178454120283e-06,0.00010915478448625393,-2.0512727942678666e-05,7.523786450880365e-05,5.16596573696404e-06,0.00022471598452233899,4.4966036077509486e-05,0.00010436578510519823,-0.0001832629603565339,4.475351481625367e-06,-0.08389887389067052,-0.038795684949941456,-0.02921042502886695,-0.0046582042622569375,-0.016224656132729165,0.0030654043809714704,0.00010674431267299056,2.0756651686326677e-05,4.786284831936882e-05,0.00030250490520078444,0.00023901059879305464,0.00018030721498041302,3.2732502264209984e-08,-0.011246063877642931,0.0006028178937738105,0.0009391350036449531,9.101889226714732e-05,6.78381751706425e-05,9.96199388669794e-06,-0.05094711420114073,0.049933708697074586,0.007479459534253996,-0.019840510638056807,-0.0272512235799387,0.02447740735301318,0.08227128582540533,0.04062563477554337,-0.006463255102093557,-0.035822905882479494,-0.011300150065992831,2.576623077121809e-07,0.000726975834023369,-0.008674211384994801,-0.0005510158824189038,3.5319257494226264e-06,0.0003254763346156597,0.00013514109724210854,1.2882282443449355e-05
2004-03-31,-0.00900090009000909,4.619285674856144e-06,0.00010869987610928611,0.0002449649495985806,0.00014980544018450281,8.957330595027457e-06,0.0002561390444468792,8.180657464751384e-05,0.00010105032386076296,0.00041006073215243966,6.338600254229831e-06,-0.031159119235562804,-0.0545058139534883,-0.023507542304535,-0.02016248591591041,-0.015840062885049577,0.012435036169949676,0.00010445312488926994,2.1856298746181224e-05,5.279904967725457e-05,0.00032371755475857356,0.00017296158652491123,0.00018671447895002302,1.847623574136037e-07,0.022603978300180794,-0.00038076271889209146,1.0011847153545972e-05,3.8507175345037226e-05,0.0005253513531235932,9.947878206517657e-06,0.05628850557873055,0.011192943968122426,0.029454104981793794,-0.011741344061008019,-0.03249372106625281,0.0,-0.030769020382766632,0.0097153405226853,-0.023780584473920507,0.03346570880371247,-0.020946795140343477,6.562773611218375e-07,-0.0004249582809590091,0.001401749383230122,-0.0005346217129178488,5.25257883432495e-06,0.00045965366934641594,4.708120464180787e-05,1.1298730973940962e-05
2004-04-30,0.0,4.4883835204068134e-06,8.122698230383918e-05,0.0001618365208382322,9.937036452778436e-05,1.2777690518994689e-06,0.00021393538911573806,8.703872997939399e-05,6.724771793620299e-05,1.2431706420734656e-05,5.924291767600565e-06,0.36047928513403704,0.21748244418824014,0.11945982762125196,0.04770941151633634,0.03480142307990586,-0.00040784830653206594,7.707418460589643e-05,2.134877668424906e-05,6.295733584527063e-05,0.00028634575981145716,0.00020774114582255976,0.00028867195880799557,1.5666563313310178e-07,-0.02210433244915999,0.00037693091188928385,0.0004208102746980913,6.192095742374448e-06,0.0007405526835302378,9.932089357178597e-06,0.009886620239098143,-0.08150875974640981,-0.08697385348529607,0.08880752973261785,0.12956230803819802,0.013531982841445744,0.01769372863482266,0.009604302727622027,0.05075328560743664,-0.061570110246715104,0.07055775325606684,-4.0216692998029657e-07,0.0004652099730220183,-0.0016028273875113852,-0.0004158251759978082,5.157889302775942e-06,0.0007674292204544741,1.9523766906281992e-05,1.5239895318819308e-05
2004-05-31,0.0,4.412794613717352e-06,0.0002153856426083678,0.00014065460653878148,7.426738933791199e-05,1.0441528579097081e-05,0.00015365848050286068,7.849047861796521e-05,2.7398475376694265e-05,-5.516586997933448e-05,9.235915494398839e-06,0.07939960093070142,0.035906427849025535,0.01957542410909241,0.03372894117237424,0.026800979622013665,0.01946038678358919,4.811091133860579e-05,2.252928238788421e-05,8.202435720439105e-05,0.000250254336120026,0.00036288354093949593,0.00015208125021404229,1.6409583647458703e-07,0.0,0.0007158182270812219,0.0008667963904627207,4.306104192375315e-05,0.0007966399871295327,2.108337940476268e-05,-0.03855410692491068,0.0662669159735505,-0.008109806783853424,0.028591886865632965,0.0363729524399925,0.07833614037836378,0.07150883644907546,0.07548309178743962,0.02808549713772135,-0.031516784657629304,0.03160582036475157,6.497940137073499e-07,0.0008608531391005592,-0.004237808883294947,-0.0003085121453154649,8.568808673503625e-06,0.0008808772127633091,-5.480244813504953e-05,2.4374022061568468e-05
2004-06-30,0.027198549410698325,4.149720310042682e-06,0.00018700087462986126,7.99765668659802e-05,9.868034770987855e-05,-2.8300877572551286e-06,0.00010522650320465843,6.592082664313992e-05,1.1853935377059699e-05,-0.0004202052249362431,3.864094238359428e-06,0.04960009920019859,0.0,-0.005871197665611838,-0.0031023656572257696,0.002648655807178102,-0.011684141869057307,3.6125284264221236e-05,2.1514660146326747e-05,7.945249033292079e-05,0.00022001487234302175,0.00031744225230800893,0.00017509765294021484,5.530907887241199e-08,0.0,-0.0007473059782353575,-0.0007513643260121938,4.146980122632371e-05,0.0006630097720945471,1.448637014123122e-06,-0.03074721022079696,-0.0298270033803939,0.024447187962204797,0.0023780534205919412,0.004496268097478939,-0.042038002354128245,-0.03785906961336427,0.2129181712884105,-0.0035172132416042556,0.008176113484455128,-0.006815968841285325,-5.029010022861158e-07,-0.0008595265500283,0.0056692199153394185,-0.00025844536075292357,3.85991406859354e-06,0.00017333305600053528,4.7002170247001374e-05,-1.0009709688896251e-05
2004-07-31,0.19831347324492565,4.341370275717793e-06,5.317736058940703e-05,7.969116485972982e-05,4.919216624599265e-05,1.1787455130418678e-05,9.679485402003252e-05,6.322794288249334e-05,3.278603663425805e-05,0.0004730914295409949,3.490877335643461e-06,-0.005841803949059532,-0.019144215288187327,-0.017913121361397333,-0.01998355038273758,-0.014199049373644468,0.013854053410644829,5.2717717963446376e-05,2.0943060249800638e-05,6.086396601334698e-05,0.00023686173143744327,0.00010310418766423801,0.00013063429772297575,3.5102463824543406e-08,-0.011520737327188835,0.0007124436086389796,0.0010187061231070604,-2.537908070798789e-05,0.0004453269349891098,2.7122785202227107e-06,0.026990642509490792,-0.013917400229637167,0.003954288425797925,-0.015531326685925384,-0.01650313559576322,-0.009531434671546934,-0.006632113356081493,0.04776722349601492,-0.020262506734303742,0.02817354906222347,-0.01691542288557224,3.949750264631291e-07,0.0008465170200000482,0.001078376396497438,-0.00031742466083273246,4.4460615438168816e-06,8.632119772400415e-05,-3.522055502891419e-05,3.4342864889680413e-06
2004-08-31,0.11804080045549847,4.550264931069137e-06,2.654722539041643e-05,5.9581404881825506e-05,2.4559211275976267e-05,5.086879277360623e-06,0.00011046474138165507,6.230305764298727e-05,7.812730529410672e-05,5.402660269915316e-05,3.936586896235994e-06,-0.08118152188293026,-0.07683861666225178,-0.0581898246441771,-0.01866429520327606,-0.014683587053481273,0.019011333707237732,8.380859384859995e-05,1.9144378410773655e-05,2.7514556341312613e-05,0.00027063608466959543,5.7046374192903926e-05,4.25631275402516e-05,4.9433582782754115e-08,-0.011806375442739103,8.24168746975662e-05,0.0005133723661987499,7.996230160856044e-05,0.000212785945068239,6.727939905193381e-06,-0.0007743078462163488,0.007076990580525466,0.03515762334466155,-0.04255494907799706,-0.05512800723279443,-0.04552623449262638,-0.04734416161944088,0.08951406649616378,-0.01988899454917248,0.02323636025652953,-0.027031073258367067,7.045740946232115e-08,9.942037906007783e-05,-0.0007812095663016771,-0.0004100639154583918,4.4657451883090005e-06,0.0002576301461620911,0.00013214347205425803,1.0883479666157214e-05
2004-09-30,0.10841871306987594,4.6736200614017065e-06,0.00015872108895353954,0.00015811576603930177,0.0001468545589162762,1.0118663785085857e-05,0.00012257269570770113,5.894541299134026e-05,0.00010135111471099023,-0.0003070207122881641,2.6619863031651647e-06,0.07227736108784,0.01122198431615451,0.0017123815460065028,-0.021751823146229587,-0.018077298528507924,0.004016874052703789,9.062387233216285e-05,1.8149228499186876e-05,1.7575583880491408e-05,0.0002855735881255317,0.0002193392108524872,0.00020689859434597224,8.434788911770852e-08,0.0,0.00010831127927035666,-3.0237432667723496e-05,4.30895704623957e-05,0.000523248374827201,8.857754394853146e-06,-0.054641960654425725,-0.040961855607677955,-0.030164888823531633,0.0,0.0068137064518984936,0.006880063296582195,0.02143691651392854,0.10273972602739723,-0.022035853630082758,-0.015114187687982783,-0.010930108514117465,6.15806614590042e-07,0.00011669619708398749,-0.0017012282868230644,-0.0003837528699270898,3.1667777180555134e-06,-0.0001285369072306919,4.030471748284192e-05,6.974084751698584e-06
2004-10-31,0.07922423627836239,5.159974460156036e-06,0.0002623856523327195,5.900136647141174e-05,9.741781893701784e-05,7.92837939544988e-06,0.0001400358191798734,5.8027370556601454e-05,0.00010438743921969973,0.0004210568779767776,5.019091510627405e-06,-0.02119105858419512,-0.017795969212973328,-0.01547269070091295,0.0011839055148685773,-0.00590337938953156,0.024751592091004637,7.669644214747251e-05,2.0158770512868074e-05,4.06097341041356e-05,0.0003028108837679344,0.0004747940537730422,0.00023887311503689723,2.0121491584035311e-07,0.01194743130227005,0.0008510635299436853,0.0009844621688144262,1.549543280154886e-05,0.0015600048703190428,5.735391325867312e-06,0.08360874758661785,-0.038312047798110926,-0.007840093453913899,-0.012104746405562694,-0.013573585802029164,0.01698634976932545,0.054979606002398373,0.05553536087887223,-0.0053762573721929385,-0.011576128479591441,-0.008942464185430987,2.2840591062944782e-07,0.0009731054843049591,-0.002609565204683917,-0.0002644269739036087,4.74631031410766e-06,0.0009732566012186084,-7.503468911396194e-05,-2.5891185866377953e-06
2004-11-30,0.0809647184332849,5.2611384153689045e-06,0.0002338612360970327,3.924675277300338e-05,9.703422178652943e-05,6.676688089068961e-06,0.00014502911028224652,5.238998520806781e-05,8.316735288360633e-05,-0.000781034542195358,6.66579239361198e-07,0.13800883256528418,0.0927643784786647,0.05330307094466824,0.005889669990011059,-0.0009940160235384354,-0.01503551310926099,4.184894217695856e-05,2.1777543776302366e-05,8.003733427086601e-05,0.0002870670925594343,0.00042458194795802484,0.00023654078980617221,4.216487292652005e-08,-0.011806375442739103,0.0002340827405509227,-9.90279758948942e-05,3.3965984287176454e-05,0.0028970550984255272,7.86708653666146e-06,-0.08013439304676784,-0.09622001752877707,-0.05605493383515847,0.037643515904385305,0.054125367883359754,0.062262011652826965,0.08497941609698989,0.14762258441013243,0.0013540411357695348,-0.03946158611899253,0.009023153411654272,1.2149747141698697e-07,0.00023320402622917236,0.001166890851151292,-6.227822047033538e-05,1.1794628873573743e-06,0.0005782734407269174,5.395664044383075e-05,-1.6987551806346701e-06
2004-12-31,0.09800245432233434,5.245156395217165e-06,0.0,7.828681824162409e-05,7.252441534455478e-05,8.331032586905707e-06,0.00015286951116744163,5.078356968590825e-05,7.578055828383334e-05,0.0007110306005693179,3.952830286957365e-05,0.015189258156631524,-0.0177502189193669,-0.019327904339758728,-0.005855184883317821,-0.004993508439029015,-0.01985008503807395,2.322545985422586e-05,2.2601933329147172e-05,9.916012681787656e-05,0.0002864250290455228,5.863977147591015e-05,0.0001409159760250578,7.054918027549206e-08,0.0,0.0007395937772118888,0.0007411923731619474,1.7390389874361034e-05,0.00377628909664951,5.225269429143253e-06,0.0016214834887580132,-0.016856502998049305,-0.03891555324944851,-0.014091254967167344,-0.020582060675914837,-0.01525245869634173,-0.034397358282883816,0.042661785124223695,-0.0054197237295828815,-0.03756385855955102,0.00995209723862489,4.038931069594298e-07,0.0008108239915400883,0.004326443220966425,6.057583798524391e-05,3.2610106521557825e-05,-0.0004947580385813444,1.916858045758474e-05,8.652462740954547e-06
2005-01-31,0.045240680419833534,4.492150107227033e-06,-2.587541711174257e-05,7.801040697841266e-05,9.636835841320135e-05,-9.260169936409213e-07,0.00014871501115365504,4.82698862978026e-05,7.961993935956535e-05,0.00023189892480734997,-3.941774500171302e-05,0.051303098707161876,0.016074812175866704,-0.016679565530677176,-0.013092245581962092,-0.013194888503192281,0.01425162407610081,2.3056889352668364e-05,1.969787359801245e-05,7.995914068570364e-05,0.00027454481678623743,0.00014430846383306495,0.00039387902769849603,8.289706654451834e-08,-0.012103606874848793,0.00033314251919236426,0.0005709369314066404,-7.810976909294887e-05,0.003656300495480602,-3.1066245547162197e-06,-0.015497342700322991,0.046117624214179864,-0.05033173186913764,0.00522140724757425,0.008127623190384625,-0.021892514011208952,-0.01806619453678271,0.05462212414516365,-0.019304832964932683,-0.052966101694915224,-0.01648630647384286,-3.44833476662032e-07,0.00031913389591320396,-0.001561882263362624,7.825198508371045e-05,-2.537256206480709e-05,0.0002896490198691648,-8.27992620465734e-05,4.44049926429102e-06
2005-02-28,0.07719298245614037,3.1342844057924424e-06,0.0002062927541732762,0.00015520343775632384,9.59909384552482e-05,8.432022666093886e-06,0.00012728617545287868,4.241176625185972e-05,8.159597686718811e-05,0.00013254094884174172,3.2961013571863873e-06,0.06709743218127051,0.05583365421640352,0.03700563831361947,-0.019638648860958452,-0.02100037380665365,0.00416158008640477,3.319645689825457e-05,1.3786399283954864e-05,3.5599096260163776e-05,0.00023936543030989021,0.0003051585331375062,0.00018118076869444444,1.4378457358077412e-07,0.012251899044352088,0.0006776371305843298,0.0007860085596431698,6.1780817689705e-05,0.0026137734484734665,6.1526712582526955e-06,-0.026142350041827744,-0.10897710770018021,-0.07888573893750761,0.024301958226212728,0.0363729524399925,0.05392819302486429,0.07256104197656277,0.07043529009277338,-0.030237058538945427,-0.07153075822603727,0.0033781729489423817,4.329590417295748e-07,0.0007037935996645484,-0.0014082311108429835,6.74500100639186e-06,3.3848713372197636e-06,0.0002870565386559054,-1.7456234795099057e-05,-8.537415470022403e-06
2005-03-31,0.041171813143309643,3.0215932742549967e-06,0.0001791360727845248,0.00023077699730267298,0.0001670886051778897,5.333864896650553e-06,0.00013972445862053817,4.798201831279769e-05,8.474927751911387e-05,-0.0008293201170817,7.139617714368995e-06,0.042388276613782416,0.03173483779971775,0.022144890857323407,0.024975024975024906,0.0256769074732639,0.02055138190701067,4.487603803626783e-05,1.3836652229315405e-05,1.9301726969178645e-05,0.00027148956174682937,0.00032778320823267926,0.0002687213185312842,6.830290155690477e-08,-0.024366471734892814,-0.00013270450523816812,-0.0007294292834347793,4.222252867558396e-06,0.0022789753568353,1.9518712925936654e-06,0.06685929495839549,0.18033746628473457,0.027015928591497484,0.045725837504813294,0.036912682311738054,0.014789136491898391,0.013776609521290561,0.06661821705426352,0.03117984534796725,-0.04718464926077359,0.03834876779930663,8.292548381305664e-08,-0.00026488485134190665,-0.0015536538832024993,-7.620787329476464e-05,6.121653114865566e-06,0.0008461968689104093,-5.263150302659003e-05,-6.7039999014362195e-06
2005-04-30,0.04756567779604448,3.2539027852163116e-06,0.0001525379647926428,0.0,2.3774982156998803e-05,1.0708596023034644e-05,0.00014259249934767126,4.998731433403236e-05,5.558845348518915e-05,0.0005103172152534086,6.437085774857465e-06,-0.026970794482546134,-0.048191112182024765,-0.04535147392290251,-0.008455944529003778,-0.0010281401971973247,-0.0037094345583308375,4.140286881915145e-05,1.6080864567724618e-05,2.9353185857061703e-05,0.00028854188484683796,0.0003058680739682629,0.00012523330620228812,2.0304411085803054e-07,0.0,0.00019468526767840721,0.0002792762452032971,-7.244945541096115e-05,0.0019333220933823725,3.0265146027108614e-06,0.0363537780593397,0.1341373566532129,0.062220009955201494,-0.006762727453066497,-0.028381515686463743,-0.03221460786036423,-0.038319314850650654,0.011125945705384943,-0.01717217249447267,0.08211259278722949,-0.0272790605930886,2.678951935841667e-07,0.00010921990796419756,-0.005416148079699035,-0.000147855463105806,5.952886045212935e-06,0.0005126081899016199,-0.00017031326173710948,-2.779791781648555e-06
2005-05-31,0.05789909015715433,4.239991331367321e-06,-2.535669259484674e-05,1.9120071371281355e-05,7.118771964376158e-05,-9.025462730516409e-07,0.0001578254521035216,5.5829598371026634e-05,1.8332372590190715e-05,-8.583414696972103e-05,5.2463676232239465e-06,-0.012054001928640146,-0.026088252832438874,-0.03562945368171022,-0.02229115969758333,-0.004129650373475124,-0.01011538726240191,3.4734245253131846e-05,2.215983684417111e-05,6.26328021655631e-05,0.00033689696272731773,6.150691941608777e-05,0.0002231558706979886,9.635554776288302e-08,-0.012735608762098893,8.765339811689365e-05,9.550423319382162e-05,3.7471829414492674e-05,0.00200826102942675,4.350846060541258e-06,-0.056650883879990954,-0.010134330551459736,0.0668449197860963,-0.037215360640104334,-0.01941927407765931,-0.07151296561159148,-0.07637377324626726,0.01637733377006212,-0.023746447308859775,0.07882666509013347,-0.01437146931691291,-2.164272767668507e-07,-2.937798922753032e-05,-0.0009413835749747523,-0.00021933960937414732,4.768132300325689e-06,-0.0002748709088410406,8.568292519428589e-05,9.573047931255019e-06
2005-06-30,0.010224948875255713,4.461340522787793e-06,2.5357335572850914e-05,3.819038671593056e-05,2.3682484197928844e-05,1.0764191903156473e-05,0.00014561532153156698,5.113427989944519e-05,3.5336130868035553e-06,0.0001021875259923366,2.8413468684540533e-06,0.012201073694485087,-0.007753861422988506,-0.01076040172166437,-0.024661232542443345,-0.015736697769375585,0.01947460484270147,3.5933273001331756e-05,2.3826873792875958e-05,7.140280209605443e-05,0.0003445378159641077,6.811613073698375e-05,7.551169162445248e-05,1.4072520437835578e-07,-0.013071895424836555,0.0004083393063054608,-8.558715339002099e-06,7.693805633324224e-05,0.0019832652313578336,7.614455582505286e-06,-0.04267499136258179,-0.04895062106100467,-0.013301999733960068,-0.007428316743425811,-0.00307832963677257,-0.03438801371393985,-0.05262171237629787,0.03702136661730471,-0.03275252194418954,-0.004508932194677517,-0.013676070864840573,9.816516046701196e-07,0.0003381126425678893,0.009879062900319147,-0.000273437267245491,3.0830300143946943e-06,0.0,0.00013534825694971886,1.3406033311014198e-05
2005-07-31,0.054576486465031326,4.241472520538636e-06,0.00030234978695675707,0.00011417610522457267,7.091102226741697e-05,1.2940080853063307e-05,0.00012194444938518068,4.122490752589414e-05,2.2046829118993472e-05,-3.279954417989561e-05,5.638016305598015e-06,0.07015738640349833,0.07615218252155098,0.06043026347594904,0.013387310971169075,0.009629066943413367,0.006312964707940072,5.33032558645008e-05,2.271156756750159e-05,5.4492461699418016e-05,0.0003481310319815023,0.00046009670381663703,0.00015865473779341777,1.9901111181219733e-07,0.0,-0.00029732269218241125,-0.0006310980573802638,-4.617532195716478e-05,0.002059628127584645,6.0657991327595084e-06,-0.018097610037319578,-0.10741138560687447,-0.09164684803577894,0.028373063846795166,0.048403223049614974,0.03207732774474992,0.003513802215100892,0.061878737475743684,0.01624790402038112,-0.04111053251843133,0.027520379414297302,2.5957807947563083e-07,-0.0005028039701328035,0.000489045383411435,-0.0003423705926207665,5.435075867143979e-06,0.0007794204930691162,-0.00019898145138252943,-3.982534007573868e-06
2005-08-31,0.0545330606680301,3.416566982661351e-06,0.0002987386507320444,5.68628320647413e-05,4.7158700108074214e-05,-4.716647202807067e-07,8.032513103528593e-05,2.5751201881529795e-05,6.513248665251936e-05,9.482684848749479e-05,5.998139182894491e-06,-0.03235268742990238,-0.04374881878189296,-0.04332928926633539,0.003928995198767993,0.001053052800067178,0.014247607049634237,7.666786638260703e-05,1.802373802362034e-05,1.7507102218816684e-05,0.0003184605019401765,0.0004367236660089979,8.838862664095615e-05,1.0961259255815037e-07,-0.01342281879194629,0.00030711597519239575,0.0003598411174556837,2.526039932626567e-05,0.0020766114876198394,8.916854420837339e-06,0.03939085673201226,0.0798615732729937,0.05087530970344778,-0.030028803628440404,-0.031523005346015154,0.0034254552430017515,0.04157888901208562,0.0517077030988653,0.00948658596744223,-0.03380172871698306,0.0,-3.573752100916039e-07,0.000207311923552167,-0.007738036107349577,-0.00038012158034217425,5.461973073161985e-06,0.0004962612441348213,3.995762573483219e-06,-3.3713486369268963e-06
2005-09-30,0.025173064820641855,3.1042240073997363e-06,0.0006594102234960264,-5.6859598867031735e-05,4.706720702962741e-05,6.378559434194742e-06,5.335779730208934e-05,2.417664034348732e-05,9.478344634561431e-05,0.00012369417058089027,6.457021461736545e-06,0.06244123178185235,0.05649038023492703,0.05551045331223947,0.005194015974196109,0.007326866152809197,0.0012220499607018542,8.12381383379357e-05,1.603810857897514e-05,1.1580726028359578e-05,0.00027903822875341433,0.0010357995996974623,0.00023943243646007417,3.1495338559395236e-08,0.013605442176870763,-0.0018399593966873518,-0.0014890021195240744,-4.722868628403987e-06,0.00217118428947094,7.645830115254881e-06,-0.024620553817634172,-0.024214834007312946,0.019135368379760598,0.04426541543092388,0.045587162654996405,0.06382864360772933,0.090215486132591,-0.006317811173259691,0.0015586520776831314,0.06464124111182934,0.01525042837363988,6.50914457889229e-08,-0.0023397294721912987,-0.015756594199248464,-0.00032187284516183023,5.994438907919175e-06,0.001694995195057114,-0.00018410650986444566,-2.534963724531991e-05
2005-10-31,0.03207466983136742,3.83954144100862e-06,7.216902563156324e-05,0.0002265831934182838,0.00016402815660465642,4.783714013578688e-06,5.169967150364663e-05,4.266000404151704e-05,0.00011333758678566674,-0.00019268146505135864,7.526687602732451e-06,0.03654970760233933,0.0447012466681016,0.0363729524399925,0.027938104399616526,0.02747001190367193,-0.006743513356550324,7.20453295890433e-05,1.9623563695780888e-05,4.88429150966585e-05,0.0002623139908408678,0.00017138372537006674,0.00031030424761935294,5.18814358141384e-08,0.0,0.0011484692785881379,0.001392835146547533,1.9899455383276532e-05,0.002593296907380971,7.977590639640653e-06,0.11265201395294588,0.014529031079673072,0.009340425830013599,0.030528136766052594,0.03119202352149819,0.003107597454256039,-0.023268801191362543,0.062334942267454174,0.029164364216859973,0.004615271008713728,0.025144976505162786,-2.0111849075021837e-08,0.0011984009074741397,-0.0041698970498749155,-0.00020008126390047565,6.910649088309739e-06,0.0013995977556049422,-4.317248703744614e-05,1.0981000229559612e-05
2005-11-30,0.04157218442932753,4.820375404612776e-06,-0.00024135519979262554,0.00013108196930078364,0.00011648223645877032,9.618388117083043e-07,5.745134779400196e-05,6.887877968342337e-05,0.00011116519017817517,0.00018409570282473808,4.346747894956593e-06,0.003152187618207014,-0.004675154669700365,-0.012081070020371731,0.00848515703601338,0.008716116098666182,-0.009554279930073073,4.6395580288072225e-05,2.4674876355490483e-05,0.00010706510383484691,0.00023561156903695313,-0.00022427657401458134,0.0002748445136007138,1.9528358663478684e-07,0.0,0.0010229009677014123,0.0007640521394183253,-1.255513587927748e-05,0.0029144878882427783,4.092649659837022e-06,-0.09646134799703632,0.012158374992654375,0.027575176825821224,0.005375477073590318,0.0,-0.06291108461855421,-0.08894614157772052,0.033996709873966635,0.008796622097114737,0.004586314437717842,0.01298415932562258,2.903046862900993e-07,0.001051270276805738,0.010887604609281842,-1.7666514331549088e-05,4.1266183992139105e-06,-0.0008659826096836243,6.568677867191397e-05,2.2341713459494983e-05
2005-12-31,0.02824858757062154,5.429610979712507e-06,0.0,0.00011172528985703423,6.961849067099735e-05,4.338843603957088e-06,3.849408351719319e-05,8.398191490255336e-05,0.0001115989453359667,-0.000355599931948114,3.1821905963624886e-06,-0.0015700509638543192,-0.0110363094581174,-0.015477216763064017,-0.00600201187438032,-0.006712387615453008,0.0027916612830427567,3.11552397715964e-05,2.8112481973430192e-05,0.00013329152673668965,0.0002451321176535348,0.0,0.00011163334738606423,8.713242993785286e-08,-0.01342281879194629,0.00044711588854928763,-0.00010722734075752083,-1.3124737780811913e-05,0.0030603382391747314,5.32536899022773e-06,0.00037570792766294936,0.00794980493166153,-0.031334210691232545,-0.025975712708617427,-0.007801782707348548,-0.0136882701790767,-0.017298045320878752,0.0,-0.011642460051808912,0.0,-0.0058903453313122744,1.7308936062221392e-08,0.0003686122289008331,0.01195305708490313,0.0001026914746555807,3.2088172718935937e-06,-0.00024717426845255464,-1.841281456604893e-05,1.1966721743528197e-05
2006-01-31,0.021868439468159417,4.913128163641645e-06,0.00028941933557535826,7.416162599382936e-05,9.251344220317925e-05,1.1095750374945368e-05,-2.142165382668093e-05,7.593780965908792e-05,0.00010590217471317942,0.0006128767379669497,1.5403421645743265e-05,0.020274042675300308,0.019064413888425502,0.021948149065557754,-0.009743348033609545,-0.007794475275924473,0.01354856748076827,2.5618514170044904e-05,2.608541179038859e-05,0.00010394593083540293,0.0002707968591595389,0.000518289647240433,0.00024070764771710884,1.4476606802205083e-07,-0.027766208524226177,0.0001460336218310765,0.0006598263691275363,2.7768727035581975e-05,0.002633449272096078,9.389404865611795e-06,0.031768207605236576,-0.05824673316167306,-0.018657064497471954,0.008979844738484344,0.014368191436557876,0.06850511561950867,0.09677196377963648,0.06499232387958509,-0.007427941539128957,-0.013719303059404608,-0.009973430780401138,8.78273479498759e-07,9.559434236638964e-06,-0.0003239810795050424,0.00013724703184858633,1.5469734442552507e-05,0.0004575708618876906,-3.0793477711288375e-05,8.76099241819972e-07
2006-02-28,0.03217394521742345,3.3845224096662463e-06,2.3961611581135855e-05,0.00014756540144711394,9.215842401744112e-05,2.953780968928399e-06,-9.545308878444736e-05,4.9552136475394803e-05,8.789115114615775e-05,-0.00031823330096591995,5.089469075958419e-06,0.022491250903398763,0.02143731041378616,0.003034371847097761,0.007389026064789306,0.0029549430286983647,-0.008268546536349453,2.6220904389751e-05,1.8753073808497334e-05,3.750499697185994e-05,0.0002804610641469196,6.395950918136606e-05,0.00017277654258984754,1.6700339000585984e-07,0.014376078205865284,3.928673371045299e-05,-0.0004926223062863277,-3.655315831685435e-06,0.001758866241543089,5.9677949428849075e-06,-0.021085159849707824,-0.010934841466668344,-0.0626898779958529,0.004416122379583554,0.01143728555089596,0.0,0.030567578803218254,0.031693912867094776,0.0,-0.05635390250774874,0.01406876813866198,-2.109297765340301e-07,-0.00011932428636785009,-0.005102596200946996,8.215931713961844e-05,5.217353888475884e-06,-0.0008856849923157828,-1.8539886691759655e-05,9.16786918536694e-06
2006-03-31,0.015265054778649034,2.7669785509498723e-06,7.174599621495581e-05,0.00018304226866994178,0.00016043462197479208,4.4370257055170725e-06,-0.000173007118149604,4.0553940202636696e-05,8.045994481209462e-05,-0.0003576963496609853,5.855399956233853e-06,0.018703475105674716,0.030737614936724444,0.04584917101740826,0.02166443001486429,0.013606671934392578,0.002826728026696701,3.4109664578396703e-05,1.5543960009578583e-05,-6.868076813271173e-06,0.0003353431549064645,0.00020674695290301415,0.0002953513238355132,1.673302627569484e-07,-0.014172335600906916,0.0002091980803606841,-0.00021058597816414615,7.828340157001179e-06,0.0016670818147823674,3.1953048544863805e-06,-0.03599131056106286,-0.05423961706830349,0.020737745288643472,0.03122153726236654,0.028300725975144658,-0.006319055427594478,-0.029660916403673188,0.013550094700106152,0.023768459551281262,-0.005031952900920844,0.008793270217193783,6.794103124541095e-08,7.985785544795121e-05,0.0025657083745886933,-2.8516134282785544e-06,5.57403486500796e-06,0.00014356491790246118,2.67650864187452e-05,1.7398181546557367e-06
2006-04-30,0.02946111206859725,2.0903516668724365e-06,0.00023766071508779518,0.0001453094209726835,0.00011393767700229596,6.98499418017029e-06,-0.00020495470949921657,3.613508790256681e-05,5.2020849801825975e-05,-0.00041051369964650863,4.4295650196701786e-06,0.006976088758172239,0.013905420889279485,0.0286727780645053,0.03539006703563641,0.025252808673497995,0.0135461319608714,3.788892892520046e-05,1.0781026952288997e-05,-2.9669820155286963e-05,0.00032701058347117673,0.0004934400563076924,0.0003256647635561105,9.119604671425918e-08,0.0,0.0002724104517619619,0.0001988762361249119,3.217843878511317e-05,0.0019049369544834605,6.933785466900488e-06,0.008133053502072496,-0.022050608596797305,-0.010140805078515114,0.011200192236026751,0.012875556575195457,0.053414103837017946,0.02753253427800506,0.01320546530190625,0.04632632261651071,0.0,0.0218458820512335,1.6347346876166569e-07,0.00015053518423813195,-0.0017323296600243454,-0.00013129416121948623,4.595213236591178e-06,0.0007427985678845062,-8.89086316593346e-05,1.4772326770717825e-06
2006-05-31,0.020960669399938014,1.9340400732037466e-06,0.00014148303936711848,0.000162296385659344,0.00013601149025066483,4.732366494009099e-06,-0.00022023768207612981,4.259606707623931e-05,2.4020281166992064e-05,0.00034040474968710654,2.0627688379626363e-06,0.023209838787190407,0.016216917488323768,0.006522442419878427,0.011809163911195242,0.0062561444275626155,0.0022160336380432355,4.1681867318565935e-05,8.180107899935507e-06,-2.9442509237420644e-05,0.00031659234278014203,0.00028466836394125394,0.0002667805561837877,1.9935811002014248e-08,-0.014573010784028062,2.311809205779447e-05,-0.0004705868259496926,-2.584354173107428e-06,0.0026721119919632663,2.7423919424229837e-06,0.15826936205372943,0.020057766367137297,-0.005135526545536728,0.014863346393260368,0.012533755682918812,-0.01180804836576621,0.0029537210978392014,0.017131892731508946,0.01820262117744975,-0.02541735293519587,0.0036576578553688677,-7.389108946931344e-08,-0.00015816390805956093,-0.010658324922245832,-0.0002564327417351464,1.7080969474392305e-06,0.000519319732695589,1.662543109515191e-05,-5.8306093291271566e-06
2006-06-30,0.006752139753087638,1.9149435708243345e-06,0.00011727360447921775,0.00016106258355130798,0.00011275009662670143,3.2486087873095926e-06,-0.00020855475890857456,4.354894356883854e-05,1.4854925149743181e-05,-0.0003978511491077308,3.7768359693046705e-06,0.015705490639527753,0.007883948281299347,0.0038675742574256766,-0.006346150795119909,0.002648655807178102,3.48231707247848e-05,3.222312701911534e-05,8.147515245138237e-06,-1.0634894291761121e-05,0.00026134491868456955,0.00026071908248992415,0.0002680431215695833,4.360548833126643e-08,0.0,0.00030883481771426524,0.00012903478176196082,-6.73226375720315e-05,0.0029171753842609505,7.291767246897507e-06,-0.08855266986299637,0.05521943724190925,0.005162036320087493,0.010570296314233785,0.00889422542414331,-0.00901160694975145,-0.014771746965883237,0.011078368377905434,-0.006346788525006364,0.015674963947582832,0.014403566323021533,1.3365141704468897e-07,0.0001715461814566499,0.007726544276429381,-0.00020711260283023947,3.2791027644307746e-06,0.00010274894528206069,-0.00015737075517574528,9.040707205532073e-06
2006-07-31,0.032874147244620566,2.267501161723473e-06,0.00025603295097531564,0.00014214103126497513,8.98146383039311e-05,9.72146653532846e-06,-0.00020094629130174013,4.208255954463169e-05,3.3297414135047276e-05,-0.00020647413959040684,3.0052025909999003e-06,-0.024596997612796656,-0.024986520429768122,-0.02072579130423524,-0.00428465077418283,-0.0017600551953309562,0.005759855496745292,1.2369471200202042e-05,1.2275155768959323e-05,2.2952460539293895e-05,0.0001979265427329846,0.00036025721209131945,0.00010332601596640956,1.0422747442895286e-07,0.014788524105294298,-5.9946971803892524e-05,-0.0005912111738521908,8.944348056205698e-06,0.002820492810091446,9.161013427849696e-06,0.05730114663577912,0.022193863396770874,0.005126732835698533,-0.016224656132729165,-0.01884161736443446,-0.009136925972625609,-0.02728910073316726,0.021565202389424387,-0.0025667515833649457,0.0,-0.005292797561079032,9.734609962563923e-08,-0.00028461987346317663,-0.00024875529071421987,1.0681595932204857e-05,2.2895787485932573e-06,0.00023836700891632923,-0.00011114667804823508,1.7322483762960417e-06
2006-08-31,0.0012514078338130563,2.7211714441754964e-06,0.00020746878401611824,0.00014118697656040347,0.00011179219887225145,-1.8309760463353086e-07,-0.00017883391841089225,3.562090557718278e-05,6.937794325811986e-05,-0.00030172503485470514,2.3071991277490156e-06,-0.024487696972912643,-0.02909514111143441,-0.03398928114029953,-0.018533054247339975,-0.015158486434046381,-0.0022007360976790125,-1.5642078931121794e-05,1.8549992924610237e-05,6.380472442835128e-05,0.00011784141484216804,0.0003307682380357946,0.00021612737658949221,8.894945380255592e-08,0.0,0.00039673667011541625,0.0005820126473239373,-1.2106321505278572e-05,0.002255470027810569,6.586909006234265e-06,-0.07915223162821228,0.008594664861787171,0.025372467827710743,-0.020854808820988224,-0.025481277631260624,-0.024806201550387597,-0.031647973263792095,0.0013045089045777836,-0.016894087069525665,0.020454394370950535,-0.025344687753446782,1.0618671875128882e-07,0.0002489802047387357,-0.0034649145321079544,0.0003635264785109005,1.920940836841467e-06,0.00037069838227243856,-6.489969881340318e-05,1.7311258604379987e-07
2006-09-30,0.0,2.910594773863906e-06,-0.00023058136017184427,8.775932881666115e-05,8.905322176744335e-05,3.7864840909396236e-06,-0.00015927005184335208,3.106776494643526e-05,8.736646541263049e-05,0.00024522683482230967,2.7248026193138486e-06,-0.011353814668844775,-0.01604129905356344,-0.014410550828894975,-0.01929695516749752,-0.014777365140380305,-0.017011960353237154,-2.5861478596511667e-05,2.155440840612144e-05,7.398586255291661e-05,0.00010254520306629544,-0.00027604022525007377,0.0001665467838705137,7.324752937520884e-08,-0.02934702861335292,-0.00016587706061022,-0.00014174301841107795,-3.6029851961716375e-05,0.0018975767549869182,5.243225367213e-06,-0.012196302820154825,-0.01065970800927829,-0.004932036536526629,-0.01033937980264199,-0.013356127791430583,-0.04203718674211809,-0.0635664101706257,-0.021054376875977887,-0.02020202020202022,0.0,-0.012376661804860078,-1.985551842942357e-07,-0.0004414140907866848,0.004346269877792963,0.0005514429366246798,2.869644551095618e-06,-0.0008489062352502463,-1.3049222188143972e-05,2.582356979208278e-05
2006-10-31,0.0,3.059744860589575e-06,-0.00020943227099967654,0.0001744287458573801,8.871791960030073e-05,2.0643695037847465e-06,-0.00016288803545672081,3.281519444509051e-05,8.995533036504355e-05,-0.0008870055621832407,2.1553028137777375e-06,0.0,-0.002990596070655771,-0.004425405367131541,0.0,-0.00094714369874771,-0.01134254447959493,-1.4811435015582575e-05,2.245603228656634e-05,5.4580470574494555e-05,0.00017907344170375872,-0.0002487441775834709,0.00019098114633897545,1.2816588013109254e-08,-0.015432098765432056,-9.392597176849371e-05,-0.0007566434098823516,2.388388660645724e-05,0.0020751476556311044,9.903029469571223e-06,-0.034813156208214346,-0.0328101212662083,-0.039958443219052175,-0.005272948928325749,-0.0024822272528696177,-0.03438801371393985,-0.05509641873278215,0.0161732696286212,0.0,-0.010005052551538496,0.00869699663716128,-5.349727505432611e-08,-0.0003670578839835015,0.00926821769913122,0.0005134909976856061,2.605829491741929e-06,-0.001123521340585798,0.00012733152657817826,3.320822508623422e-05
2006-11-30,0.0,2.852350844850804e-06,2.3362957563666242e-05,0.00013849696172285597,4.4232834564006396e-05,7.46643035842709e-07,-0.0001663846261419355,3.5593720536297724e-05,7.231892579251387e-05,0.00033534540576773963,4.3712176751586895e-06,-0.0130699591345943,-0.018171768643098773,-0.022502047686339455,-0.02130976946381058,-0.02115303257567025,0.0011996555960163136,1.3850674252191553e-05,1.9575401371652035e-05,1.1124586208000053e-05,0.0002980914700825288,3.614200244705934e-05,4.9818510444055164e-05,1.1674404243322556e-07,0.01567398119122254,-2.4597876423948506e-05,-0.00010636681144537974,-5.290478987118874e-07,0.0023653480207990185,7.586190840846996e-06,-0.008186091399864814,-0.020723956894169615,0.0,-0.017189052722047626,-0.0176031544852836,0.010744600838078933,0.05446623093681913,0.002628000026279942,-0.022457243513716363,-0.045908998163640025,-0.025170384138785584,6.373461913788958e-08,-0.00029181939260258805,-0.0015696024510912787,0.00019040761069377687,4.688124266127858e-06,0.000847454036211559,-2.1397110646637074e-06,1.2989984297107071e-05
2006-12-31,-0.0012498437695288578,2.921226631702467e-06,0.0002555393972059061,0.00012043072910494779,6.619421647879875e-05,9.867177303668484e-06,-0.0001798009649878196,4.085651814667024e-05,6.229088003184557e-05,0.0003033060357902073,8.18402326263623e-06,0.029210555526345106,0.03821753420469309,0.0381059222700153,-0.001224655749268888,0.001988783262400151,0.006220154511911824,3.530577751376107e-05,1.9514295286127137e-05,-4.992046899743308e-06,0.00038019021369573025,0.00037381290842675163,0.00014174524061250082,9.726752270289296e-08,-0.015432098765432056,0.0009312904044533887,0.0013614429271724404,-6.88461121500783e-06,0.002488237215233502,7.566171226658369e-06,0.027633751609134727,-0.07515515903801406,0.0,0.0250312891113893,0.02801091916557996,0.0,0.0072826846888836005,-0.013175595108691929,-0.0014524497016670246,0.03216123499142354,0.004026364635634216,3.3173248370488295e-07,0.0008658891188411122,-0.0004270506706296473,-6.365214323589274e-05,8.134763378686571e-06,0.0003459757484840509,-0.00012299965339990226,1.97541124613565e-06
2007-01-31,0.0012514078338130563,3.0432072444241953e-06,7.77410262648992e-05,0.00012911322344710818,0.0001099126721837429,5.562856792096227e-06,-0.00018291369537171143,4.4312816667391175e-05,5.64097678166231e-05,-0.0010256712697940262,3.101480362088793e-06,0.016664167041610334,0.017228012748729427,0.017179842890336694,0.009764671418806659,0.011806979499147996,-0.01862542793855626,4.185746131213364e-05,2.1256699312077743e-05,1.7519463985093964e-05,0.00036793779580746033,0.00035040487318860336,0.0004256049310942256,1.1870723337636946e-07,0.031133250311332406,-0.0003257246757384369,-0.000672721530997511,7.94268558079736e-06,0.002062621802399356,8.732683046686063e-06,-0.04829378891039038,-0.04624491305956335,-0.036891034424605285,0.0062552648479135,0.012128621606411816,0.045472034698660346,0.057001980818833564,0.018642630102254643,0.024461135572246828,-0.04161724618681961,0.006970375902414672,3.104485069016505e-08,-0.0006593462395202421,0.005304644726519925,-0.00015655836167227655,4.404868507501547e-06,-0.0005552779165971522,3.0404017048235588e-05,1.057146170202472e-05
2007-02-28,0.001248205704299954,2.923545064925648e-06,0.00018104014199349372,0.00014473887863908352,0.00011703822584396839,2.98874814474992e-06,-0.00016588698068398244,4.190249113533717e-05,5.0819297547688436e-05,0.00033819025345227516,6.2394297999368575e-06,-0.04007129927733488,-0.04286547100579563,-0.03839328373489859,-0.0012032825548096149,-0.005813097295747194,0.012408989061092335,3.3619078929625346e-05,2.1926703223318356e-05,5.852938197059565e-05,0.0002650623463922308,0.00032497041007073513,0.000226292998444233,4.283020782480662e-08,-0.014992503748125885,0.0008710225526500359,9.444136156155913e-05,-3.2941821555221296e-05,0.0012331914354926088,3.47082188589809e-06,0.18876728919601748,0.02867761769294308,0.016472655392049118,-0.029414730897233343,-0.03148492598620489,-0.023306298027621297,-0.006664889362836712,0.006454311221723685,-0.004173796903042648,-0.010950024090052968,-0.0029593094944513343,7.194562234857926e-08,0.0008026285300644087,-0.005704988910927744,-0.00010007348412821582,6.367616687485977e-06,0.0009656770775852141,-0.00015106043770496402,-4.743365202286576e-06
2007-03-31,0.0,3.2517552501776237e-06,0.0002415425585309272,7.28303350208126e-05,6.167191906158997e-05,4.965168733050973e-06,-0.00019527471474500846,4.469510049887049e-05,5.949501673407909e-05,6.734309059863719e-05,6.703054423740085e-06,-0.010324940631591395,0.003043176589451191,0.013472247170828178,-0.01091345629160767,-0.0009787072451740153,0.0031090172597334487,3.1943187317917676e-05,2.4846333312567026e-05,9.115350104837994e-05,0.00022490055345936177,0.0003813954837534883,0.00010544447137994517,1.1923531340052307e-07,-0.015432098765432056,0.00015990706408697264,0.0006213074017185072,1.0673149108963997e-06,0.000991110697492692,4.803113454965313e-06,-0.020529081813128514,0.008278831029058464,0.07978723404255317,0.016368112298345006,0.010120586791622088,0.027249441386451467,0.036637356781241914,-0.010281084860074508,-0.014094353238318758,0.08211259278722949,-0.005969246442329212,2.4221147532088594e-07,-5.492138301677052e-05,-0.0032279895635757283,-4.253628153338962e-05,6.2809720584589e-06,0.0008359179917640791,-3.769717451695964e-05,-1.3112894680089582e-06
2007-04-30,-0.0012466496291215767,2.924321353958703e-06,0.00013898132892053994,0.0001012967373612561,7.14922450886224e-05,3.4379628239822324e-06,-0.00021628224431524679,3.736516096308762e-05,6.345104650451461e-05,-2.2296544035516064e-05,3.6790302091471716e-06,0.0029909672788179797,-0.004554052043706847,-0.0029399010723289987,0.020733982998133893,0.011677093337926214,0.007612247387235316,2.7517437989565963e-05,2.1327868561460406e-05,8.28848138301197e-05,0.00017250654217293437,0.00024472775770889577,0.00014924288039619427,3.158971395578192e-08,0.01567398119122254,0.0006014865526704494,0.00039661693666581677,7.394761973178454e-05,0.0010607057984122203,1.4998424053391801e-05,-0.011844972993461766,-0.030295519017323302,-0.03424657534246578,-0.005334323383753392,-0.0012466496291215767,-0.003297152579032736,-0.01920030720491528,-0.009180231551668805,0.021371661746435233,-0.0049982506122856485,0.0,-9.353006813483944e-08,0.0005016582340044984,-0.001514508996183439,2.2508309194035903e-05,3.3258372300615235e-06,0.0006837936349881613,7.740906292941219e-05,2.011028807658022e-05
2007-05-31,0.0,2.643664877011176e-06,0.00019067583292797785,8.325210225845758e-05,6.737945123957978e-05,4.513252320981209e-06,-0.0002669540890727351,2.9851478707154655e-05,7.316249585187506e-05,-0.00035323207347226493,3.3471674740770396e-06,0.04662548082527107,0.052224307878708576,0.03913780857262972,0.0,0.0,-0.0010852827529715947,2.6760711841600227e-05,1.7180576878272902e-05,5.7487643149167766e-05,0.00015418428092961456,0.00030138618782027393,0.00012324728522550288,7.937922497092131e-08,-0.015432098765432056,4.815578778405438e-05,-0.0003697345406619146,1.3047274450395108e-05,0.0015888995718045251,3.261868988468919e-06,-0.035695653367747604,-0.08201427048306409,-0.04105090311986859,0.028564839010683407,0.03554574983146397,-0.023306298027621297,-0.03972391876458614,-0.0187922742276041,0.004134338436944551,-0.03032140691328067,0.0257051109669868,4.2145246936797776e-07,-0.0001531877878299115,0.0014015531544873117,8.150057631972629e-05,2.870225034312668e-06,0.0006047561845867744,-2.8656410258176557e-05,-6.238747163656022e-06
2007-06-30,0.0,2.414353982072015e-06,0.00010664774901547602,0.00011801588343307579,7.214585998527312e-05,2.23131319554426e-06,-0.0003027518662428452,2.3701115424046293e-05,7.567194712465586e-05,0.00015995579403504934,1.508750524292779e-06,-0.006834298336258482,0.008274583788435264,0.017651771287357176,0.037049343937164414,0.02904988145774179,0.008175915104551734,2.57222505357646e-05,1.4837519155985746e-05,4.109340504387937e-05,0.00013971563937231757,0.0002195589064593051,0.00017281780607114605,4.146035004204407e-08,0.031133250311332406,2.4499606484429393e-05,9.496626647531592e-05,-6.252767440706464e-05,0.0019565260800764595,5.459032282884024e-06,0.09290055696513155,0.16285216781289535,-0.005392579810181153,0.016022800445033347,0.0126872815769139,0.006845376632622191,0.0,-0.01810993566793606,0.04027926960257777,-0.021026072329688783,0.023359814018504732,-2.825134393091844e-07,-0.00015304732507881447,-0.0035650666251534346,0.00011208541632634628,1.441830734805194e-06,0.00015697335283149094,-0.00017201838192915098,6.481303603367294e-06
2007-07-31,0.001248205704299954,2.6616769235321414e-06,8.182772517706383e-05,8.260232372991894e-05,8.202567150972229e-05,4.675508842977294e-06,-0.0003579463070519928,2.3851746562941756e-05,7.989817539066912e-05,-0.00047593201665563356,2.4918901497805734e-06,-0.043719114561003636,-0.04454839068938643,-0.03362773292585486,-0.00658785397362871,-0.004482094034332862,0.011794806144791004,2.7778043977910727e-05,1.7624191835707848e-05,4.846622941778733e-05,0.00014691548333445326,0.00015781960887495394,0.00015652616379746576,-1.5738847891633156e-08,0.014788524105294298,-0.00014063852198786808,-0.0003301383903598909,2.1666030900702182e-05,0.0022872596106544574,6.3706361992377225e-06,0.1340000617613455,0.2861453618438168,0.13799325956001374,0.007769456905250438,-0.017128175849272176,-0.013619710444955913,-0.056425248888246404,0.031025068255150057,-0.011454462149366185,0.02682403433476388,0.0017965852304526742,1.1505558616953238e-07,-0.0003163186154958586,0.005955077696248923,0.00012066710476466014,1.8565063710784813e-06,0.00040409842843036614,1.3548233608551286e-05,6.773714138708087e-06
2007-08-31,-0.030377747287520296,2.9535744805464503e-06,1.4162951152529857e-05,0.0001002312214561929,7.423950374052524e-05,4.997513538773646e-06,-0.0004025986879283572,2.6413474733200104e-05,7.857309115011368e-05,-0.0001322780484577235,1.0040729578886243e-06,-0.06354224784576279,-0.05339435545385196,-0.034531777868583635,0.0066315416013182915,0.0,-0.002928813374735495,3.0607086290102004e-05,2.262885240345014e-05,6.926862652978372e-05,0.00015887693380878254,7.03901721992306e-05,0.00015487325750473957,-1.3120932895738235e-08,-0.014573010784028062,0.00017554001620512238,-0.0005664957924214065,-1.1080919299688574e-05,0.0023187520376626303,1.3556614394838462e-05,-0.0017832177808212446,0.05905075904829826,0.08971627228888623,-0.013541603190401652,-0.02016248591591041,-0.04904021297463901,-0.07699740903718588,-0.09010632546404751,-0.023593468803535855,0.1669449081803005,-0.02180816988564349,1.6450312911864273e-07,0.00011877807348459335,-0.008290538363873945,9.043548992138106e-05,5.169518586534139e-07,-0.0008453815864621905,4.274271835047472e-05,2.8274415586615476e-05
2007-09-30,-0.010666837336063884,2.5474711338180356e-06,0.00019389666253788462,9.645985171347071e-05,9.299987001121224e-05,4.7841370742762734e-06,-0.00042935155605727804,2.5736664885034344e-05,7.219285426152133e-05,-0.0009264569638682829,5.151292698846177e-06,-0.031047597692128504,-0.0033070150055803937,0.0075484687176359255,-0.005486390459825463,-0.005438551169968275,0.011582123082116036,3.479714230092412e-05,2.4023690057939362e-05,7.869625528189594e-05,0.00016259327817613745,0.00039683846258387057,0.0002832225226780949,4.5116074876005996e-08,0.014788524105294298,0.00021828988707639496,0.0001177182964575696,6.702293405425053e-05,0.0017865019392981907,4.1495864313567665e-06,-0.08218257362825365,-0.05417118093174411,-0.020325203252032353,0.0,0.0,0.044273907910271415,0.05868372406912936,-0.05460249384480986,-0.019200517865396227,0.03765910973864561,-0.002832620457184909,1.1356169316023568e-07,0.00021178640458363596,0.0,1.1718760952517115e-05,4.333878377282829e-06,0.0003477117406451846,-6.759646505627437e-05,-4.9764148032371835e-06
2007-10-31,-0.024686481682630657,1.5372104564814748e-06,0.0001406650773885243,8.898492936770808e-05,0.00011132094018551086,3.860582822978742e-06,-0.00048050490811368807,2.3177803364138327e-05,6.823034201497435e-05,0.0005374410639475968,2.141975242064831e-06,-0.005420857290511116,-0.011686767907467477,-0.016550512163121534,-0.008899924795635505,-0.010128614994769913,0.00815422434338986,4.392730169944237e-05,2.311355668460635e-05,7.98773056824853e-05,0.0001715678934690601,0.0003116176303346041,0.00026980247730423734,3.7728407953352416e-08,0.0,-0.0002620072803435347,-0.00035995541717359636,-3.178422873029163e-05,0.0008109475803952382,2.3649802503022954e-06,0.010320520310004966,0.02652871733651696,-0.00417014178482078,-0.0029724748825874503,-0.009842216959370154,0.006985972167886878,0.05798535676457184,0.001790189760114691,-0.0028269230497409703,-0.04851130919895685,-0.008584624365453153,1.8441141880209955e-07,-0.0003410246514270465,-0.003297691879499687,-0.00011634397828197418,1.4690764740254991e-06,0.0003744681382225057,-6.7934293408455915e-06,-3.3274233462998737e-06
2007-11-30,-0.039146093219896705,1.534623472743135e-08,0.00035587293025041156,0.00011782515553804274,0.00012346184954159511,7.432226627246408e-06,-0.0004910696685054283,1.6741653299012782e-05,5.9680710412512994e-05,-0.00043915765628754766,4.192802025793085e-06,-0.17517361651770424,-0.13444329719497505,-0.08148839349626769,-0.025174389864332847,-0.00752785305630832,0.00933662917082323,5.1061825321996324e-05,1.826179012276441e-05,6.762211668398521e-05,0.0001631202602787596,0.0005422789379747606,0.00020296370718941859,6.070202718255757e-08,0.0,0.0005015683727918052,0.0004610415504815446,-3.9465406030059214e-05,-0.0005288112932899658,4.163963246650582e-06,0.07125487886588511,0.202417358380661,0.19342905384984266,-0.006999580025198404,-0.06057091307429607,0.0,-0.007230030655329789,-0.12172284644194764,-0.036095662167703435,0.12558869701726838,-0.02256826901376663,3.129071004526196e-07,0.0006355451203301499,-0.00689111605931525,-0.00024969358475435133,3.837706699316712e-06,0.001302308113985351,-0.0001996944537139278,-1.2748278408802882e-05
2007-12-31,-0.03910062310752971,-5.6581130680744e-07,0.00013086836694120585,0.00010907144171601324,0.00010703997066019433,1.7004106191986779e-06,-0.0005023887160603424,1.3011957155306675e-05,6.293216968611404e-05,-0.0012766714621638142,6.101509150369111e-06,0.0025206694898165516,0.008721342214566663,0.012558576790314913,0.005933619412904045,0.023460960960961064,-0.003002381355914241,5.653343354161677e-05,1.6853915261183516e-05,6.78463416439179e-05,0.00015439779849235613,0.00023601540413897837,0.00020695998532871407,5.4858062314977474e-08,0.042553191489361764,5.2019239190403965e-05,0.00010916206325917166,2.5833498588756498e-05,-0.001268816740504053,5.607553202224835e-06,-0.004977969123137416,0.0185711164518243,0.01616846244389558,0.015030602306295604,0.014059477212399196,-0.010414713907809015,0.010915123995808518,-0.06394957119528588,0.0015226354993331803,0.106241699867198,0.007096728408203745,-4.3108043368267346e-07,0.00011061338038009794,-0.0009221476819515351,-0.0002928657429861481,5.414533369219043e-06,-0.00011848551810755836,-2.79631208380815e-05,3.118043135907911e-06
2008-01-31,-0.05075661189464298,1.570311016774184e-07,0.00015518040261119914,9.419035476754267e-05,0.00012641293040460688,2.3649231568612095e-06,-0.0004514048081903921,1.125954210157154e-05,7.350458907739998e-05,0.00041428745202631845,3.6493172759222148e-06,-0.23707854573864806,-0.1424404802279048,-0.06699645824128875,-0.01901102282867384,-0.010000818248765753,0.001291879736373902,5.423795528836095e-05,1.8180833547098985e-05,7.75379778048535e-05,0.00012759645500648453,0.00025692788972397906,0.00020499273285357056,5.220577303788332e-10,0.0,-0.00011080862104584366,-0.00027630662161548525,1.101533042335845e-05,-0.0011022725062482808,5.188092305763448e-06,0.04542664211172487,0.10264689468229315,0.13472467176170877,-0.017802745578984758,-0.05225339223373371,0.010524321707465978,-0.04350900092456644,-0.06352045612769142,-0.030809567603123478,0.07659313725490202,-0.05064829821717998,1.078126106168753e-07,-6.509121972786414e-05,0.00434509004824557,-0.0002056064991284856,3.025029684522451e-06,0.0007035523530891652,-4.670547190777086e-06,3.031489362870232e-06
2008-02-29,-0.18771557961095942,1.6564888924985866e-06,0.00010857512463413599,5.8063326055846076e-05,3.5093829224175366e-05,-1.4717509436712461e-06,-0.00034037327973146514,1.051618690350864e-05,8.286620327524474e-05,0.00015748135918025596,2.2263028873759083e-06,-0.20569213425367372,-0.09078014184397165,-0.02819448556140247,0.024161913816869607,0.025453897537153658,0.0024509096832121546,4.528908390089015e-05,2.0478122387812547e-05,8.754709426206375e-05,9.314457526565789e-05,0.00020281444938441417,0.00010043098416101515,-3.708484408448953e-08,-0.01342281879194629,-0.0003272959966073019,-0.0007546369835086386,6.802236709457787e-06,-0.0002648448844352336,1.4909084398384564e-05,0.003551477623601862,0.058628818507163505,0.0664431451118288,0.008105534053374885,-0.026285922805975748,0.030942508818615044,0.05672149744753274,-0.18939725053468315,0.030220322053200244,0.07645259938837912,0.06070908207867909,-2.5049596363846405e-07,-0.0003195694228694812,-0.011997373206708462,-4.944129977202394e-05,2.471767514444778e-06,0.0004874034869419841,-7.011169026016617e-06,2.4881514897545642e-05
2008-03-31,-0.09846239002815493,2.807772475188486e-06,0.00016012798530851136,0.00011705985959897802,0.00010018289026025862,5.34561116438681e-06,-0.0002958814766216289,9.562862953282902e-06,9.482237234537116e-05,-0.000875355613217943,2.9663095997278788e-06,-0.01564700359881077,-0.012841091492776902,-0.016849731983950567,-0.002331809495828008,0.006076926950129291,0.009266111280823441,4.6364682846355976e-05,2.5008821247674007e-05,9.946460454091088e-05,0.00011155668982998357,0.0002902188703046704,0.0002014919566906137,-3.6599809405402084e-08,0.027030679821597348,-0.00028634470652033617,-0.0004437455333180518,6.219299303600323e-05,0.0002606652679919552,1.1771064694743316e-05,-0.009840338913969404,0.0386623679841227,0.05310674455655873,0.028491539977560487,0.019121555729774142,-0.030013806350921435,-0.039233869529550325,-0.36359773834036013,-0.019986839434956716,0.07279715799895148,-0.039432176656151396,5.4300549612307236e-08,-0.0002629210341162924,-0.002309632946025597,1.1293867657080625e-05,3.2944959227343418e-06,0.0014381990650047527,3.7319577337324716e-05,1.4021993516966091e-05
2008-04-30,-0.10296154854169004,2.8110770506906135e-06,0.0001033473408382779,-8.12200129196583e-06,2.9075711058146325e-05,3.459905419056497e-06,-0.00026006859129357185,5.165242105142909e-06,8.707485479941823e-05,7.781230698911124e-05,-1.7273218145819058e-06,0.33651769480356397,0.1778260299870842,0.06735920347741886,0.004668506836444708,0.006842092209166317,0.005417943232506772,4.794036728927864e-05,2.597924964153897e-05,8.884169125455976e-05,0.00016909416089827545,0.00018727769270698857,5.994504379436272e-05,-1.1474483718743045e-07,-0.013071895424836555,-0.0006188911898383775,-0.0010978098770166866,5.647373520378807e-06,0.00027742143594156055,8.118750407071218e-06,-0.06112625246993797,-0.0975288360258516,-0.07744219493306781,0.0018745846623358098,0.055940418918142276,-0.024380219979242,0.02607134610084416,0.020722811671087804,0.007887480360174282,-0.020035529672619234,0.019194779020106578,-3.1183072790597066e-08,-0.0006753190647407203,-0.013675010404899157,-4.90829223670497e-05,-7.980163018173059e-07,0.0007947207232170683,-4.6548840999527386e-06,9.116160412769858e-06
2008-05-31,-0.10983217643440812,2.1141143935476947e-06,0.0002627567251880514,4.6776868204423394e-05,7.790765215442974e-05,6.070337369878942e-06,-0.0002901676941013953,-1.7126544612500183e-06,7.13469701503211e-05,-0.0004016955569459135,4.7391751513581326e-05,0.12762405402981591,0.09352165641620114,0.054710581026370386,0.0023144531815053604,-0.0033897701820562176,0.008411603070256124,5.070194793432847e-05,2.6812577700319196e-05,7.407579503593276e-05,0.00026595838719289944,0.00043260625710672684,0.00018647402781524214,-9.984567694854007e-08,0.051948051948051965,-0.0005603540958450948,-0.000626100877298752,5.129550491034252e-07,-0.000455755997280205,1.16119250792579e-06,-0.051159231899440494,-0.029101606937823155,-0.02481389578163784,0.010210332856851023,0.03702027888610093,0.07412741443578441,0.04995717956037682,0.29210157345380905,0.024682216463038253,-0.05589910212067217,0.005156638037012273,2.742957270207569e-07,-0.000624038727532028,-0.0064080851726063814,-0.00017747458240424674,3.6368359846328246e-05,0.0014452354643539334,-6.781436635661109e-05,-1.2064508957188025e-05
2008-06-30,0.008417508417508435,6.786314605822241e-07,0.00046065667866224125,7.9935609694326e-05,0.00010071879190998168,5.30390626352073e-06,-0.0003518427887346798,-1.2195047541130322e-05,2.5162147491375464e-05,0.0007104705845712989,-1.626290493061955e-05,-0.008929687639526507,-0.01538820032798871,-0.012324073845850436,0.012594804528633485,0.011834809725846718,0.0047319880904392875,2.3459842201090098e-05,2.2123211719682345e-05,5.5692721098177245e-05,0.00028543613134024426,0.0007267562791681836,0.0002348194527670433,-8.323940758891979e-08,0.02374169040835694,-0.00023704869274276952,-0.0007116975552583504,6.808001765579164e-05,-0.0027657660695127317,3.6049256666448315e-06,0.10110212884409053,0.07237710235622763,0.012771392081737165,0.014464453605264938,-0.00390335298020994,0.009669683607952395,0.07587754024808668,0.062122486428625834,0.013318732056708305,-0.02022321372145064,0.03699408094704859,3.183639107895431e-08,-0.000260622088050666,-0.008562678808880952,-0.00012998469546021685,-1.3376749224303097e-05,0.0009423863639110852,-3.7674073350313364e-05,-2.2708538698901215e-05
2008-07-31,0.00416319733555337,-1.2903481995119037e-06,0.0003118316952317457,7.220435134569492e-05,0.00011113785322036662,-1.9256969208125696e-07,-0.0004979822846727933,-2.781223179115777e-05,-5.0510130321756996e-05,-0.0012603517918513552,-9.632239564072442e-06,-0.03340662544491546,-0.020336685120325382,0.0,-0.0011235248119219055,0.007418324250007657,-0.00025506327672242257,-3.592792117568244e-05,1.461127944613061e-05,4.4594280587562096e-05,0.0002403641011639035,0.00046420163526872393,0.00018386452243812634,-1.0405380501676831e-07,0.022603978300180794,-0.0004148966813273258,-0.0011494394089409665,8.010568935690188e-05,-0.007247079034792936,7.530283421264272e-06,-0.012802425616005753,0.04913076341647771,0.04216165273678718,0.01830588612692785,0.003918648849876583,-0.054885805239334506,-0.14696317790674407,-0.10436802889633068,-0.017560984176089978,0.046088259016015654,0.006569438969912023,-1.35162749992368e-07,-0.000523935083660998,0.011953143676786793,0.0001260456212741623,-9.219525379910998e-06,0.0011571998079047408,7.049145301718518e-05,-3.0821982391904257e-06
2008-08-31,-0.004145936981757581,-3.6118057661349567e-06,-6.5087049184398e-05,5.433486848405167e-05,8.753815740347726e-05,-9.060907054658784e-07,-0.0006864811806035487,-4.8205911059140405e-05,-0.00015425458604123587,-0.0010022302795336113,-5.833897560481027e-06,-0.05136898340781848,-0.03523194362889004,-0.028995119758905563,-0.0033829957103614916,-0.0008143720377217223,-0.009961622361537192,-0.00012631160653597817,3.490064964362105e-06,3.40770692497383e-05,0.00012444057626948002,-8.075201461832382e-05,0.00012531546619554135,-1.5000120778818626e-07,0.03212679374598437,-0.0014645188556718924,-0.0013851041552287446,-5.9028564825314156e-05,-0.012973486372753973,2.8691580542528072e-06,-0.032569537384566694,0.02450980392156854,0.016357509732718434,-0.0033897701820562176,-0.0170275190904684,-0.06682846189019043,-0.10513036164844425,0.04614201486798253,-0.010563645966950808,0.026335320452967492,-0.011222504863085403,-2.4231103268324006e-07,-0.0018605262139538281,0.0040290088638195165,0.0005872620325302336,-5.705692192714551e-06,-0.0015134052782918017,-0.00012496432622144393,9.462211697286449e-06
2008-09-30,-0.08044030482641829,-4.783819237075271e-06,3.736031502876713e-05,8.083352722598747e-05,6.522744190173846e-05,-5.754867387741669e-06,-0.0008043072764449821,-7.191682232798868e-05,-0.00023131435191903194,-0.0003426026380402014,2.8847414248467373e-06,-0.1271186440677966,-0.029822555793031613,0.0037703480973880765,0.0011329390705370201,0.012927569253392557,-0.009569429144776986,-0.00020185690584240135,-4.0821935765045225e-06,2.268953889950076e-05,3.916547521765068e-05,8.296944333063827e-05,0.00010420575569303203,-2.397961702538254e-07,0.0,-0.004235164703862093,-0.0040434247939235,0.00021300970918636253,-0.015485587718221394,8.823322634521347e-06,0.18374287371305242,0.14838014536688715,0.15414676508901426,0.07743328033993202,0.18102536189783058,-0.22052927024859648,-0.4437306169302523,-0.3074951953875721,-0.03581717667211726,0.08107888975973632,-0.030104101926662574,-5.198538312045642e-07,-0.005296828608688076,0.01443001443001446,0.0010490060533234757,1.227661170499772e-06,-0.0005100417505605748,0.0005591703012737259,2.2297118085878864e-05
2008-10-31,-0.4230523225068872,-4.9558769947832815e-06,-0.0003787940952366675,4.255898716509776e-05,1.5260059540667115e-05,-8.099585875553927e-06,-0.0008905867051763883,-0.00010792059631636874,-0.0002895780500246081,-0.0006663154306258967,7.97167496680018e-07,-0.19031141868512103,-0.04718959731543615,0.029663412961057345,0.06849166141201524,0.11375756451575492,-0.030267907076970024,-0.00027283811614631226,-7.254544717283373e-06,1.1771886963662936e-05,8.711705828945426e-06,-0.0006627226664195351,-0.0001447668248142353,-2.4945283016997166e-07,0.039741679085941284,0.0009623971750660765,-0.000645726728414231,6.525300566528891e-05,-0.014882510872756494,1.8864501336368633e-05,0.07446511075268569,0.1816449994282192,0.2462974887314875,0.1466030384419481,0.04573414740115722,-0.4197332106715731,-2.2009853115591644,-0.3741814780168382,-0.016527313865259186,0.2657946159176148,0.036910897094414086,-1.3071761371108437e-06,0.0010477431838653573,-0.026724014578265565,0.0016231634720424992,9.676099499422719e-08,-0.0027152017162144215,0.00024327433351500893,6.045401391197025e-05
2008-11-30,-0.575493882896917,-3.73967563360722e-06,-0.000793423215673994,7.659519767355683e-05,3.231747632725934e-05,-1.4996561619740056e-05,-0.0008330887907399553,-0.00014099223043795295,-0.0002868422493347289,-0.002430138381799951,-3.0132872460564286e-06,-0.3263403263403265,-0.2604478505568195,-0.20829596542286977,-0.015805029160278927,0.019345217158855954,-0.037161877214526795,-0.0003008262852556287,-5.699754140553459e-06,1.977793398832972e-06,1.6222913919117232e-05,-0.0011969732583423376,-4.52494230062106e-05,-4.048611600415697e-07,0.027472527472527375,-0.0012674630026885403,-0.0029620378873317366,0.00020550738663405177,-0.009806605462805873,4.863580837399795e-06,-0.010270956453782176,0.0767862213645345,0.06402120562038793,-0.01074731451478561,-0.09116922271467642,-0.6008612344360249,1.7182130584192445,-0.7111262818051229,-0.029119561493662238,0.0767318761824256,-0.04749617607317136,-1.422766556236077e-06,-0.0017120041511670125,-0.00611493959503151,0.002148713151428172,-3.849630948571381e-06,-0.0027570741928664155,0.0006415606416194652,6.495316780497085e-05
2008-12-31,-0.5804562891177065,-2.7526274286593377e-06,-0.0003718878399714409,3.4248911089385103e-06,-4.468756468090085e-06,-8.629876671273351e-06,-0.0008328927811273035,-0.000165577831827024,-0.00026219889507739236,-0.0024755139382196534,-9.399269900844942e-06,-0.22304832713754652,-0.17046856425094759,-0.18945462143901926,-0.11617049920743483,-0.04595255222242467,-0.05602969614843267,-0.0003134639050109689,-1.0782763198990963e-06,6.887721946791103e-06,1.6690650704642707e-05,-0.0005695680735190445,-4.993443279177612e-05,-3.81849302732995e-07,0.04250255015300919,-0.002807895717574005,-0.004162844397511467,0.0003087447126588483,-0.0064425308093237765,2.6853865981779634e-05,-0.05673352435530077,-0.031483352461855185,-0.02901494269548821,-0.017267937959346225,-0.09718954642644095,-0.6594131223211341,-0.9075242006453506,-0.8395865036469539,-0.21950271950271938,0.03628893913135278,-0.09650903524243726,-8.246977775128173e-07,-0.003621562399749534,0.012382207799243261,0.0027908131231018096,-9.794138908891803e-06,-0.0018447230914308,0.0008633843324010737,7.843575762955801e-05
2009-01-31,-0.061576354679802825,-1.912659063352251e-06,0.00011403312446822689,7.070226141059344e-05,8.536604719244778e-05,4.730097441729697e-06,-0.0008439029332031334,-0.00015641308563318912,-0.00017978325617451496,-0.0024999999999999467,5.541399419550785e-06,0.2164918695275666,0.16333197223356466,0.21410688077354778,0.0,-0.018964139466205232,0.0033924262576052744,-0.0002612854382224583,7.019277216135933e-06,2.9776592202823693e-05,-4.248967036435403e-06,1.1569897951480002e-05,-3.137816842158081e-05,-4.325249839398637e-07,0.03847929813760187,-0.002529879988678596,-0.00412992886669028,6.304340534057928e-06,-0.0053893736372147005,1.4753999366012849e-05,0.02206418672501842,-0.039089492240105383,-0.04915564016283924,-0.028080710441974244,0.07431086122509645,8.405418638811817,-2.3714243367422556,3.290556103981573,0.06899644668299576,-0.0415440761343131,0.0,5.292627827113705e-07,-0.003293108803495315,0.002570621997046052,0.003071951262704209,-7.6015909573623475e-06,9.687707074745866e-05,-0.00019008510511242527,1.892247978796391e-05
2009-02-28,0.4566210045662098,-1.2228884949117003e-06,0.00016356438572051601,1.922388918296214e-05,9.008339373473007e-05,-2.344017306477042e-06,-0.0007850685250103684,-0.00010914566390973768,-5.8880540469985476e-05,0.003171538885824443,-7.309250893317021e-06,0.05802707930367523,0.06311565944593456,0.0401419419065816,0.028529375530873313,-0.0040768846078581555,-0.012573476864607636,-0.00014047635456493346,1.4605414953239304e-05,5.56621434331106e-05,-3.3674883479273277e-05,0.00018248974559398334,8.131764638430461e-05,-4.207177678461349e-07,0.03502872355331377,-0.0006108827815752838,3.802917825468377e-05,-8.821025902716606e-05,-0.005878439787395884,4.017629759989205e-06,0.0059760940407656005,0.02515730051383791,-0.019539932294134643,0.01352733790444649,0.04935152101387774,-0.14406454091432974,0.49746293901104344,1.269604182225541,0.10814191039737442,-0.04796432390190952,-0.00390335298020994,-1.1721386850016557e-07,-0.0009151440873381711,-0.012076223148887455,0.002414819758308706,-8.111547617928316e-06,-0.0006189699297891593,-0.000179304579381645,-1.963568855289921e-07
2009-03-31,-0.17860332202178963,-8.487373860388558e-07,-4.437326036710321e-05,4.2257965819914034e-05,9.273475053195313e-05,-5.337353604195627e-06,-0.0007479751664536405,-8.636503779579918e-05,2.6339710921252646e-05,-0.0025689787475393633,-9.507919491724692e-07,-0.17576318223866783,-0.1377926479010303,-0.08076239702794374,0.028156944359429392,0.022844303974371316,0.03884612389676123,-4.604352721782057e-05,2.02469344410261e-05,7.567793344143148e-05,-5.466696687417283e-05,-0.00011194479911391664,7.308063050426306e-05,-4.6420424137938454e-07,0.025771535339217833,-0.001621525765473586,-0.002291125006529504,3.462151231348187e-05,-0.0071047661682869245,9.52850119273485e-06,-0.008806924713545827,-0.007450273680482011,0.06328898236184743,0.002192409112310001,-0.15454885077919323,0.29550827423167836,0.24102580582961108,-0.2609262883235486,0.010210833285682952,0.04798464491362764,-0.029220542041054842,-6.127549750933881e-07,-0.0021486904409747654,0.002639225756732033,0.0016533116832317951,-2.9278357907003283e-06,-0.000397979194311171,0.00011174988788975604,2.270699131434739e-05
2009-04-30,-0.16420361247947435,-3.198605463827775e-07,4.521965971693298e-05,3.383356572306262e-05,9.075288118198799e-05,-7.32169100903235e-08,-0.000382590970145702,-6.05300556121291e-05,7.283149014036816e-05,-0.001095601363415022,7.12168666217039e-06,0.11315929433864058,0.1743600984387299,0.12617907334088518,-0.01299545159194282,-0.0019374363067812261,0.006309424935307284,4.056861986767579e-05,1.714331161961624e-05,6.351471476273574e-05,-4.708563610344996e-05,0.00014538620588200324,0.0002267457966231845,-3.830003604265997e-07,0.01814882032667886,-0.0008192800652160326,-0.0007560729557559709,0.00014820046973529344,-0.006168190769223703,6.70763542487407e-07,-0.037222717550706386,-0.08964488855112074,-0.07624839416260776,-0.03728790386048453,0.004309106578569422,0.12941368788143004,0.11394424328361974,-0.2684323550465283,0.023958599539994685,-0.016170763260025756,-0.009765216299540969,1.5309993228740382e-07,-0.001148113381721938,0.01812591936754493,0.00019708173394050732,3.066424025810477e-06,0.0003321518691348224,0.0002577133880001803,-1.479775599833033e-06
2009-05-31,0.1964636542239684,2.2869513216505766e-07,6.597976517674908e-05,9.876323690649613e-06,3.955042099712536e-05,1.9940255235884052e-06,0.00011412302768420979,-4.971588823365902e-05,8.646694898684082e-05,0.0023583111449221317,1.4165380376907066e-05,0.010063196876383573,0.12837588459007976,0.07282944752990717,0.01790818117348736,-0.0217788143613461,0.02721087329072458,9.769050315111549e-05,1.0440030581815307e-05,3.9259780761913277e-05,-2.0541308509591794e-05,0.00010590439854651912,7.843780617711182e-05,-2.048193000758758e-07,0.02290950744558984,-0.0010395028354966973,-0.001255507871189332,1.5236219935044204e-05,-0.004474624879082789,8.244116268540935e-06,-0.05335848737839477,-0.059959227725146946,-0.1088256200305262,-0.060114178568527854,-0.051169590643274754,0.19024558976132844,0.5796976983854347,0.1227897838899803,0.08784258608573459,-0.08556101988735698,0.018240545083611837,3.3161121892888445e-07,-0.0013862982910187727,0.0070266250534316566,-0.0011471160160017035,1.1626494513139463e-05,0.0005560410920910641,2.744902754203693e-05,1.3702088103029197e-05
2009-06-30,0.16323865491348366,9.758489889488686e-07,0.0003692162572455082,-2.330953345097697e-05,4.147265138265688e-05,6.296037454278647e-06,0.0004119076817652445,-3.4866150159906795e-05,9.543372565179453e-05,0.0014005602240896309,-1.1278325773522724e-05,0.18588815403279457,0.06815796289480502,0.012779797695802397,0.008094413235984588,-0.0397022332506205,0.022317125160547402,0.00012555626466337344,5.870956385933823e-06,2.5474709850037414e-05,1.81643372012541e-05,0.0006005123266452639,0.00013009519308870843,-2.711289087686808e-07,0.0054555373704310295,-0.00033449385073069937,-0.00015735825390550406,0.00012763713579455604,-0.0025594990655526395,2.0642976390483625e-06,-0.02444727284488246,-0.047829974837274025,-0.11108148938060958,-0.04600966351352065,-0.07163323782234965,-0.023640661938534424,-0.012968150223051977,0.0,0.04721619808660393,-0.15061478215625612,0.06736034615293174,6.326148749291605e-07,-0.0004710854591921665,0.003783129404643537,-0.001676205994574409,-9.312020764151718e-06,0.0010494754530869788,0.00021885507516250513,-1.7957753588149217e-05
2009-07-31,-0.2343457067866518,2.048656416508976e-06,-1.3259055678171983e-05,-5.3050313933433735e-05,3.0059158141693132e-05,3.476840841010187e-06,0.00045601661316929665,-1.847354523254463e-05,0.00011972407407023766,0.00025471217524186684,-3.99426405905956e-06,0.016188695433978273,-0.0031420653423909206,-0.0020953115309182424,-0.023134733216040315,-0.031987517066510596,-0.010827895882982275,0.00014194533860933944,6.372978733404366e-06,3.3525012572255264e-05,6.669450027874113e-05,1.1369640484870658e-05,8.731834883568546e-05,-1.9978627541217264e-07,0.0,0.0012474521306486963,0.0022913711944829718,2.9372553094209053e-05,-0.0012291112866689158,4.764334280427107e-07,-0.0045430917535488335,-0.06559123346040596,-0.11106361220777705,-0.05618288451314579,0.005415123356510065,0.029031087456151017,-0.013184958599230301,0.0,-0.016888468553671543,-0.04888216270330081,-0.02056741878894186,6.918002593003791e-08,0.0015375430223598663,-0.008920606601248826,-0.0016067247230886483,-3.077115408922637e-06,-0.0005035682531688845,3.1371893220555336e-05,2.129745777734726e-06
2009-08-31,0.0,3.1568518465974194e-06,0.00014852639791507194,5.722336814062423e-05,4.630367366909027e-05,1.1898701826495994e-05,0.0002719558693116131,2.8578542643487026e-07,0.0001423684515156065,-0.0002259733803356978,8.709136118945082e-07,-0.1290728535587805,-0.044661798530626684,-0.025440976933514325,-0.018169352904552905,-0.04338498131043056,0.013416397193420915,0.00013801637689292434,9.952278249958368e-06,5.4658192093492985e-05,0.00011641519035232584,0.0002925407563358906,0.00015018016463197448,-1.0615864487473203e-07,0.005370569280343629,0.0011520949622172427,0.0016435323909909094,9.00787177737783e-06,-0.00023749409145834566,1.1204624450478207e-07,0.0009642383288592793,-0.005672587335154633,-0.03220388527489748,-0.04081268496213908,-0.05679403186328369,-0.0806895635169258,-0.13625463265751026,-0.05462689828471512,-0.006311965751273796,-0.1177632827169296,-0.013839089136315152,6.648085622007471e-07,0.0014732634777989695,-0.0006004563468234858,-0.0011315259392100652,8.874396131286488e-07,0.0007833920877400313,-6.123160590143506e-05,-8.54042604836458e-06
2009-09-30,-0.061576354679802825,3.406895873192539e-06,8.549006837843542e-05,-1.60669940791891e-05,8.401609568320367e-05,-7.674609050267733e-06,4.7272099825912406e-05,8.156074490894838e-06,0.00013770859110473488,-2.8680414145165756e-05,4.162565437892951e-06,-0.018829732147060185,-0.0271915543032335,-0.019887744729747747,-0.01633498274774503,-0.02515845165570585,-0.002833650076377703,0.00011938953330492552,1.0846602566338959e-05,6.345066402668742e-05,0.0001324769011392668,0.0001625701561347448,0.00017829398213420333,-1.4062835174133426e-07,0.010521885521885599,0.000880395521439592,0.0014862002567102017,1.0415352700965386e-05,0.0002853415861081565,-1.820858958057059e-07,-0.004318646587983199,-0.07277326053561106,-0.031312952080745804,-0.035286291172096584,-0.03215847697453056,0.057083549558899715,0.1963186329940949,-0.29063008602650564,-0.029027435764703458,-0.020724905377853986,-0.012935673482904253,-8.588700166622942e-07,0.0011862813824916607,0.014218139064336999,-0.0007644403787044896,3.4416547300963884e-06,-0.00027935128424005917,1.3289220871959273e-05,-5.13885858743901e-06
2009-10-31,-0.1976284584980238,2.9891053627828512e-06,0.00013253035414484415,3.5207538252812753e-05,0.00011461424335768022,4.93212228436235e-06,-0.00018567948768855036,3.4446949273014837e-06,0.00011796748182923977,-0.0016025641025640969,6.524819884390354e-07,-0.04828585224529214,0.0,0.022529068130155094,0.002573356750879885,-0.0019457164565778173,0.010669248401105946,0.00010055874056535963,8.886994229406753e-06,6.137795152594272e-05,0.00012172685862554822,0.0003808005608876286,0.0003718434706694307,-1.062537591245416e-07,0.010204081632652962,0.0002331465981808556,0.00023915728827628158,3.811864087110983e-05,0.00038295975911872837,3.2968646896947007e-06,0.04874908223615115,-0.023644388398486815,0.0,-0.01440558138710235,0.01463308582513867,0.11904761904761907,0.1508893038344743,-0.4137702747434623,0.0,-0.0026638962146035006,-0.001320111100550192,3.408567124107975e-07,0.0004297187940360825,-0.004895258351479526,-0.0006137651314617187,5.69699464492146e-07,0.00034115593555505974,5.9465467882491296e-05,4.561800321933873e-07
2009-11-30,0.0,1.832854356731417e-06,0.00014736309662155556,-6.675916966281115e-05,3.24406685898726e-05,9.024899680909471e-07,-0.00038243037870799856,-8.73997291761519e-06,7.732050713271654e-05,0.0016910300251775645,4.607660926136958e-06,-0.2395084869311671,-0.1081349957286678,-0.04439896017635281,0.005113225998197635,0.002922472645656038,0.00338413245578284,7.189429574738782e-05,4.237514026783629e-06,4.5926072034463417e-05,8.078812287370951e-05,0.0002501069631277719,8.830150906180556e-05,-1.1822494094815283e-09,-0.005025125628140614,0.0004172511248103916,0.001469303767438257,2.537776387634416e-05,0.00014805221880132002,4.247502424226113e-06,-0.058350774833140884,0.0037274489339493844,0.03499195185107462,-0.02763194252555945,-0.06502332449575454,0.0331125827814569,0.0740055504162811,-0.28429282160625446,0.0200137093909325,0.005337888331376162,-0.03362773292585486,2.7026311499867006e-07,0.0006934136288641035,-0.005856043803207589,-0.0005289992554937673,4.108718935302846e-06,0.0006700681763911476,-3.2891272978563535e-06,3.9088171144285866e-07
2009-12-31,0.0,1.4485242809669785e-06,2.2880284307413845e-05,1.2383857563857958e-06,4.220023238232784e-05,6.6579019337709155e-06,-0.0003728710063194418,-6.440793532846989e-06,5.6545302155486254e-05,-0.00020143421158635988,4.659750127533613e-06,0.6297060478576595,0.26659452932343797,0.1439544743974719,0.008838450796344377,0.004832860357399715,-0.0057428096377107885,5.859711080336005e-05,2.9782217219054274e-06,4.19824008808245e-05,7.130427807156003e-05,5.788572247467094e-05,8.589626541311013e-05,-1.492548875603461e-07,0.0,0.000349108706646728,-6.584832543121699e-06,2.8640088943543418e-05,0.0001025229327746846,3.5948951548903096e-07,-0.03644667812354474,-0.10049169149050707,-0.1200172824886786,0.021394950791613132,0.09992361394844829,0.11271065232261668,0.17901307266517485,0.0,0.028822181550921533,-0.03751581023431305,0.04974491910923429,1.8374885479843783e-07,0.0006401997666800607,0.009171837065012012,-0.0005097926454081803,3.96054896567577e-06,0.00020977591736515144,6.709395588821998e-05,-2.738684362624255e-06
2010-01-31,-0.08242664029014168,1.955496762295894e-06,2.8517205814315716e-05,-0.00018427238908080845,-4.868238793553914e-05,3.4588235076071783e-07,-3.4422546877577176e-05,1.7490604507841567e-05,5.3084592572139044e-05,0.0009102343439693072,2.385349549216542e-06,-0.2594286084898013,-0.10543883643725172,-0.04192432659050427,0.0,-0.011592802801594027,0.005980399545611803,5.55606836907252e-05,6.057789567304184e-06,4.9202573275453076e-05,9.809731194021509e-05,0.00021873986132403545,0.00014886317845963504,-7.121831679945956e-09,-0.005101520253035452,0.0010845995902117878,0.0014689911148191293,-4.235796024687488e-05,0.00036386284655942625,-6.7002910301150465e-06,0.03917066900305044,0.014192369047010933,0.00939620017664855,-0.050865301583921774,-0.05377864708858349,-0.0136882701790767,-0.08672240552185206,0.19880715705765373,0.016780059187845087,-0.07470062288827073,-0.02077997641472662,-1.935519544637998e-08,0.001571166733665752,0.0031050825298251095,-0.0004831994790140959,5.312641851329403e-06,0.001111846164964625,-0.0001448645516441971,-1.312233407468888e-05
2010-02-28,0.17948487839899507,2.7657492052135524e-06,-4.1876648278815765e-05,-5.781970225826605e-06,1.925083878817624e-05,3.6712309083863914e-06,0.00041025939048977556,4.825080962733708e-05,5.710364668876089e-05,-0.00026525480376438093,4.3160923879348445e-07,-0.011281333904920698,-0.01389757487318466,-0.004048230619601911,0.011146753198499004,0.00881272949816414,-0.002662811546732091,5.5055155809391465e-05,1.0511120504208549e-05,5.6693510562588756e-05,0.00013441261403168703,-2.215899958302181e-06,8.776578560687476e-05,-5.523887580682896e-08,0.0,0.00035482548028409333,9.853002471826855e-05,5.450044841825985e-05,0.0007137363231206617,6.852362493425801e-06,-0.07049525671563706,0.015555884974296053,0.01541620674983224,0.0012808361298255466,-0.021633034509016436,-0.07076414663746478,-0.035405593198585494,0.824266402901418,0.0029738892523643035,0.04078047556308406,0.009339684318669939,2.3980191166117493e-08,0.0006865344029201026,-0.001286206719143812,-0.00041831269026981754,-6.639316540990592e-09,-0.00025904573308521694,0.00020161587749623067,1.7293466843870675e-05
2010-03-31,0.2271350696547545,3.649153731855037e-06,1.457505008461979e-05,-1.29764754113193e-05,1.0207895096092656e-05,6.100799371910881e-06,0.000546867408846019,7.441811806363496e-05,6.792574286662578e-05,0.0008201258893238972,4.793098929756212e-06,0.235262485716206,0.08661008141347648,0.046034618032760655,-0.009792580895898628,-0.006786115220481004,0.006912811717611822,6.246949379007383e-05,1.3119682774398456e-05,6.190936715877449e-05,0.00017470132379493464,0.00014053452957241142,0.00014932171060921817,9.676434720162774e-08,0.005127679212388436,0.0007040370245454675,0.0018028695816694196,5.418880583762942e-05,0.0008832277942942834,3.039332057142019e-07,-0.03550152879620061,-0.08185431061735093,-0.045911714833156925,-0.0038426658878865094,0.030864197530864113,0.04219215072570526,0.0,0.35826242722794444,0.002956970170084894,-0.03310162197947697,-0.007926076129961324,7.480782895363802e-07,0.0011269357652452516,0.0,-0.00043327275831461787,4.181164650507441e-06,0.0006573813926769034,8.494100478584343e-05,-1.6927820487566692e-06
2010-04-30,0.2450980392156863,3.3256566116524056e-06,1.011598497568933e-05,7.036566178175718e-06,7.6528249079999e-06,2.5407437040936287e-06,0.00013902633716145196,7.204582756581424e-05,6.0865288603162426e-05,0.0011504832029451961,8.179548071307607e-06,-0.04468514844406313,-0.03785906961336427,-0.028533601168736267,0.0024820578245012825,-0.0019629493313703117,0.004221193015457425,5.558312772646623e-05,8.471043531521616e-06,4.0153498046535674e-05,0.00015742001541307893,5.411924245768418e-05,5.154461348055861e-05,1.479405218329788e-07,0.0,0.0003590247723712636,0.0012348524541050399,-5.695618691647919e-05,0.00048489604230250727,3.538891581333914e-06,0.07911174889292316,-0.025229699964020025,-0.02943234811273243,-0.027436777824812242,-0.047332185886402756,0.05760368663594462,0.08189896397810559,0.06561679790026242,0.0073355085561372935,-0.044450088900177764,0.009314778294969628,2.934536234011631e-07,0.0007127561625999146,-0.0023140801861842863,-0.0003778228909466774,7.2227841099170575e-06,0.0003086981022364377,-9.785278898100103e-05,8.570994010970168e-06
2010-05-31,0.0,2.645693967240348e-06,-2.2868231610018164e-05,2.640412085752608e-05,2.7450178005095083e-05,2.7385084253594982e-06,-0.0005875514422301054,5.9048839789355156e-05,5.245929405672811e-05,-0.0025528300821567873,6.881046014761694e-06,-0.20120338788180747,-0.11223344556677872,-0.07737117190856357,-0.041699099299455256,-0.019937694704049935,-0.015022300774924835,4.77439757609055e-05,3.7990177648161705e-07,8.744518304126814e-06,0.00012411023328229298,3.2003124952995066e-05,0.00011076596510983805,3.1176149062339675e-07,-0.01546072974644408,0.0013485899124285883,0.0018096011003057022,6.27306426623786e-05,-0.000323066929283633,7.841101179240084e-06,0.10801563316079954,0.14382024359160095,0.16624182644353325,0.032177102773666366,-0.016155536271486914,-0.14247984431470673,-0.13618817801497207,0.0,-0.05968358746107516,0.07587754024808668,-0.03743976209705446,-3.2699057961327327e-07,0.0019170060531321642,0.0023194475738579357,-0.0003205722578885073,6.5240791640164275e-06,0.00011135510251358838,8.830298520301483e-05,1.7481255466744727e-05
2010-06-30,-0.09823182711198442,2.1348318008929112e-06,-1.8432966630288483e-05,2.6057017032288243e-05,4.541442644634408e-05,1.9603743124374517e-06,-0.000966881433352218,4.700502361187908e-05,5.037541255159539e-05,-0.0014765109104732943,-8.564745679340291e-08,-0.18602113200059522,-0.12520699543600322,-0.07919740418861099,-0.010839403399236947,0.018331525641221758,0.0023959719744268693,3.814493135845254e-05,-4.228222667435055e-06,-8.500113716003455e-06,0.00010641125513899397,-4.193754995163168e-05,4.803667244868137e-05,-8.445445842664157e-08,-0.010738831615120237,0.00021605887210252028,0.00020217915533504716,6.804069772226029e-05,-0.0013502800801735715,3.1610166644213678e-06,0.01729210168203843,0.012545225538064475,0.050262954615197364,-0.023286863104294064,-0.07239190079413904,-0.07227338043857179,-0.07691282188015947,-0.24703557312252966,-0.02639493085352962,0.11672391001753768,-0.012817189845367727,-6.436053501257533e-08,0.0005195599010534568,0.0037917087967644925,-0.0001593973801403692,4.442818157812667e-07,-0.0003635468751750359,0.0001605625608405159,6.620646586297241e-06
2010-07-31,0.0,2.331020969359443e-06,8.212708603427821e-05,2.1038892124236597e-05,3.302322285025916e-05,3.4994851967340423e-06,-0.0008334662101503465,4.724031611536006e-05,6.461896653986443e-05,0.00033555245355976204,1.445988975889989e-06,-0.09323284904047846,-0.09150452706607581,-0.0078060356267465325,-0.02227369921596578,-0.022056840477911677,0.0015673067193895385,3.365430278190473e-05,-3.5962787272580954e-06,-4.3602704360434785e-06,0.00013261500509065272,8.494926530566715e-05,2.2331488152005363e-06,-4.758758709311195e-08,0.0,0.0003741395607665954,0.0008599438905747547,-3.231097413936013e-05,-0.002681482058335738,9.429569547414474e-08,-0.09541176572263188,-0.04565179348143111,-0.04275352842355162,-0.04243285343144931,-0.062332650384294364,-0.009312721177127892,-0.06249218847644056,0.32808398950131235,-0.024230382476587375,-0.007616146230007614,-0.02199652161671506,9.197854455855747e-08,0.0006899046983177559,-0.013868218103098351,9.266622806958225e-05,2.4031999885654187e-06,0.00016845722660452367,-7.661115287016518e-05,-1.779058374506981e-06
2010-08-31,0.05451968160505971,2.7902201722440623e-06,6.411654285454205e-05,0.0,2.848917971465248e-05,3.6814328003842434e-06,-0.0001296907058878638,5.0974944120207866e-05,8.433783974326481e-05,0.0015939178500754547,3.8021308041980006e-06,-0.13892506729182952,-0.14894086496028247,-0.12819883366337714,-0.03362927091740653,-0.03718791371554009,0.0006786876425188826,3.08961439015043e-05,1.1845799026133363e-06,1.5492026370633738e-05,0.00018045888076301253,0.00013651621992205598,9.59405597451557e-05,1.7635575222385569e-09,0.0054555373704310295,0.00035785367762564135,0.0003769954360544059,7.636200764404855e-05,-0.004105516789639219,7.268279004879474e-06,0.030100038362794068,0.029595669346419884,0.026413728799680847,-0.03561459664243383,-0.08425613866153125,-0.13503086419753085,-0.14998406419317956,0.0,-0.03450655624568655,-0.010288065843621297,-0.027609733351330656,1.322974558792822e-07,0.0006433467895234912,0.002056297692086151,0.00040324083585363546,4.027364771008735e-06,0.00022295866708632595,0.00015691403963025152,1.0952093688620934e-05
2010-09-30,0.0,2.605014725709509e-06,7.075892773888981e-05,2.1483264270205638e-05,3.935621654371779e-05,1.8771318925914215e-06,0.00033414068065007463,4.419166869373825e-05,8.822915269313114e-05,-0.00013819942730175505,7.610989767314891e-07,-0.10209498917793125,-0.04002908780380421,0.01938667037167474,0.006131236041858168,0.0,-0.0023041073139049573,3.26275494519912e-05,3.294857690461228e-06,2.2224387665081835e-05,0.00019787581146757383,9.886006454351559e-05,5.681151311098809e-05,-4.8821697129497466e-08,0.0,0.000272692221304105,0.0002916188601695957,6.003680546684542e-05,-0.005008685283653835,4.135208264255397e-06,-0.026768882028967433,-0.05865665593072111,0.010183169766169176,-0.015752521584892598,-0.010105092966855245,0.14520596908229821,0.08180263255744813,-0.061576354679802825,-0.00573328746703361,0.012983775474167292,-0.006406642406847518,2.963031064950883e-07,0.0005084053409016853,-0.001299188192977696,0.00046240364012484214,1.2774034838791692e-06,0.0,0.0001034494173728362,4.844079773080878e-06
2010-10-31,0.0,1.8415968032758911e-06,0.00015202245485679278,1.928383774929543e-05,2.3152083781896593e-05,5.523232565751712e-06,0.0003834193412559639,2.8487297522472588e-05,8.235546273893668e-05,-0.0015525964893052802,2.9702078430116075e-06,-0.18421295017039685,-0.07049253131630695,0.03129508448108065,0.02255625530071992,0.0067434521080029786,0.009521760546072233,4.236326163442605e-05,1.5212807009667983e-06,1.1747104538439856e-05,0.00019379541747754914,0.0003162267586112044,0.0001523158802754221,1.6445132899889359e-07,-0.005425935973955465,-0.00026241057714893046,0.0002810929596077649,5.8162101918890485e-05,-0.0057861934347609445,6.317342218009614e-06,-0.033809369252407184,-0.03309206211680904,0.024932992582434643,-0.011336803474892299,-0.03092400940089879,0.16210157747992238,0.1206110962208522,-0.13162224415926282,0.019124152082906853,0.04285159735630861,-0.014640431014289024,3.834708774963502e-07,-0.00017048205642589132,-0.0009435493306459986,0.00020103474439792102,3.110708898024228e-06,0.00046765813859939165,5.40694987709589e-05,5.4507398130621e-06
2010-11-30,0.0,5.569144865269493e-07,0.00011036376251083446,4.673224602314008e-05,6.1944619072829e-05,4.351377131062151e-06,0.00011034965620382309,4.885083917605115e-06,6.190959359053672e-05,6.636470724874499e-05,2.6090094586983525e-06,0.30959752321981426,0.22354861064538478,0.053427841248074204,0.02730214566125788,0.02196296166145406,0.002905292898919498,5.2458541663469305e-05,-2.916541440578513e-06,-1.1076061366521728e-05,0.00015532283466712649,0.00019706867162372355,0.00012973034999008703,7.845252425475735e-08,0.02149151085321299,6.868297176332305e-05,0.00032787131261047264,0.00010829889259822423,-0.005699415987511336,2.9832864352208333e-06,0.03290917068889865,0.030150356709909953,-0.029236560318678495,0.03246774329703439,0.06336064881304382,-0.023338039838034064,0.03513045107499191,0.07586102260658456,0.05827155637864134,-0.004779109556307448,0.027909114788547296,3.1595785032756396e-07,0.00020046353802327666,0.007059692414632002,-0.0003195894238388064,2.5776628311824368e-06,0.00029817716168967223,0.0002891079541951225,-4.376865885280523e-07
2010-12-31,-0.05170096163788662,1.928195956235612e-07,0.0001742761093248557,4.507441855361449e-05,3.758614411930594e-05,3.4200676639617456e-06,-7.034292233287776e-05,-3.4503710726330183e-06,5.328555066919094e-05,-0.000200531408231841,7.137977127147366e-06,0.3351136244632944,0.30586755934680254,0.1311106948866827,0.020506538851688516,0.018885344972301654,0.0058800760176227485,6.062844150767077e-05,-4.437811787272317e-06,-2.0533175889125843e-05,0.00015106649149032592,0.00022338695224854987,2.103599242353482e-05,4.7929005431157634e-08,-0.026435444644178907,0.0009614895272824775,0.0007858996219327619,4.682962010327252e-05,-0.005315583266207402,4.349143384541065e-06,-0.08863578957036888,-0.08450686592203249,-0.09109743781949164,0.03960323649834274,0.13865254931619075,0.09033423667570029,0.15918147786279646,0.0,0.0380669912843139,-0.0864633049733694,0.07035360332803142,2.1581244347146367e-07,0.001250077298562191,0.00479322997586884,-0.0006243331556353704,6.542655653252183e-06,0.0005335653987106337,7.122861642061551e-06,-9.38415791851277e-07
2011-01-31,-0.05462689828471512,1.0350583616869358e-06,0.0001402778789623138,5.207097117443382e-05,8.886808014185732e-05,3.929221551235429e-06,-7.731505084374035e-05,8.557432650269092e-06,5.36803191504287e-05,0.0026379870129868976,6.610724592848172e-06,-0.04648424184201572,-0.02497970399050753,0.02709659937677822,0.0026489785538696964,-0.0010188590816005982,0.00042926421582989427,6.00713353151594e-05,-1.1797393140167145e-06,-8.35158754830534e-06,0.00017752309250806952,0.0002956557406377236,0.00021322558568259709,1.7523611450798171e-09,-0.011259359342453368,-0.00020948019145250463,0.00020281002487654298,5.619393080436019e-05,-0.003973530510828938,4.21369920000636e-06,0.03395925842900249,-0.04044970263339831,0.0,-0.007221009092694741,-0.00535446562433084,0.014093439503910954,0.05939653124257549,0.07037297677691767,0.015581566383705336,-0.030823549191582145,-0.008341675008341931,2.2566164670223543e-07,-0.0001979925740558386,-0.00047824770042570464,-0.000592007729400712,1.2319166813101745e-05,0.0007801896328920588,2.2736329472916594e-05,-2.066994718719073e-06
2011-02-28,-0.05789717461787891,2.3659497878636415e-06,0.00013861588414165738,4.669981154936664e-05,7.890600702809003e-05,2.370818054986401e-06,4.606613467639242e-05,3.187551691663515e-05,5.516421475326716e-05,-0.003403511942411397,4.8139292223581265e-06,0.1774136318183286,0.0760986746147505,0.0,0.023465365121081216,0.006100443807287137,0.00017968556732728125,4.881822916225076e-05,4.289046150462994e-06,1.4791710515771328e-05,0.00020456305490168525,0.00027364329074552884,0.0001739111835759033,1.2537698612646864e-07,-0.005783689994216301,-0.00039960592659671335,0.00031162697640740866,5.589561011531963e-05,-0.002211456279561652,6.350842031377368e-06,-0.021312122353255525,-0.0399561015630826,-0.032652964295468045,-0.0029233141612644564,0.026750556411573312,0.017245779957644425,0.07978500041992076,-0.13162224415926282,0.019632124195838152,-0.03830401602875777,0.020903010033444858,2.2438282898384898e-07,-0.00046053964583148144,0.005082787832114022,-0.000322903245108086,4.349207979537084e-06,0.0007816900946753247,0.0001137908689035072,9.927921975183551e-06
2011-03-31,-0.12327416173570016,3.3929506400021126e-06,0.00022199686786428252,3.5989077042719586e-05,4.624834952449142e-05,7.05976334458569e-06,0.00015540102587019433,6.009941281770459e-05,6.335939552726266e-05,0.0026318292798934717,1.1678787110724898e-06,0.14761137949543746,0.04219215072570526,0.010853662242714224,-0.011395491943387182,-0.012172298890799405,0.013205280071931558,4.477099653810157e-05,6.396520969342845e-06,2.2592072987936973e-05,0.0002565931910682995,0.00039345175568827884,0.00015032836031725338,1.3018852440538353e-07,0.0,0.0009968427564963633,0.0008482243437986092,5.1409904841204224e-05,-0.002881597718601192,5.265317245539691e-06,-0.011983600148518181,-0.0014164185573493082,0.0030930449790602665,0.002931884982152022,-0.005178556632695286,0.030173801094303343,0.022855836809325236,-0.22848438690022854,-0.020749501641433965,0.01541620674983224,-0.012235409274440112,2.880418781270322e-07,0.0011965322982776527,-0.016649323621228063,-0.00012915972805438436,1.3026035405871994e-06,0.0008300505647274026,0.00010343959549663495,2.9816448954278485e-06
2011-04-30,-0.2828854314002829,2.8646971759194173e-06,0.00020052282533433718,3.899045718158689e-05,5.2271580172957854e-05,2.861475358661991e-06,0.00018863503839638973,7.637268815319231e-05,5.602123836623285e-05,-0.0013593380614657091,2.1604486439841253e-06,-0.22384542884071623,-0.10069817400644487,-0.03245320248202099,0.003857488929006836,-0.0010351902576174465,0.005745769478951557,3.1482923824599496e-05,1.7702004948549899e-06,1.6966701708032161e-06,0.00024887303274123695,0.0004136573157773604,0.00022742098764161334,1.8867899753693962e-07,0.005817335660267542,-0.0003195937179073516,-0.0005892163130942762,1.6087074206971863e-05,-0.0058175400727664695,6.692400159158396e-06,-0.06809925637434089,-0.0014203496332657606,0.0,-0.0310981190080587,-0.05295263915953574,0.028870582800831324,0.08722673499427591,-0.39761431411530823,-0.0015291688967045136,-0.018233091846161398,-0.011137283727871705,1.5846465006852384e-07,-0.00042611776275403024,0.004269934094495609,6.344934510571498e-05,1.98562199682506e-06,0.0009187383037547736,-5.2177594131119776e-05,5.386104618088083e-06
2011-05-31,-0.09910802775024774,1.6640083837504704e-06,0.00013550397922146296,3.79946241748641e-05,8.551042913773621e-05,1.766444991391225e-06,0.00017856698659324266,8.964133763922355e-05,4.584020438902492e-05,0.00022128509739705038,1.510826302508761e-06,-0.2510000784375245,-0.12603435087963277,-0.06231823847112583,-0.025908883638021907,-0.025264328032035044,-0.007109766932534289,1.9117659402434484e-05,-7.130866926607915e-06,-3.751163276988212e-05,0.00022865664380233852,0.0002952184042597228,0.00023512393133429121,5.7689791610471275e-08,-0.005783689994216301,0.00011853055841437588,2.8047431345212814e-05,0.00010541378308048799,-0.010983516680176053,7.4691077445177e-06,0.018647397689054657,0.04594283041248315,0.02144804975947534,-0.026673612266095992,-0.057694082894858334,-0.10164377034860628,-0.15306122448979587,-0.3320053120849934,-0.032656869605784955,0.015488699444884846,-0.02579239983951409,-6.399980911897529e-08,7.257619018385952e-05,0.0076476766358379855,0.000207185440271207,1.5023617199183548e-06,0.00022997117771206277,0.0002325622115746384,1.1437380636358796e-05
2011-06-30,0.0,9.096695758881168e-07,0.0,7.912398146059374e-05,9.921464580142647e-05,1.9782260931577866e-06,0.00015043536708314598,8.56166259912694e-05,2.9712955808669506e-05,0.0013556467011635043,3.2550831228217447e-06,0.0,0.040492387431163124,0.03233911291325642,0.004034948029869367,-0.0032954358213874713,-0.004679506843486392,9.917033566120281e-06,-1.2097865640048333e-05,-5.5725104421089355e-05,0.00017340479520822072,-1.9904645596757753e-05,0.00010848823468534441,1.3350354266528086e-07,0.005817335660267542,0.0002839004219243879,0.0001657224399742585,4.344573941539309e-05,-0.013182238756737186,8.61030957044484e-06,0.02611450355596534,0.04204475090396209,0.020766583600332345,0.028996573571556272,0.02472310126582289,0.06436041834271933,0.012468827930174342,0.0,-0.009828541100501575,0.0420704680339572,-0.013483954094627437,2.3046073738264283e-07,0.00024255572308540252,-0.0046239338116902395,0.0001991948036732527,3.21307040018759e-06,-4.5811678725415916e-05,0.0001271309873027704,2.039654006180669e-05
2011-07-31,-0.22067747986317998,1.1267635355860506e-06,0.00011130384382673775,9.974616357255606e-05,9.857570602522792e-05,3.2033631502947912e-06,0.00013686164851889338,7.563376384411846e-05,1.3122892004613362e-05,0.000389748066849549,4.635176023226606e-06,-0.19305019305019322,-0.20524629555466556,-0.08830541900921318,-0.00805361560361173,0.0011035091591260482,0.0008719810598738498,7.1449822618419034e-06,-1.2204036273666397e-05,-4.7985222223823065e-05,0.00011051471303180627,0.00016530270724568474,0.0001461035914682718,3.215468091788409e-08,-0.005783689994216301,0.0004543254448960976,0.0006768290188949866,8.85168533240055e-05,-0.012511597423607523,1.9210879277586912e-05,0.14991499665138353,0.018947557896631606,0.014394951402644018,-0.04736351020446816,-0.06089837279547894,0.0033080597567913816,0.01632513131527502,0.0,0.006626674684942602,0.0028498147620403813,0.0060956560830838225,-2.76126197462645e-08,0.00042200392305269396,-0.014802022943135595,2.543672475097125e-05,4.500667993845298e-06,0.0001599746234539623,0.0001559669423718546,3.729278986130957e-05
2011-08-31,0.4243281471004241,2.0178268500536944e-06,0.00013360364270376124,7.492806748188308e-05,0.0001212341000758066,1.6193948360054833e-06,0.00013492467501685645,5.5687011658811514e-05,-4.453436410201128e-06,-0.0010251291527846318,1.582922275700227e-06,-0.43572984749455335,-0.2635847526358477,-0.17107102056911572,-0.07904680841453282,-0.04521122685185175,-0.01159969801051397,8.905800600533809e-06,-7.1275912014723275e-06,-1.455395521110514e-05,3.6235768497983045e-05,0.00022824733838611166,0.00019632548573955688,7.511253019565345e-08,0.0,0.0006057638455529979,0.00048348724643565433,0.00028201812052830455,-0.008120547049086713,2.7371981027313197e-05,0.06061442280700913,0.1781755650858765,0.13078128192902394,0.025119569149149923,-0.06017168988848187,-0.13264403782055656,-0.14426802525927007,-0.499001996007984,-0.10637294009659337,0.08322791131233775,-0.05100384847220274,5.58573165498899e-08,0.0005828661562090609,-0.018847847766649495,-0.0002719680611346087,1.3658651507597597e-06,-0.00032094839333229874,0.0005970695634762713,4.098198542412668e-05
2011-09-30,-0.19841269841269848,2.668996916810329e-06,9.178256098252291e-05,5.114761227487108e-05,4.800292483397861e-05,2.835470213069513e-06,0.00019083648198692238,4.225615916686465e-05,-9.54804802133502e-06,0.0016835016835015093,0.0,0.24390243902439046,0.0,-0.11662202425738089,-0.04547425588688603,-0.010996100049848967,-0.0008723031430790673,1.187932916879575e-05,-1.757761900145205e-06,1.090176019236111e-05,1.6357643455977566e-05,0.0001360379888148966,6.670634934158315e-05,1.2752132105831038e-07,0.0,-7.309101749186642e-05,0.0002417210164391559,3.190112923623367e-05,-0.0042741881807490945,3.5404768212732307e-06,0.06771785802324026,0.08259358746363299,0.01156737998843238,0.044393708777270335,-0.014483727532117463,-0.1245459263103268,-0.1112234580384227,-0.49950049950049946,-0.09769887958093415,0.05655635718044438,-0.03551965251631373,3.0302887288335967e-07,-0.0002594729134934859,0.009540754493179815,-0.00040064393701444434,6.677122921239231e-08,0.0001151441235966999,0.0,5.6421775695980614e-08
2011-10-31,-0.1241310824230385,3.157467916459211e-06,2.8519853306097076e-05,7.759611458246773e-05,7.255284167739795e-05,1.6895707379838143e-06,0.0003311149980051997,4.203968399396629e-05,-3.15129417449711e-07,-0.0009925558312655625,6.87585717251693e-07,0.0,0.028434940855323054,0.1069912352780058,-0.019238101234386518,0.012345694253943496,0.00096926695588051,1.644337200557011e-05,2.636083891616181e-06,2.1834920432617366e-05,6.595199582859479e-05,2.0739604185138205e-06,4.728745213977703e-05,1.2026415574517557e-07,-0.011820330969267268,0.0006618511732103816,0.0005533769426147028,5.323633331633104e-05,-0.0025240177336237624,3.734337989946823e-06,-0.07572749658410738,-0.09334160869386543,-0.06516780710329073,-0.03325875309911097,-0.003689192878382319,0.16069951553822515,0.21324354657687983,0.9980039920159678,-0.011975072688691246,-0.016094247915794946,0.015917652676818772,1.7786178974077416e-07,0.0006191610006880399,0.003085980154773571,-0.0003609942039007885,2.725252028490388e-07,-0.0006046361171943015,3.492549580563775e-05,6.751231466761709e-06
2011-11-30,0.14172335600907005,3.1385811594120128e-06,7.791279868474277e-05,6.517428745778098e-05,7.324021528454239e-05,3.337532101799212e-07,0.00047328786194977823,4.6437140409194555e-05,1.9074932579243864e-05,0.0022964461926742175,1.1201674081640078e-06,0.0,-0.02764875027648761,-0.03433332316049664,-0.019926597660255174,-0.0282896565635693,0.01165801082750706,1.9646531098649334e-05,5.580592249643246e-06,1.852276904967809e-05,0.00015599054869941398,0.0001976935460390461,0.0002079974346307356,8.185644961855587e-08,-0.012218963831867047,-1.1174605757280354e-05,-0.00034481629492832955,5.098645126100365e-05,-0.002121469591309655,4.4202970264084485e-06,-0.019073049780659934,0.05724494395958524,0.055020907945019015,0.04513295546155449,0.029454104981793794,-0.015882785046357983,-0.05427702996092043,-0.49950049950049946,-0.026992142832604538,-0.021287365239151645,-0.020935831675913286,1.1460241911009916e-07,-0.0002115779927347461,0.006471827465543312,-0.00017001086011758648,7.387086025101297e-07,7.056741375599529e-05,0.00023929528198052274,8.106715460476366e-06
2011-12-31,-0.1241310824230385,3.0776215163008658e-06,1.002046555997893e-05,7.926146956949154e-05,9.393513710231893e-05,9.400595064601447e-07,0.000516436987638258,5.282379245996616e-05,3.223377516547998e-05,-0.0003396304820355578,7.970738881590833e-06,0.0,-0.1250384733764235,-0.07682603351232475,0.011129846352471162,0.01403329718696189,0.0012886000011920196,1.953505545393419e-05,5.748606001443335e-06,1.036258080566732e-05,0.0002151926948881222,5.574918371209492e-05,0.00016238026079573586,1.139613718947885e-07,-0.006285355122564451,0.0004952183565047896,0.0006753369934313636,-2.1071572469333333e-05,-0.002057507549322657,2.7759015912565133e-06,-0.047387239908671885,-0.04172201663367392,0.00697758798738457,-0.017660434005165704,-0.0795939262598453,-0.03670772493678098,-0.08333986979370933,0.0,-0.010204185756997664,0.03370643142787655,-0.005403360890473774,4.6207307313750334e-08,0.000398175449684679,0.012181632063627434,3.018307716207147e-06,7.100603280241202e-06,-0.00037866488441706814,-7.999502301236916e-05,1.1035866282371742e-05
2012-01-31,0.14172335600907005,2.677533383232955e-06,0.00011453805694938701,5.384843392564065e-05,8.725484201721478e-05,6.69561993760226e-06,0.00039274950324541535,5.457432586308819e-05,3.295127864300085e-05,0.0005700783562871958,7.214050643744585e-06,-0.11741682974559697,-0.1349937565387601,-0.026835191670356418,-0.014697641947070128,-0.0025013288309415627,0.0015368536398510102,1.3131246526354445e-05,2.0982504056465956e-06,-2.86415320083222e-06,0.00020592460949697688,0.0003291579254134369,0.0002925055628708595,1.9255103955728714e-07,-0.01285760205721631,0.0005634859107910284,0.0008750962344552526,9.241478087296251e-05,-0.0017521741430877036,9.578859049064192e-06,-0.057483277591973136,-0.05162781673457395,-0.0069292386152609575,-0.05417118093174411,-0.04035854531659255,0.06319621159776867,0.15352688308663143,1.9940179461615153,0.012876840744384443,-0.002306262424988881,0.005432715814635669,2.367044598106105e-07,0.0004773053068993782,0.008583690987124415,0.00015346732552901088,4.474413958677204e-06,0.00021378758920276297,0.00014291749671646592,1.1315886667917496e-05
2012-02-29,0.24752475247524774,2.0050992584064176e-06,8.968468482417613e-05,6.51014547701223e-05,2.8944107624218063e-05,7.543750689675832e-06,0.00017271577321609222,4.92286252351537e-05,2.3215457258585204e-05,-0.0003680587034262661,5.729231331130791e-06,0.353045013239188,0.20731565103593041,0.06842004433618887,0.0,-0.011366190886335503,0.0017863586190469682,2.744260908515983e-06,-3.422344720060977e-06,-1.592966059871248e-05,0.00014274256946178454,0.00021483945253941705,0.00013663020188747765,1.5624937610425604e-07,0.0,0.0002960518447154836,0.0003559858365880242,1.5349939823217085e-05,-0.0013674495610490611,4.488420664028325e-06,-0.01827461572644673,-0.05964338933500457,-0.03298463858260281,-0.02713336046669379,-0.004244265996638408,0.05798535676457184,0.04879953152449734,1.9821605550049557,0.02013931370253741,-0.020962309767038834,-0.005403360890473774,3.79864571131705e-07,0.0001508953853559536,0.0004689331770222349,0.00025889070696005767,5.311959396347987e-06,0.00021192367356981379,2.1191239236717507e-06,7.51975668933369e-06
2012-03-31,0.29615004935834177,1.7598483117442498e-06,8.766369440715849e-05,7.727214634423163e-05,8.164602467775062e-05,5.541676089126923e-07,6.126255167471228e-05,4.37127518349012e-05,1.726156592418704e-05,-0.00018133462282388102,3.849887736606661e-06,0.09680542110358203,0.17699483591537546,0.10324008688685704,0.02599259211124827,0.011496866465173339,0.0033163789771033514,-5.832796769689175e-06,-6.246604131621147e-06,-2.0158046954876774e-05,0.00012536284670638942,0.00018342002154847492,0.00016579983198505843,1.254262438354914e-07,-0.006619886137958497,-0.0004885211721162852,-0.0007592128072452242,3.07926900617872e-05,-0.0019134746355695675,4.221572841967003e-06,-0.06234506824976316,0.0010458041292531473,-0.007404299429868977,0.014024065296047938,0.004262356571701265,0.021549247212963918,0.012541910885542684,-0.11022927689594375,0.04116143028706465,-0.02656991995207747,0.00723844337275259,9.964190406108742e-08,-0.000811091704834066,0.0013865651084754571,0.00038427882609726183,3.5547418097969796e-06,0.0006020926889274136,7.467047027520657e-05,5.797322035094865e-06
2012-04-30,0.07586102260658456,1.5426213275659961e-06,6.943472471343526e-05,8.562551948609887e-05,7.822728316009275e-05,2.0289291289277145e-06,5.738418291012515e-05,2.6277856004952582e-05,1.2056037608010328e-05,0.0010937514732645148,4.159213589094435e-06,-0.1770381517216959,-0.1955068960614248,-0.10507158001388439,-0.005385957731003699,-0.005035012216198287,-0.002376498385348036,-1.157393365680548e-05,-4.091020200047701e-06,-8.46778449892227e-06,0.00013747338187908298,0.00012596500530936972,0.00014739482208736554,4.6368292094811636e-08,0.0,0.0006663606946217815,0.0004272828261133732,4.678970125460147e-05,-0.003221738641177363,5.960434512175539e-06,0.03920869720192455,0.005204018334797222,0.03207975520679107,-0.020804438280166537,-0.02985965959988035,-0.024630541871921152,0.016419552403001525,0.0,-0.02313187016543916,0.019896340068244367,-0.019862335955161625,-1.5794516794453983e-07,0.0006087597482995477,0.00030378147176080006,0.00046377072469572234,3.6345223948242023e-06,-0.00011458024444088721,2.6034535915764323e-05,8.829860505654707e-06
2012-05-31,0.14060742407199078,1.5870061715883566e-06,-8.663877260051134e-05,5.789549671075811e-05,5.825465788555917e-05,-9.638466017536373e-07,0.0001578002261874989,6.608883405867516e-06,1.0040743037453836e-05,-0.0008323252949207216,-1.1615794484054476e-06,0.0,-0.17144032733673142,-0.1592885113161212,-0.029278290147855324,-0.015342659112964174,-0.007976964965410116,-1.5082201338278978e-05,1.1369609009825865e-06,1.1586571770250131e-05,0.00018977631518435345,-0.00010764761985004867,9.872517385556279e-05,5.969119620807817e-08,0.0,0.00019951114822536198,-0.0005201443952703722,1.7466255763043392e-05,-0.005443854563495942,3.4066618312955654e-06,0.11829578740312519,0.08981007122329121,0.04664179104477628,0.008896797153024716,-0.013301999733960068,-0.05881812333425229,-0.14082640246529043,0.12388503468780998,-0.06080150982309196,0.03119915138308227,-0.024367385192127555,-5.830985150279133e-08,4.053521433067253e-05,0.004250628799915557,0.0005458336298884703,-9.260414093326119e-07,-0.00041701388864756606,0.00010588175187642435,1.4974345455609495e-05
2012-06-30,0.0,1.4362047677796141e-06,-3.4644864722710444e-05,5.290505712318705e-05,7.264141709084626e-05,-1.4041162238465077e-06,0.00025766853199482576,-4.320513884881194e-06,7.940401172579215e-06,0.0009023342835465797,-1.341922822306607e-06,0.21512315800795934,0.06961461349966558,0.04311436624576248,-0.030868961259453598,-0.006565867469278341,-0.014043744951422132,-1.4050637166529434e-05,4.072071885685702e-06,1.6725812822304675e-05,0.0002077537685927222,-4.8823353577920336e-05,9.958226027961814e-05,4.0669201561982504e-08,0.0,1.651608832853313e-05,0.00021469489438885603,3.2020484167283314e-05,-0.0068470954100914305,6.022302392327816e-06,-0.10713000855812216,-0.04544564700618059,-0.002196547028072038,-0.0035197944440044093,-0.009025474401498257,0.015778034609118974,0.0,0.0,-0.061809679933352846,0.02966817289698298,-0.017569546120058455,-3.044195827639484e-07,-0.00017895449279259346,-0.009245562130177576,0.000511822556005459,-6.882653756923318e-07,-0.0004957668592602271,9.273043298407835e-05,1.8174283351157783e-05
2012-07-31,0.0,1.2248081175947334e-06,1.2104863073014727e-05,4.9556640503434224e-05,6.297339922811673e-05,2.2280476659197745e-06,0.0003611562749767927,-2.7749692360634626e-06,6.521007185344985e-06,-0.0002994275649492728,-5.7781541699108985e-06,-0.296217305014959,-0.1572327044025157,-0.08323925563295653,-0.04920452681646714,-0.020094470805413156,0.006839800097920623,-9.956649364428749e-06,3.5897997625600198e-06,2.6209123673570645e-06,0.00020384535801509784,3.458954013746407e-05,0.00010043378922874879,8.065002665702536e-08,0.0,0.00018541344035316598,-0.00038734114804728215,7.610735419394388e-05,-0.007896867763970694,7.833028002224296e-06,0.03743996451096132,-0.026904864399483475,-0.026675380624337275,-0.06162691428602496,-0.11173964662336755,0.0269375817748021,0.05406042973127034,0.11001100110010986,-0.03235960344776867,-0.013228679777758323,-0.034431495501626275,1.3130374210135187e-07,3.75032239585682e-05,-0.0014939346254209118,0.0003952924526311463,-4.421372010066094e-06,7.146604005225932e-05,0.00016694451635324015,1.1252512569281947e-05
2012-08-31,-0.18509378084896333,9.279759745073335e-07,0.00024214639901343205,7.177496242949388e-05,4.760492645328185e-05,3.2154364890679688e-06,0.00043575049948008093,8.899050343513792e-06,5.295706356323038e-06,0.0002476298287816814,3.32401817182415e-07,-0.04254232961797,-0.015738117721120548,0.03434321463936785,0.0174550532379123,0.005508754098857427,0.006802209479926047,-2.5147792197532937e-06,1.0488684387688352e-07,-2.7704613384638144e-05,0.00016593363115502413,0.0003214033466973909,6.162586111835289e-05,9.765852682086518e-08,-0.006737636437137873,-0.00037986004342183133,-0.0002638886525307971,4.364442193360851e-05,-0.007812973313841565,6.863857037409105e-06,-0.028076539724169347,-0.01828584431838498,-0.013889949926730538,-0.013928186271583876,-0.010718171051291803,0.018552875695732718,0.05487344811029571,0.0,0.05442292051532438,-0.024893523610375445,0.021084102375967362,3.794154126435245e-07,-0.000655672181720357,0.0032814374008391933,0.0001711258883267952,8.23243617942282e-07,0.0006108840267218252,0.00010696918264652133,2.4740575315096436e-06
2012-09-30,0.07586102260658456,1.0449516552046845e-06,0.00019796553233386582,8.479306211484072e-05,7.68846990646388e-05,4.011693090832935e-06,0.0004486778574464001,1.7750777500769033e-05,5.67813732543776e-06,0.0014392319144260757,8.170801582219056e-06,0.04443259575224401,0.04787896198410424,0.04373855280063421,0.0021301432308309387,-0.009606886216039667,0.000567926251368922,2.319851366339165e-06,-2.6982640958239656e-06,-5.097318587021782e-05,0.0001322913517032287,0.00029022304277215305,0.00011886660572568708,1.0127167460183273e-07,-0.02080732417811071,-4.956941098344103e-05,-0.0003520086771138242,0.00010473835388280506,-0.0063732130075977445,7.231221220926898e-06,-0.038709410457903215,-0.025497953789208383,-0.03336932453336561,-0.028689935570601732,-0.010871751384789352,0.06083378064054412,0.06775498104977862,0.09891196834817007,0.030831670291723734,-0.025957109416295587,-0.03949611275100806,2.1409947215111913e-07,-0.00024226199033061668,0.006096919683752811,4.1075179973759646e-05,7.594647346564898e-06,0.0003911743698872261,8.613989517836096e-05,6.92949692071565e-06
2012-10-31,0.14060742407199078,1.7892505954630877e-06,0.00011160473851123953,8.398499479489452e-05,6.565414801706915e-05,2.592991852568005e-06,0.0004459360227067055,2.2753188806845515e-05,8.52740273171726e-06,0.000867928140655394,7.823446855459437e-06,0.2954833262980159,0.15045739046701967,0.036198159065053304,-0.00425438680459389,-0.03684431293858892,-0.0054605581025437555,3.55741383972763e-06,-4.304404161881159e-06,-6.76298259640884e-05,0.00012407022227844955,0.0002815553289754469,0.00023484464736389654,8.831803466335941e-08,0.0,0.0002959531795103665,-0.00034251003220475695,3.201474099134849e-05,-0.004099367194521197,6.6144223953568115e-06,0.06379507333099177,-0.012260884879207956,-0.08699857475864303,-0.034517275896586264,-0.011029310392367764,0.026446280991735627,0.003910343640999292,-0.09000900090009001,0.0053832902670112315,-0.07244638967164285,0.002193271044435674,3.160626982356973e-08,0.00019130923258736665,0.005930560037955557,6.0213597735891966e-05,6.906207450585455e-06,-0.00020623564943611505,0.00010736763305252417,8.615282910406918e-06
2012-11-30,0.0,2.707142878977109e-06,-6.961042302466858e-05,5.740741655180237e-05,5.4884917348063667e-05,3.290273915546038e-06,0.000385964834703989,2.198006684595022e-05,1.1912737824193442e-05,-0.0010630781297602532,9.8911016552794e-06,-0.16260162601626005,-0.1439941355115718,-0.05003402313573224,0.006404098623118637,-0.010533316881295662,-0.003361116949752496,1.756401818875375e-06,-4.343315695432004e-06,-7.002253903942712e-05,0.00011963154758487526,-6.497632284896415e-05,0.00010356176321701938,8.755840674723459e-08,-0.007243227582210632,0.00035849939711507517,0.0006315242648171626,5.117561309386787e-06,-0.0008610439567804384,5.739418297068255e-06,-0.056735289349975626,0.0022699027914130365,0.06222863365720532,0.004515814381965688,-0.01119100243404303,-0.029008863819500408,-0.04320299121801041,-0.09910802775024774,-0.026939655172413812,0.008243162296874607,-0.0198145359435683,8.40582086159003e-08,0.00027574550948461507,0.0001305991103588422,0.0001805948158710713,9.071804799587468e-06,-0.00039441965787567757,9.789451705932706e-05,1.9034258379457825e-05
2012-12-31,0.0,3.114320937358528e-06,-5.019530002647876e-06,6.123379886568969e-05,7.06388416336079e-05,2.2382146203092645e-07,0.00036216727555204997,1.9959805228841887e-05,1.3445758266339425e-05,0.0017410615361763693,1.8780663240125506e-05,0.0,0.16821629557132356,0.0838416231738246,0.031397174254317095,0.018186971156979315,0.0018674366613053994,4.476667228026088e-07,-3.4610503962806405e-06,-6.65198042343329e-05,0.00011852595289973955,-1.500692532685477e-05,7.133356538369107e-05,1.334174408729183e-07,0.01451062903576883,0.000264336648805541,0.0007837224544651189,7.395864764192517e-05,0.0007503055501041356,1.1195868525604169e-05,0.04834965752700704,-0.03576744239711105,-0.026380003957000908,-0.002246070499660746,0.25599128540305016,0.013331333633288311,0.03292059141842496,-0.22067747986317998,0.022182786157941337,0.013541841582120684,0.006768647624204593,1.0135912531517022e-07,0.0001671444365365371,-0.014294403449327087,0.0002561019928506436,1.688933458954267e-05,-7.028938138320395e-05,7.495373106181091e-05,2.6348252008201456e-05
2013-01-31,-0.12327416173570016,2.505435268140843e-06,8.195949760558818e-05,7.100009679383845e-05,8.979073143655647e-05,5.654062826154771e-06,0.0003431612830042674,1.491443923251623e-05,1.0994038923906047e-05,-0.001004052721895743,-4.624264568109382e-05,0.07789678675754641,0.20424836601307184,0.11217259623473996,0.029779630732579054,0.014662778097915163,0.006970532452888589,2.966395720171988e-07,-1.2165971932098785e-06,-4.928414383875701e-05,0.00010428585635291476,0.00018080074221415998,0.00019489192709620795,1.0343771572607352e-07,0.007032348804500765,-1.3934142545468653e-05,-0.00038326167683389034,1.8809651764373214e-05,0.00020025401732715054,3.320233854964272e-06,-0.08548071244288324,-0.048851978505129456,-0.00821085474997929,0.0201393644016592,0.04541701073492965,0.04538749574492229,0.0931326325102737,0.0,0.053092082908596794,-0.024124676327259342,0.03971274448158324,2.12533116661362e-07,-0.0001707119072743568,0.0014732313857215296,0.00021780747118627097,-3.461019466155513e-05,0.00023354254853313883,4.180194967773332e-05,5.362172132983289e-07
2013-02-28,0.07037297677691767,1.2084057927630454e-06,0.00022351172329027058,8.193068788719948e-05,6.03569335424492e-05,2.996278334554958e-06,0.00030365795963760434,8.315653464041617e-06,5.625175153900486e-06,0.0008573388203017007,8.862909424145471e-07,-0.0722673893405602,-0.11606313834726079,-0.05412652282890207,0.018932222642938257,0.017084160847374408,0.0006317213902506946,1.0106153514044536e-06,1.4628846614073154e-06,-2.325401339409172e-05,7.863362821236564e-05,0.00033689863351660243,0.00010486447899960005,1.5543209186397178e-07,-0.021186440677966267,0.0004404685931911345,0.0004210130611421725,0.0,-0.0016724888304240348,-7.641591901474953e-07,0.033764976002160774,0.004045798438321979,0.019257327413080505,-0.013131631473894068,-0.03946158611899253,-0.01848844626179047,-0.05285524006850029,0.4243281471004241,0.022187379818359387,0.013776609521290561,-0.004193724929388076,3.7864466051473755e-07,0.0004042027151160976,0.005877912660404938,8.667330978218146e-05,1.1185675097280523e-06,0.00041478716233744883,-7.95647128226662e-05,-8.119761051861296e-06
2013-03-31,-0.06574621959237348,7.312982148732772e-07,-0.00011605976104667182,6.46386485916306e-05,3.9846735086390694e-05,-3.135194792669438e-08,0.000322299354635458,7.800696960602593e-06,2.9603337268202523e-06,0.0004891769597652473,1.35569247183831e-06,0.0,0.0,-0.00891492045662201,0.005522116074879957,0.0,-0.0023109674442716166,2.0618319065413004e-06,3.260186936415721e-06,-1.2272867632834306e-05,8.75061861864701e-05,-0.0001249240338933033,8.824590002842747e-05,7.719965910979454e-08,-0.014842300556586197,0.0003752056784447344,-0.0001601350034284854,-3.2586585866356543e-06,-0.00301977237078499,5.440576794635277e-06,-0.07981208656061034,-0.016215602652872585,0.01868939296851635,0.0022260212985716343,0.008271195973581724,-0.006319055427594478,0.02248605864364084,-0.09910802775024774,-0.0023970928058451024,0.005406238258325979,0.012596917534279273,-2.3130395776504997e-07,0.0003334543300945736,0.0014544692932443315,-2.250759264077473e-06,1.5581108450124503e-06,-6.861816734593518e-05,5.435933884978539e-05,1.816224819339851e-05
2013-04-30,0.07037297677691767,9.489551073826874e-07,-8.635257123035256e-05,7.088896716345161e-05,6.722114368251653e-06,-7.060061222308178e-07,0.00028765179034717647,1.1714855168154514e-05,2.0972582599476652e-06,-0.0020505009080790115,1.7741758573386335e-06,-0.11741682974559697,-0.10944112067707579,-0.07770007770007781,-0.03706524780898046,-0.03674314422390712,-0.0010318381559746292,2.832001825270325e-06,3.1138582501366585e-06,-1.3264373494026316e-05,0.00010817347686487011,-9.638721052107613e-05,4.713719005078332e-05,1.0087658863788818e-07,0.007575757575757569,-9.498985603861865e-05,-0.00040933001996845686,6.971111550280185e-05,-0.0025553348699034473,4.9337168261942566e-06,0.02745192565215082,-0.043839180914400755,-0.03423142550188529,-0.03594076064127305,-0.04129177178863552,-0.054885805239334506,-0.06663113006396593,-0.3313452617627569,-0.05629142314507529,-0.01618179709644607,-0.03553660270078174,-1.41920951990393e-07,-0.00024219351886056728,-0.00323956271793413,-4.472555694801095e-05,2.191537011198008e-06,-0.00011480001836816633,0.00012471094368460278,1.0382015862564486e-05
2013-05-31,-0.26376524892845365,1.9235088071223316e-06,1.712143342302852e-05,8.197007832033698e-05,2.8986918849005505e-05,3.1681981678133297e-06,0.0002603119868909154,2.0991199715103548e-05,4.7251549628590794e-06,0.0012103452669129933,4.4018145417545895e-06,0.353045013239188,0.49241416023422957,0.2225232198142415,0.03088224791882599,0.02070678161888595,0.0028293275030530918,3.55992719991427e-06,1.865411917156834e-06,-2.654387233014255e-05,0.0001529026602409278,6.95822957323955e-05,0.00011254505977920104,1.1572119107405854e-07,-0.007518796992481258,8.694249685659017e-05,0.0003635576929295059,9.89676747820134e-06,-0.00108985849891452,2.5318384346828537e-06,0.07818300447724247,0.010522992739135262,-0.011051036449080898,0.0759259514902193,0.15586166224356535,-0.045500045500045605,-0.0777026198051709,-0.3320053120849934,0.04685999015940223,-0.008281802120141402,0.08731950419559564,1.8138255475363962e-07,-5.3507506054817355e-06,0.011219147344801783,-1.2077745833560805e-05,3.9486666967292194e-06,0.0001377114875480423,6.404233967161055e-05,6.201270621231103e-06
2013-06-30,-0.18019641409135956,2.6806505168952555e-06,9.818343152101505e-05,7.463879893943037e-05,6.243432865415954e-05,1.7736292825532018e-06,0.00019829684683503324,2.853721061701897e-05,1.2797400803066239e-05,-0.0011525260584875907,1.884006279206929e-06,0.1930501930501931,0.3004882934769,0.13312034078807256,0.06845576406540754,0.06402342700703012,0.0009970248777648738,3.4050429100762614e-06,1.0177071239070301e-06,-3.1566920013048616e-05,0.00017567305447863113,0.00021015796016210508,0.00016529694976719078,9.651568100288443e-08,0.0,0.00016991503433905208,0.00024350866902955737,2.9396612961640756e-05,-0.0003172377344159427,4.119427829962774e-06,0.012790702986172242,0.08396162242316074,0.011174526549278196,0.10447557280741937,0.13693940431359142,-0.08302544729959727,-0.05002000800320128,0.24875621890547284,0.06958775255555016,0.024936273966529976,0.11798317741402675,8.97886047734886e-08,0.00010797043377963611,-0.0005030529023011265,0.0001653433876880328,1.5854219563848915e-06,4.5726169292548136e-05,-3.0223053184563753e-05,6.639086507220782e-06
2013-07-31,0.0,3.3297418573496884e-06,8.058675588906716e-05,6.155441085131663e-05,9.313048786774303e-05,2.1838665822393466e-06,0.0001299415060380671,3.63753200638417e-05,2.816507429614923e-05,0.0005490752768813056,1.4305939211034513e-07,-0.13471279232675926,-0.01869648132221524,0.02519526329050148,0.011431968356311772,0.016349980128485653,0.008023943958808344,2.6899992184858945e-06,1.2283510697486122e-06,-2.714463311315196e-05,0.00019055446505955587,0.00011757222621122665,0.00012209104401961213,6.56364687046107e-08,-0.015414258188824692,-0.0002993015085396289,-0.0009533703545150374,4.625967897409211e-06,-0.0008566994441028264,5.569898132939954e-06,-0.08624897879691529,-0.06524084964463317,-0.04180089398178599,-0.015867922465804485,0.014524328249818419,0.09458092426124098,0.05265374894692498,-0.19920318725099617,0.045381855901802215,-0.04074027801165703,-0.023502646397984495,1.70619640416092e-07,-0.0004695240097801756,0.0012503266478367525,0.0005400308384586605,-6.000116580251458e-07,2.283004945891065e-05,5.858743877285022e-05,3.7756421658041717e-06
2013-08-31,-0.11022927689594375,3.5234781585735675e-06,9.805840409327082e-05,8.61415662645193e-05,7.979658355727892e-05,2.6186796160398984e-06,4.585136853751948e-05,4.1074400531471156e-05,4.498759036875022e-05,0.0004535647739531967,2.908667749101923e-06,0.2483777826073459,0.14966699094514713,0.05417118093174422,0.031693912867094776,0.012190008094165261,0.0016072967730884624,2.034067015044272e-06,2.0618278868678175e-06,-1.283742930935361e-05,0.00018233495004094102,0.00013993415586321944,0.00010354413505875293,1.3038570934043037e-07,-0.0079643198470849,0.0005457875593135597,0.0010448805867544486,2.770353320746821e-06,-0.0024599960625529826,4.851835009755945e-06,0.09799482223986988,0.007192216295836218,-0.03564977659473345,0.02675876438729574,0.031104199066873672,-0.044672771945499234,-0.04085597813751218,0.0,0.03019712684403797,-0.017269566418752436,0.031980504684344435,-6.336790636662926e-08,0.0005968370640103693,-0.0038276486371656704,0.001027313768325433,2.278679303691078e-06,-4.5680372605660935e-05,9.968296828644085e-06,6.575926765339801e-06
2013-09-30,0.0,2.9128861684935003e-06,1.5477478071179718e-05,6.368956930469238e-05,6.347875520917867e-05,3.007510305685912e-06,1.0070772429315866e-06,3.9634962053280987e-05,4.475025090178164e-05,-0.0008495853516269358,3.924578851677296e-06,-0.14893141708243363,-0.12464908572605393,-0.039841544485930136,0.015045376856599457,0.005963214124707461,-0.00022593353375943703,5.192608371729079e-06,2.100606432131613e-06,-2.7706434231333787e-06,0.00016071570273323843,4.131133352625049e-05,0.00011345103840709747,9.895432762085932e-08,0.0,0.0004853847267698441,0.00012640827731291715,5.908002305954341e-05,-0.003979306465662469,4.852552076384242e-06,-0.009061454341320663,0.0099163063742016,0.058210784313725616,-0.015569964500481093,-0.027402065019619726,0.03515762334466155,-0.01914132036827898,-0.499001996007984,0.005785876290250513,-0.005894697130461424,-0.029419415575567487,6.6388483599411074e-09,0.000526588361345004,-0.0064033408734991415,0.0010232137629497817,3.2143991279820483e-06,-6.868386602254528e-05,0.00011713948202807245,1.1273510832854328e-05
2013-10-31,0.12388503468780998,1.7305598620787066e-06,2.1965496166398424e-05,4.999672916450315e-05,3.8446176918727204e-05,3.955377354980527e-06,5.026192165802357e-06,3.5775897554657377e-05,2.920089291458261e-05,0.0009436929852153497,-2.204846439868291e-06,-0.05878376392440421,-0.050887671825404324,-0.02109399484101171,-0.01631582694543976,-0.019105458548916543,-0.004893909989471257,1.3571567288428454e-05,1.2286097446079225e-06,-3.325555343325348e-07,0.00014393769612230933,0.00012471348392928405,0.0001616335375640432,1.1732765714533855e-07,0.0,-0.00010670739217299996,0.0001802806739243934,5.964199043217988e-05,-0.005599916032259289,9.65412091447071e-06,-0.07228915662650603,-0.06776357145740675,-0.028745957599712768,-0.03770563034836427,-0.005687893886651585,-0.0075040428030601625,0.0,1.4925373134328361,-0.021216189109537154,0.008887466894185625,-0.036117677961649663,6.843372890585897e-08,-0.0002130429663831368,-0.006668734491315109,0.000298429961884894,-1.463811809432336e-06,-0.00032311109828919715,0.00015027842059134322,2.3287247761683005e-05
2013-11-30,-0.11022927689594375,6.85031291691729e-08,7.556286060439454e-05,0.0001113558513048396,7.598892080573627e-05,4.847415206121752e-06,4.792132649877878e-05,2.700367762398237e-05,1.2780244511567673e-06,0.0017044071098124558,2.690335587418602e-06,-0.09413832057236093,0.04028278515176531,0.05493247882810759,0.015088896232151594,0.008571309622641854,-0.00639719020083751,2.3907696158564917e-05,-3.463232441935915e-07,-3.94107609769101e-06,0.00011655377974872927,0.00014005109344772393,0.00015809788578824424,1.4507024559407e-07,-0.024654832347140165,0.00023125406891444378,1.1602085979500742e-05,-1.0005602847806827e-05,-0.0065286891069310515,1.7471607671737388e-07,-0.0015343306482549224,-0.014465453283015295,-0.011970134514386666,0.01131614285498772,0.014267533371760566,-0.007585670668108002,-0.024581379113693846,0.39721946375372386,0.023629489603024467,-0.008809175637343625,0.03242929560156349,3.605494902636508e-08,0.0002130883633602032,0.0030500921448888274,-0.0009383914880418676,2.847345814238622e-06,-0.0003039655817432818,9.371432998284135e-06,-2.3605315683239425e-06
2013-12-31,0.12388503468780998,-4.503737125460816e-07,0.00010804919758911069,9.981260716429574e-05,6.915438922816541e-05,2.288278349915629e-06,0.00010311025093900916,2.5679558771640743e-05,-1.0927170202457148e-05,-0.000880344951491141,2.621604674679645e-06,0.34406826314340755,0.23606150023295536,0.08087005019520332,-0.0014773099957747782,0.0,0.0037318781925250732,3.163672990624811e-05,-9.655533765862145e-07,-9.507905244787729e-06,0.00011381125069420683,0.0001640317145148451,0.00010144024600156065,2.9156820735565248e-08,-0.01735659116549515,0.00019520824074037435,-0.0001459552651491558,6.474589058824698e-05,-0.0067382656541328245,5.210552446399674e-06,0.0006154527886168548,-0.045165607226496984,-0.08700705067849956,0.011093197651200093,0.04154825414236085,0.034199726402188935,0.0,0.0,0.017051267477549148,-0.05422209369577802,0.030586356553207628,1.9111270477267794e-07,0.00016828844368155238,0.010652463382157418,-0.0014583245536541334,2.8048436921945807e-06,0.0001875539217524036,9.340088332243646e-05,7.020833993287567e-06
2014-01-31,-0.22067747986317998,5.751875586934574e-07,9.882975483721523e-05,9.007493171009351e-05,3.4835082116657645e-05,-1.0718171357115835e-06,0.00015771847036782916,3.099674728734847e-05,-5.47663390859654e-07,-0.0012669538428710103,5.317119121661662e-06,-0.1018018935152194,-0.12930498570185256,-0.09606197814979434,-0.01941927407765931,-0.02324949646485286,-0.002946920979615908,3.28187979097283e-05,-1.6137737846033673e-07,-1.556466502994347e-05,0.0001288099787954966,0.00019456990048971612,0.00010323762716701879,9.737334405457432e-08,-0.008991188635137481,-0.0003479126889091022,-0.0012190964132862137,3.107127018164846e-05,-0.00527780579866044,4.019821548517655e-06,0.12032268028647564,0.03694581280788167,0.024228160044302838,-0.03320151103765778,-0.06427767957576724,-0.03677335843727936,0.01514631338732153,-0.42686397268070586,-0.02240256285319031,-0.04905423436151013,-0.024940143655227565,-2.3937515647443064e-07,-0.0005159908866808616,-0.0017278043593834669,-0.0011120297175369886,5.006316226019436e-06,0.00041678629977104364,0.00010712327939366162,8.364203690547356e-06
2014-02-28,0.0,2.363878286004706e-06,4.48296505453083e-05,7.953283943828993e-05,3.856081482522811e-05,4.308263259256151e-06,0.0001847469939262325,3.6825177982535706e-05,2.2245575699963993e-05,0.00066103839688747,4.498688388920868e-06,-0.02847218267752394,0.01166187557944931,-0.0029583873239018565,-0.006165180601259146,-0.011484132756574672,0.00591276474737934,2.6183341995666964e-05,1.6942341583003895e-06,-1.755864896690884e-05,0.00014247886535967424,4.4639178049532546e-05,4.5035659343106715e-05,8.393369821391161e-08,0.009072763563781505,0.0006837889975674916,0.0011607731249931863,5.580323541831689e-05,-0.0025159717631002554,6.666606319427615e-06,-0.09980988593155882,-0.06879933127050009,-0.01686909581646412,-0.02339801584825596,-0.01170206541454566,0.011519056358902935,0.03451880781900307,0.24875621890547284,-0.021359969863024353,0.020783755416766247,0.008054331297198347,3.734728066806525e-07,0.0007806442271403036,0.0005377847570287031,-0.00035503727610808333,4.194917518463015e-06,0.0004322144438786424,4.152587263939189e-05,1.011913656223662e-05
2014-03-31,0.14172335600907005,4.025046560274248e-06,8.300093083168925e-05,0.00010828023374442886,7.553761456136066e-05,6.255145394096218e-06,0.00022649132098084834,4.6232626212283634e-05,3.781725749485432e-05,0.0002810446212382356,5.529042695240349e-06,0.3192848020434227,0.12420747164399892,0.02067226195890326,-0.010939038302261284,-0.005207926464078416,-1.790373092280806e-05,2.118881867008149e-05,4.940057040103696e-06,-1.0392884955079396e-05,0.00017683547533686728,0.00015012487629362248,0.00014085601346169874,1.457621097156192e-07,0.0,0.0008850725975881879,0.0010779165848988637,3.925664903792203e-05,-0.000603145938810834,3.5037318937281015e-06,-0.003589375448671994,-0.007624319291243187,-0.03123806879316926,0.014026819278460279,0.0,-0.015196355913851822,-0.0429737859905458,0.0,-0.008024200990186525,-0.01695340526098077,0.00476735316552257,2.5910676693108314e-07,0.0010320400707026778,-0.002178649237472574,0.00013643507677718603,4.6828071154081385e-06,0.000291238862914156,4.1859112098530105e-05,2.614250243837546e-06
2014-04-30,0.12388503468780998,4.25191648956158e-06,7.563600974935802e-05,8.499104297876592e-05,7.645807603573473e-05,2.8985836530992515e-06,0.0002133423156143177,4.395913776789051e-05,3.1416126095251684e-05,0.0007146983092001236,4.337416287691909e-06,-0.04362240446693433,-0.019778774408243827,-0.01734650511288227,-0.022446257246934276,-0.021221847892405,0.0011242264967616933,9.07127160232335e-06,8.774675123612852e-06,1.478476714322774e-05,0.00017413339611938028,0.00016605608223363433,0.00016234108594170849,1.6295771088081779e-07,-0.04606596646397643,7.365284142624162e-05,5.099509315398265e-05,2.889432206254483e-05,0.0008759332302881173,4.613475988790583e-06,-0.014464618312576283,-0.01160840216148451,-0.03638798323241721,-0.02180117329950837,-0.0179018976011458,0.019272724469422187,0.12787723785166238,-0.3988035892323032,-0.020432181503154512,-0.05258618876338328,-0.011101947598807338,2.8955866304691824e-07,4.58390869528813e-06,0.005446333687566307,0.00040409739452162974,3.262831946404532e-06,0.0002876863599043933,6.09494460914739e-05,4.504280985084819e-06
2014-05-31,0.0,3.859791624538644e-06,7.707035953430363e-05,0.00010528863071157524,7.78771140572676e-05,3.237442032011373e-06,0.00019564279344486124,3.9520253968472474e-05,1.3339998888195481e-05,-0.0003393885914525496,3.758151271071597e-06,-0.1148000183680028,-0.07691282188015947,-0.05702007106501483,-0.013324805457840316,-0.0193573364305073,9.606808523354715e-05,-3.818745230810272e-06,1.3225430806063088e-05,4.855433028616574e-05,0.0001668980534426101,0.00015396657215327458,0.0001598311220474269,1.054518832255269e-07,0.009895111814763657,0.0003603985218030292,0.00041635339280432504,1.4531041996557192e-05,0.0015533492638464264,4.70650258455052e-06,-0.07004118840034279,-0.00788710399343806,0.022731405710129104,-0.041459369817578806,-0.04009623095429049,0.015015240469075986,-0.01282994337718324,0.0,-0.027581641659311762,0.003742795119395348,-0.03434762412577119,2.402478993523971e-08,0.00035980311963590417,-0.0028464999049009343,0.00044639533518808783,3.023637808352575e-06,-6.606561637012565e-05,1.7254445090264525e-05,8.033062335766061e-06
2014-06-30,0.11001100110010986,3.006145571582408e-06,5.343715820771422e-05,5.7437503188983996e-05,5.232002377986156e-05,3.880926237265214e-06,0.0001790914450323644,3.185347293177543e-05,-7.535911382694493e-07,-0.0010350995798142915,3.591761829735418e-06,0.25813779395441294,0.0447057245680309,0.016090415261436952,0.015182186234817596,0.0056779468544174705,0.0030511970065609795,-8.275725040030046e-06,1.3457779016290417e-05,5.364472087343586e-05,0.0001366858054387965,0.00010173421136050464,0.00010692591350203173,1.73169128592221e-07,-0.01971803214039236,0.0002938359614836905,0.0004530447975441554,4.913731014055678e-05,0.0010541949348634727,4.888433019489824e-06,0.006913435652180944,-0.02819448556140247,-0.014793118241394065,0.004383273428596235,0.012945109499445051,0.014696588921710996,0.030224525043177852,0.3320053120849933,0.006594305158065472,0.0,0.0034330756237896942,6.489084025673719e-08,0.0002690947552657086,0.0007920007920008132,0.0002757948624945161,3.2539752985449866e-06,6.606998132419051e-05,8.453019326171152e-05,7.494350415582218e-06
2014-07-31,-0.09910802775024774,2.289418528089726e-06,4.5474520460553336e-05,9.778285576844681e-05,6.064717561815591e-05,3.02140374119908e-06,0.00019519661442890524,2.6571994580226743e-05,-5.614560746658448e-06,0.0017442822128326263,2.607327055148545e-06,0.12123416378735552,0.07348618459729561,0.01570973437981138,-0.014955134596211228,-0.009900429961529733,-0.001830787607907891,-2.2060000276491465e-06,1.0331083520442874e-05,2.8672143887575885e-05,0.0001037206887151143,0.00013213205604811762,0.0001639061265079622,1.2584331421372497e-07,0.010119409026512649,0.00018841410772485467,0.0005946381929760047,1.710879597416337e-05,-0.0005536426968999475,4.483420794398896e-06,0.17254014043741184,0.10290307740732674,-0.003769232508876841,0.02377216754623701,0.025315734678442725,0.010800924559142278,-0.01253132832080217,-0.24925224327018936,-0.019741777549650452,-0.0037288388395856353,-0.0034213299393739405,2.2266348320698626e-08,0.0001295568139960679,-0.000924275434079469,-5.990697921864907e-05,2.786552129041553e-06,-6.606561637012565e-05,5.032919311642736e-05,7.483930029472674e-06
2014-08-31,0.0,1.4741263134609994e-06,-6.465745873374118e-06,7.894676075959062e-05,3.549166066618703e-05,5.554084649972424e-06,0.0002169641682425727,2.0357554086913865e-05,-4.423840359257802e-06,-0.0009364945432966953,3.2781311840590632e-06,-0.09001872389457022,-0.06351129523958432,-0.0721840379123121,-0.013658216783216881,-0.005756745826719034,-0.006387907099280721,1.0934556308184185e-05,3.609686959560321e-06,-2.0815238297444694e-05,5.6298178206182214e-05,-1.1474745598372138e-05,3.64572769961935e-05,9.344975415714885e-08,-0.01001803245842503,-0.0001409561101957113,-0.0005506134980584054,-4.460311882492629e-05,-0.0030507612933069472,2.1029873475963967e-06,-0.1334009732634388,-0.03576947290104737,0.022608151745914462,-0.027482981692105946,-0.04028334686440638,-0.061250666551371236,-0.09064539521392301,0.0,-0.029575029575029554,0.02977154064001386,-0.003442814845417641,1.997266576569956e-07,-0.00029116461589973053,0.000925130509482619,-0.0004884509053200148,3.3092400344436612e-06,-0.00022155264090739646,-0.0001484973773137055,4.77357363659614e-06
2014-09-30,0.0,9.704041317171175e-07,2.892834679579792e-06,8.16000799890304e-05,6.423676753430918e-05,5.353870795588023e-07,0.0002121741478717798,1.4057445186788087e-05,-9.732911068649486e-06,0.0003836800226666437,2.544495257383872e-06,0.19691241335853804,0.07811930380076482,0.05777989259737626,0.005211156042856491,0.015847403907105262,-0.0033420670678795394,1.2185836376632508e-05,-1.5898686137605367e-06,-4.715206584515741e-05,1.0693296619956882e-05,3.2505493224865845e-05,0.00012592158237101359,1.579489763425812e-07,-0.02062068254459226,0.00026700702904758344,0.00011723980298694592,5.885924550330657e-05,-0.0047120730579405246,2.6825408729891365e-06,0.13737579863563298,0.10127314814814836,0.021892456953956474,0.049631004272581825,0.07052909645815708,-0.059110039249066215,-0.09830135262661199,-0.33266799733865604,0.01414027149321262,0.0,0.017176228100309165,-1.0623069512938343e-07,0.00022996324315993633,0.0026907553334614143,-0.0006260459997251555,2.557945256720373e-06,-0.00013394411851386234,0.00021812151284361647,7.3536916573857525e-06
2014-10-31,0.0,9.354342509482194e-07,-7.998783625229322e-06,7.954671666721147e-05,6.806342663390197e-05,5.062414893730605e-06,0.00019693816723220792,8.949581792760952e-06,-2.5971221031872993e-05,0.00045990195972334114,3.395088429725135e-06,-0.1313628899835796,-0.07735597284805351,-0.05462373883426519,-0.033210280504516576,-0.015600181529384916,-0.010012474110765002,-1.2590916654842133e-06,-4.464175386686975e-06,-4.4436029712935365e-05,-3.021887742316043e-05,-2.772308153997649e-05,8.147962884486049e-05,1.2299491958245312e-07,-0.021591277124041852,1.6683281627294377e-05,9.114436003709869e-07,8.180020939052568e-06,-0.005665355271050498,4.658679526814424e-06,-0.058173757358788936,-0.015893197711379536,0.03524465074313343,-0.010142934229157241,-0.029660916403673188,-0.021292542499914635,-0.016678897858429687,0.0,-0.051752041853287634,0.04266621156040995,-0.03746849240411476,6.293875443041941e-08,-8.060740677318101e-05,0.0028056513136547334,-0.0005107349191372235,3.1812148439946952e-06,-0.0006811098275975036,5.6998949916620134e-05,1.366943510139329e-05
2014-11-30,0.0,1.1644211981298724e-06,-7.622630514914075e-05,9.133069829725393e-05,4.4747522053301125e-05,1.3158861873474592e-06,0.00015436264632828767,3.901789318527804e-06,-4.618867610128863e-05,-0.0006723066749919626,3.3763014153365134e-06,-0.05730659025787954,-0.06984065585748223,-0.05939279600321401,0.0,0.014416471683887044,-0.011891154914264845,-2.461432066047653e-05,-4.566804568173488e-06,-1.4137925951507313e-05,-5.70893089262281e-05,-8.900861563043705e-05,8.330418196589306e-05,1.4499960121483468e-07,0.01110370863868515,0.0005443669566458365,0.0008981009794262196,3.6759573721178995e-05,-0.0052546299471214475,2.050397005737281e-06,-0.021385806362521853,0.05865474548596228,0.04344513214004042,0.0041077883667435255,-0.04362022981629665,-0.05742861181792491,-0.08033649514824959,0.0,0.0,0.023506182125899056,-0.0017985417423552752,7.052800765627865e-08,0.0005974033464783979,0.0022129768965213348,-0.00018565767031908376,3.1423138404651496e-06,-0.0005827905222408614,3.68964370143221e-05,1.1038782499417366e-05
2014-12-31,0.3293807641633726,1.561681745920751e-06,-0.0001252623103390471,7.22426081163352e-05,2.1082613813172557e-05,8.339662032064155e-07,0.0001366370842754705,1.6293263709332706e-06,-5.472924181604277e-05,0.0006641557888094063,3.887105477273778e-06,0.3988115416060143,0.09217386294898744,-0.003769232508876841,-0.024048778322061204,-0.007081691561172998,-0.031419659616164886,-3.8924259933126315e-05,-1.679752490324482e-06,9.96928984831058e-06,-3.911134721645837e-05,-0.0001640789541326182,6.654183503851385e-05,1.4136796200325819e-07,-0.02210433244915999,1.46980430550947e-05,-8.403436900428218e-05,4.763187243783662e-05,-0.004172497846655854,6.078591718861048e-06,0.15080825000770748,0.0526789375370178,-0.0031720655221854077,0.042239922761283966,0.01967213114754096,-0.052613453738424965,-0.07660242702022946,0.49850448654037893,-0.053841736062681944,0.02270972430394691,-0.018160718728604475,-2.290215218581082e-07,-6.388979290061769e-05,0.005217572785140234,7.840323300256635e-05,3.3560194927506615e-06,-0.0009378088457017153,0.00021081362366381917,2.0747436783929984e-05
2015-01-31,-0.08242664029014168,1.952106469804704e-06,-0.0002602816966814636,9.804683814151893e-05,3.792769831645337e-05,-2.0125824620187416e-06,0.00013446110814974155,2.2112699238352462e-06,-3.9740877267546715e-05,0.00010213330950215038,6.748621055319148e-07,-0.2851074142183069,-0.2547839757142082,-0.1933274414494034,-0.06468888566533515,-0.04234009314820497,-0.0355777079926749,-3.533220826135164e-05,4.934681745005776e-06,2.1080654995841996e-05,4.0069401099351865e-05,-0.00044988353075336995,-3.423655466450182e-05,9.93334052790118e-08,0.011373976342129222,-0.0007040309958129543,-0.0005409915850391744,-2.0890015997032663e-06,-0.0018424386050657215,3.847564626902056e-06,0.029766709719083018,0.02860471405687659,0.031594478548928606,-0.050362708351492924,-0.12881915772089192,-0.015328019619865074,0.013948655000941557,0.0,-0.10492941369981124,0.012577785743708603,-0.03972442598204451,-1.8059045869822654e-07,-0.0009678319170932648,0.00444744894328597,0.0002648694749411984,2.590643852773411e-06,-0.0012564708247474465,4.286786819962529e-05,2.518922256644629e-05
2015-02-28,0.0,2.073314444350771e-06,0.00010331063088342418,9.026431977599003e-05,6.017268645064355e-05,3.4101460362201408e-06,0.0001345929451965766,4.53825351653947e-06,-8.822525058294062e-06,-0.0020469881500987386,4.046054468354043e-06,0.3202497948399752,0.23581429624170958,0.15873015873015883,0.03185349093024925,0.009292312934125135,0.011745838512339013,-1.656146565720551e-05,1.1862154485786647e-05,1.8353951824590098e-05,0.00013642869584584716,0.00016561641405110628,0.00010752838127348063,1.3587991043451098e-07,-0.022637238256932646,-0.0005688492842598203,-0.0007445039475220128,8.371324021605453e-05,0.0008520928692439256,9.188519133784823e-06,-0.15589251221498535,-0.10518067410294019,-0.046124610247043285,-0.006250520876739607,0.14419118232975014,0.0922154768308614,0.13493364637939287,-0.33266799733865604,0.03557314809424916,-0.01242155014735058,0.027718381246535362,-3.594943154272556e-08,-0.0007744257054894677,-0.002611284229584121,0.00031912962631808206,3.53491462279365e-06,-0.00023309298856288851,0.00012952510526820227,1.2831077550234937e-05
2015-03-31,0.0,2.3832427809011847e-06,0.0001095209199601932,9.992962917482195e-05,9.680473014062052e-05,4.029688325468683e-06,0.00017123649829264842,7.617941482074286e-06,7.478871912214302e-06,0.0008610458216005146,-5.729443767199527e-07,-0.10521885521885532,-0.07622398123717378,-0.025125628140703515,0.006092558143313331,0.0045748863140753215,-0.009437395803969628,-4.458539376583914e-06,1.7290943682857218e-05,1.5281305612457885e-05,0.00021113658526927814,0.000176623032477341,0.00014236102055109612,4.735989511672756e-08,-0.011806375442739103,-0.00030628330369086854,0.0005381441005196663,-1.1052847668224786e-06,0.0024022433542683075,2.0716750077642843e-06,0.05780028135398485,0.05446524209800119,0.029151685939170058,-0.010545319565364197,-0.02588921358277585,-0.032526671870934054,0.01166187557944931,0.49850448654037893,0.018484800872482943,-0.009486166007904973,-0.021144900234516206,3.9633758608381697e-07,-0.0004277626244791888,-0.0024424497771265985,0.00028923067049047013,3.8352696796195573e-08,0.00010387816130474903,-5.4368011572325514e-05,-3.2217476847451465e-06
2015-04-30,0.08983111749910155,2.089111692749057e-06,4.23389825507936e-05,9.396258865335128e-05,9.766527728927166e-05,2.218025396683032e-06,0.0001927079471781834,9.091685495787871e-06,3.971831590288133e-06,0.0019965277777775903,2.31417621332497e-06,0.03375641371860638,0.0383163783359195,0.04705479745048535,-0.024383900123545077,-0.009126974468809945,0.02151201217132126,1.556506482813802e-06,1.5472863868604136e-05,7.388290354848337e-06,0.0001918065724082485,8.278006449446984e-05,0.00017301151470561216,1.391938737604903e-07,0.0,-0.0004958794990215232,9.11345561980248e-05,-1.8806712581698193e-06,0.001975112742596652,3.2851677658207734e-06,-0.01971390856209676,-0.03270585491682776,0.01556178026766264,0.012779797695802397,0.03316848595812161,0.085655550479671,0.1186628393192144,-0.33266799733865604,-0.012080322061386095,0.012759170653907415,-0.0019810139621863065,3.322898334268132e-08,-0.0006612296901995496,0.0029445510575001332,3.4382814493971736e-05,2.517127549284126e-06,-0.00015595616072328067,-2.4613991084221354e-06,4.55454503001107e-06
2015-05-31,0.0,1.6813003298477014e-06,0.00013351141660322696,6.541527162329253e-05,5.630195703121288e-05,4.420186321629771e-06,0.00022389420006296845,9.801822154376083e-06,-1.545868639951653e-05,-0.0008565409634927468,3.0468695657592804e-06,0.048750365627742376,0.03651700779638123,0.02817354906222347,0.09347769540902573,0.061462630720521716,0.012779208810548504,1.7333612545300525e-07,1.0395829254772337e-05,-7.114289344301028e-07,0.00012662610028324472,0.0002235911129522261,0.0001143552647921986,1.6860958029774054e-07,0.02374169040835694,-0.00040847284807332684,0.00012412768208336367,-1.2555137636760527e-05,0.0002294587879552168,1.5910086534898227e-06,-0.020468645494591597,-0.0014942724536849417,0.0362844702467342,0.01871934706917422,0.037853337244844854,-0.06115673597763405,-0.07537536933930977,0.0,0.11022927689594342,0.04653673609947684,0.037224538415723485,1.953887722727643e-07,-0.0005366445365224681,-0.0053846225534917025,-0.00032170066384651363,2.9129227610003028e-06,0.0006438476749115463,-7.958569280042127e-05,-1.372007480071602e-06
2015-06-30,0.08226390259953953,1.1626237941264606e-06,0.0001117642873189606,9.499319751804514e-05,6.171943379551514e-05,2.149369264126122e-06,0.00021086468687747661,6.940452475401315e-06,-2.8452917341770245e-05,0.000961109394844506,1.8882366865646816e-06,0.04622211265869591,0.08079082677869653,0.08784661217630418,0.03718380485939221,0.032438700992218905,0.0013290701916766068,-4.011938596004683e-06,5.391769882123754e-06,-2.6316319079455752e-06,6.39066769065888e-05,0.0001806156459400743,0.00011215809606612837,7.77791695494301e-08,-0.03501400560224088,-0.00027734211594376834,-0.00034400472060902576,2.600519121576106e-05,-0.0012349810581134824,3.5872556864990912e-06,0.11236150612536555,0.061135371179039444,0.03152079226078586,0.05174582451000709,0.05635206396849024,0.03276233267808659,0.02194462274450415,0.0,0.038654214855587954,0.023288783830597515,0.027645998518174286,2.5192892882941464e-08,-0.0003564597206260345,0.005611398204560469,-0.00043640817541490406,1.5176094094737635e-06,0.0003534610910029823,6.973021380285438e-05,2.1551624487248233e-06
2015-07-31,0.0,7.762821425671973e-07,6.395573914019792e-05,0.00012978846235967012,8.194724427590394e-05,3.7423913317180535e-06,0.00017735569048382693,1.0884975274461084e-06,-3.212304722854942e-05,-0.00042355238409752527,2.3508704993790985e-06,0.04393158388003782,-0.04784638121870033,-0.05231949773282163,-0.006746670939558386,0.008977121165486768,-0.024485058898644496,-1.0303699072844452e-05,2.675425836207168e-06,3.4160889024192898e-06,3.308805171098328e-05,8.481675955684942e-05,9.26261606775114e-05,1.4611927845464834e-07,-0.012413108242303794,0.0005649693330056493,0.0009159652247585637,2.1381627885341814e-05,-0.0020573372253470668,3.852203041221358e-06,-0.1515198106572735,0.046875,0.030038066422356957,0.005558561296108211,-0.01109890231856081,-0.059215261139301645,-0.13668970343801945,0.49850448654037893,-0.009840655190822556,0.030831670291723734,-0.007117488380700143,2.1276721073881788e-07,0.0007251190076529301,-0.0030278837817461213,-0.0003035015655439288,1.6474793607113014e-06,-0.00022658770001393602,4.174016208935427e-05,4.997544399865106e-06
2015-08-31,0.07586102260658456,4.2466408745056583e-07,-1.6937587010712463e-07,7.310145247219069e-05,4.1092837528733384e-05,2.04039829054814e-06,0.00011764174329575994,-7.32701631844801e-06,-2.6067663751128123e-05,-0.0001224702244266851,1.639967774691442e-06,0.09727896828705607,0.0,0.0037227309954579457,-0.01887893454158507,-0.0012660150908998524,-0.02983928775143674,-1.7842940728374224e-05,1.4593714743327268e-06,1.4954336064576523e-05,2.0512231232228118e-05,6.664464689665195e-06,7.512947721632912e-05,6.986313993984083e-08,-0.012735608762098893,-0.0001541141062545437,-0.0003280055857265429,4.545888594442715e-06,-0.0022378450404384465,3.087572840954067e-06,0.3501716291847763,0.04040308014069782,0.0543183052688756,0.03446336906640535,0.014018403359931098,-0.054358031646257854,-0.06530143140737632,1.3240648791790801,-0.05319121990263498,0.03733572281959385,-0.025416097830191386,-1.7815292907563673e-08,-0.00018150029594155015,-0.0012649034615138666,2.303584421725624e-05,1.3210358271731337e-06,-0.0005108764315077119,-4.35900532068656e-05,8.18326834495231e-06
2015-09-30,0.0,2.5374784784482074e-07,-9.081235078167715e-05,0.00010026615777292136,8.112577055130465e-05,-6.377374482946507e-07,9.052043166990487e-05,-1.2394637798340824e-05,-2.2667751745752973e-05,0.0006741154028200302,9.007582209008547e-07,-0.12700670595407437,-0.09708848758980682,-0.05627968753517465,0.005277713272393347,0.0188407653872531,0.010973636531967479,-2.3184801350994988e-05,1.163711148999269e-06,1.946050879042538e-05,1.5726511750635552e-06,-0.000128681176163159,0.00013456343567641582,6.676047492604198e-08,-0.013071895424836555,-0.0002539254286219039,-0.0002914847515210761,1.1202676752031238e-05,-0.002220306748725087,4.186952996754201e-06,-0.04006790132896976,0.09711402453184714,0.033442019898001885,0.0034547087680509847,-0.04180089398178599,-0.1182903813789431,-0.13621829339986513,-0.7128599942971201,0.024300024300024647,0.03771364781487119,0.0037578162578160157,-1.3263527731677272e-07,-0.00030309653123117286,-0.005261578831884606,0.00023172655490144578,8.254756129755236e-07,-0.000732844438849245,8.73086018389202e-05,1.4149116415174134e-05
2015-10-31,-0.14116318464144562,3.088881241897212e-07,3.9941469916815464e-05,8.458116714216146e-05,7.320334216731617e-05,5.53197943897743e-07,0.00011502157050613526,-1.4173966767061508e-05,-2.7447017928117212e-05,-0.0012698587549876406,1.2960110460369378e-06,0.15988372093023262,0.0950425790754259,0.039920797138477404,-0.021135505006472655,0.0,0.0028941459093827504,-2.8071219076331033e-05,1.6917490115453404e-06,1.6287652530033725e-05,-3.06656748281231e-05,0.0,3.070388850168193e-05,1.5725025681589955e-07,0.0,-0.0004300266709184042,-0.00014983824879566399,-4.185703436165866e-05,-0.0023528568292160434,1.092300621063913e-06,-0.15352930162890843,-0.0684033517642364,-0.023044076404939773,-0.00862538900504417,0.005876131155247322,0.07381299477773062,0.1084779706275032,0.0,-0.015778885221759298,0.023772224057966307,-0.018827569586697068,-9.645472631714114e-08,-0.0005260940926157254,0.0032110091743120517,0.0002826666953470447,1.5420671666266372e-06,-0.0004284117304484969,-5.532998621382568e-05,4.481734053429776e-06
2015-11-30,0.0,5.224359085342911e-07,4.8166758369383444e-05,8.514409240079068e-05,7.63200873061809e-05,1.8363712650515396e-06,0.0001596378903923057,-1.1370486109885114e-05,-3.397406209793008e-05,0.0009115945227562428,2.6830875210492877e-07,0.23156611822059703,0.07341314660040643,0.01895835229168541,0.019806615409546646,0.014535517537102027,-0.015595495426806605,-2.858454658505316e-05,2.6795268275314754e-06,5.668201343400625e-06,-6.128225565349421e-05,5.819232713810685e-05,9.965813717238703e-05,1.1098099550466145e-07,0.013245033112582627,-0.000656614756270768,-0.00029755339591064356,7.627699661050258e-05,-0.002382343101535178,6.831181405875242e-06,0.026918645504548033,0.05167424555601485,0.002374845635033651,0.017339466880751386,0.03180385694046883,0.03383579488741151,0.07374631268436604,5.429417571569596,0.03717797895195285,-0.01621721805208043,0.03622359490581872,1.093535946239399e-07,-0.0008163909203655617,0.0014259076450586772,0.00017774796236325052,3.0342636869740147e-07,-0.0004905467552377418,0.00013599948897891068,1.1788896876030464e-05
2015-12-31,0.9765625,8.659623924600623e-07,-4.341092532123003e-05,7.869111590808053e-05,4.9219236674558076e-05,1.8602497888764447e-06,0.0001847424226928407,-6.988571427668511e-06,-3.2775040363808294e-05,-0.00019190571229499298,2.8639771230132283e-06,0.11542457004347662,0.05668934240362811,0.022126586199648246,-0.015867922465804485,0.0,-0.02621403958050328,-2.5729163443788394e-05,3.8265017268113155e-06,-2.3534393566171374e-06,-4.2440593666981385e-05,-7.823648603833e-05,6.12260469681214e-05,1.3359359551934347e-07,-0.013071895424836555,-0.0004518463260818617,-0.00033912996899465586,5.665874236226998e-06,-0.0028225790015696806,3.7111818536050833e-06,0.04571154302170455,0.05070058997050153,0.00708616780045368,0.04157561606747895,0.013836387485264279,-0.027250035425046115,0.006801333061279946,0.7519362358072035,-0.01526752521050101,0.0047276853252646855,0.010842165180386276,6.334480162628608e-08,-0.0005606503568964527,0.001387794666171116,0.00011938546919321169,2.164816133021219e-06,-0.0006122514293984693,5.9259787751564375e-05,1.1572990742836353e-05
2016-01-31,0.40296582849774354,1.2686872268297122e-06,-1.8511603503079677e-05,0.00011257444348466983,6.543864380992304e-05,1.6720195301633822e-06,0.00016236120766333073,-1.8094417786329586e-07,-1.6030418410917235e-05,-0.00042759000769665434,3.443198745234355e-06,-0.263028687662201,-0.21563828933643592,-0.12175414517521521,0.005397625044980092,-0.0011854380786419094,-0.03554657078167378,-1.5577122298826573e-05,4.721416737574202e-06,-6.167425910197366e-06,4.743299962362002e-05,3.818203795469266e-05,0.0001632209618838143,5.514792689176318e-08,-0.027027027027027195,0.0004543489405854917,0.0003898515790079493,2.628433526630225e-05,-0.003504958981768058,6.754299384681417e-06,0.0361856341214164,0.06639595470500348,0.05741793828260633,0.003133578170241069,-0.0468404723723872,-0.07398386013635794,-0.08186153121994166,0.1271294177472666,-0.0288001843211797,0.03254360843530346,-0.039784512612594525,-1.6085855980563224e-07,0.0005830423465200685,-0.0006352432981830969,0.00014303294875150918,1.1012676288668644e-06,-0.00025465379816114186,1.7461768506699116e-06,2.0819351391532237e-05
2016-02-29,0.11334013374135776,1.5708546556858494e-06,-5.375987820555039e-05,9.43098821633015e-05,8.867450493221796e-05,4.879454168937869e-06,0.00010482437628756003,7.061048189926922e-06,9.848447574567487e-06,0.0009861932938857176,3.4779981827881556e-07,0.02441167854701698,-0.07371369600471767,-0.0878132738544759,-0.007163323782234943,-0.013157422580529432,-0.010647146063812674,-1.245646123360089e-06,5.09642325541293e-06,-5.18904742907722e-06,0.00016412898537443432,-4.868522346523907e-05,0.000160776624356318,1.0468749955805379e-07,0.013982102908277616,-0.00047630808250220813,-0.0004623646018266925,1.0578770599067866e-05,-0.0040452804639597995,6.306086124174826e-06,0.0056715982563886325,-0.0014501422952125642,0.014844976035967239,-0.014125623881721672,-0.04146980849834847,0.0062103315074959475,0.02993183025659074,0.18652540476012835,-0.06649451974333098,0.04389661469307482,-0.0329330993146042,2.1946271666628547e-07,-0.0006060385512742794,-0.0003206361421059789,0.00022170105636165616,1.6226393784180004e-08,-0.00037215821419034345,7.833225784881215e-05,1.2619525920909425e-05
2016-03-31,-0.05080268238162988,1.9150977152992965e-06,0.0001263623120866253,7.384222603157298e-05,6.414214982175537e-05,-1.110960785810633e-06,7.162433509755317e-05,1.3336246323936152e-05,3.130996288458476e-05,-0.0008301625735039897,1.692075645376434e-06,-0.05974143905178386,-0.007311972623974539,0.019514860566321346,-0.025581429344092355,-0.0259919647697483,0.050148572950567294,9.83826926237441e-06,6.1761999365916864e-06,-7.21334436959431e-07,0.0002387289321486019,0.00021730437669198466,0.00013278488451407,1.2375805846787102e-07,0.013605442176870763,-0.0007100079930177916,-0.00016855779772373403,2.921308573999859e-05,-0.004632372405390828,3.893625199591355e-06,-0.13409932493180743,-0.05297512061299792,-0.09232222603916185,-0.08127249506559853,-0.025158419422299794,0.12120918280768955,0.18397050811239168,-0.03131850923896029,0.01806053892648163,-0.06789096710682663,0.018134119951158878,-7.766957632604488e-08,-0.0009107623726266612,-0.000755800770916637,0.00032243387700381376,1.4448844605219335e-06,0.0002297020219232948,2.7263295876212013e-05,3.457959340424921e-06
2016-04-30,0.026786670952534175,1.8701276092158992e-06,0.00015384611398316927,8.665840089672194e-05,0.0001011266169856917,4.7081650080826876e-06,4.755325329441895e-05,1.594256711023867e-05,4.093219483070065e-05,0.00039901688378551903,8.692333897108995e-07,0.050876992152224076,0.051286559990621816,0.023744621843152514,-0.038440544010578725,-0.04481190204118213,0.016792060503892925,1.5508864955826596e-05,6.729972971575293e-06,8.10095786607512e-06,0.00020439998738397414,0.0003033750390903922,0.00022774394736901904,9.192664962576202e-08,0.013245033112582627,0.00029487635233338416,-0.00022272587842719904,4.165900401353895e-05,-0.004098140935022254,5.000229816642943e-06,0.048812462519002064,-0.07350335359050753,-0.0648004147226543,-0.03793079905021257,0.006482919128825371,0.047442831388176954,0.06364267530664214,-0.22808732486151828,-0.017740142394209624,-0.06182350815119175,-0.009866097327076995,9.219912899816052e-08,0.00035609521186152904,-0.002220002220002404,0.0003652305504984188,1.1004957072291432e-06,0.0003126623712543797,7.674397604584549e-05,5.25175042809245e-06
2016-05-31,0.0,1.7840846120442677e-06,9.473169934381964e-05,0.00011808115671740893,9.243283531978896e-05,2.5799076124322085e-06,4.382514385148362e-05,1.7219968818871223e-05,4.330618944314857e-05,-0.00011137891552570611,6.322838372874173e-07,0.11947574045090148,0.06184036939313997,0.004615271008713728,0.006071276789508806,-0.015643398770144423,0.02579045471903685,1.7764292453037456e-05,7.683915469458569e-06,1.9883414874133365e-05,0.00011793705939400212,0.00015096850643359083,0.00015718384930840656,2.1736546340633822e-08,-0.03974562798092218,-0.00020880484999441506,-0.00015197923380527723,4.733441897730728e-05,-0.0032511014868089605,4.9559740584737e-06,-0.0397595468991504,-0.024199964305052668,-0.0054462671285099296,0.007977344342068537,0.022382523725475112,-0.08614835760689987,-0.0708369659982564,0.21147014041617318,0.0030220062495089905,-0.02868123673492784,-0.004006217649792365,1.012384955867418e-07,-0.0002902270915119409,0.0061169955893241035,0.0003695256025906257,7.355633451222587e-07,0.0005869371272948509,7.13886408592046e-05,5.961286158928658e-06
2016-06-30,0.026037598291933417,1.6341771815753248e-06,0.00011093977699117019,0.00011283977425491365,6.33173287332145e-05,4.8694074170629875e-06,4.953202651991617e-05,1.6478414900822358e-05,3.385344265649515e-05,0.00039496626269985846,1.7395892217830777e-06,-0.31505986137366115,-0.2386682312695162,-0.16555038407689115,-0.030441400304414,-0.02205869377238945,0.007468995652534449,1.758088055714424e-05,7.780085690356486e-06,2.5992418288378616e-05,6.045375199348335e-05,0.0001617693241433571,9.575118548421635e-05,1.2099268387189e-07,0.013982102908277616,0.0004461125497157159,0.00020711926959449123,4.645221616250694e-06,-0.002252619343918738,4.09373689991277e-06,0.039594192521811955,0.024800126480645224,0.02180264248026864,-0.05228442728442717,-0.06964141004862234,-0.0797448165869219,-0.05380007890678251,-0.03477535123104736,-0.05497274268175367,0.005406238258325979,-0.0326083412136825,2.983288840407994e-07,0.0005351840050096257,-0.001224308648209993,0.0001821093763829662,1.769591471134646e-06,0.0006281530552274539,-6.532070451870098e-06,4.384980805793859e-06
2016-07-31,0.02532799756851234,1.6972714647067733e-06,-2.0139893222248517e-05,8.205223304558196e-05,4.528148822391387e-05,1.568888886360753e-06,7.003470504751697e-05,1.624832116142727e-05,1.771291293217736e-05,0.0002395931707956933,2.9340354337215047e-06,0.14542869146495208,0.01795283789485036,-0.01756913454443232,-0.047332185886402756,-0.048124241267002654,-0.015423678310855782,1.7980271994844088e-05,7.94424109296088e-06,2.7646992151186822e-05,6.989284707392684e-05,1.5958354851797196e-05,0.0001339235435178221,1.7423803910787683e-07,-0.013789299503585428,0.00010580238259239039,4.782905952627203e-06,6.611793696986723e-06,-0.0016331719178707127,2.8842207453472213e-06,-0.10999680833728998,-0.053368967382323995,-0.0565836413998253,-0.03724084751406398,-0.020880314039923187,0.05594927265945526,-0.04484937018670132,0.10787486515641831,-0.0734226642414939,-0.04624491305956335,0.0,-5.195857566420159e-08,9.767448271058576e-05,-0.0037433155080215386,-0.00019856533320661285,2.786345800975809e-06,2.6962521017193097e-05,1.634108881098939e-06,9.748350726646038e-06
2016-08-31,0.024654832347139832,1.7846011692856933e-06,7.380797005884787e-05,9.759817681898042e-05,9.27477017211853e-05,1.923294574490697e-06,9.728633524175301e-05,1.5067576203398048e-05,-3.645417144815255e-06,-0.00046471608922271646,1.8351319661658039e-06,0.17965726920950775,0.1388202018098681,0.0709773582227271,0.009155496960374876,0.003328185739389866,0.00028650386698370056,1.7811809716050675e-05,7.446630637453211e-06,2.3036915639096378e-05,0.0001258495037959051,0.00012842094391585235,0.000162458950485167,7.12660770396667e-08,0.013982102908277616,-9.536042301239167e-05,-0.0004787648298070213,4.860673609896615e-05,-0.00118233760698494,5.467338670239741e-06,0.055756318270014704,-0.06866932808808301,-0.029262782715059665,-0.002306262424988881,0.04594483792074877,-0.011702544718348973,-0.02709347927687522,0.0,0.010973013701636614,-0.011597699016514973,-0.01069829939832756,1.2279521843794328e-09,-0.00016007322699285176,-0.0002226675573370196,-0.0006610464382256209,1.5710660543621913e-06,-0.0002980882785728056,0.00014469858142840408,8.9958067750473e-06
2016-09-30,0.0,1.7917486971885666e-06,0.0001044371195664251,0.00011528255975568058,6.5160960000199e-05,3.558145556414871e-06,0.00011601824920237647,1.380108640258726e-05,-8.072074027198894e-06,-0.0008159462838003284,2.9869515481006914e-06,-0.03481894150417819,-0.03771706169002598,0.010912265386294084,0.020215088542087978,0.011536990889073229,0.0018641220374235878,1.9311215608386334e-05,6.536522717315307e-06,1.5551097060750863e-05,0.00016428211914343294,0.00017474481393864316,0.00012194846878066379,1.416168222689862e-07,0.013605442176870763,-8.155536564602439e-05,0.00021668898136173453,1.1458995388791138e-05,-0.001016196247404788,3.847396005340897e-06,-0.004159310552682816,-0.0170275190904684,0.024153933015105267,0.009225517782185388,0.019964928275995053,0.07623739150832765,0.12378365368084432,-0.03239390994493019,0.03224535129518835,0.0,-0.002172467880062645,1.4641526058234433e-07,-0.00013957248982021664,0.001540533640853381,-0.0007586182070979941,2.6583463317297884e-06,8.165144955807335e-05,1.1497366413371068e-05,4.106873265907751e-06
2016-10-31,0.0,1.8759534126111532e-06,9.305943401849426e-05,0.0001153000168667706,4.6522148718475265e-05,1.2331822636379997e-06,0.00013540424380353855,1.3982274768009617e-05,8.505931969438052e-06,0.0017339436815091425,2.770470467927666e-06,0.1076271794503838,0.1318504040827091,0.12668918918918926,0.021706523461495708,0.011294366692589985,0.017031609630767885,2.4873989819873543e-05,5.909134511261627e-06,7.386406925879996e-06,0.00018780036172016956,0.00018805444487624,0.000117930534835331,5.135326075489388e-08,-0.01342281879194629,6.386256630586118e-05,0.00016093590794286072,1.9264280024078317e-05,-0.0012466441355226676,3.7742384004779694e-06,0.10483072201951238,-0.008096870964215963,-0.023584279898233862,0.02485707183693786,0.05445087890124545,0.06926683716965032,0.08330606051590284,0.1335247187635611,0.051063829787234116,-0.017740142394209624,0.010853662242714224,6.178984324201053e-08,5.2807188507975056e-05,-0.004512309580535723,-0.0005597504817627108,2.3454279587387106e-06,-5.440218392127605e-05,8.338782206296358e-06,5.549421080885963e-06
2016-11-30,0.02401536983669539,1.7950699073843168e-06,4.677881316905719e-05,9.640902083085656e-05,5.243812914312862e-05,1.5660490115809722e-06,0.00013873479612902528,1.3814117914456858e-05,3.77437712291151e-05,-0.0011457333024271765,2.132727117576394e-06,0.26165407238398264,0.33554232027514463,0.23285649010579568,0.07194451638896071,0.051218535522382425,-0.014869594379120055,3.0012284092828523e-05,4.865154263677951e-06,-1.1446429372119482e-06,0.0001766399019882403,3.064970672084222e-05,4.078891772119064e-05,5.649522072381785e-08,-0.027766208524226177,-0.0003547070618616921,-5.565535264417942e-05,1.4331419994295658e-05,-0.0016679767254091926,4.330686596665245e-06,-0.09371628537789767,-0.03331958900286969,-0.04923910200187709,0.09316408524513786,0.11900615348891219,0.10166439132076577,0.09618313268463141,0.3479773814702043,0.11197511664074633,-0.01518215550170976,0.11502728817005958,-6.986174494461039e-08,-0.0004674070716916834,0.00729172190698435,-0.00014802840161587394,1.8621615256453339e-06,-0.0001091428710195963,2.5935277994992845e-05,7.70670506522464e-06
2016-12-31,0.3008284352293238,1.7695929483974027e-06,9.992685785431554e-05,9.47336791450315e-05,6.769979377163615e-05,6.727686657548304e-06,0.00014052989021751117,1.5392050147555736e-05,5.2786452289232955e-05,0.0007784913948898353,3.1950656909085495e-06,0.0723938223938223,0.04580453373274884,0.027112670089641355,0.03685168670170036,0.017179842890336694,0.022300364206296885,3.275277565650825e-05,4.578617153638831e-06,-2.0068834544195724e-06,0.00016206048814071394,0.00015759373323609438,0.00010644771784229512,1.0514729664734546e-07,0.0,0.0006493202828854461,0.00010092369884495689,-1.6300226006515928e-05,-0.002286281711890381,1.562630540075105e-06,0.02215612139307721,-0.06776353237741561,-0.05650468656517982,-0.00941087897609627,0.0,0.004313505585989752,0.03340204611391062,0.1268633047890897,0.06667626804926607,-0.07252363324483335,0.05025160458571887,3.937512020879552e-07,0.0008234697410678393,0.004335334155733062,5.91675203149844e-05,2.871686825445252e-06,0.0005145612715187209,-3.8449555949227054e-05,-6.732210067195155e-08
2017-01-31,0.19127108328986275,1.6142119378947939e-06,0.0001594159994489086,7.896714501098856e-05,8.402985346012137e-05,3.39929544956874e-06,0.00012662083362280363,1.7406862942159762e-05,4.3402452188479046e-05,-0.0004126730564431025,5.625262288866395e-06,-0.007447125409591915,-0.013062219706535427,0.0,-0.024772096710265368,-0.024008654413779085,0.0016317106022705197,2.892953544075816e-05,4.679238581051237e-06,7.025715404118671e-06,0.00012809300654970102,0.00035044294075481375,0.00024441441129341435,1.0671257566485792e-07,0.0,-0.0002085888476839326,0.00027491332726059525,4.168477109711688e-05,-0.002895803682924414,3.9580008703854475e-06,-0.06639899773142155,-0.037237643872715,-0.017931172985612087,-0.007649938800489697,0.012514078338130341,0.04255771890626647,0.0455174422838831,0.018638634160888623,-0.022226502882036536,-0.03843707850249145,-0.021206901051862292,1.879983357877535e-07,-0.00025087867523232443,0.00028156588172345565,-5.2156195732289135e-06,4.199703445229019e-06,0.0006618704883598614,7.34267511897091e-05,2.420490091026295e-06
2017-02-28,0.014432096983691745,1.301467760450592e-06,6.270156441212649e-05,8.651399641057544e-05,8.12281996689368e-05,1.4434857666945078e-06,9.496415868759378e-05,1.768868543217117e-05,1.7349966866309074e-05,0.0005313600850178624,3.0288835473069042e-06,0.022468880600368557,-0.0044265415430926325,-0.02972062611452353,0.0054860653938995085,-0.0029315884518867907,0.0029110115765227373,1.9102038130380805e-05,4.66020521150412e-06,1.9481032093926487e-05,8.128837215082285e-05,0.00012387097017430015,0.00016163516027822844,9.980145310173327e-08,-0.014573010784028062,-0.00035482469218062196,-3.552275132134852e-05,1.5506117617469783e-05,-0.003104718806687612,4.158183057656473e-06,0.033841464745927086,-0.04730713245997087,-0.014714700353520738,-0.01946979844864649,-0.01732973535018456,-0.01217483056694113,-0.021676363226483475,0.018262838775659374,0.002541257312467904,-0.0036696439711416673,-0.005056429756077785,-5.615470977105019e-09,-0.00041683778519796544,-0.002101131268175793,-0.00022412990398656962,2.631397961971871e-06,0.00023409993257916817,9.711386983468628e-06,5.956677743945704e-06
2017-03-31,0.18254837531945967,1.4102982981434309e-06,-1.8401589108263394e-05,5.2204412277490064e-05,-8.24472517124697e-06,2.9922523701042536e-06,8.16613265948174e-05,1.964012025879036e-05,2.3974692866524094e-06,-0.0005310778914242587,2.5169355293286344e-06,0.036365223209740005,0.01774016862030292,0.013668671405139277,0.010842165180386276,0.005872404397256448,-0.013050159169386899,1.2723918197288242e-05,5.442010984069157e-06,2.7619829148894937e-05,7.517410254331836e-05,-4.675402177711785e-05,-3.851860681447494e-05,6.011713593601087e-08,-0.030193236714975646,0.0005716242890523304,-0.0003003331465193382,2.951565177133908e-05,-0.0035880879209102545,3.868267669515646e-06,-0.01902979858861198,0.03457495851004988,0.0186528188139794,0.013929849279030737,0.010100474469788345,-0.02067875960528398,-0.053943979177623946,0.3861342694164105,0.01261594049313186,-0.00738443361394181,-0.0034000652812535836,-4.025326794110384e-08,0.0007791576892357543,0.0005828371931724252,-0.0003218886531553,1.919841956077306e-06,-2.5901770126735002e-05,0.00010263701819290816,1.0183123258178384e-05
2017-04-30,0.12774358378817774,1.5167896936230107e-06,4.85518020456599e-05,8.082285077648521e-05,4.3170945099202385e-05,1.691946053261617e-06,5.501257457951603e-05,1.6419083850083283e-05,-1.7199507652554402e-06,-0.00031985112384047554,2.8904534006279903e-06,0.006980510414921426,-0.05264704979094725,-0.03729319229726058,-0.025171390197900934,-0.01613196534267225,0.005743520661303014,4.05420889082464e-06,5.202577119334251e-06,2.0765797337007896e-05,8.85031569057837e-05,0.00017396912961298305,0.000186821343361121,9.231832098777204e-08,0.0,0.0009104977712128814,0.001437347830685276,2.470024713652208e-05,-0.0031332137769607415,2.926048524365399e-06,-0.06018403111863835,-0.02031949637204633,0.014541647277803493,-0.019669590223426958,-0.02006053265729335,-0.021292542499914635,0.019135368379760598,0.07400555041628132,-0.035127160320359674,0.02593168852337535,-0.01893802445415449,1.0090025259756885e-07,0.0012265773857103035,9.64478265483848e-05,-0.0001467202103975218,2.250393497993386e-06,0.0003858570528236793,-1.0428630105696612e-05,5.950681908117872e-06
2017-05-31,0.010184336490477897,1.883633033994414e-06,-3.0471093370842972e-05,7.944119071501277e-05,3.090824191187558e-05,1.55534364054688e-07,3.665966532606646e-05,1.2825924482928741e-05,6.030638821208356e-06,8.225024712471551e-05,4.495820657757221e-06,0.0,-0.028212060655930515,-0.02861138232317284,-0.0037313780912134886,-0.0030078127937318566,-0.008640353908896281,-2.254902009890536e-06,5.43803098662643e-06,7.554420816902052e-06,0.00013190254728834283,-3.931235397236499e-05,7.306013090446761e-05,1.0093655555820646e-07,0.0,7.842153906900684e-05,-4.607578166360149e-05,3.5180047984084695e-05,-0.0024379991814187374,3.6404093353148426e-06,-0.01856579673078973,-0.013371690984041784,-0.017931172985612087,-0.02036083471277983,-0.023333592595473407,-0.04851114874400231,-0.04242641374238676,0.10193679918450549,0.005249013185521179,-0.007192304234469149,-0.0142301911292545,-1.367423499987197e-07,0.0001860256959096418,9.625843464511341e-05,0.00017636614650529125,3.5575101109408536e-06,-5.1098098128865566e-05,0.00013656784519855414,9.161494938680903e-06
2017-06-30,0.12939958592132483,2.1614105407685713e-06,2.563821885281925e-05,8.278685034834865e-05,4.801643734198002e-05,3.0573719422832824e-06,4.0147126384670884e-05,1.1715646468957175e-05,1.8914480459431005e-05,0.0006315805371590599,9.55115580625332e-07,0.06865114235500891,0.06728343145500415,0.036757813792266836,-0.032277663856611016,-0.027529881392094224,-0.01233586569965428,1.0898247604362865e-06,7.27276161915924e-06,4.511505797388793e-06,0.00015899399406715808,7.677055932719945e-05,0.00012212858370430624,9.272921586145344e-08,-0.015893197711379536,0.00018917753970848494,0.000221179323913967,7.029800418001386e-06,-0.0014826994580763309,1.6222129779475125e-06,0.03492320070680943,0.005825265340836383,-0.05192743511852427,0.008350364597794258,0.002671011512059618,-0.0376802174148545,-0.04499190145773779,0.101010101010101,-0.042229729729729715,-0.025542784163473553,-0.012767664976471083,1.1609900951725649e-07,0.0003423231881802824,-0.002059732234809486,0.00033274987966946945,1.1185879562614076e-06,0.00020380047118662148,1.3365628510397798e-05,2.008916768270197e-06
2017-07-31,0.09486029665401863,2.5856859320327885e-06,1.2887276012785165e-05,5.041230797453444e-05,3.623755568793463e-05,2.170420170699572e-06,7.593129422378553e-05,1.5931304004457303e-05,3.698189932777041e-05,-0.000283121233829009,2.191847496169075e-06,-0.02556041203384174,-0.02234377234377216,-0.0035195157146376,0.003966994604887253,0.003180444085407519,0.005667287097807172,1.628263828368226e-05,1.2043878406808872e-05,1.7371081145522993e-05,0.00018081821036219914,3.377574663043781e-05,6.639943549857641e-05,8.551584707028326e-08,0.0,-0.00022678407465792638,-0.0002932424719794824,2.982903502135592e-05,-0.0006067909104621183,2.9861586281487718e-06,-0.04061688214216974,-0.031183187584413963,-0.011902211430883769,-0.01870184275490605,-0.008004098098226442,0.04401279305184702,0.02102817249409905,0.08115419296663684,0.022182786157941337,-0.04180506677409335,0.007406090769048523,8.538428852844504e-09,-0.00017132700276367707,-0.0016288302962434997,0.00025290351645868014,2.2355719002664642e-06,-2.5382256787276347e-05,4.0731015254813485e-05,7.830664982666491e-06
2017-08-31,0.007791803023219579,2.90302299243983e-06,0.00015081828191099156,0.0001335460396882926,8.313823312522395e-05,1.7737439310661074e-06,0.00012546558167025879,2.325145120640748e-05,5.464627182050208e-05,-0.0003333773107659921,2.36337407666376e-06,-0.006586660694761104,-0.0650315867707173,-0.06457167455876012,-0.013880351371180488,-0.012734615390737725,0.005209862883798877,3.8563433322647e-05,1.7910644107166362e-05,4.1232727510776e-05,0.00018420493538306992,0.00020398824928191672,9.806680204871299e-05,6.260636720156754e-08,0.016149870801033694,-0.0004139359080764793,-0.00010130217543846687,2.6810771986740534e-05,0.0002941222844980995,3.2452013871697716e-06,0.01562105035942607,0.04800144004320139,0.0319892516114586,-0.008552271483305951,-0.024433150899139666,-0.02803319129849735,-0.046539046259811756,-0.04990559524898741,-0.02170138888888884,0.01197748233321394,-0.018458903098142576,2.63845654213668e-08,-0.00039662376286897505,0.0034084802989837737,-5.984300907746487e-05,2.429682290472357e-06,7.607397433262442e-05,4.8618697913394016e-05,8.017555150896527e-07
2017-09-30,-0.0077315602288541285,2.9201408757728586e-06,0.00019912999087479122,8.717363933885558e-05,4.1736209173137695e-05,6.873542073737582e-06,0.00012991195396638844,2.877214848373555e-05,5.6899978949198626e-05,0.00015937767365126199,3.8081020981017843e-06,0.09177258752810524,0.10856691669956575,0.08033787816186932,0.0,-0.0016225074229713199,0.006193991355136763,4.7979019196287e-05,1.988651114182005e-05,5.552317885282321e-05,0.0001782952723610176,0.0003377711206380418,0.0001105372003560312,4.259919728077932e-08,-0.015893197711379536,0.00010599512073006245,0.00021485619672079181,-1.43964227770077e-05,0.0008980460410858981,2.0183650306648815e-06,-0.05227216957091796,-0.05554917059341824,-0.05451713395638624,0.015062055669357699,0.02227959217206532,0.03839066339066344,0.05418761921276216,0.01757237622457497,-0.005589090096132399,0.0,0.0018928424057271798,5.287188871161419e-07,0.0002657396069289941,-0.001670978446344007,-0.00030532788310611014,3.83695237515802e-06,0.0002519511093912463,-6.513348625369897e-05,-3.1791594989893923e-06
2017-10-31,0.0,2.9030307016064683e-06,3.0201625907499974e-05,0.00011840560391407351,0.00010717094430590102,1.6725435088016383e-06,9.278199067774828e-05,3.448543977357943e-05,4.780108783752901e-05,0.0005079103698588661,2.8396041364953106e-06,0.07623739150832765,0.03902997502081562,0.01733378632294924,-0.006076810889644846,0.0032480187085877077,0.0057367940630441705,4.6368442070177096e-05,1.9121814617495403e-05,6.196353935816745e-05,0.0001834804023743697,0.00011804660018399638,0.00022211955683748563,6.795555762550975e-08,-0.01637733377006223,0.0011210386754763046,0.0013771906676338652,2.3733012819660004e-05,0.001254615345970267,3.046231185299675e-06,0.03491187097406212,-0.010395961376924445,-0.037783375314861534,0.0,0.005406238258325979,0.018298931342409563,0.05553536087887223,0.03435098114989921,0.02792796818445864,-0.05574136008918629,0.020603032017111778,1.677405303546209e-08,0.0015478426522155253,0.0053193661975177164,-0.0004429530986700403,3.115851572310646e-06,2.5053539413733006e-05,6.560189142623685e-05,5.676050256475662e-06
2017-11-30,0.007791803023219579,2.5372072429696857e-06,0.00010369892524408897,6.575400673192178e-05,4.3358511281788026e-05,5.109161165695042e-06,2.068351254647105e-05,3.590249075968721e-05,2.6624515480744293e-05,9.921059370721075e-05,1.9898620446934245e-06,0.09550084889643462,0.05327563172604877,0.013531982841445744,-0.006140997297961359,-0.008110773702925345,0.01472089417387723,3.1947217997929656e-05,1.4435865429707206e-05,5.5488763292865784e-05,0.00017764068098347074,0.00012942344593858124,4.4115449190584854e-05,1.0559266128140621e-07,0.0,0.00023141989864172707,0.000228168370034032,2.015420832202075e-05,0.001306509885393492,1.4139242356936421e-06,0.05077773018006693,0.020933158332129498,-0.01322121740969906,0.023009567796645536,0.026637471997357887,-0.00896989702558193,-0.02857591907299717,0.13047910295616716,-0.02170138888888884,-0.017120942336666167,-0.007303801628747775,2.460188954778175e-07,0.00041668998909316635,-0.0020135548853876806,-0.00042797728997678863,2.316369696719889e-06,0.00024919069093365387,2.2204465537356555e-05,-1.4076326654288707e-06
2017-12-31,0.10680500457735786,2.382439453940677e-06,8.17241420747461e-05,0.00010597272915791045,7.86946973692082e-05,6.777094620602497e-06,-9.188254369130178e-06,3.56591988219801e-05,1.6233179143343435e-05,-0.0006353193902784993,2.189245973838183e-06,0.05197456081496088,0.022981461620959154,-0.006664889362836712,-0.012440209244319433,-0.008234600473653986,0.003225199671071044,2.0379270146753115e-05,1.2312955912641144e-05,5.0476993768810985e-05,0.00019115957147386453,0.00013086067399159518,0.00013300363523516268,6.714995892664888e-08,-0.016886187098953065,0.0002106663652519103,-9.008909407803856e-05,-1.0345590455429488e-05,0.001509216046016837,2.1079789125355575e-06,-0.010112450448992893,0.00406468540351157,-0.049711672300656096,-0.0060980815435462965,-0.01033044511305381,0.04495270974934362,0.063359619452378,0.06349206349206371,-0.008390200246112589,-0.04406373378454598,0.016495298839830586,1.1852691916836022e-07,0.00038134163328917836,-0.0024925343801975863,-0.0002829848514249722,2.092261280672858e-06,9.897518617818513e-05,-4.4553138219383115e-05,2.110622515871796e-06
2018-01-31,0.07415896986449111,2.2324062320944194e-06,0.00016431124139049125,8.287201144541179e-05,0.00012749609524775884,1.984981066183167e-06,1.9193389409366546e-05,2.986243973612801e-05,1.804893661927487e-05,0.0007918514590512515,6.483027069847935e-06,0.10895809907342047,0.11617775196049962,0.10482180293501053,0.008410340513661518,0.006647035754405284,0.013643537042437481,1.0648772021504271e-05,1.2335388276829562e-05,4.301876141243888e-05,0.00020812955221338747,0.00033716300620745265,0.00028989351276353936,6.701717958357278e-08,-0.017421602787456414,-1.6792893779982165e-06,-0.00024960125975426184,1.873244941075214e-05,0.001811483420196991,9.323674963201967e-07,0.0961976530850972,-0.07047698408256575,-0.10263327664066613,0.0344140700913389,0.059154857128160154,0.06319621159776867,0.05385319618719353,0.05876131155247366,0.030831670291723734,-0.06585879873551115,0.028339399736089455,-1.2277868455257135e-07,0.00010254687633470816,-0.00019730423227448668,3.800122920005755e-05,2.8539483007961053e-06,0.00039205337218595204,4.178739528826192e-05,-6.4755143909245305e-06
2018-02-28,0.0062103315074959475,1.951748209716442e-06,0.00010373744747638192,6.001468016347822e-05,7.476717099930141e-05,1.8789553530851322e-06,7.688013730944299e-05,1.9457231916764073e-05,2.5214735757117523e-05,-0.0001315936650809757,2.9547384934325294e-06,0.04196070951745168,0.04078047556308406,0.04284930755519012,0.055033529687531724,0.040444828400681976,-0.003194922203644479,3.991773583678082e-06,1.2902326287145272e-05,3.2892051485378104e-05,0.0002055550093342795,0.00019245799197054048,0.00017005324308083658,1.7700194376857326e-07,0.01773049645390068,0.00021756511146220348,0.0010688920758510356,-1.6748282461787056e-05,0.0019364107375712258,1.8627073552490714e-06,0.15612281001264328,0.040617109280332686,0.06585879873551082,0.049321637781891914,0.04700529279596877,0.003910343640999292,0.02516862981979262,0.09653849170674023,0.06611238046881618,-0.015328019619865074,0.04183400267737625,1.4129888148417535e-07,0.00035908734923695285,0.003810144318741493,0.000385844796397361,2.114688375520757e-06,0.0003379971304044993,-8.692541918198238e-05,6.434420751766368e-08
2018-03-31,0.055065405464935324,2.102606388998396e-06,7.410610754599034e-06,0.00010749219713956926,8.224599274364586e-05,2.87389622055656e-06,0.00011772376649110683,1.4959431183569905e-05,2.8663215858149016e-05,0.0002417658103046616,3.066937475981746e-06,0.0072444082224034645,-0.027040019228458112,-0.03555429140297239,0.009436917978083992,0.019689094059346157,0.0011047311902889767,2.878863366806428e-06,1.5964039016491682e-05,3.4562757638134656e-05,0.0002269615391559121,9.548803150605245e-05,0.00019600226399907328,1.0293816643525133e-07,-0.017421602787456414,0.0004051257765009808,2.3253386072230597e-06,3.359310709805108e-05,0.0021417803189136553,2.9891454940145223e-06,0.002017130480606699,0.05251174162542749,0.08539280691179418,0.014113828023005759,-0.004429011798887106,-0.027401550144836917,-0.049348598499802554,0.07506420670537817,-0.009762836299201605,0.07704160246533132,0.006295643414756968,-4.6516464902168764e-08,0.000577327991686527,0.0015306241885439942,0.0005221041194907183,2.1563913172872873e-06,0.0,9.246643497595741e-05,7.177481209152958e-06
2018-04-30,0.1019720256742902,1.9745148081007358e-06,0.00010008210739309575,9.435212674913096e-05,5.253950446326705e-05,2.3663217854075214e-06,9.67931423152546e-05,1.066637652602509e-05,1.547194558093601e-05,-0.00024779521259643555,2.9743255987035866e-06,0.07759511574016908,0.07024530883502744,0.05918327086210318,-0.0037313780912134886,0.0044073055496789415,0.007359147844130165,6.3012032760489944e-06,1.630713416500562e-05,3.7252550748823055e-05,0.0001933347863380952,0.00021327352022360024,0.00016168129836979794,6.633321336657616e-08,0.0,0.001002050621673689,0.0008524640611120571,1.487984921944019e-07,0.0016438831763483375,1.8530803695959719e-06,-0.07801907257337992,-0.05192605729441302,-0.027508424454989466,0.02905635223135672,0.03304430580522344,0.04809908411327335,0.07747933884297531,0.029416523261115657,-0.00495217437596418,0.0,0.02162656483644132,1.1813439937391479e-07,0.001311187612544007,-0.0023567119155353256,0.00013914268523618212,2.020653150358598e-06,0.00023859065454723272,-3.2402760161698296e-05,-1.756994250090571e-06
2018-05-31,0.005057401507105652,1.953519856767727e-06,8.658048489218473e-05,0.00011233340019267679,7.511951147809448e-05,3.4586382389178993e-06,4.382453108431328e-05,9.626078524282988e-06,-5.6052297259245876e-06,0.000464371790961815,3.3252514022308333e-06,-0.02914885347842988,-0.031093472632090835,-0.03170535159913879,0.027829313543599188,0.02310265810520673,0.007039495722987343,1.3748761438669987e-05,1.6719376364271454e-05,4.5832849128180086e-05,0.00015411397424247575,0.00015361943443825687,0.0001567305436613875,1.4899961553460628e-07,-0.03623188405797095,-0.0008386461152123381,-0.0008993835872846967,-4.0232575070353604e-06,0.0008925639084857995,2.629966123990357e-06,-0.012342634495836835,0.036047650753396,0.04698563649092469,0.0,-0.021245360544390968,-0.03817974259217549,-0.027708506511499364,0.05164076803905937,0.014884976345291623,0.023441162681668848,-0.0029991842218916043,2.6603211100706403e-07,-0.001027329729210713,-0.0007497375918431581,-0.000569206818498702,2.5085420223280863e-06,0.0006790939294620824,-2.0058523307220355e-05,4.306480676952162e-06
2018-06-30,0.059719319199761145,1.7005196728536731e-06,3.4524253963219564e-05,3.853493986882839e-05,3.693991175612865e-05,1.3103505278611038e-06,-5.252610127848278e-06,9.176712480130078e-06,-1.7722509400908137e-05,-0.0010115785898472396,3.2076529292712763e-06,0.039936102236421966,0.014655708105192566,0.005499718139445164,-0.007163323782234943,0.0,-0.0038720266918069735,1.7342516628326976e-05,1.4475648917100514e-05,4.573683436603915e-05,0.0001190932424377511,7.705544329561498e-05,8.079862655252512e-05,9.611383178231847e-08,0.037593984962405846,0.0007285964974650394,0.0008136588788476562,1.7895839989900963e-06,5.7826827867479835e-05,3.2942552423698146e-06,0.01639471722466257,0.016074812175866704,0.04412848449545703,0.02275286970569179,0.021706523461495708,0.015956789015346473,0.012254000931304354,0.017632019747862104,-0.019585521403302497,0.03174315254852167,-0.0015072044372099747,-1.2088683887245821e-07,0.000922463389503303,0.0001886151872949604,-0.0008803960566109437,2.7581754598049457e-06,0.00022975069292829886,-3.276541354235718e-06,6.120777658491505e-06
2018-07-31,0.04152019265369389,1.432036461856967e-06,2.9891985074526062e-05,8.874144988868515e-05,4.3537917343572374e-05,2.2790986469178875e-06,-3.784964446895689e-05,1.028460295526834e-05,-1.7566596171136872e-05,0.00011020376676462718,3.4713468264335745e-06,0.04698011801405633,0.03420703809808856,0.02978124323153586,-0.01638592121649085,-0.005599441175770603,0.00565854491409068,1.750265742805901e-05,1.1451821893881942e-05,4.078043806110543e-05,0.00011458492348759286,9.439547846978869e-05,0.00011743800852781483,2.477349392293604e-08,-0.03623188405797095,0.00011152653262080925,9.405800747530613e-05,1.555951321563498e-05,-0.0007225039972488245,1.9230056427232967e-06,-0.08874740121202807,-0.05006348049326559,-0.06796450553698319,-0.007895451588248892,0.0,0.003910343640999292,-0.024271844660194164,0.021495576210415646,-0.010080518138632533,-0.008753501400560193,-0.0015115558444305233,1.1742709205009305e-07,0.00012316789199329214,-0.0002831315863485173,-0.0008019973343303954,3.2233551019444917e-06,2.2851888228814232e-05,4.281517899551446e-05,3.406800781924346e-06
2018-08-31,0.0,1.037871063758189e-06,6.830620952680277e-05,9.708028281529835e-05,2.7811881611050637e-05,2.000177615757437e-06,-5.52829881330652e-05,1.1631830378222574e-05,-6.067711648460872e-06,0.0005102092878499498,2.730640371373383e-06,-0.014838820729239033,-0.030295519017323302,-0.026270438401076124,0.0018616565764881798,-0.0028269230497409703,-0.005270093368006212,1.3054333608542024e-05,7.026065672155468e-06,2.9576452659219044e-05,0.00012293278590491674,6.195144343990044e-05,8.751736271017663e-06,1.128254711879606e-07,0.0,0.0005958277602942097,0.00031624885744507836,-1.4004517452370635e-06,-0.00134037865520642,1.9423990837985627e-06,0.0010228651270500766,0.006427368592449412,0.0412586643195072,-0.0048016287124593715,-0.004223873756861063,-0.015619142821441945,-0.008347245409014992,0.03330654931659116,0.007643234209078198,-0.00886053517632479,-0.003033943762818514,-3.025317940608119e-08,0.0007143833157723378,-0.0016350901896512449,-0.0004395093530453753,2.4578304937961093e-06,-0.0002064332869546881,1.2463635612247614e-05,2.829041597207649e-06
2018-09-30,0.01752502793051325,8.114561513838936e-07,7.865840149667847e-05,5.246442198525436e-05,6.892098302802019e-05,1.933000284282116e-07,-5.977864052975068e-05,1.1520637331674521e-05,2.832691341270177e-06,-0.00023415163166706776,1.2663960937686625e-06,0.05661130676773252,0.05640857861663595,0.05090694745867186,0.018435762429390934,0.015497847208133075,0.0039740286787153245,6.36003705256627e-06,5.007090696507177e-06,2.5156817901272888e-05,0.00012148441350467998,0.00018276732268551754,0.00016511301320054628,3.90183405585276e-08,-0.019208605455244054,3.8152283166503764e-05,5.697609486920996e-05,3.2137661476028256e-05,-0.0012302453604043917,1.605583618502493e-06,-0.026013909707828575,-0.045310180550281465,-0.035191441441441484,0.016004634942279106,0.025263742949836576,0.023761246990241958,0.020991292811741502,0.03969529888575307,0.027516509905943565,0.0,0.030059638322431637,-2.898394679817784e-08,-4.110892774966679e-06,0.0036821562707121114,-0.00011466233891421762,9.433521088730856e-07,4.603390304880328e-05,-4.6079840110291315e-07,2.510335215255566e-07
2018-10-31,0.10096548242569559,8.877338195656392e-07,8.903460583709055e-05,8.863464084440942e-05,7.901605869675699e-05,3.305421049093482e-06,-5.84741610977213e-05,1.0757940742456285e-05,6.1983768193663025e-06,-0.00018846466287569807,2.6399788601860763e-06,0.016590763921725094,0.010481850675555293,0.024932992582434643,0.028430696623144014,0.025835717471472064,0.0009169341425276922,-1.60004643734446e-06,6.619720691825037e-06,3.260769158242027e-05,0.00011697266089805147,0.00015348921690683248,0.00014019057348080288,7.342835184331875e-08,0.019584802193497897,-0.00014678958237623885,-0.0005138899744852043,-1.2968226321685705e-06,-0.0003901698715583768,6.470958386906034e-07,0.2406820893424595,0.11700605782306917,0.08583613430192605,0.03844237641544823,0.038138825324180115,-0.034901306860046,-0.05381462929999559,0.04499555668877697,0.045215487494348006,0.01784949307439687,0.01996030750279454,2.5888737953394525e-07,-0.0002508687440689883,-0.001379835633979254,0.00014060909875879268,1.7916640255855043e-06,0.00022887191778164784,2.7538003236404762e-05,-2.8911833227507344e-06
2018-11-30,0.003742795119395348,1.1017721399664282e-06,-2.6816755904213174e-05,8.484146726006614e-05,7.482547435100351e-05,3.99802868145116e-06,-4.373352347053494e-05,8.860587805026299e-06,4.709020251292273e-06,-0.00027506324735537824,1.9273201130598494e-06,-0.019054878048780588,-0.036588680507641747,-0.03416175591425408,0.013589079815460314,0.019438764005629494,-0.029108670964364425,-9.700543360580127e-06,1.0183140647601618e-05,4.383781551298149e-05,9.887497843763526e-05,3.028919731851154e-05,0.00016490325066920164,4.3354426049191375e-08,0.0,6.996196634623253e-05,-0.0002675128862177356,-2.201929559153548e-05,0.0009536652342119201,-8.884330782166217e-08,-0.05302670918424268,0.08816252761966692,0.09635419803196577,0.021612462610439698,-0.00573328746703361,-0.03260182977769621,-0.05813173545588701,0.028241307854966813,0.004482053856359247,0.07747933884297531,-0.006946702122634374,9.715721782654896e-08,1.0733739313373292e-05,-0.0010377848011698942,0.0003302674091179014,1.4523128160082166e-06,-0.0005295076177725955,-3.491830827329068e-05,2.5460013488576294e-06
2018-12-31,0.02593168852337535,1.4208707546092825e-06,2.606467115673361e-05,8.826819130813846e-05,8.90603177492455e-05,-5.588667037037531e-06,-2.1795373458144418e-05,1.0886391007769447e-05,3.231055139885086e-06,-0.0006590013065085332,8.27671953707032e-06,-0.09157509157509158,-0.09288343972709157,-0.0837764321188369,-0.033804111932175585,-0.011395491943387182,-0.02194522471910121,-1.2397762998883621e-05,1.3776393142261867e-05,4.889053636936147e-05,0.00010058011946423306,6.138415053591473e-05,0.00015482218349593957,8.119392425065541e-08,0.018932222642938257,2.739812091956395e-05,0.00040876744740225845,4.630631592839052e-05,0.001564921449175083,5.427256177359396e-06,0.11483668036686479,0.15813714443851445,0.0636908868956001,-0.019731454898826772,-0.04705135066783517,-0.11270682786632968,-0.12762176834685646,0.013600029920065815,-0.05906942929843695,0.07742934572202853,-0.03715055261447031,-5.269249493400352e-07,-5.2584921677922836e-05,0.0007576295664937227,0.0003903856445754972,6.756646707462011e-06,-0.0003045544953416135,0.0001032486106467001,1.2404624894823968e-05
2019-01-31,0.04618445360238721,1.6947332452943442e-06,-3.103963663830811e-05,8.589734959940643e-05,9.983495526899588e-05,1.8576000411218985e-06,1.2136533127149463e-05,1.6920500034878216e-05,2.384190321613744e-06,0.0009679183106501288,-1.182419318013217e-07,-0.009716284492809923,-0.025641600933354325,-0.017660200090066858,-0.016071830367187734,-0.0012892313087243812,0.006119351838253406,-6.833422702912095e-06,1.563736527154802e-05,3.9884949905699685e-05,0.00011734142056574193,1.1230286029340064e-05,0.0001233128417830187,1.1476160821644044e-07,0.018315018315018472,-0.0005810319696138988,-0.0010199738311308382,-1.0945278525076318e-05,0.0010137156327343355,4.058970410447671e-06,-0.13103163799615458,-0.12533929739490124,-0.02307869836141252,-0.04294006159677799,-0.042503543732958615,0.06908974264070888,0.10754514065772347,0.0033408837305644035,-0.014842667722145375,0.038538345653925665,-0.013679266791299827,1.698421825402363e-07,-0.0008292057846357448,-0.007137141685330528,0.00023327800889672012,1.275454568183676e-06,-0.00045206773402239886,-2.9692548239257377e-05,8.96032264208202e-06
2019-02-28,0.0,1.7531272749060633e-06,0.00011397791812672864,0.00010588177409931454,5.939242526720179e-05,1.3617700793666643e-06,4.590622343458861e-05,2.2609681052720987e-05,1.8695784411715266e-06,-0.000757244667915713,3.001326033036378e-06,0.022820629849383822,0.029582297952905012,0.029868667469137966,-0.02583278438666503,-0.02220944816053516,0.010697811982807837,3.3210195482524796e-06,1.4634250014688988e-05,2.1234838543326973e-05,0.0001304349899855506,0.00012766866910252084,6.970142661288925e-05,2.2201642746466632e-09,-0.03623188405797095,-0.00045851420690923295,-0.0005689216197019009,1.9271711193757923e-05,-0.00021430768337493689,1.3903561606465331e-06,-0.043594251014235974,-0.0739761698098318,-0.05501382222283324,-0.00474473334598613,0.022360409553261462,0.04523351803686526,0.06955484896661379,0.00664345885041584,-0.0050529549680652375,-0.04734416161944088,-0.017187231449508844,2.0179153015220663e-08,-0.0006784437117178799,0.002746509819829157,-5.879590348178976e-05,2.9736117170831022e-06,2.4008612369508242e-05,-8.143837986751556e-06,-7.355371695050295e-07
2019-03-31,0.003357507386516412,2.1654747683896858e-06,0.0001430995855571382,9.589632523399061e-05,5.3715310027513397e-05,6.194465863140763e-06,8.350572622073393e-05,2.893457224861784e-05,1.056446367275754e-06,0.000519935438873631,1.7831785781297071e-06,-0.08085277033932303,-0.09409596490544991,-0.09445295504924833,-0.003832276583065619,-0.014974543276430108,0.008545085674497743,8.81765660687428e-06,1.603831906815678e-05,1.526962268472154e-05,0.00015609271991801066,0.0001668219332859877,7.732349372080449e-05,1.0063988198361074e-07,0.0,9.480810750472912e-06,-0.00023770731464189954,-2.0056581387817296e-05,-0.0007359425443342893,1.8895714182232126e-06,-0.030533584374566658,0.023603747548841536,0.014696588921710996,-0.05211853709781189,-0.05981550240591249,-0.030216696883363592,-0.027681405477227417,0.0032918559483836596,-0.010204185756997664,0.0,-0.047415836889521,3.790812963533341e-07,-9.119874603635836e-05,0.004524032447147386,-0.00022500158508220736,2.3590001996254273e-06,0.00038103076442386197,-5.433901312090761e-05,-1.503642346412093e-06
2019-04-30,0.0033408837305644035,2.296904583642956e-06,0.00014175006144578894,0.00010908827479494398,6.043957339185724e-05,1.8774559824574766e-06,0.00010424891658411539,2.6280033680770032e-05,-1.0001963999251018e-06,0.0005304998094133317,1.1256604492970723e-07,0.0,0.018258570573027155,0.03316848595812161,-0.015500481483706086,-0.01967729240456506,0.013294655432100733,5.611967134999674e-06,1.4780619171927967e-05,1.8552821496653493e-05,0.00014069168049912761,0.00026960956430865934,0.00019275626371229038,1.3606596227511147e-07,-0.019208605455244054,-0.0004861464896915857,-0.0007178373117193715,2.7562253051671703e-05,-7.159948184609632e-05,2.512876927651675e-06,-0.018613443575396516,-0.05754722919083188,-0.04373751658380831,-0.01236334092795699,0.01197788403491784,0.0311581946051811,0.03318636514483475,-0.00656738962680814,-0.010373121168428256,-0.036197915724012764,0.024283632831471724,7.314667316293821e-09,-0.0007238390297633623,-0.0011376046596287548,-0.00017007107748368,9.787107977388132e-07,0.0003052382642931839,5.388892559898828e-05,-2.4296842070503644e-06
2019-05-31,-0.010005402917575568,2.5032944097613807e-06,9.304071137972159e-06,8.298054579847225e-05,3.084687111454265e-05,3.05019358082248e-06,0.00011812990426385284,2.0516478586474207e-05,-3.970372423167667e-06,0.00012670325373931313,1.3968059020541546e-07,-0.11796582677455625,-0.12867457831502482,-0.12142533654508825,-0.003964926262283952,-0.010180189351521984,-0.006698791683894534,-4.161489694953779e-06,1.3991296172743972e-05,3.187718475672341e-05,0.00011689908208323274,4.690847941035692e-05,9.138028247401841e-05,1.674880101276699e-08,-0.019872813990460925,0.00012420104766253104,0.00010585980628707858,4.956626218355353e-06,0.0010697705297106896,4.09012681101828e-06,0.14840371757949566,0.158028103276878,0.08688491149071842,-0.023583622081526756,-0.05520114818388222,-0.09173109684182934,-0.12603276851981504,-0.009956192751891746,-0.031838008214206126,0.022608151745914462,-0.035739814152966454,1.339694928326196e-07,4.5963280065342005e-05,0.0026187803965582734,4.269419605784641e-05,4.4616252248275146e-07,-9.349164897520801e-05,1.4015292383762201e-05,1.3053091157289032e-05
2019-06-30,-0.0033797257014621662,2.278873457939312e-06,-1.22585548305576e-05,8.839116128833702e-05,7.29898405342766e-05,2.440385723057048e-06,9.671145842671258e-05,1.1889403109810459e-05,-6.623106486136621e-06,-0.00030861740021914663,1.3315742302122402e-06,-0.0872885979268958,-0.07490042649184014,-0.05451713395638624,-0.05075997839655322,-0.02539215949860929,-0.0156867020343745,-1.4549639525962554e-05,1.208889992487805e-05,3.741872729356999e-05,8.916817166571e-05,3.664050911145189e-05,0.00017457752268890125,8.977037313506742e-08,0.0,0.00010836057116381248,0.0005704488474509439,4.257467846446872e-05,-0.00014255638074978094,5.629465498202535e-06,-0.07735801288362543,-0.08051866407148811,-0.020565764172382317,-0.05554917059341824,-0.060534280826424314,-0.024581379113693846,-0.027446287615137344,-0.06137479541734836,-0.07052703442283514,0.05790869969634138,-0.04746023835992019,-5.692375237842384e-09,2.4899635135522402e-05,-0.001663585951940938,0.00027977817977520303,1.0004665502716392e-06,-0.0003300523769548258,7.892048547075703e-05,1.4920699886955546e-05
2019-07-31,0.0067769043101111315,1.8861978183792871e-06,8.682689243055819e-05,7.92084372756019e-05,7.534681058962711e-05,3.867367895260543e-06,5.072802892103212e-05,3.1364703729774845e-06,-9.438154296992352e-06,-1.9308125502881524e-05,1.5988470003502897e-06,0.06728343145500415,0.03839066339066344,0.008319467554076532,-0.028601727544343536,-0.028262426046651745,0.007307100029309899,-2.554018589173701e-05,1.0844377797747384e-05,3.6185280321898716e-05,7.626824069273397e-05,0.00011824849828867556,0.00010188184498982622,3.952743332646946e-08,0.020275750202757292,-0.00046737823176490334,-0.0007959341747014737,5.116198218635404e-06,-0.004454491600646926,4.084484610311634e-06,0.026403337381845082,-0.024693492030175457,-0.06423914090855554,-0.006228356461297158,0.0028498147620403813,0.03522118906734306,0.01696180202184694,-0.025951877803729984,0.0,-0.05820761629539317,0.0038995856690224873,1.8715072735986382e-07,-0.0007053675736926612,0.00018788375256462153,0.0005483928671421445,5.390290773732431e-07,9.477952032543868e-05,4.116251075281241e-05,5.559180071612602e-06
2019-08-31,-0.09274525968672709,1.2735524266282994e-06,3.438519664400452e-05,5.647856769130932e-05,8.279438791092275e-05,2.562301684827517e-06,-9.500681093177477e-06,-5.831906594533365e-06,-1.026946862547895e-05,0.0007860719692558416,3.815266590878608e-06,-0.17943409247757058,-0.21471924266137354,-0.22384847180370215,-0.07259239138070739,-0.06906589223025572,-0.006833737191955458,-3.362129236772482e-05,9.359675510189902e-06,2.5982402253044157e-05,7.203965161473036e-05,4.500607157753578e-05,8.896131137170471e-05,9.686211410731005e-08,-0.019872813990460925,0.0006742669451449412,0.0008268798715735937,8.73119139654932e-07,-0.009736470249674944,3.2727344898564326e-06,0.06122130946815374,0.036015983893652015,0.04978210754466983,-0.06862343533206239,-0.12028398756087544,-0.10330578512396693,-0.11860386309725524,-0.062067226564772926,-0.14446969988827651,0.007360301477948417,-0.03338242513500245,1.3840614698779063e-07,0.0007436512993743705,-0.00875735210257933,0.0008060785435441975,2.811798226254325e-06,-0.00035725820050458434,-1.0897279557720019e-05,7.816972880325679e-06
2019-09-30,-0.035094286650133255,1.1918908620067725e-06,5.775798895646389e-05,0.0001010126419564994,7.057554621292539e-05,1.4132068657524144e-06,1.5203681278386227e-06,-8.723601659932356e-06,-3.241017194288709e-06,-0.0003523501479595348,2.005108689084878e-06,0.0745199197477786,0.09966053131520769,0.10273972602739723,0.012876840744384443,0.007430566004789085,0.005831810317916686,-2.8478902453832333e-05,9.081647160735784e-06,1.341352380856975e-05,8.800386097473911e-05,7.886800903333935e-05,6.597348841719253e-05,8.872365975243213e-08,-0.020576131687242927,-0.00027796987464467904,-0.0008027135942091368,3.209395920844571e-05,-0.006341028102662349,4.02760020601356e-06,-0.05501619162661586,-0.01899741980498293,-0.02176120702161599,0.02108073923125553,0.04769773265420851,-0.01119100243404303,0.0,-0.025273054290732677,0.01551638530287991,-0.010968760968761204,0.012287226199642953,-1.8675591850758622e-07,-0.0004564525088880389,0.0036687902487873014,0.0008505433164638365,1.4917081356813355e-06,-0.0001927094173239663,5.627793918283608e-05,7.775398298992542e-06
2019-10-31,-0.0870170553428472,1.912328588815626e-06,0.00010582928634161881,4.01810615862086e-05,8.005637690011724e-05,1.3369460603041006e-06,0.00010265087236938086,-5.103459418398515e-06,1.2808457347857072e-05,7.999154375104567e-05,2.261727699792715e-06,-0.05858043626448506,-0.022420896275328728,0.0050918571021223435,-0.0050735281060774184,0.0018373166357996684,-0.008208598328301009,-9.839243552134391e-06,1.1180512281772081e-05,9.26201511264324e-07,0.00013559149914987856,0.00017506899757147032,0.00013419609695453083,4.3618801681688524e-08,0.021008403361344685,-0.0007629470211449885,-0.000965584278314835,1.3160527502442676e-05,0.007855559434325698,5.5588748772983365e-06,-0.08008638722351635,0.0228539282386655,-0.007463800567248824,-0.01833768853436013,-0.009669496606006689,0.005663732853048886,0.05827505827505819,-0.11090212222301088,0.011393674232066164,0.0,0.02791113095902631,5.535781300025633e-08,-0.0010634297856420005,0.002339157496491273,0.0006448847741975516,2.190298584281436e-06,4.8325240466384756e-05,3.203372565319107e-05,1.0353934611684323e-05
2019-11-30,-0.13247226361980458,2.455108310872589e-06,0.00010510053438461675,7.039383132756427e-05,7.916511910943669e-05,4.416050960909246e-06,0.00023017288006954573,1.0200722784237115e-06,2.2528908874219766e-05,0.00015504090588169817,2.5348205272557323e-06,0.05099959200326376,0.06269163693563296,0.04520750243618221,0.01271921568228418,0.0036600005856000095,0.008487840601560492,1.161920349246337e-05,1.3864841749366974e-05,-5.827422745463551e-06,0.0001804104601927925,3.0376562764278248e-05,1.5166401756028236e-05,9.054286853604765e-08,0.0,0.0004929337898513797,0.0010506573065447444,1.8211781353416612e-05,0.023160045727040224,4.314414986605897e-06,-0.020064447003776187,-0.022343296151796976,-0.037973145391579144,0.00703152466893231,0.016247164869730213,0.03915120194189958,0.03623188405797095,-0.0565913487261801,0.03346570880371247,-0.029842617495980495,-0.01933846963086694,1.5564833999448524e-07,0.0005477250532486266,0.0012745847794968235,0.00014319140655549845,2.348343399960484e-06,9.636835841320135e-05,1.6533922445161053e-05,6.157942296525221e-06
2019-12-31,0.0,2.679591193377462e-08,0.00010841002572647973,5.952030568878719e-05,6.439592890838952e-05,2.8956936219959317e-06,0.00021312984212862318,-1.069650438823011e-05,-3.174567594332878e-05,0.0009250588479745581,-1.9589081508009087e-06,-0.016091140218195688,0.03696311081540604,0.06598295754467998,-0.012559469086122821,-0.01097148875788101,0.0071513591948564326,-1.8085436483628037e-05,1.7376086709042227e-05,2.174626557138737e-05,0.00016497569389639644,0.00023979836432852508,0.00017910359788464447,5.472740016720934e-08,0.0,-0.00018128840674114244,0.00022663547947265883,1.713396288649527e-05,0.006861402668196792,2.685632724208631e-06,0.038653318387383395,-0.07682177348551333,-0.040130987543341545,-0.013996617484107965,0.012698211139505755,0.08443405436497664,0.10273972602739723,0.0,0.00713165026387097,-0.042964386429503176,0.011866337573571029,3.1899554997494306e-08,-0.0002934906341880428,0.0023628953596515068,-0.0001394853184522038,-1.3538654790590243e-06,0.0,7.151775293134932e-05,1.8529031995395684e-06
2020-01-31,0.0,-6.600034896053764e-06,3.968530200837428e-05,0.00010889532597890828,9.211055194935369e-05,3.4042538952228085e-06,-2.7822249618614237e-06,-4.694216055090017e-05,-0.00017936747735725067,0.00012203932595244993,7.469560484141269e-06,-0.13965388181929916,-0.19340539862420814,-0.1855270779032726,-0.01797203551274207,-0.020588609632474664,-0.005837108656491674,-0.00012053313949100808,1.9999409079929364e-05,9.118561948695536e-05,5.026124023932432e-05,0.0001474542053729877,0.00016419070263395952,1.0961523844166265e-07,0.0,-0.0005329539846992137,-0.00026021395754094456,-1.126935674089502e-05,-0.05164461361919326,3.953726701366733e-06,0.1273227596730071,0.08513502811435791,0.062454720327762336,-0.06303534585797177,-0.08622341444721215,-0.058194515166945515,-0.04105090311986859,-0.011029310392367764,-0.02846367323703114,-0.0041219775599543595,-0.04551985655307811,-3.991298935801524e-08,-0.0007233959335670725,0.0004585834906272179,-7.519258805299689e-05,6.792188720128323e-06,7.202760097668737e-05,-5.6746812791219625e-05,5.534411633867364e-06
2020-02-29,0.01671402306535197,-1.453801265371979e-05,4.877390656310432e-05,9.909462554680282e-05,9.515756326372582e-05,-2.2770843177699618e-07,-0.000303613001553682,-9.126135407477864e-05,-0.0003869127688943541,-0.0001679525276035987,2.9997568933293195e-06,-0.32539913319209635,-0.29913459665525777,-0.22610568655801688,-0.04258354358957983,-0.031183187584413963,-0.020044449284212118,-0.00026427622054825406,1.9976773773189294e-05,0.0001612514264985876,-0.00010461103499892488,7.77217118179685e-05,0.00015776924109855983,1.1399287425106763e-07,-0.020576131687242927,0.00029567426088372706,0.0002686220847925025,3.3261635973502734e-05,-0.144801876994064,1.6210534912186603e-06,0.22530051720609579,0.1697099113883589,0.09480685946589618,-0.03466296928327639,-0.07630924868094024,-0.12747988208110905,-0.14894086496028247,-0.005590652429138476,-0.09407904144746271,0.041082777688765226,-0.01270930638960377,-9.120797450634655e-10,0.0003584209981359887,0.0010832475762336813,0.0001708411825773748,2.920904962566695e-06,-0.000631139806934411,-5.055319667990332e-06,3.4441279483932163e-06
2020-03-31,-0.552683187733999,-1.7976007498754498e-05,-0.0001576596973805744,-3.685389258212268e-07,-4.508119771418073e-05,-4.978181211889865e-05,-0.00042667552592701163,-0.00011506445806852561,-0.0005666671021314906,-0.0014693039211339798,-1.0331025793397508e-05,-0.7160881129373252,-0.5634230114959964,-0.35563642378628735,0.06630640188310188,0.1318164107554438,-0.10763630374207978,-0.0003657571652263547,1.844772044257148e-05,0.0001825784293842947,-0.00016092563532699167,-0.0002620629076437453,-6.503778096744739e-05,-6.138880558337334e-07,0.1785714285714286,-0.003716284990621155,-0.005441767450601875,0.00011371365577095283,-0.2737086023248744,1.8677798066191187e-05,0.052695816752592606,0.3906241774255024,0.4675236928942432,0.4381670420052872,0.003999104200659298,-0.35232633247861567,-0.602077166223471,-0.7817425293153448,-0.22590161320328472,0.4626326978902535,0.010735373054213682,-1.3887892892361364e-06,-0.004722936780277243,-0.011889180845430891,2.368868327629059e-05,-9.898296638333193e-06,-0.0009011315960016919,0.0004530856201663269,6.249511594180746e-05
2020-04-30,-0.9184845005740528,-8.955381766817538e-06,-0.0002946124342060319,-4.9761401895720425e-06,-0.00017269401796748962,-9.269392057065229e-05,-0.00014865421516252475,-7.391762880126773e-05,-0.0004212954492357479,-0.0027246522460980804,7.650493383803969e-05,-0.1278772378516625,-0.026087863925701837,-0.08055853920515577,-0.15717155141640882,-0.02639493085352962,-0.16324414864501546,-0.00022733699148203002,1.0270350570662501e-05,0.00011013199368647975,-5.082794816113623e-05,-0.000372622609329909,-0.00029210909835031273,-1.0404040224898381e-05,0.9530791788856303,-0.013985679211068525,-0.021199735217868776,0.00027660062421919207,-0.36543031918808255,3.901369254299958e-05,-0.08202924877876272,-0.07373147900819499,-0.13463117788817525,-0.18994184857251395,-0.09745322245322241,0.20766491189816128,0.43786171184891853,-0.5259697567389874,-0.11547203753448976,0.010853662242714224,-0.058309037900874494,-3.2315054934173304e-06,-0.017695428374725597,-0.02373641330446541,-0.0006802514985851937,5.635449154439698e-05,-0.0020131890371262173,0.000706174441873042,0.00010907563459672254
2020-05-31,0.0,8.094750515663662e-06,-4.0827964779777126e-05,6.63087901788817e-05,-4.575475628221248e-05,6.30903047276199e-05,0.0003989542200037999,9.489879488677744e-06,5.460255677625092e-05,0.001232755319288792,-2.8111711040890164e-05,-0.19685039370078738,-0.1618122977346278,0.01467136150234749,0.023045267489711918,-0.031242677497461457,0.18819495806746822,0.00011616128900993061,-2.773079899043296e-07,-2.9317754066671142e-06,0.00016785451404022211,7.95173033052432e-05,0.00010653504176239004,1.5092913872027935e-06,-0.046598322460391306,0.0016353620461531104,0.00597167562883949,0.0014820861780076022,-0.28454149182110655,2.8764343087850364e-05,-0.05183585987611694,-0.08637070305752292,-0.035504303121538516,-0.08520790729379679,-0.13645774515339737,0.06705502703155752,0.14106904688622146,-0.07051191651389077,0.07611087278413575,-0.04123120724974838,-0.018834830309950812,3.994449440991588e-06,0.0021435256005912784,0.0008461468166263142,-0.0015760386769844148,-2.117150624025843e-05,0.0008414698034491241,0.0037676404975364175,7.469866622789034e-05
2020-06-30,0.5952380952380949,1.673672201296661e-05,0.00016922247401618407,3.1259676996686636e-05,5.1622068655721165e-05,4.170178396001312e-05,0.0006576373572959593,6.417522124446684e-05,0.00035425785815190736,0.0015101518266074088,-6.213075103289611e-07,0.0,-0.03239390994493019,0.014432096983691745,-0.019292604501607746,-0.05753739930955115,0.07066581548785922,0.0002991155838323323,-6.949023756086525e-06,-7.680062916992636e-05,0.00029409425070614503,0.000260448842819061,0.00013637319129466974,2.519799178646309e-06,-0.07936507936507942,0.0064764230334677375,0.00981686388017855,1.2696887027985326e-05,0.00942993000748693,9.568024126549446e-06,0.026253579185514964,-0.009300802845301659,-0.03766535089040901,-0.09339199734351644,0.044379108534656986,0.14569434859289965,0.35626376473636445,0.2271350696547545,0.06937349427984008,-0.08737790708658444,-0.004835648400004722,1.4309380562682605e-06,0.008323295565983324,0.009105709436812104,-0.001654763230604095,1.1030604651907083e-06,0.0006851784310046849,2.4212005115265e-05,1.664506796439369e-05
2020-07-31,0.12388503468780998,1.5386208129131163e-05,0.00020353156362706848,7.08067251518063e-05,0.00020803790959322832,1.2866624156337991e-05,0.0006255375422454801,7.469420634564905e-05,0.000361020835740522,0.0013993056530907655,7.013752477913471e-06,-0.30909990108803165,-0.2701881184774899,-0.1579778830963665,-0.1012774461879169,-0.068113704477341,0.012353939756321708,0.0002825787670743818,-8.342693763374598e-06,-9.452758066830214e-05,0.00030822970849464504,0.0002865507731688588,0.0003213583995782532,8.268792086596477e-07,-0.036003600360036025,0.003458491666002539,0.004381950608229657,8.789537255582403e-06,0.14418085070776043,5.760245774588668e-06,-0.056932087172275714,-0.13110670446909967,-0.08938729075247831,-0.09970390960178876,-0.1182903813789431,0.1356852103120758,0.18148820326678794,-0.18509378084896333,-0.10681288163352487,-0.05957555127694791,-0.03443297498444353,2.7715628214686205e-07,0.004522738560893913,-0.008691266053622138,-0.001295439620248584,6.724116341283448e-06,0.0004637549724837431,1.0136382401659816e-05,3.976437942032618e-06
2020-08-31,0.11001100110010986,6.804319301778605e-06,0.00013763116217302418,4.650518927906688e-05,0.00013663116548001675,6.9477444533116994e-06,0.00039991975083619735,4.8967305365410496e-05,0.00019741058300271064,-0.0005677183260870411,-2.0641641118923637e-05,0.26896180742334597,0.3242542153047989,0.2883310719131613,0.04196070951745168,-0.00910670093821786,0.007649847608465432,0.00015480879149754045,-4.05966503702615e-06,-5.306639387592238e-05,0.0002177257150284273,0.0002731394014221511,0.00026139422218429686,7.825427001950658e-07,-0.09590792838874684,0.0009198419919058676,0.001982122344531101,3.4622069056133853e-06,0.04753371586325694,1.1614262471759673e-06,0.021895631720415087,-0.018063770270130952,0.021249468763280932,0.010311758842333152,0.11616532159452198,0.13668671405139432,0.17719662715385542,-0.22848438690022854,0.03359853779163524,-0.020619892894384706,-0.020724905377853986,9.186421601192762e-08,0.0013293776411189562,0.0026241338308252704,-0.0007112083937059754,-1.5089498525133749e-05,0.00032969903550350566,5.6421639391679435e-06,3.187429329365443e-07
2020-09-30,-0.09910802775024774,1.1197547795660512e-06,8.355219835753935e-05,2.0249683766238036e-05,6.813265791860701e-05,1.0709264978370214e-05,0.00023840560852561588,2.7220650949066894e-05,8.56411428118431e-05,0.00030043519491695925,3.832502710077179e-06,-0.07051191651389077,0.0,-0.03897723729342062,0.02166260492824268,0.020600999835192146,-0.012896568285044818,6.901597454866959e-05,3.5739217481012275e-06,4.018386646986727e-06,0.00016940712728996665,0.00014836341831703237,0.0001325935075708884,5.238912328398015e-07,-0.0401284109149278,-3.7408576145314676e-05,0.000174486170471555,1.0234094830030571e-05,-0.021654798394553754,7.314886198095394e-06,-0.00041643602184082695,0.05041482350933735,0.023500036718807404,0.020265340863033332,0.01075731497418242,-0.08120760485334888,-0.09776177000257269,0.09891196834817007,0.03863191511280539,0.01806053892648163,-0.0026638962146035006,3.858257155986422e-07,0.00014120370733738952,0.009404894127763352,-0.0003381340724072368,3.8932373402911225e-06,0.00030053608123470354,2.0857827156550712e-05,1.4020355322053035e-05
2020-10-31,0.0,-2.332729032161751e-08,4.2419024410156325e-05,3.4805971329765484e-05,5.060028449088705e-05,2.203034564107753e-06,0.00018530960239449001,1.9501440009062065e-05,5.024101759643074e-05,0.000352106631972271,-1.1849580748846122e-06,0.07586102260658456,0.34406826314340755,0.25309036658141526,0.014021066652645686,0.017715419501133756,-0.001174834833546301,4.023736379110687e-05,1.4362775846654685e-05,6.470410006187421e-05,0.00021273323845782954,6.284343756712829e-05,6.573874618598374e-05,3.33007163400012e-07,-0.07631257631257626,0.0006208584400446693,0.0011784281093054627,4.68563282396417e-06,-0.041223989122403104,2.888444253779099e-06,0.09200123131605031,-0.010858916135384145,-0.04037199913488598,0.0032918559483836596,0.047442831388176954,0.03670494468040486,0.05176876617773951,-0.09000900090009001,0.09129974314338929,-0.00884903545513549,-0.024226762496971754,-6.985564837691527e-08,0.000996446930748629,0.0018968339132225953,-0.0001939865447508904,3.484257573571625e-07,0.00024770409269092575,1.526916837413239e-05,9.73241330815e-06
2020-11-30,0.0,2.1422509950408397e-06,9.163100700360083e-05,3.291894605328416e-05,9.112673178757191e-05,-1.2365806998371198e-06,0.00017805415692229154,1.9796566137708638e-05,5.868956508447987e-05,4.146437236007827e-05,-6.410180368843221e-06,0.14060742407199078,-0.05080268238162988,-0.04193223750419317,-0.017298045320878752,-0.030599755201958678,0.007673006363612789,4.352378484306918e-05,2.4700997292459448e-05,0.00011274003469918803,0.00029981063180084533,6.028091188348128e-05,6.728332413086235e-05,1.3173502622088051e-07,-0.008805917576611422,0.00041390227939452906,0.0008186146006492478,8.181329508971658e-06,-0.019306199163644844,6.22205463485237e-06,-0.1501370506062526,-0.12986059006553374,-0.09976026361649659,-0.1007810531620057,-0.08101060732639664,0.03498425708431219,0.04846213491858342,-0.09910802775024774,0.027407171908745198,-0.06678911337451998,-0.025179614584032728,-1.0132766170567464e-07,0.0007511566430478123,-0.006893233658112452,-0.00017044480823225072,-3.820262717613154e-06,0.00043976501889142483,1.735598341334743e-05,1.2383208196187212e-05
2020-12-31,0.0,4.247697314108123e-06,0.00015641569742985695,3.555100117758059e-05,4.928480951171821e-05,5.7964343476157865e-06,0.00017416626216859576,2.3776797099639424e-05,7.454513424476339e-05,0.0003209789073801428,4.118638711192446e-06,-0.18509378084896333,0.0,0.09802640177754562,-0.014185403220086545,-0.032237266279819266,0.02604524985191059,5.3104486084754043e-05,2.857783903298383e-05,0.00012308501680036166,0.0003885668359111527,0.0004189934055449651,0.0002836503470429186,-1.1942534405839922e-07,0.0,0.001192486830088768,0.0009582604402122996,5.970378194275483e-06,0.00026380385425950337,3.689041573329277e-06,0.03236017768409494,-0.0783153208095474,-0.03943754884878192,-0.034710170079833236,0.0,0.10366454154356486,0.1344889420203228,0.0,0.02644747003501635,-0.06729724182254393,-0.014508565857282107,3.4148934635602757e-07,0.001744302428546618,0.005448161460566148,-0.0001812620289409761,4.247469905349632e-06,0.000527045204906873,9.55596751550658e-06,4.128873156705737e-06
2021-01-31,0.0,5.170418348354744e-06,7.184765414347538e-05,3.627618505652741e-05,1.0816617205255952e-05,1.101513594292669e-05,0.00014151988022947926,2.764939172372749e-05,8.132976333841135e-05,1.4836162404163744e-05,5.628528139278721e-05,-0.1521722589971849,0.2392344497607657,0.17421096948404502,0.06752674414472049,0.019121190102872054,0.017082641566388945,5.698965527534128e-05,2.1922768207227605e-05,8.068062016386435e-05,0.00043036794915063403,0.0003567548160290368,0.0002988818157247941,1.9538990114753574e-07,-0.02730251183108845,0.0005704708310807494,0.0012324288395244576,8.709020149710867e-06,0.005645069870441555,6.949479851803275e-06,0.10547818391865738,-0.0037437479409384578,-0.003769232508876841,0.039920797138477404,0.07180733539549267,0.05799815234457539,0.10920010920010914,-0.11022927689594375,0.07599015167634282,-0.02581425536936499,0.017652718077265872,6.373101153478444e-07,0.0009687016796586789,-0.0023669298135695627,-0.0001819991665968912,4.6122874763687705e-05,0.0009984350111684748,1.8324868876762324e-05,1.3346098348243629e-05
2021-02-28,-0.11022927689594375,4.643320087538427e-06,0.00014828643125230911,5.40267003976691e-05,5.148936403642779e-05,-4.402868748698552e-06,8.855091819182093e-05,2.7809903330400232e-05,7.305265345980416e-05,-0.0009989394879488245,-4.50712461026459e-05,0.26896180742334597,0.6201550387596899,0.25987525987525983,0.0803470994697093,0.04139758238118896,0.019609590872626814,5.133946040025705e-05,8.490864096488693e-06,9.161923959055684e-06,0.0003969135262198442,0.0003048132759595479,0.00018739904230491433,2.5705149120369697e-07,-0.019290123456790154,-0.003171347826008253,-0.004675767978129408,1.7778758234276992e-05,-0.0008180742922722084,1.7162730580277952e-05,-0.04093120889210611,-0.0518146647015475,-0.019011117701631775,0.07859516751998541,0.14420973067589604,0.007728124577368156,0.06573685536796225,-0.49800796812749004,0.10039794092950238,0.0,0.06778110093453193,-5.29281365735379e-07,-0.0037336690861360378,-0.0032083065974449765,-0.00016546127247918374,-3.417294462970677e-05,0.0012837856980960627,1.471879926917552e-05,1.0988325779504038e-05
2021-03-31,-0.1241310824230385,4.689631316168175e-06,0.00018313147289994447,7.140715805742381e-05,8.501337763666683e-05,3.029003735699476e-05,7.144925122770651e-05,2.9149367402281356e-05,7.085340730084155e-05,0.0011054890709063514,0.00010800756199658146,0.14060742407199078,0.2075702075702075,0.17745599091425324,0.09656896159963635,0.06809843628965684,0.007704262719386623,5.2429128918118906e-05,1.1908177275365972e-06,-3.914147127215273e-05,0.00043620905099062135,0.00043624333869374254,0.0003581027619481425,4.015165864235115e-07,-0.01001803245842503,0.0025990978167229617,0.003735328175475283,3.596888993717684e-05,-0.00621850531732171,3.64994421353515e-05,-0.10404877514512068,-0.04402958788305733,-0.03528913565143765,0.06051742397498616,0.05868372406912936,0.08272076103100168,0.05004904806710564,-0.24925224327018936,0.11917246639336443,-0.011450032060089876,0.05113141028099277,1.922186135372428e-06,0.0035116733986528814,0.011113672286617415,-0.0002035008659057036,8.506126382945567e-05,0.0009285638915268457,1.3997990811809302e-05,9.597288622265054e-06
2021-04-30,0.0,3.810315603924863e-06,0.0002512467803668095,0.00011430875034235122,0.00028621895509051143,7.910827632073847e-06,6.530290136375072e-05,2.1026199091389586e-05,4.930103995293145e-05,-0.0007025005827561159,-7.90254570799398e-05,0.0,-0.06005284650492437,-0.04439840165754039,-0.0356997144022847,-0.027524378735451327,-0.0013645593426276914,4.240264429467011e-05,-2.2717525938187322e-07,-5.3509719901145836e-05,0.0004117177873681488,0.00047310600000916025,0.0005160586342578544,1.5290627453090622e-07,0.0,0.00013048296633866308,0.00013742507734137988,5.098484951693294e-05,-0.006757390197987712,5.194726742097089e-05,-0.014233362280508866,-0.017928858290304106,-0.028831737977165095,-0.031498543192377326,-0.02755428193541265,0.013600029920065815,0.00939620017664855,-0.33266799733865604,-0.01389757487318466,-0.06275469581622295,-0.046176354789946195,1.1316971537667087e-07,0.0004131289125779425,0.004073968896445734,-0.00023844174200293722,-6.0728895571404706e-05,0.0005918548526995249,1.6604273787912405e-05,1.2486200313466256e-05
2021-05-31,-0.14200511218403877,3.1084637188705244e-06,0.00022887106763791465,9.340291993398253e-05,0.00023409787019712525,1.4241499897149623e-06,8.052119745483033e-05,1.0965718060029772e-05,2.8207411645997382e-05,0.00047667129245065887,-1.3075499964543269e-05,-0.12327416173570016,-0.07543591180464237,-0.03663578793112454,0.015964240102171123,0.004078968836677799,0.007436158317664088,3.386857203202531e-05,4.111896659164671e-06,-4.0148251134852764e-05,0.00041123964909495214,0.0004282435825491149,0.00045068215115895427,2.1503025204872017e-07,-0.031126789790413167,0.0007963478775940835,0.0013539374157593986,6.344522018730814e-05,-0.003784250329701866,6.355428592641488e-05,-0.037148325835395624,0.013712655867188284,0.012765740157614225,-0.02307869836141252,-0.024550721791220642,0.0033408837305644035,0.0,0.0,0.007058159232072203,0.012690355329949332,-0.007773833277188724,-3.020262935304885e-07,0.0012361068948691933,-0.006582901279642894,-0.00028973311570046345,-9.080410737327682e-06,0.0013675959090126977,1.4555998837817441e-05,1.1410710992088013e-05
2021-06-30,0.3306878306878307,2.8757044630012274e-06,0.00029358358426079256,0.00013234752984470077,0.00026392203905323264,8.531058509397837e-06,8.448317667220095e-05,5.6343155032667624e-06,2.5837686012497585e-05,0.00011705463355093926,6.943873698261882e-08,0.7665505226480835,0.09316083052880408,-0.07185893538223453,-0.04490416922004081,-0.03699684293606931,0.011709172218844488,3.084445055301366e-05,8.164008613142926e-06,-1.6260672556001055e-05,0.00039559801736954725,0.00042645508567629165,0.00038022353354771887,3.6781293388798986e-07,0.010843634786380507,0.0004244342830759251,0.00018514262627400413,6.36032429981448e-05,-0.0006068684727085216,6.205226582722823e-05,-0.02148248553743659,-0.06888064362073398,-0.05080160702416869,-0.034215640653655566,-0.04251266877529514,-0.03354083932596341,-0.03120329257143195,0.9960159362549801,-0.05671506352087108,-0.03355704697986572,0.018224895206852443,1.1376940323160056e-07,0.0007559770104206276,0.0032840929903561467,-0.0002580153357858439,7.904423429128116e-07,0.0007444823158462288,-7.034411986461819e-06,-7.998071108072935e-06
2021-07-31,0.24752475247524774,3.6798359477341336e-06,0.00017425340665688793,0.00013868379107973006,0.00012819174666134359,1.6248841798738312e-06,8.286195843698607e-05,8.375179227471108e-06,5.114662823824112e-05,-0.00014409331179521256,5.8802124218715335e-06,-0.2355250245338567,-0.193542143801813,-0.1288501656644988,-0.06273114287588111,-0.04391203541066546,0.001885146610569377,3.942233510723092e-05,1.1319370067930379e-05,8.650123545672628e-06,0.0004214421802648527,0.0004047086065654959,0.00035926801297958555,4.387350072132534e-07,-0.05502971604666518,0.0003815656122625466,0.0010448228174486651,6.087171738577979e-05,0.0014559678948293797,5.769882820616523e-05,0.05391026111356689,0.069148095463885,0.03579978967623565,-0.036009564140235484,-0.049711672300656096,0.027808676307007785,0.02901054694551175,0.24875621890547284,-0.0853030585023885,0.0,-0.05691225165562919,-3.685506472228539e-07,0.0006828749071869922,-0.005514517287370513,-0.0001715138695261853,5.014603045916388e-06,0.0005328808723132905,5.15126796218901e-06,3.2908084501848123e-06
2021-08-31,-0.09910802775024774,4.8546229551860165e-06,0.00010335828453267304,5.892488901548809e-05,4.731924802992005e-05,5.87454003331267e-06,7.228990722363271e-05,1.7266539349414245e-05,8.925060356457237e-05,-1.9470404984289758e-05,8.495448662326766e-07,0.05159958720330238,0.10765276600325668,0.042820439623180606,-0.0062008774241553155,0.0,-0.008447733120919065,5.319559996386225e-05,1.277965640666956e-05,3.260640847302376e-05,0.00044617231276422586,0.0003515425442290887,0.0002592967680170588,2.1519306936390592e-07,-0.03679175864606332,-2.3248483855042856e-05,-0.0002411397449320063,5.209038002695898e-05,0.0024584975576473767,4.803821060761493e-05,-0.03643928552499065,-0.02508140054540653,-0.004294979169350954,0.02248605864364084,0.014363688595231405,-0.02365504190321699,-0.025040064102564097,0.0,-0.008648723448418938,0.017419175027870715,0.01942501942501962,1.4826247540788984e-07,0.00015954599608747344,-0.016716868393769513,-5.560149397232372e-05,1.1316959791507486e-06,0.00027730640733603096,1.2007207314201906e-05,9.500979714971436e-06
2021-09-30,-0.11022927689594375,4.951876280134826e-06,0.00014178489991412135,0.0001071638261740393,8.87079131657309e-05,3.4871079435117025e-06,7.115770187504644e-05,2.588364482569716e-05,9.641967835816168e-05,-0.0001275441571824132,-5.660173402977087e-06,0.3891050583657589,0.24838549428713352,0.14690170940170932,-0.0062594870350376475,-0.002332894749120351,0.007088409555284558,6.0287563942607036e-05,1.2298316795611441e-05,3.9355127350759744e-05,0.00045541758329581405,0.00027011984968861036,0.00017251419468022888,2.2071364647047176e-07,-0.05335467520341464,-0.0009590022973683388,-0.0010115160132860845,4.119658107559765e-05,0.0022722209578407426,3.7118742601816024e-05,0.12194514592402927,-0.014214135958210417,-0.03914915829309673,0.05048465266558955,0.0651405174018238,0.013878239267784087,0.009669683607952395,-0.19920318725099617,0.008724176437744147,-0.043018893898199906,0.03749461014979061,1.212037985531822e-07,-0.0010278567596013755,0.004294912761731995,-9.925774579622182e-05,-3.4948972402748524e-06,0.00039462947908375234,4.36173265039308e-06,2.8866927224147076e-06
2021-10-31,0.0,4.241160572071578e-06,0.00032466312012213727,0.00013008957055071768,0.00023452287170666608,7.88299756937505e-06,8.991142947323283e-05,3.5471266414566216e-05,7.827773151669604e-05,9.614957027181958e-05,2.981635220944412e-06,0.6815703380588873,0.18254171078091352,0.017088174982911708,0.04675752172666203,0.027828990851219038,0.014997233979124891,6.506412676499096e-05,1.1162312524293228e-05,3.046173215826009e-05,0.0004922804774256662,0.0005353191239636512,0.00040422022821196,3.918786939394181e-07,-0.02934702861335292,0.0012437103691387286,0.0016507050376348698,3.3852866247574553e-05,0.0011519549036522747,2.9927996772594057e-05,-0.113221879996656,0.0,-0.07398330751624171,0.03032488055366489,0.012918895176084355,0.04721960827962124,0.11745106463208432,0.24875621890547284,0.051289942042365366,-0.04111053251843133,0.0328686215911449,3.2295888252598104e-07,0.0016803478682239081,-0.0018494357539645678,-0.00034010006439377793,3.3637502374617156e-06,0.0008109560859066445,6.452465546313846e-07,-8.868538620143696e-07
2021-11-30,0.0,2.5690941924949584e-06,0.00029624020660645733,0.00013379843582717044,0.00021421772262031347,4.592039144712956e-06,0.00010955826649494682,4.117110492263265e-05,3.879109846161022e-05,0.0004301283988412674,1.80833401364211e-06,0.07921419518377704,-0.030429358244834614,-0.06773346880027098,-0.017740142394209624,-0.015734580111490648,-0.003207624730484082,6.0943260343115924e-05,8.638678500094699e-06,7.70298751517906e-06,0.0004976422173201822,0.0005095633318925596,0.00042143096418723047,2.846562541236608e-07,-0.06304176516942472,0.0008187170233924235,0.0010419400530052858,2.5703038211366547e-05,-0.0006236231596258301,2.2379297772712192e-05,0.18074797580457647,0.1207603255884162,0.060123553903271176,0.02580770037259872,0.012690355329949332,-0.0031872509960160222,-0.0243295847750864,0.0,-0.04878762745767673,-0.024102890418619016,-0.009724315651285953,2.1319017351473235e-07,0.0011236729873687068,-0.007748334108166666,-0.0006108207794872644,2.131695526541577e-06,0.00046333193637360104,1.2129441768760074e-06,-4.097237845668289e-07
2021-12-31,0.0,1.7284980722287457e-06,0.00024778920109147506,0.0001150377501619726,0.00021849415611363554,2.0468144652507902e-06,0.00011534760900278052,4.4752200151654264e-05,2.5680422121698854e-05,0.00017602312611764148,9.526797044578927e-07,0.3763710660262385,0.09348415443582314,0.0546328671328673,0.009051685122046793,0.00458463231248829,-0.01150394524245757,5.868314631851668e-05,8.969533467073632e-06,-5.648907807853654e-06,0.0005484370938053651,0.000547361175587735,0.0004965234074705283,2.532927807497032e-07,-0.03509387611861736,-6.536110532229245e-05,9.267160619552683e-05,2.075917676003236e-05,-0.0011121888638159216,1.7859163442102144e-05,-0.1347093776913164,-0.1185598103043034,0.018649322796465917,0.01556178026766264,0.012468827930174342,0.019108280254777066,0.01942501942501962,0.19880715705765373,-0.03914915829309673,0.058925204274041576,0.002460569375753563,-1.2833731466432852e-07,-1.1165055412432068e-06,0.005890539057955557,-0.0006425486186515394,1.2132384481500225e-06,-0.00031873868834320085,2.9287678338096867e-06,1.6032869454285503e-06
2022-01-31,0.0,1.7690589819707725e-06,0.00019267904608288866,8.87782127929615e-05,0.0001878173177325415,3.1491851304465968e-06,9.118067554747533e-05,4.171715199352555e-05,4.329343321507473e-05,-0.00014873309152640957,-8.489618906426522e-06,0.551375989413581,0.24588148512417018,0.15066291683406963,0.08171722920223545,0.062480474851609014,0.017218150617440697,5.2941268850359435e-05,1.2020445175675576e-05,-5.039319234567685e-06,0.0005980068330910804,0.0004272348985403518,0.00038768805841216114,1.1171421787636859e-07,0.018315018315018472,1.7593214173494687e-05,-0.0006338588553026492,1.6184892304593745e-05,0.0002715774188950526,1.3790662501955708e-05,0.12688142139204106,0.12543488036352435,0.03624747966742925,0.13262599469496017,0.16235566185671546,-0.03768086816720262,-0.01358939374996615,1.4778325123152714,0.11168192986374814,-0.00919590965938355,0.1044126196888977,4.1321525223736444e-07,7.308919469206643e-05,-0.006238165832465059,-0.0004048350292883418,-1.2771496968877472e-06,0.0008264415524827928,-3.4212582077364218e-06,-3.8099548410608364e-06
2022-02-28,0.0,2.247054793791392e-06,0.00025789390194730366,0.00015068532911155508,0.0001725266650647317,3.867441518146109e-06,4.367684030515129e-05,3.206419603807298e-05,7.105146164665399e-05,0.000100019203687296,3.6566145378280623e-06,0.19260400616332807,0.047442831388176954,0.018889576259580654,0.082426427973469,0.07798034895206407,0.009954506251287798,4.1215822417228765e-05,1.5014228383680717e-05,5.657116801227602e-06,0.0005814952047529243,0.00047868762882563587,0.00033772137147547454,3.8082594544519566e-07,-0.03623188405797095,0.0005575760961438192,0.0009961649248331206,1.1585825450799447e-05,0.0026630371819820198,9.800359798584068e-06,0.053364121355228056,0.028008346487253366,0.17215172865528494,0.09277004015966206,0.05525149179027822,0.05845522329895303,0.07844155563129229,1.0345942450695116,0.05830903790087438,0.10039794092950238,0.06895223030044928,1.0003222694621172e-07,0.0007067471426445149,-0.008993982208267859,-5.227951702091449e-05,2.8785514705198523e-06,0.0009588566760945216,-5.211699128038205e-06,-6.526486282520949e-06
2022-03-31,1.4705882352941178,2.9551511688818977e-06,0.00035646689773982665,0.00013218907563916638,8.746122397207401e-05,6.967937742130559e-06,-1.5476634127598032e-06,3.108115101935205e-05,9.223363294785791e-05,-0.00021765035558651835,2.3752524433984235e-06,0.4750271444082519,0.33430328370577556,0.21733730750124192,0.04123947534223049,0.056406251927948015,0.015525805435689488,3.332940382860805e-05,1.8423940479239675e-05,1.5681200718820065e-05,0.00062453719100386,0.0006726081226222647,0.00032136337560917383,2.1629091917496623e-07,-0.03869969040247678,0.0007210273918223375,0.00103402064603908,1.024273996330649e-05,0.00527745121031753,8.61454065170797e-06,-0.10408255407083267,-0.067152402377195,-0.14686812675077554,0.09655204260044026,0.11779915832501375,0.06539678010035432,0.0554385186827806,0.4321654576323508,0.057301459396544185,0.04837461300309598,0.13668312121164305,3.357233118173042e-07,0.0008778241374305384,-0.0078011710934488,0.0002220662284957431,1.828226765310248e-06,0.0010779555457711698,-7.023483076018522e-06,-7.448964967515792e-06
2022-04-30,0.6292352371732819,2.8521237904755026e-06,0.0001409606763553839,0.00015150998147395178,0.00016969610651385025,3.5875498474169376e-06,-5.6626839997742096e-05,2.853914110856337e-05,7.514147656384473e-05,0.0004863554596967745,2.1396286866703917e-06,0.1450476585163698,0.1599160760432925,0.19060485273267158,0.06991999457590325,0.058831573156266304,-0.005540837705400481,1.4418521084413882e-05,1.585322814023904e-05,1.9371462675055184e-05,0.0005075650588657332,0.00024016913686963903,0.0002645153852729454,1.1848979575290741e-07,0.020275750202757292,0.0001977217025848077,-6.744739657571497e-05,7.911300455187842e-06,0.0066308118271429795,6.621768839476516e-06,0.14389714716060897,0.1126946330224492,0.051598477844903456,0.1233369335971568,0.1464625629483891,0.01093517627504137,-0.00900454729638478,0.6402313093762906,0.12956682570994515,-0.09717946325838867,0.060978203837372735,1.7953679631865782e-07,0.00019897843632010748,0.01298445447381602,0.00040947656660383913,1.524417621912022e-06,0.0007398254340036381,-4.663875490251712e-06,-5.483473148215623e-06
2022-05-31,1.2380068090374494,2.5650955453038193e-06,0.0002982017220050093,0.0001694049449945112,0.00017742286200106427,2.467514774506796e-06,-0.00011877827497264182,2.956934294173763e-05,4.370446337187417e-05,-0.0010164466718429743,2.4415071202543714e-06,-0.05024977092016225,-0.029407675938104894,-0.010771074280021109,0.06964207736670125,0.06528600949201802,0.006385707061729029,-6.98092840012432e-06,1.1762657042613256e-05,2.1158494360795643e-05,0.0003705756287433193,0.00045625567487017626,0.0002913496013687844,1.2413096284191738e-07,-0.019872813990460925,5.4626182918182664e-05,-0.0002826725654477835,6.581423305673795e-06,0.007741803851507356,5.48743099582083e-06,-0.05964859449379778,0.04428431237091113,0.0520645600544678,-0.0014942724536849417,-0.014320961386596331,-0.06592827004219404,-0.07949869060980153,0.27536995354628613,0.07079318316102468,0.13281805640054523,0.0,-8.19329284418302e-08,-1.2845948192174994e-05,-0.015247730778889967,0.0005341401606897556,1.6210291180485115e-06,0.0010566961488231996,-1.4696777201228528e-05,-1.3837502190749973e-05
2022-06-30,0.5097489486427933,2.162856233445254e-06,0.0004092801854089778,0.00017059833436294802,0.00021400804291160647,5.4114771954605345e-06,-0.00016051655817506116,2.5889267579071173e-05,1.1980008562062494e-05,8.367920739216217e-06,2.8738120334548256e-06,0.1193112984740392,0.05470743829684799,0.035141783580677544,0.018703920341703872,0.019185903732809262,0.0038680272958422357,-2.1685190218279082e-05,9.130472311769111e-06,2.70716559611639e-05,0.0002524405942685437,0.0007183287336018918,0.0004537378567595063,1.8144550195664522e-07,0.0,-0.00012352735639531431,-0.00041986223865164707,5.169231924950779e-06,0.00831676658025704,4.296447224882982e-06,0.024856608440061434,0.246373825244806,0.04844275184641389,0.07379304956288468,0.05322197658233052,-0.09523458428567921,-0.1020495853564215,0.4814172925091471,0.04425050703705957,-0.03342171520242443,0.07493443237167474,1.1662682708468708e-07,-0.0002694375807731353,-0.0239726027397259,0.0005272380908563079,1.774731824832898e-06,0.0008825972203421184,-2.2379856585375002e-05,-1.9318617879404698e-05
2022-07-31,0.3325597192346881,2.0519006860286737e-06,-2.111885584521467e-06,0.00016320654866208706,0.00012076590545451182,2.0759652774593462e-07,-0.0001940493834773349,2.0136899757883242e-05,-1.2983749969830427e-05,-0.0006938392624211698,4.942840942767646e-06,-0.0079704985281146,-0.0810945143484969,-0.08210485054268646,-0.030194047075874475,-0.00748533809400842,-0.010313266805429211,-2.8849690794974236e-05,1.0483276845052458e-05,4.241218338862929e-05,0.00021725362115421198,1.0856364302425092e-05,0.00016650434719900353,2.9592705685921317e-07,-0.020576131687242927,0.00019622984516898256,-2.81063973461837e-06,4.37217681836799e-06,0.00956230730383556,3.624663692303187e-06,-0.08204701293841377,-0.11946868599379001,0.017512153434483535,-0.0466501214236017,-0.06247071685147587,0.06850511561950867,0.04567127642083335,0.4012247914686937,-0.03523194362889004,0.06864910012471248,-0.04586629973626888,-1.2362735490878407e-07,9.218342196382068e-05,0.004878048780487587,0.0004141819817005121,3.5629826422578503e-06,-0.0010083737778762147,-4.495748724520077e-06,-3.7090220139646135e-07
2022-08-31,0.31379137218553277,1.9953232510694363e-06,2.576929246700388e-05,0.00019727420006709906,0.00016737656830012604,4.369553485705779e-06,-0.0002012228679109107,1.1669685567650134e-05,-3.141236756021293e-05,0.0006010066861994456,3.4421068175749525e-06,0.14406812364132193,0.16708437761069295,0.13671124022728232,0.0017505715616150663,-0.007601527907109329,-0.00754631343414458,-2.6758216611577623e-05,1.3955141870303223e-05,6.10860018279702e-05,0.0002273475396832314,0.00025635682419733463,0.0004353028862720265,1.0358344115779516e-07,0.021008403361344685,0.00010272455003423886,0.0002003650450832506,3.5955251680430678e-06,0.010645750219804295,2.9743994613973257e-06,0.059338097895052844,0.027550144707135127,-0.06262002170827408,0.06115085916957108,0.10673234811165844,-0.0158356136617005,-0.04367651426474939,0.14356029532403602,0.007370464093555684,-0.021203286509408947,0.030334283807559315,5.595767049726419e-08,-5.659185984252524e-05,0.019075819263730365,0.00015823543071680213,2.3571689713453026e-06,-0.0003584139560026678,-7.035956682499567e-06,-2.583360356966935e-06
2022-09-30,0.0785927120636396,1.946439895039731e-06,0.0001251733016220946,0.0001838147229902276,0.00018758036917287946,3.5473048720646716e-06,-0.00018097729314914268,8.829636042095856e-06,-3.1482440219443575e-05,-0.0002222617354197265,2.683561507899057e-06,0.15695387186856635,0.16380016380016382,0.1560903947021084,0.08756965576705111,0.06682878835694006,-0.010657655251060771,-1.924858960367093e-05,1.56730531353233e-05,6.852380161670446e-05,0.00023931669124510613,0.0002849130453381754,0.0003647983824548451,1.0834611607890565e-07,-0.020576131687242927,0.00030930935612816235,0.00017511066223319105,2.8920782062513695e-06,0.011395479325411628,2.388279003451288e-06,0.05340345315086892,0.05153782425344233,0.02248605864364084,0.11031439602868187,0.1287262872628725,-0.10951812027080865,-0.14047993052628893,0.1390495683901396,0.10131282573251554,-0.029215739979914224,0.12407617198036358,-6.013769771051614e-08,0.00017612902803021413,0.0010018735034516002,5.950904885310138e-06,1.994129236626563e-06,-0.00022000821362555545,-1.6383631131322574e-05,-1.031872198498096e-05
2022-10-31,0.15529434250764518,2.0833269398501386e-06,0.00016682664398603997,0.00019830147829624778,0.00011563330449559928,3.4812473839185287e-06,-0.0001490891017730256,1.4061932263942367e-05,-1.2907056943678441e-05,-0.00014074595355373365,3.6180836302524e-06,0.04736070237554735,0.03624676799652016,0.04999722237653459,0.07358351729212664,0.06160870044552813,0.004002645882755784,-9.124090036616295e-06,1.6450999286821144e-05,6.947259907286174e-05,0.0002663099254966994,0.00035205500535573364,0.0002749117205984586,1.5277018583503832e-07,0.021008403361344685,-7.526496216236911e-05,7.680016981037596e-06,2.5022732266233305e-06,0.012959876952373772,2.063358686354988e-06,-0.0505938341100457,-0.10070379363778614,0.014541647277803493,0.02407849589662292,0.02947070611811875,0.13745449141838195,0.1954724162603545,0.14553954869305485,0.09603380389897231,0.04127951485311998,0.03320633367122228,1.979242034710893e-07,-0.00032370729904129814,0.00317371964825397,2.7413744828841402e-05,2.451995921193273e-06,-0.0003850001040254236,-1.926707299160224e-05,-1.1397809095758937e-05
2022-11-30,0.16492941021242902,2.0869326449179937e-06,8.538658221413087e-05,0.00016955384762251668,0.00010130673796560075,-7.046533485599582e-07,-9.0583449608439e-05,2.315463978774801e-05,1.8594562050333607e-05,-9.712509712511697e-05,1.3582762292685402e-06,-0.020045086024257475,-0.07625645214314525,-0.07488232777064596,-0.026319252533227977,-0.018887017859166466,-0.003848903428652961,2.6300899618192375e-06,1.442348276459171e-05,5.737199646360658e-05,0.0002693777076667736,0.0001735555459194682,0.00022486655786280174,1.0874361455748272e-07,0.0,-0.00028922733320113636,-0.0008937974603990817,2.040878983811112e-06,0.013647499704748656,1.6808210951957392e-06,-0.06696904665392323,-0.011875338632703292,-0.04692801963757143,-0.06325212296212712,-0.06521889960452376,-0.05788376939106288,-0.07846758835903145,0.08120046771469402,-0.007072135785007094,-0.036009564140235484,-0.0425943720908043,-2.1480934730977452e-07,-0.0006079205157253353,-0.008009350917195679,0.0001740997908648012,5.146264312472226e-07,-0.0002629715569089086,-1.6449116270300657e-05,-7.943826838552326e-06
2022-12-31,0.06003977635183322,2.0178336461729174e-06,1.778238747851546e-05,0.00019989293200906033,0.00012093949712999041,1.5907368040579684e-06,-5.43036664963914e-05,2.9541727387227823e-05,2.8770027389768416e-05,-0.00041731872717787333,2.210421704784693e-06,0.0047531679864629695,0.031810305790598514,0.039155494298959814,-0.06647149504292382,-0.050723175101684226,-0.010873525567758446,4.3311235682352844e-06,1.1849568999799942e-05,4.550527553792705e-05,0.0002586175133705293,0.0001609667271937898,0.0003053571157167756,5.7175839840439835e-08,-0.020576131687242927,-0.0011094563845632788,-0.0021873137129188036,1.7890330616943118e-06,0.0148956073969706,1.4718731984331157e-06,0.016723726795061955,0.03858396836114619,-0.062067226564772926,0.009975836307610342,0.025751723093236256,-0.01389757487318466,-0.02692215794557018,0.0064479521304035,-0.0622254758418741,-0.08047642040882041,-0.01480883643269948,-1.9167048259660646e-07,-0.0016475412447728432,0.007832911366817852,0.00027958081202084095,8.972646468041745e-07,-0.0007461101826233829,-1.6499885619691845e-05,-7.052909021698639e-06
2023-01-31,0.03914693717767603,1.6153528457074628e-06,0.00016649036897997682,0.00019056017523588764,0.00013643449881772796,8.738585581813396e-06,-4.191442398004952e-05,2.8910561126194168e-05,7.673744873537558e-06,0.00011430810934398572,1.3368405521019255e-05,-0.031915182211754045,-0.06619630514290131,-0.0686268529250289,-0.004702784048156383,-0.010387212187662254,0.0024941014500705627,-7.29918944819552e-06,7.3185652069707174e-06,2.915795426705614e-05,0.00020057681441243425,0.0004342360383087218,0.0003980904507889793,2.0182882165542537e-07,-0.021321961620468954,0.0008022155597231517,0.0019355929031488195,1.5227246150661955e-06,0.015276684822255193,1.2516477498891732e-06,-0.03563031119231275,-0.07414622799238191,-0.0380051518094674,-0.05518142300502249,-0.0538698773113544,-0.021312872975276953,-0.020987019528421635,0.05152353532640941,0.0,0.0,-0.028004550256579552,6.194155686145564e-07,0.0007391261954086126,0.011386419350661425,0.00026613989381152336,4.236155745296344e-06,0.0003343342669015481,-2.4183165261648654e-05,-1.296066707623389e-05
2023-02-28,0.03804203962395425,1.0043997691333573e-06,0.00012323168779904137,0.00018808548404347647,0.0001488092704169386,2.004673541833313e-06,-4.396139727380621e-05,2.136073792180504e-05,-2.8686378913955757e-05,0.00022343999908547296,3.2282896924584747e-06,0.09623079995060158,0.10685130572295609,0.0816353187042842,0.024975024975024906,0.010496238847746087,-0.0019017686094250363,-2.4127001406859527e-05,2.429366506184749e-06,1.2578804765794871e-05,0.00011285064353150354,0.00024353247168451553,0.00028093505988358025,1.1958009915602474e-07,0.04325259515570945,4.547038947988469e-05,-0.00016721264775065858,1.185901788103294e-06,0.013751986724128473,9.740683684089646e-07,0.0218274623056518,-0.013083439636280447,0.0,0.06301242176948385,0.07378127462646278,0.06823928284105252,0.10855634074084453,0.014416471683887044,0.027718381246535362,-0.05573466867883092,0.036581145879677646,-1.446288999673584e-07,-0.00020359131778024953,0.0040073655378585205,0.00014232038063433095,2.4118940702422265e-06,-0.00022284225238045074,-2.1086945042325667e-05,-1.027454368240921e-05
2023-03-31,0.011949126593528092,1.0148888096583875e-06,2.5001696472459756e-05,0.000136604722540401,0.00010309587964330014,-4.1530899963504453e-07,-3.614181747613188e-05,1.7593655213365977e-05,-5.0460753250769486e-05,-0.0003266238473339511,2.8277050116987112e-06,-0.11089982640480522,-0.10202645651562048,-0.08326772845636776,0.006008171112713123,0.013664484524402054,-0.0055482599843985625,-3.491183044845858e-05,2.300257508247583e-06,1.0670430154124944e-05,9.415743843055324e-05,9.311909039655397e-05,0.0002618716234190632,6.066198077192553e-08,-0.020576131687242927,1.2071729647455953e-05,-0.0008250797974325152,1.1382036622098468e-06,0.014662779304335238,9.342997178141133e-07,-0.03366493292262129,0.058510327072728296,0.09126863401277752,-0.034180419691449804,-0.06720273018396017,-0.03674309229864792,-0.056264066016504244,0.009834305993026149,-0.00573328746703361,0.09471405376150077,-0.016968325791855254,-2.1700851071670968e-07,-0.00024227869679216418,-0.010172728782594231,8.084139184183492e-05,2.1235066105518285e-06,-0.00023262661197509527,-3.353490482060906e-05,-1.8000814067109516e-05
2023-04-30,0.026102277423704967,1.4164759758461543e-06,0.0001363604682427244,0.0001253057478554087,0.00014775339150863154,2.417236185658922e-06,7.392837076736214e-06,1.1107103760510384e-05,-3.399556188232733e-05,0.00014059556280376917,2.5166383601504805e-06,-0.003508624198279242,-0.0185048112509254,-0.008552271483305951,-0.01953066314113161,-0.02029854651129992,0.009412811431333212,-2.4405104810498734e-05,7.196246318397215e-06,2.180751674640824e-05,0.00012146588702366401,0.00023379970463932587,0.00023857020157258546,1.1519208897858846e-07,-0.021321961620468954,0.0003520299012558237,0.000638166976855592,9.546396746440422e-07,0.013080869981123344,7.831749933018273e-07,-0.060570105748766645,-0.007513441546927346,-0.011769875396252294,-0.009363460266741619,-0.006484075111526044,-0.049544193420530847,-0.0683060109289616,0.0286727780645053,-0.017450788775652537,0.008082930870733751,0.010593465180243067,1.2396340265397043e-07,0.0001916993892334684,0.0037204009279117045,7.489756664047498e-05,9.282681334710219e-07,-2.2445084651212532e-05,-3.4300114449381525e-05,-1.7160718726261237e-05
2023-05-31,0.031619553531904154,2.2667659280717345e-06,3.5067536138022604e-05,0.00013882139925858183,0.00011368901238362206,1.3009253292395329e-06,6.991860749416823e-05,6.098380837205042e-06,7.67219546404796e-06,0.000986589721845954,2.135987319906718e-06,0.061881188118811936,0.04769073182464734,0.04262429243674548,0.03049947464654923,0.027520379414297302,-0.012142192947931618,-1.2239546621772845e-06,1.61523343955583e-05,4.4436441831940954e-05,0.00019937921152157756,8.147037810246616e-05,0.00022348676336236828,1.250828685073202e-07,0.064405324173465,-0.00020853426979849932,-0.00023889714769498305,8.590743021397174e-07,0.01198884108927789,7.044277159362622e-07,0.048991456434347214,0.02404362716148456,0.03162955465587047,0.03266125034265155,0.0386189850930716,0.0,-0.04895684266023981,0.030919188835081046,0.035290796160361015,0.051476993743565735,0.0131399754657886,4.8617987635779514e-08,-0.0005035865599426481,-0.010693240506905233,0.00013404075662948323,1.350693510815404e-06,-0.0004780116673217538,-6.219812405117153e-06,4.884171963759343e-06
2023-06-30,0.002621067088833362,2.5743554155077675e-06,6.69763394389733e-05,0.00010622365560108982,6.118063221660641e-05,2.2792717404573892e-06,9.790632861594872e-05,3.806347116608322e-06,3.357780117507758e-05,-0.0007447551285033605,5.635645823343083e-07,0.07183468851256314,0.07379906218422505,0.03381846249333553,-0.0029233141612644564,-0.002200764765756036,-0.0023153406989022685,1.4101713595504606e-05,2.0050687666639533e-05,5.41647853991023e-05,0.00022280981410305323,0.00012860605277587034,0.00013336435213817666,9.873075001998188e-08,-0.019872813990460925,-0.0005184442493082475,-0.0008337754878684489,7.271117730134335e-07,0.010291179858487931,5.959646107722705e-07,-0.10278716252139031,-0.09712494973025076,-0.10911584985659073,0.01102464117549129,0.024113235755105933,0.015015240469075986,0.043628979161213444,0.013434261274398507,0.0018678252163877307,-0.0757575757575758,0.012752232323812063,3.6936462999292985e-08,-0.0008809945781786954,0.011878112293846499,0.0001584137906145422,8.539962534914736e-07,2.83864402446099e-05,-1.317741699269348e-05,-4.2665160043808825e-06
2023-07-31,0.005207682373036704,2.4782965000191837e-06,6.53438589106603e-05,0.00012208262547797055,7.120101768043341e-05,3.198341410604044e-06,9.116523748597949e-05,5.579875619776686e-06,3.535523520081796e-05,0.0002763951402109388,8.258716592823845e-07,0.001379965114481907,0.008537755663093227,0.030060666181938478,0.0014669424518476415,-0.0011049113308656544,0.00962553445904124,1.639366533501274e-05,1.9515727253116566e-05,5.285912705899065e-05,0.00019786757391249132,9.697852908119309e-05,9.276707597782874e-05,7.548812730462373e-08,-0.020576131687242927,0.0005971614607986897,0.00017544497658605884,6.599462079037721e-07,0.009579414309619061,5.407110972299733e-07,0.001245594875871836,-0.04655368445554553,-0.049711672300656096,-0.006526059097816006,0.010140518615094907,0.05462212414516365,0.033646620757721735,0.008337720562486606,0.01665889251682562,-0.06756756756756754,0.008865633347547863,4.729089853050539e-08,0.0005564757991463054,0.013951799399881448,0.00014069101914193638,1.233139934608829e-06,-3.7326161000938995e-06,-1.2679039961382976e-05,-4.912886135133299e-06
2023-08-31,0.026755136986301498,1.8774454448866607e-06,0.00016185729796180937,8.891837752345033e-05,7.199553597048158e-05,1.6195035879018604e-06,5.4384679840646655e-05,1.0060588576221718e-05,1.7010293363650675e-05,-0.0008673228376943065,2.0454096683053535e-06,-0.004139758238118851,0.008405989099113498,0.021452590668480598,0.04162659508806166,0.030449742699674154,0.00765243305009311,8.039081468069753e-06,1.4177486847843923e-05,3.897080872761194e-05,0.00012209685896880096,0.0002730999788100874,7.574086182282613e-05,8.593792433231329e-08,0.06211180124223614,1.9644914707406258e-05,-4.653620723416019e-05,5.80725616261546e-07,0.00870736853560361,4.756448883647124e-07,-0.0018676513754786184,0.011430422068334778,0.028654526698855154,0.016329481027320236,0.016989346264113525,-0.044813987479661144,-0.04350900092456644,0.008194380060029482,0.05658829188240966,0.004586314437717842,0.031625066882742914,1.12732388979353e-07,-0.00015484192807824204,-0.0036990717091471836,6.744499506927681e-05,2.0354393193144915e-06,0.0005658859561745722,-1.8492113425527812e-05,-9.491328085142747e-06
2023-09-30,0.0,1.37848295045373e-06,0.00011333053115247793,0.00014422456195450906,9.950715910544972e-05,3.989414137706149e-06,3.9115528962296864e-05,1.2875023487790571e-05,3.909715035277372e-06,0.0003237031641982746,1.5938872817145011e-06,0.02469288227668387,0.05991126655655932,0.08378984835713243,0.024034128462416593,0.014390973981118993,0.00993499289481159,3.381408933078589e-06,9.906102885759438e-06,2.6360771140376826e-05,8.095951282660607e-05,0.0002926069929580777,0.00025339312972594286,1.0037713638055834e-07,0.0,0.00018233944226198062,4.130449400885361e-05,4.973806873032061e-07,0.007479853347329035,4.072633887908239e-07,0.10577153776284898,0.03332376817765259,-0.023193891656693277,0.04241075122887761,0.05770959992484337,0.03976286871023693,0.026643322041639994,0.0,0.030679007162740524,-0.03212040563483687,0.010459762901313008,1.2314450414940836e-07,7.256484039652733e-05,-0.002963336123808169,-2.2098992948804685e-05,1.5257518832800798e-06,0.0001809552189986352,-1.710549325151245e-05,-9.19740870464203e-06
2023-10-31,0.0,1.2361965733287406e-06,2.4904311606510632e-05,8.536852510454551e-05,7.472114153106446e-05,9.972547887482364e-07,5.948879799433371e-05,1.4436653827498702e-05,1.6132560183290678e-06,1.0671646768711796e-05,2.71446419120025e-07,0.005276898661118912,0.0322713137358448,0.0424602337948321,0.05994058389621304,0.04588015712489546,-0.0044311495926638855,5.9244456778184684e-06,8.810593023600433e-06,2.024661116628579e-05,0.00010057640891547592,2.637619608103492e-05,0.00011103083211128073,6.714969513765823e-08,0.0,-0.0006276746240749809,-0.0009694445477838043,4.5651079028097286e-07,0.006559008232082553,3.737034151019003e-07,0.012575738398678427,0.06711109122634329,0.03318636514483475,0.03129213770816386,0.03152738031721403,0.023983280227498627,0.06538796861377483,0.004611695259177262,0.07182779286660246,0.023744621843152514,0.03765812570128624,-4.63682274798316e-08,-0.000943149915046182,-0.007994180236787662,-0.00012002590210313802,2.455019512126455e-07,-0.0005449470227063546,-8.97361415153064e-06,-2.57648239310182e-06
2023-11-30,0.0,1.2205133352871655e-06,5.040784406684651e-05,0.0001118464060965163,9.55405238969309e-05,2.1400210226119043e-06,9.653949911059279e-05,1.3490338606203522e-05,7.145421352605652e-06,0.0006988625409678484,1.1019081360696958e-06,-0.045526913770686295,-0.07394069086702004,-0.07272665046716176,-0.03849707422235915,-0.03148069446411983,-0.010586207442047968,1.3117004868501425e-05,9.01543375175784e-06,1.6770987828707007e-05,0.00015307098356354132,-8.162042171355743e-06,6.851687049591604e-05,7.390446388200189e-08,-0.019208605455244054,0.00026658690743164293,0.00040911657371789367,3.9366956916531137e-07,0.005108310831138718,3.2218844103759636e-07,-0.1255505463613431,-0.09481338111055893,-0.08337386229417076,-0.0697934115019544,-0.07715007618570013,-0.06419656311873667,-0.0857338820301784,-0.009204712812960203,-0.03996306861245469,-0.018539375315748785,-0.04318175049882367,-1.5260137598005485e-08,0.00021111156297970446,-0.005495785831424627,-0.00020689518583338895,9.662671964782987e-07,-0.0003482474043406958,-8.51427476311617e-06,-1.457355355394263e-06
2023-12-31,0.0,1.3295165945947929e-06,7.31308455050872e-05,0.0001017695126428464,8.518730633277904e-05,3.078377655008069e-06,0.00011995585812529796,1.3434507605936119e-05,1.2665443082759964e-05,0.00024341315606135616,1.4702358122065107e-06,-0.07428548506193167,-0.07879243056207497,-0.08078396718522274,-0.06938448254594798,-0.06607329459744093,-0.009099751666362565,1.9782240885390934e-05,9.818755602353235e-06,1.6760819650851744e-05,0.00020036995097227894,9.533297061037338e-05,0.00011691425179294335,1.1740652827718634e-07,0.0,-0.00022082745713092322,-0.00022167059963584812,3.636608856272261e-07,0.004216763175403315,2.975692181550471e-07,-0.01620387927765199,-0.08751867064973862,-0.030945860217549304,-0.061585022522522403,-0.055992295460144725,-0.02581425536936499,-0.011512779184895017,-0.009386498460614123,-0.07891653665673126,-0.08173155511110675,-0.050865463351016715,7.305151439318536e-08,-0.0003990276461862674,0.017193349448687112,-0.0002773604733863344,1.2932888155958722e-06,-0.00045503883551500923,-3.6583814992940944e-06,2.2102496055609322e-08
2024-01-31,0.0,1.3985568336760679e-06,9.554186629601169e-05,0.00015756828390123268,0.00012094444736554522,3.9504637205922677e-07,0.00011161786005153829,1.331796172920896e-05,1.5271442502351462e-05,-0.0008834702712251508,2.7826136126396506e-06,0.006626674684942602,0.013105080277977521,0.020264843076424066,0.01844395449734537,0.004523085830076656,0.0037187716153601613,2.3028298644867107e-05,9.83881548988208e-06,1.807950157606264e-05,0.00021326447462532983,0.0003232044557655023,0.00038604428413724357,1.0328248145619057e-07,0.0,-0.0010032687188207268,-0.0016216889227955722,3.2548471073923224e-07,0.0034337526044279088,2.662831164457202e-07,0.0626736927174818,0.043412104597124745,0.0,0.0,0.007592276528932684,0.037762068757174694,0.046244913059563464,0.001189796306872326,0.02032644266926842,0.0,0.007251572458165434,-1.858283272815342e-07,-0.0013897408937963984,0.01499202037625147,-0.00030732061203342376,4.5208482191139154e-06,0.00022054943306737407,-8.78506459001116e-06,-4.589261232812447e-06
2024-02-29,0.0,1.3703816170718142e-06,0.00013769088544446362,0.00010554851190902603,0.00011009083889446103,2.9645075323436743e-06,7.339705429543208e-05,1.2694948993141608e-05,1.4237328587185516e-05,0.0007940007174029873,1.1083770692366102e-06,0.059187878322519705,0.06277283765509356,0.04572835597766356,0.021859088120815384,0.010047603311690079,0.004791650163167294,2.1860154274744303e-05,8.798616622618383e-06,1.976080609611408e-05,0.00018483876782049435,0.00024838528624626655,0.0001960081458494134,9.49166756303299e-08,0.03888780867198127,0.0010871652035104873,0.0014806249598098287,2.7424125859099036e-07,0.0027609751149031414,2.2432522861492998e-07,-0.02829149170612577,-0.06287844966894496,-0.0322658707751875,0.03690862852298804,0.044146277218019225,0.02512039848129244,0.05760368663594462,-0.001188382373912611,0.01958902231189641,-0.03203895937459944,0.022059744848167195,1.3140617838303115e-07,0.0012887997467700973,-0.0030589503430394904,-0.0002878225651289368,1.1905804551126664e-06,0.0005437272894375234,-1.1934680482883486e-05,-7.105620431047122e-06
2024-03-31,0.0,1.5306483192034648e-06,0.00011732905152861406,0.00010292305524295386,0.00010989921882065268,3.4623792801724562e-06,2.154407089460797e-05,1.417318878638163e-05,1.2682580277312283e-05,-0.0012205281971663373,2.398453575525039e-06,-0.007385786202169675,-0.008259739058323667,-0.008285004142501995,-0.0026489960967042148,-0.002200764765756036,0.005715193338041713,2.1091864127242843e-05,8.535441526680287e-06,2.587377779361688e-05,0.00015430369671975974,0.0002554139291390811,0.0002538135661280805,1.2424813666811474e-07,-0.01858045336306191,-0.00019607564847334835,7.819722424473596e-05,2.647638570607569e-07,0.002739393493882636,2.165427481770621e-07,-0.012648621300278329,-0.03235984143677706,-0.028050490883590462,-0.012468093016507864,-0.009711970697596994,-0.0034836408226966986,-0.006731287022078591,0.0035647743260198705,-0.0031798120095138938,-0.01110962982713426,-0.01287303922157601,9.023571956312537e-08,-0.0003489834405515646,0.0036364376874582494,-0.000284372705355862,2.143313146296677e-06,2.5007543706934143e-05,-7.51418978039986e-07,9.64783333445851e-07
2024-04-30,0.0,1.5453158568323744e-06,9.681422572693776e-05,9.281245064651777e-05,8.90540332272316e-05,1.0482911190212718e-06,-5.945032048859655e-05,1.4634292493376222e-05,7.427197532772212e-06,0.0004329213365281692,8.872424184236394e-07,0.06518564872757615,0.08229629247134151,0.07941910596777868,0.035269774586951685,0.02717391304347827,0.005251580377308551,1.5785330079509663e-05,6.9920963214897824e-06,3.128969757493216e-05,8.020411069731281e-05,0.00020008089829959275,0.00019814835147258236,4.317208723847443e-08,0.018932222642938257,-3.989315572439089e-06,-0.0007177326818446073,2.315803386832016e-07,0.002700389040569684,1.8937885970515822e-07,0.07911143474879889,0.007225955632632397,-0.034965034965035,0.0461747070721632,0.057490144546649136,0.03125955152963411,0.016901370363109125,-0.00355211184889781,0.0469354293653077,-0.04532988826182549,0.03259444024624236,-4.315709645208443e-08,-0.00010101497416759031,-0.0031775009821366496,-0.00023341018974698535,9.321000928874668e-07,0.0002773606051422739,-6.489179353308394e-06,-2.8305543932072297e-06
2024-05-31,0.0,1.6622175145197815e-06,1.7780177870019287e-06,9.844254210733538e-05,4.970041440288675e-05,2.235559664942599e-06,-0.00017555458379481248,1.6396469074697606e-05,1.965380864721311e-07,-0.00033981447226005823,1.7509681713434588e-06,-0.01061030472795177,-0.011577289987959594,-0.00874448186758836,-0.0037257824143069884,-0.005224660397074143,-0.006937207340632301,9.103236882079813e-06,5.488260543584644e-06,4.033607743414436e-05,-1.664469929252288e-05,2.2572714916346825e-05,9.621686107119665e-05,8.616760194257722e-08,0.018315018315018472,0.0006700250451299183,0.0008291082228084612,2.1682921280685719e-07,0.0031106287179509806,1.772957238799222e-07,-0.0065432920560660746,0.007141530858554734,-0.006075629435209562,-0.005260809912207676,-0.006314135834741386,-0.010055034555802145,-0.013285637893296398,0.0023780534205919412,-0.005871197665611838,0.005971503982993065,0.16608406846438584,4.181354973376017e-08,0.0007616590186592109,-0.013264510719689704,-0.00018102586981116886,1.7346414586949521e-06,-0.0002517249920389597,4.110435907200838e-06,6.364950188020302e-06
